/* Generated by tools/fontgen.c from DejaVuSans.ttf at 16px - do not edit.
 * DejaVu fonts: Bitstream Vera license (see tools/LICENSE). */
#include "font.h"

static const uint8_t s_bits[27835] = {
0x9f,0x9f,0x9f,0x9f,0x9f,0x8f,0x8e,0x6c,0x00,0x00,0x9f,0x9f,0x7d,0x08,0xc7,0xd0,0x8c,0x7d,0x08,0xc7,
0xd0,0x8c,0x25,0x03,0x40,0x00,0x00,0x5e,0x00,0xc7,0x00,0x00,0x00,0x8b,0x00,0xf4,0x00,0x00,0x00,0xb8,
0x03,0xf1,0x00,0x00,0x00,0xe5,0x06,0xd0,0x00,0x0d,0xff,0xff,0xff,0xff,0xf3,0x02,0x38,0xd3,0x3e,0x73,
0x31,0x00,0x0a,0x90,0x2f,0x20,0x00,0x00,0x0e,0x50,0x5e,0x00,0x00,0xcf,0xff,0xff,0xff,0xff,0x40,0x23,
0x8d,0x33,0xe7,0x33,0x10,0x00,0xa9,0x02,0xf2,0x00,0x00,0x00,0xe4,0x06,0xc0,0x00,0x00,0x00,0x06,0x60,
0x00,0x00,0x06,0x60,0x00,0x05,0xce,0xed,0xa1,0x5f,0x77,0x84,0x82,0x9c,0x06,0x60,0x00,0x8e,0x36,0x60,
0x00,0x1c,0xfe,0xc6,0x10,0x00,0x39,0xce,0xe3,0x00,0x06,0x61,0xdb,0x00,0x06,0x60,0xac,0x98,0x47,0x87,
0xf7,0x4a,0xdf,0xfd,0x70,0x00,0x06,0x60,0x00,0x00,0x06,0x60,0x00,0x00,0x03,0x30,0x00,0x02,0xbe,0xc3,
0x00,0x00,0xa9,0x00,0x00,0xc9,0x17,0xd1,0x00,0x4e,0x10,0x00,0x1f,0x30,0x1f,0x30,0x0d,0x50,0x00,0x01,
0xf3,0x01,0xf3,0x08,0xb0,0x00,0x00,0x0c,0x91,0x7d,0x12,0xe2,0x00,0x00,0x00,0x2b,0xec,0x30,0xb8,0x00,
0x00,0x00,0x00,0x00,0x00,0x5d,0x12,0xbe,0xc4,0x00,0x00,0x00,0x1d,0x50,0xba,0x16,0xe1,0x00,0x00,0x08,
0xb0,0x0f,0x40,0x0f,0x40,0x00,0x03,0xe2,0x00,0xf4,0x00,0xf4,0x00,0x00,0xb7,0x00,0x0b,0xa1,0x7e,0x10,
0x00,0x6d,0x00,0x00,0x2b,0xec,0x40,0x00,0x6d,0xfd,0x91,0x00,0x00,0x4f,0x94,0x6b,0x20,0x00,0x09,0xe0,
0x00,0x00,0x00,0x00,0x8f,0x10,0x00,0x00,0x00,0x02,0xfb,0x00,0x00,0x00,0x00,0xae,0xfa,0x00,0x00,0x42,
0x7f,0x35,0xfa,0x00,0x2f,0x4d,0xa0,0x05,0xf9,0x06,0xf1,0xe9,0x00,0x06,0xf9,0xd9,0x0b,0xd0,0x00,0x06,
0xfe,0x10,0x3f,0xb3,0x13,0xaf,0xf8,0x00,0x3a,0xef,0xd9,0x27,0xf7,0x7d,0x7d,0x7d,0x7d,0x25,0x00,0x8b,
0x02,0xf3,0x09,0xc0,0x0e,0x70,0x4f,0x30,0x7f,0x10,0x9e,0x00,0x9e,0x00,0x8f,0x00,0x6f,0x20,0x2f,0x50,
0x0c,0x90,0x05,0xe1,0x00,0xc7,0x00,0x36,0x7c,0x00,0x1e,0x50,0x09,0xc0,0x03,0xf3,0x00,0xf7,0x00,0xcb,
0x00,0xbc,0x00,0xad,0x00,0xbc,0x00,0xd9,0x01,0xf5,0x06,0xe1,0x0b,0x90,0x3f,0x20,0x45,0x00,0x00,0x07,
0x70,0x00,0x24,0x07,0x70,0x43,0x2a,0xa8,0x9a,0xa2,0x00,0x4e,0xe4,0x00,0x05,0xcb,0xbc,0x60,0x49,0x17,
0x71,0x95,0x00,0x07,0x70,0x00,0x00,0x02,0x20,0x00,0x00,0x00,0x01,0x00,0x00,0x00,0x00,0x00,0xe5,0x00,
0x00,0x00,0x00,0x0e,0x50,0x00,0x00,0x00,0x00,0xe5,0x00,0x00,0x01,0x11,0x1e,0x61,0x11,0x14,0xff,0xff,
0xff,0xff,0xfb,0x14,0x44,0x4f,0x84,0x44,0x30,0x00,0x00,0xe5,0x00,0x00,0x00,0x00,0x0e,0x50,0x00,0x00,
0x00,0x00,0xe5,0x00,0x00,0x00,0x00,0x0e,0x50,0x00,0x00,0x2d,0x72,0xf7,0x6e,0x1a,0x80,0x01,0x11,0x13,
0xff,0xff,0x14,0x44,0x40,0x4f,0x54,0xf5,0x00,0x01,0xf3,0x00,0x06,0xe0,0x00,0x0b,0x90,0x00,0x1f,0x40,
0x00,0x5e,0x00,0x00,0xaa,0x00,0x00,0xe5,0x00,0x04,0xf1,0x00,0x09,0xb0,0x00,0x0e,0x60,0x00,0x3f,0x20,
0x00,0x8c,0x00,0x00,0xd7,0x00,0x00,0x01,0xae,0xeb,0x20,0x00,0xce,0x65,0xce,0x10,0x6f,0x40,0x02,0xf8,
0x0a,0xd0,0x00,0x0b,0xd0,0xdb,0x00,0x00,0x8f,0x1e,0xa0,0x00,0x07,0xf1,0xea,0x00,0x00,0x7f,0x1d,0xb0,
0x00,0x08,0xf1,0xad,0x00,0x00,0xbd,0x06,0xf4,0x00,0x2f,0x80,0x0c,0xd6,0x5c,0xe1,0x00,0x1a,0xee,0xb2,
0x00,0x29,0xcf,0xf2,0x00,0x4e,0xbb,0xf2,0x00,0x00,0x07,0xf2,0x00,0x00,0x07,0xf2,0x00,0x00,0x07,0xf2,
0x00,0x00,0x07,0xf2,0x00,0x00,0x07,0xf2,0x00,0x00,0x07,0xf2,0x00,0x00,0x07,0xf2,0x00,0x00,0x07,0xf2,
0x00,0x05,0x59,0xf6,0x53,0x0f,0xff,0xff,0xfb,0x49,0xde,0xd9,0x10,0xbc,0x76,0x8e,0xd1,0x20,0x00,0x05,
0xf6,0x00,0x00,0x02,0xf7,0x00,0x00,0x05,0xf5,0x00,0x00,0x1d,0xc0,0x00,0x01,0xbe,0x20,0x00,0x0b,0xe3,
0x00,0x00,0xbe,0x30,0x00,0x0a,0xe4,0x00,0x00,0x9f,0x95,0x55,0x53,0xcf,0xff,0xff,0xf9,0x3b,0xdf,0xea,
0x30,0x5a,0x76,0x7d,0xf3,0x00,0x00,0x02,0xf8,0x00,0x00,0x00,0xf8,0x00,0x11,0x2a,0xe2,0x00,0xcf,0xfe,
0x30,0x00,0x34,0x5c,0xe3,0x00,0x00,0x01,0xdb,0x00,0x00,0x00,0xbd,0x00,0x00,0x01,0xeb,0xb9,0x66,0x8d,
0xf4,0x6c,0xef,0xda,0x30,0x00,0x00,0x0a,0xf9,0x00,0x00,0x00,0x5e,0xf9,0x00,0x00,0x01,0xd6,0xe9,0x00,
0x00,0x08,0xc0,0xe9,0x00,0x00,0x3f,0x30,0xe9,0x00,0x00,0xc8,0x00,0xe9,0x00,0x07,0xd1,0x00,0xe9,0x00,
0x1e,0x61,0x11,0xea,0x10,0x3f,0xff,0xff,0xff,0xf4,0x14,0x44,0x44,0xfb,0x41,0x00,0x00,0x00,0xe9,0x00,
0x00,0x00,0x00,0xe9,0x00,0x4f,0xff,0xff,0xe0,0x4f,0x75,0x55,0x50,0x4f,0x30,0x00,0x00,0x4f,0x31,0x00,
0x00,0x4f,0xef,0xea,0x20,0x39,0x54,0x7e,0xe1,0x00,0x00,0x04,0xf8,0x00,0x00,0x00,0xdb,0x00,0x00,0x00,
0xdb,0x00,0x00,0x04,0xf8,0xb9,0x76,0x9f,0xd1,0x7c,0xef,0xd9,0x10,0x00,0x4b,0xee,0xc4,0x00,0x6f,0xb7,
0x69,0x50,0x2f,0x80,0x00,0x00,0x08,0xf1,0x00,0x00,0x00,0xbc,0x6d,0xfd,0x70,0x0d,0xee,0x64,0x9f,0x70,
0xdf,0x50,0x00,0xbe,0x0c,0xf1,0x00,0x07,0xf2,0x9f,0x10,0x00,0x7f,0x24,0xf5,0x00,0x0c,0xe0,0x0b,0xe7,
0x5a,0xf6,0x00,0x19,0xef,0xc6,0x00,0xaf,0xff,0xff,0xfc,0x35,0x55,0x57,0xf8,0x00,0x00,0x08,0xf2,0x00,
0x00,0x0d,0xb0,0x00,0x00,0x4f,0x60,0x00,0x00,0xae,0x10,0x00,0x01,0xea,0x00,0x00,0x06,0xf4,0x00,0x00,
0x0b,0xd0,0x00,0x00,0x2f,0x80,0x00,0x00,0x8f,0x20,0x00,0x00,0xdb,0x00,0x00,0x04,0xbe,0xec,0x50,0x03,
0xfc,0x55,0xaf,0x50,0x8f,0x10,0x00,0xdb,0x08,0xf0,0x00,0x0c,0xb0,0x3e,0x92,0x17,0xf4,0x00,0x3d,0xff,
0xe5,0x00,0x2d,0xb5,0x49,0xf5,0x0a,0xd0,0x00,0x0b,0xd0,0xdb,0x00,0x00,0x8f,0x1c,0xd0,0x00,0x0b,0xe0,
0x5f,0xb5,0x5a,0xf8,0x00,0x5b,0xee,0xc6,0x00,0x04,0xbe,0xea,0x20,0x03,0xfc,0x56,0xdd,0x10,0xbe,0x10,
0x03,0xf7,0x0e,0xa0,0x00,0x0d,0xc0,0xea,0x00,0x00,0xde,0x0c,0xd0,0x00,0x1f,0xf1,0x6f,0x91,0x2b,0xff,
0x00,0x7e,0xff,0xba,0xe0,0x00,0x13,0x20,0xda,0x00,0x00,0x00,0x6f,0x40,0x39,0x66,0xaf,0x90,0x02,0xbe,
0xfc,0x60,0x00,0x2f,0x82,0xf8,0x00,0x00,0x00,0x00,0x00,0x00,0x2f,0x82,0xf8,0x2f,0x82,0xf8,0x00,0x00,
0x00,0x00,0x00,0x00,0x2d,0x72,0xf7,0x6e,0x1a,0x80,0x00,0x00,0x00,0x00,0x00,0x20,0x00,0x00,0x00,0x28,
0xdb,0x00,0x00,0x16,0xcf,0xd8,0x20,0x05,0xbf,0xe9,0x40,0x00,0x3e,0xfa,0x50,0x00,0x00,0x03,0xef,0xb6,
0x10,0x00,0x00,0x00,0x4a,0xee,0xa5,0x00,0x00,0x00,0x01,0x6b,0xfe,0x93,0x00,0x00,0x00,0x02,0x7c,0xb0,
0x00,0x00,0x00,0x00,0x01,0x01,0x11,0x11,0x11,0x11,0x14,0xff,0xff,0xff,0xff,0xfb,0x14,0x44,0x44,0x44,
0x44,0x30,0x11,0x11,0x11,0x11,0x11,0x4f,0xff,0xff,0xff,0xff,0xb1,0x44,0x44,0x44,0x44,0x43,0x11,0x00,
0x00,0x00,0x00,0x04,0xfa,0x50,0x00,0x00,0x00,0x16,0xbf,0xe9,0x30,0x00,0x00,0x00,0x27,0xcf,0xd7,0x20,
0x00,0x00,0x00,0x28,0xdf,0x90,0x00,0x00,0x03,0x9e,0xf8,0x00,0x02,0x8d,0xfc,0x61,0x01,0x7c,0xfd,0x82,
0x00,0x00,0x4e,0x94,0x00,0x00,0x00,0x01,0x00,0x00,0x00,0x00,0x00,0x4a,0xee,0xb3,0x0d,0xa5,0x6d,0xe1,
0x20,0x00,0x4f,0x50,0x00,0x06,0xf4,0x00,0x03,0xea,0x00,0x02,0xeb,0x00,0x00,0xbd,0x10,0x00,0x0d,0x90,
0x00,0x00,0xb8,0x00,0x00,0x00,0x00,0x00,0x00,0xe9,0x00,0x00,0x0e,0xa0,0x00,0x00,0x01,0x7b,0xee,0xc8,
0x20,0x00,0x00,0x4e,0xc6,0x43,0x5a,0xe6,0x00,0x04,0xe6,0x00,0x00,0x00,0x3e,0x60,0x1e,0x60,0x00,0x00,
0x00,0x03,0xf2,0x6c,0x00,0x1a,0xed,0x6b,0x50,0xa8,0xb6,0x00,0xbc,0x44,0xcf,0x50,0x6c,0xd3,0x02,0xf3,
0x00,0x2f,0x50,0x4d,0xe3,0x04,0xf0,0x00,0x0e,0x50,0x5c,0xc5,0x03,0xf2,0x00,0x1f,0x50,0xb8,0x8a,0x00,
0xca,0x11,0xaf,0x68,0xd1,0x2e,0x30,0x2d,0xff,0x9c,0xfa,0x20,0x06,0xe3,0x00,0x11,0x01,0x00,0x00,0x00,
0x7e,0x83,0x00,0x26,0xd4,0x00,0x00,0x03,0xae,0xff,0xfb,0x50,0x00,0x00,0x00,0x00,0x22,0x00,0x00,0x00,
0x00,0x00,0x9f,0x80,0x00,0x00,0x00,0x1e,0xfe,0x00,0x00,0x00,0x05,0xfb,0xf4,0x00,0x00,0x00,0xbe,0x1e,
0xa0,0x00,0x00,0x2f,0x90,0xaf,0x10,0x00,0x07,0xf3,0x04,0xf6,0x00,0x00,0xdd,0x00,0x0d,0xc0,0x00,0x3f,
0x81,0x11,0x9f,0x20,0x09,0xff,0xff,0xff,0xf8,0x00,0xec,0x44,0x44,0x4c,0xd0,0x5f,0x60,0x00,0x00,0x6f,
0x4a,0xe1,0x00,0x00,0x01,0xe9,0x6f,0xff,0xfd,0xa2,0x06,0xf6,0x45,0x7e,0xd1,0x6f,0x20,0x00,0x5f,0x46,
0xf2,0x00,0x04,0xf4,0x6f,0x31,0x13,0xcd,0x16,0xff,0xff,0xfd,0x30,0x6f,0x54,0x45,0xce,0x26,0xf2,0x00,
0x01,0xe9,0x6f,0x20,0x00,0x0d,0xc6,0xf2,0x00,0x01,0xfb,0x6f,0x64,0x56,0xcf,0x56,0xff,0xff,0xeb,0x40,
0x00,0x03,0xae,0xfe,0xb5,0x00,0x06,0xfc,0x75,0x6a,0xf4,0x03,0xfa,0x00,0x00,0x03,0x30,0xae,0x10,0x00,
0x00,0x00,0x0e,0xb0,0x00,0x00,0x00,0x01,0xf9,0x00,0x00,0x00,0x00,0x1f,0x90,0x00,0x00,0x00,0x00,0xeb,
0x00,0x00,0x00,0x00,0x0a,0xe1,0x00,0x00,0x00,0x00,0x3f,0xa0,0x00,0x00,0x33,0x00,0x6f,0xc7,0x56,0xaf,
0x40,0x00,0x3a,0xef,0xeb,0x50,0x6f,0xff,0xed,0xa5,0x00,0x06,0xf6,0x45,0x7b,0xfb,0x00,0x6f,0x20,0x00,
0x06,0xf9,0x06,0xf2,0x00,0x00,0x0b,0xf1,0x6f,0x20,0x00,0x00,0x6f,0x46,0xf2,0x00,0x00,0x05,0xf5,0x6f,
0x20,0x00,0x00,0x5f,0x56,0xf2,0x00,0x00,0x07,0xf4,0x6f,0x20,0x00,0x00,0xbf,0x16,0xf2,0x00,0x00,0x6f,
0x80,0x6f,0x64,0x57,0xbf,0xb0,0x06,0xff,0xfe,0xda,0x50,0x00,0x6f,0xff,0xff,0xfe,0x06,0xf6,0x55,0x55,
0x50,0x6f,0x20,0x00,0x00,0x06,0xf2,0x00,0x00,0x00,0x6f,0x31,0x11,0x11,0x06,0xff,0xff,0xff,0xb0,0x6f,
0x64,0x44,0x43,0x06,0xf2,0x00,0x00,0x00,0x6f,0x20,0x00,0x00,0x06,0xf2,0x00,0x00,0x00,0x6f,0x65,0x55,
0x55,0x06,0xff,0xff,0xff,0xf1,0x6f,0xff,0xff,0xf4,0x6f,0x65,0x55,0x51,0x6f,0x20,0x00,0x00,0x6f,0x20,
0x00,0x00,0x6f,0x31,0x11,0x10,0x6f,0xff,0xff,0xc0,0x6f,0x64,0x44,0x30,0x6f,0x20,0x00,0x00,0x6f,0x20,
0x00,0x00,0x6f,0x20,0x00,0x00,0x6f,0x20,0x00,0x00,0x6f,0x20,0x00,0x00,0x00,0x03,0xad,0xfe,0xc8,0x10,
0x00,0x6f,0xd7,0x56,0x9e,0xc0,0x03,0xfa,0x00,0x00,0x01,0x70,0x0a,0xe1,0x00,0x00,0x00,0x00,0x0e,0xb0,
0x00,0x00,0x00,0x00,0x1f,0x90,0x00,0x01,0x11,0x10,0x1f,0x90,0x00,0x1f,0xff,0xf1,0x0e,0xb0,0x00,0x04,
0x49,0xf1,0x0a,0xe1,0x00,0x00,0x07,0xf1,0x04,0xfa,0x00,0x00,0x07,0xf1,0x00,0x7f,0xd7,0x55,0x8d,0xe1,
0x00,0x03,0xad,0xfe,0xc7,0x10,0x6f,0x20,0x00,0x02,0xf7,0x6f,0x20,0x00,0x02,0xf7,0x6f,0x20,0x00,0x02,
0xf7,0x6f,0x20,0x00,0x02,0xf7,0x6f,0x31,0x11,0x12,0xf7,0x6f,0xff,0xff,0xff,0xf7,0x6f,0x64,0x44,0x45,
0xf7,0x6f,0x20,0x00,0x02,0xf7,0x6f,0x20,0x00,0x02,0xf7,0x6f,0x20,0x00,0x02,0xf7,0x6f,0x20,0x00,0x02,
0xf7,0x6f,0x20,0x00,0x02,0xf7,0x6f,0x26,0xf2,0x6f,0x26,0xf2,0x6f,0x26,0xf2,0x6f,0x26,0xf2,0x6f,0x26,
0xf2,0x6f,0x26,0xf2,0x00,0x6f,0x20,0x06,0xf2,0x00,0x6f,0x20,0x06,0xf2,0x00,0x6f,0x20,0x06,0xf2,0x00,
0x6f,0x20,0x06,0xf2,0x00,0x6f,0x20,0x06,0xf2,0x00,0x6f,0x20,0x07,0xf2,0x00,0xaf,0x04,0x8f,0xa0,0xcd,
0x91,0x00,0x6f,0x20,0x00,0x3e,0xc1,0x6f,0x20,0x03,0xec,0x10,0x6f,0x20,0x4e,0xc1,0x00,0x6f,0x24,0xeb,
0x10,0x00,0x6f,0x7f,0xb1,0x00,0x00,0x6f,0xfd,0x00,0x00,0x00,0x6f,0xbf,0x80,0x00,0x00,0x6f,0x29,0xf7,
0x00,0x00,0x6f,0x20,0x9f,0x70,0x00,0x6f,0x20,0x0a,0xf6,0x00,0x6f,0x20,0x00,0xaf,0x60,0x6f,0x20,0x00,
0x0b,0xf5,0x6f,0x20,0x00,0x00,0x6f,0x20,0x00,0x00,0x6f,0x20,0x00,0x00,0x6f,0x20,0x00,0x00,0x6f,0x20,
0x00,0x00,0x6f,0x20,0x00,0x00,0x6f,0x20,0x00,0x00,0x6f,0x20,0x00,0x00,0x6f,0x20,0x00,0x00,0x6f,0x20,
0x00,0x00,0x6f,0x65,0x55,0x54,0x6f,0xff,0xff,0xfc,0x6f,0xf2,0x00,0x00,0x4f,0xf4,0x6f,0xe7,0x00,0x00,
0xae,0xf4,0x6f,0x9d,0x00,0x01,0xf9,0xf4,0x6f,0x4f,0x30,0x06,0xe5,0xf4,0x6f,0x2c,0x90,0x0b,0x94,0xf4,
0x6f,0x26,0xe0,0x2f,0x34,0xf4,0x6f,0x21,0xf4,0x7d,0x04,0xf4,0x6f,0x20,0xaa,0xd8,0x04,0xf4,0x6f,0x20,
0x5f,0xf2,0x04,0xf4,0x6f,0x20,0x0a,0x90,0x04,0xf4,0x6f,0x20,0x00,0x00,0x04,0xf4,0x6f,0x20,0x00,0x00,
0x04,0xf4,0x6f,0xe1,0x00,0x02,0xf6,0x6f,0xf7,0x00,0x02,0xf6,0x6f,0xbe,0x10,0x02,0xf6,0x6f,0x4f,0x80,
0x02,0xf6,0x6f,0x29,0xe1,0x02,0xf6,0x6f,0x22,0xf8,0x02,0xf6,0x6f,0x20,0x8e,0x12,0xf6,0x6f,0x20,0x1e,
0x92,0xf6,0x6f,0x20,0x08,0xf4,0xf6,0x6f,0x20,0x01,0xeb,0xf6,0x6f,0x20,0x00,0x7f,0xf6,0x6f,0x20,0x00,
0x1e,0xf6,0x00,0x04,0xbe,0xfd,0x81,0x00,0x00,0x7f,0xc6,0x58,0xed,0x20,0x03,0xfa,0x00,0x00,0x2e,0xc0,
0x0a,0xf1,0x00,0x00,0x07,0xf4,0x0e,0xb0,0x00,0x00,0x02,0xf8,0x1f,0x90,0x00,0x00,0x01,0xfa,0x1f,0x90,
0x00,0x00,0x01,0xfa,0x0e,0xb0,0x00,0x00,0x02,0xf8,0x0a,0xe1,0x00,0x00,0x07,0xf4,0x04,0xfa,0x00,0x00,
0x2e,0xc0,0x00,0x7f,0xc6,0x58,0xee,0x20,0x00,0x04,0xbe,0xfd,0x91,0x00,0x6f,0xff,0xec,0x60,0x06,0xf6,
0x45,0xbf,0x80,0x6f,0x20,0x00,0xce,0x06,0xf2,0x00,0x09,0xf1,0x6f,0x20,0x00,0xbf,0x06,0xf3,0x12,0x7f,
0xa0,0x6f,0xff,0xff,0xa1,0x06,0xf5,0x43,0x10,0x00,0x6f,0x20,0x00,0x00,0x06,0xf2,0x00,0x00,0x00,0x6f,
0x20,0x00,0x00,0x06,0xf2,0x00,0x00,0x00,0x00,0x04,0xbe,0xfd,0x81,0x00,0x00,0x7f,0xc6,0x58,0xed,0x20,
0x03,0xfa,0x00,0x00,0x2e,0xc0,0x0a,0xf1,0x00,0x00,0x08,0xf4,0x0e,0xb0,0x00,0x00,0x02,0xf8,0x1f,0x90,
0x00,0x00,0x01,0xfa,0x1f,0x90,0x00,0x00,0x01,0xfa,0x0e,0xb0,0x00,0x00,0x02,0xf8,0x0a,0xe1,0x00,0x00,
0x07,0xf4,0x04,0xfa,0x00,0x00,0x2e,0xd0,0x00,0x7f,0xc6,0x57,0xee,0x30,0x00,0x04,0xbe,0xff,0xc2,0x00,
0x00,0x00,0x00,0x09,0xf4,0x00,0x00,0x00,0x00,0x00,0xbe,0x30,0x6f,0xff,0xfd,0x80,0x00,0x6f,0x64,0x5a,
0xf8,0x00,0x6f,0x20,0x00,0xce,0x00,0x6f,0x20,0x00,0x9f,0x10,0x6f,0x20,0x00,0xbe,0x00,0x6f,0x31,0x16,
0xf6,0x00,0x6f,0xff,0xff,0x80,0x00,0x6f,0x54,0x5b,0xf5,0x00,0x6f,0x20,0x01,0xde,0x10,0x6f,0x20,0x00,
0x5f,0x70,0x6f,0x20,0x00,0x0c,0xd0,0x6f,0x20,0x00,0x04,0xf6,0x04,0xbe,0xed,0xa4,0x06,0xfb,0x65,0x7b,
0x80,0xcc,0x00,0x00,0x00,0x0d,0xb0,0x00,0x00,0x00,0xaf,0x72,0x00,0x00,0x02,0xbf,0xfd,0x94,0x00,0x00,
0x37,0xae,0xf7,0x00,0x00,0x00,0x1c,0xf1,0x00,0x00,0x00,0x6f,0x32,0x00,0x00,0x09,0xf2,0xdc,0x75,0x6a,
0xfa,0x05,0xad,0xfe,0xc7,0x00,0x1f,0xff,0xff,0xff,0xff,0xc0,0x55,0x55,0xec,0x55,0x54,0x00,0x00,0x0e,
0xa0,0x00,0x00,0x00,0x00,0xea,0x00,0x00,0x00,0x00,0x0e,0xa0,0x00,0x00,0x00,0x00,0xea,0x00,0x00,0x00,
0x00,0x0e,0xa0,0x00,0x00,0x00,0x00,0xea,0x00,0x00,0x00,0x00,0x0e,0xa0,0x00,0x00,0x00,0x00,0xea,0x00,
0x00,0x00,0x00,0x0e,0xa0,0x00,0x00,0x00,0x00,0xea,0x00,0x00,0x9f,0x00,0x00,0x04,0xf5,0x9f,0x00,0x00,
0x04,0xf5,0x9f,0x00,0x00,0x04,0xf5,0x9f,0x00,0x00,0x04,0xf5,0x9f,0x00,0x00,0x04,0xf5,0x9f,0x00,0x00,
0x04,0xf5,0x9f,0x00,0x00,0x04,0xf5,0x9f,0x00,0x00,0x04,0xf5,0x8f,0x20,0x00,0x06,0xf3,0x4f,0x70,0x00,
0x0b,0xe0,0x0b,0xf9,0x56,0xbf,0x60,0x00,0x8d,0xfe,0xc5,0x00,0xae,0x00,0x00,0x00,0x1e,0x95,0xf5,0x00,
0x00,0x06,0xf4,0x0e,0xa0,0x00,0x00,0xbd,0x00,0x9f,0x10,0x00,0x2f,0x80,0x03,0xf6,0x00,0x07,0xf2,0x00,
0x0d,0xc0,0x00,0xdc,0x00,0x00,0x7f,0x20,0x3f,0x60,0x00,0x02,0xf8,0x09,0xf1,0x00,0x00,0x0b,0xd0,0xea,
0x00,0x00,0x00,0x5f,0x8f,0x40,0x00,0x00,0x01,0xef,0xe0,0x00,0x00,0x00,0x09,0xf8,0x00,0x00,0x5f,0x40,
0x00,0x1f,0xe0,0x00,0x06,0xf3,0x2f,0x70,0x00,0x5e,0xf2,0x00,0x0a,0xe0,0x0d,0xb0,0x00,0x9b,0xd6,0x00,
0x0e,0xa0,0x09,0xe0,0x00,0xc7,0x9a,0x00,0x2f,0x70,0x06,0xf3,0x01,0xf3,0x6d,0x00,0x6f,0x30,0x02,0xf7,
0x05,0xe0,0x2f,0x20,0x9e,0x00,0x00,0xda,0x08,0xb0,0x0e,0x60,0xdb,0x00,0x00,0xae,0x0c,0x80,0x0a,0x92,
0xf7,0x00,0x00,0x6f,0x3f,0x40,0x07,0xd5,0xf3,0x00,0x00,0x2f,0xaf,0x10,0x03,0xfa,0xe0,0x00,0x00,0x0e,
0xfc,0x00,0x00,0xef,0xb0,0x00,0x00,0x0a,0xf8,0x00,0x00,0xbf,0x70,0x00,0x0a,0xe1,0x00,0x00,0xcd,0x10,
0x1e,0xa0,0x00,0x7f,0x40,0x00,0x6f,0x50,0x2f,0x90,0x00,0x00,0xbe,0x1b,0xd1,0x00,0x00,0x02,0xed,0xf4,
0x00,0x00,0x00,0x08,0xfa,0x00,0x00,0x00,0x01,0xdf,0xd1,0x00,0x00,0x00,0x9e,0x4f,0x90,0x00,0x00,0x4f,
0x70,0x7f,0x30,0x00,0x1d,0xc0,0x00,0xcd,0x00,0x08,0xf3,0x00,0x03,0xf8,0x03,0xf8,0x00,0x00,0x08,0xf3,
0x0b,0xe1,0x00,0x00,0x3f,0x70,0x2e,0xa0,0x00,0x0d,0xc0,0x00,0x6f,0x50,0x08,0xf3,0x00,0x00,0xbe,0x13,
0xf8,0x00,0x00,0x02,0xe9,0xcc,0x00,0x00,0x00,0x06,0xff,0x30,0x00,0x00,0x00,0x0e,0xb0,0x00,0x00,0x00,
0x00,0xea,0x00,0x00,0x00,0x00,0x0e,0xa0,0x00,0x00,0x00,0x00,0xea,0x00,0x00,0x00,0x00,0x0e,0xa0,0x00,
0x00,0x00,0x00,0xea,0x00,0x00,0x1f,0xff,0xff,0xff,0xff,0x10,0x55,0x55,0x55,0x7f,0xc0,0x00,0x00,0x00,
0x0c,0xe2,0x00,0x00,0x00,0x09,0xf4,0x00,0x00,0x00,0x06,0xf7,0x00,0x00,0x00,0x03,0xfb,0x00,0x00,0x00,
0x01,0xdd,0x10,0x00,0x00,0x00,0xbf,0x30,0x00,0x00,0x00,0x7f,0x60,0x00,0x00,0x00,0x4f,0x90,0x00,0x00,
0x00,0x2e,0xe5,0x55,0x55,0x55,0x14,0xff,0xff,0xff,0xff,0xf4,0x9f,0xfa,0x9d,0x21,0x9c,0x00,0x9c,0x00,
0x9c,0x00,0x9c,0x00,0x9c,0x00,0x9c,0x00,0x9c,0x00,0x9c,0x00,0x9c,0x00,0x9c,0x00,0x9c,0x00,0x9f,0xea,
0x12,0x21,0xd7,0x00,0x00,0x8c,0x00,0x00,0x3f,0x20,0x00,0x0e,0x60,0x00,0x09,0xb0,0x00,0x04,0xf1,0x00,
0x00,0xe5,0x00,0x00,0xaa,0x00,0x00,0x5e,0x00,0x00,0x1f,0x40,0x00,0x0b,0x90,0x00,0x06,0xe0,0x00,0x02,
0xf3,0x7f,0xfd,0x12,0x9d,0x00,0x9d,0x00,0x9d,0x00,0x9d,0x00,0x9d,0x00,0x9d,0x00,0x9d,0x00,0x9d,0x00,
0x9d,0x00,0x9d,0x00,0x9d,0x00,0x9d,0x6e,0xfd,0x12,0x22,0x00,0x00,0x28,0x50,0x00,0x00,0x00,0x2d,0xef,
0x60,0x00,0x00,0x1d,0xd2,0x8f,0x50,0x00,0x1c,0xc1,0x00,0x7f,0x50,0x1c,0xb1,0x00,0x00,0x6e,0x40,0x2f,
0xff,0xff,0xff,0xf2,0x02,0x22,0x22,0x22,0x20,0x4f,0x40,0x00,0x6d,0x10,0x00,0x8b,0x00,0x03,0xad,0xfd,
0x91,0x00,0x48,0x54,0x6d,0xc0,0x00,0x00,0x00,0x3f,0x30,0x07,0xce,0xff,0xf5,0x08,0xe7,0x32,0x4f,0x50,
0xe8,0x00,0x03,0xf5,0x0e,0x70,0x00,0x8f,0x50,0xad,0x21,0x6e,0xf5,0x01,0xae,0xeb,0x3f,0x50,0x8e,0x00,
0x00,0x00,0x08,0xe0,0x00,0x00,0x00,0x8e,0x00,0x00,0x00,0x08,0xe3,0xcf,0xd7,0x00,0x8e,0xd6,0x49,0xf6,
0x08,0xf5,0x00,0x0a,0xe0,0x8f,0x00,0x00,0x5f,0x28,0xe0,0x00,0x04,0xf4,0x8f,0x00,0x00,0x5f,0x28,0xf5,
0x00,0x0a,0xe0,0x8e,0xd6,0x49,0xf6,0x08,0xe3,0xcf,0xd7,0x00,0x00,0x3a,0xef,0xd7,0x03,0xec,0x64,0x69,
0x0b,0xd1,0x00,0x00,0x0f,0x80,0x00,0x00,0x1f,0x70,0x00,0x00,0x0f,0x80,0x00,0x00,0x0b,0xe1,0x00,0x00,
0x03,0xed,0x64,0x69,0x00,0x3a,0xef,0xd7,0x00,0x00,0x00,0x0b,0xb0,0x00,0x00,0x00,0xbb,0x00,0x00,0x00,
0x0b,0xb0,0x05,0xdf,0xd5,0xbb,0x04,0xfa,0x45,0xde,0xb0,0xbd,0x00,0x03,0xfb,0x0f,0x80,0x00,0x0d,0xb1,
0xf6,0x00,0x00,0xcb,0x0f,0x70,0x00,0x0d,0xb0,0xbb,0x00,0x02,0xfb,0x04,0xf7,0x12,0xce,0xb0,0x05,0xdf,
0xd6,0xbb,0x00,0x3a,0xef,0xc4,0x00,0x3e,0xc5,0x4a,0xf3,0x0b,0xd1,0x00,0x0c,0xa0,0xf8,0x00,0x00,0x8e,
0x1f,0xff,0xff,0xff,0xf0,0xf9,0x22,0x22,0x22,0x0b,0xc0,0x00,0x00,0x00,0x3e,0xc6,0x45,0x88,0x00,0x2a,
0xef,0xda,0x40,0x00,0x6d,0xfe,0x01,0xf9,0x33,0x03,0xf3,0x00,0x9f,0xff,0xf8,0x15,0xf4,0x21,0x04,0xf3,
0x00,0x04,0xf3,0x00,0x04,0xf3,0x00,0x04,0xf3,0x00,0x04,0xf3,0x00,0x04,0xf3,0x00,0x04,0xf3,0x00,0x00,
0x5d,0xfc,0x5b,0xb0,0x4f,0xa4,0x5d,0xeb,0x0b,0xc0,0x00,0x3f,0xb0,0xf7,0x00,0x00,0xdb,0x1f,0x60,0x00,
0x0b,0xb0,0xf7,0x00,0x00,0xdb,0x0b,0xc0,0x00,0x3f,0xb0,0x4f,0xa4,0x5d,0xea,0x00,0x5d,0xfd,0x5c,0xa0,
0x00,0x00,0x01,0xe7,0x01,0x95,0x35,0xce,0x10,0x0a,0xef,0xea,0x20,0x8e,0x00,0x00,0x00,0x8e,0x00,0x00,
0x00,0x8e,0x00,0x00,0x00,0x8e,0x3b,0xed,0x60,0x8e,0xd7,0x49,0xf4,0x8f,0x40,0x00,0xda,0x8f,0x00,0x00,
0xab,0x8e,0x00,0x00,0xac,0x8e,0x00,0x00,0xac,0x8e,0x00,0x00,0xac,0x8e,0x00,0x00,0xac,0x8e,0x00,0x00,
0xac,0x7e,0x6c,0x00,0x7e,0x7e,0x7e,0x7e,0x7e,0x7e,0x7e,0x7e,0x7e,0x00,0x7e,0x00,0x6c,0x00,0x00,0x00,
0x7e,0x00,0x7e,0x00,0x7e,0x00,0x7e,0x00,0x7e,0x00,0x7e,0x00,0x7e,0x00,0x7e,0x00,0x7e,0x00,0x8d,0x14,
0xda,0x4e,0xb2,0x8e,0x00,0x00,0x00,0x08,0xe0,0x00,0x00,0x00,0x8e,0x00,0x00,0x00,0x08,0xe0,0x00,0x6f,
0x70,0x8e,0x00,0x7f,0x60,0x08,0xe0,0x9e,0x50,0x00,0x8e,0xae,0x40,0x00,0x08,0xfe,0xb0,0x00,0x00,0x8e,
0x4e,0xa0,0x00,0x08,0xe0,0x4e,0xa0,0x00,0x8e,0x00,0x3e,0xa0,0x08,0xe0,0x00,0x3e,0xa0,0x7e,0x7e,0x7e,
0x7e,0x7e,0x7e,0x7e,0x7e,0x7e,0x7e,0x7e,0x7e,0x8e,0x3c,0xfd,0x50,0x6d,0xeb,0x20,0x8e,0xd6,0x5b,0xf8,
0xc5,0x5e,0xb0,0x8f,0x40,0x01,0xfd,0x10,0x06,0xf1,0x8f,0x00,0x00,0xea,0x00,0x04,0xf3,0x8e,0x00,0x00,
0xd8,0x00,0x03,0xf4,0x8e,0x00,0x00,0xd8,0x00,0x03,0xf4,0x8e,0x00,0x00,0xd8,0x00,0x03,0xf4,0x8e,0x00,
0x00,0xd8,0x00,0x03,0xf4,0x8e,0x00,0x00,0xd8,0x00,0x03,0xf4,0x8e,0x4c,0xfd,0x60,0x8f,0xc4,0x17,0xf4,
0x8f,0x30,0x00,0xca,0x8e,0x00,0x00,0xab,0x8e,0x00,0x00,0xac,0x8e,0x00,0x00,0xac,0x8e,0x00,0x00,0xac,
0x8e,0x00,0x00,0xac,0x8e,0x00,0x00,0xac,0x00,0x4c,0xfe,0xb2,0x00,0x4f,0xb5,0x5d,0xe2,0x0c,0xd0,0x00,
0x2f,0x90,0xf8,0x00,0x00,0xbd,0x1f,0x70,0x00,0x0a,0xe0,0xf8,0x00,0x00,0xbc,0x0c,0xd0,0x00,0x2f,0x90,
0x4f,0xb5,0x5d,0xe2,0x00,0x4c,0xfe,0xb2,0x00,0x8e,0x4c,0xfd,0x70,0x08,0xfd,0x31,0x6f,0x60,0x8f,0x40,
0x00,0x9e,0x08,0xf0,0x00,0x05,0xf2,0x8e,0x00,0x00,0x4f,0x48,0xf1,0x00,0x05,0xf2,0x8f,0x60,0x00,0xae,
0x08,0xed,0x74,0x9f,0x60,0x8e,0x3c,0xfd,0x70,0x08,0xe0,0x00,0x00,0x00,0x8e,0x00,0x00,0x00,0x08,0xe0,
0x00,0x00,0x00,0x00,0x5d,0xfd,0x5b,0xb0,0x4f,0xa4,0x5d,0xeb,0x0b,0xc0,0x00,0x3f,0xb0,0xf7,0x00,0x00,
0xdb,0x1f,0x60,0x00,0x0c,0xb0,0xf7,0x00,0x00,0xdb,0x0b,0xc0,0x00,0x3f,0xb0,0x4f,0xa4,0x6d,0xeb,0x00,
0x5d,0xfd,0x5b,0xb0,0x00,0x00,0x00,0xbb,0x00,0x00,0x00,0x0b,0xb0,0x00,0x00,0x00,0xbb,0x00,0x00,0x00,
0x8e,0x4c,0xf9,0x8f,0xd4,0x22,0x8f,0x40,0x00,0x8f,0x00,0x00,0x8e,0x00,0x00,0x8e,0x00,0x00,0x8e,0x00,
0x00,0x8e,0x00,0x00,0x8e,0x00,0x00,0x02,0xae,0xfd,0xa1,0x0c,0xc5,0x35,0x91,0x0f,0x60,0x00,0x00,0x0c,
0xd6,0x30,0x00,0x02,0x9e,0xfd,0x70,0x00,0x00,0x38,0xf5,0x00,0x00,0x00,0xf8,0x2c,0x64,0x49,0xf4,0x19,
0xde,0xec,0x50,0x04,0x70,0x00,0x08,0xe0,0x00,0x08,0xe0,0x00,0x8f,0xff,0xfd,0x19,0xe2,0x22,0x08,0xe0,
0x00,0x08,0xe0,0x00,0x08,0xe0,0x00,0x08,0xe0,0x00,0x07,0xf0,0x00,0x05,0xf7,0x33,0x00,0x9e,0xfd,0xac,
0x00,0x00,0xba,0xac,0x00,0x00,0xba,0xac,0x00,0x00,0xba,0xac,0x00,0x00,0xba,0xac,0x00,0x00,0xba,0x9c,
0x00,0x00,0xca,0x7e,0x00,0x01,0xea,0x2f,0x81,0x3b,0xea,0x05,0xdf,0xd5,0xba,0x5f,0x30,0x00,0x0b,0xc0,
0xe8,0x00,0x01,0xf7,0x09,0xd0,0x00,0x7f,0x10,0x4f,0x40,0x0c,0xb0,0x00,0xd9,0x02,0xf5,0x00,0x08,0xe1,
0x8e,0x10,0x00,0x2f,0x5d,0x90,0x00,0x00,0xcd,0xf4,0x00,0x00,0x06,0xfd,0x00,0x00,0x3f,0x40,0x06,0xf8,
0x00,0x2f,0x40,0xe7,0x00,0xae,0xc0,0x06,0xf1,0x0a,0xb0,0x0e,0x8f,0x10,0xac,0x00,0x7f,0x03,0xf1,0xe4,
0x0e,0x80,0x03,0xf4,0x7c,0x0b,0x83,0xf4,0x00,0x0e,0x8b,0x80,0x7c,0x6f,0x10,0x00,0xac,0xe4,0x03,0xfb,
0xb0,0x00,0x06,0xff,0x10,0x0e,0xf8,0x00,0x00,0x2f,0xc0,0x00,0xaf,0x40,0x00,0x1d,0xc0,0x00,0x4f,0x60,
0x3f,0x80,0x1e,0xa0,0x00,0x7f,0x4b,0xd1,0x00,0x00,0xbf,0xf4,0x00,0x00,0x05,0xfc,0x00,0x00,0x01,0xec,
0xf7,0x00,0x00,0xbd,0x18,0xf3,0x00,0x7f,0x40,0x0c,0xd1,0x3f,0x80,0x00,0x2e,0x90,0x5f,0x30,0x00,0x0b,
0xc0,0xd9,0x00,0x02,0xf6,0x07,0xe1,0x00,0x8e,0x10,0x1f,0x60,0x0e,0x90,0x00,0xac,0x05,0xf3,0x00,0x04,
0xf3,0xbc,0x00,0x00,0x0c,0xbf,0x60,0x00,0x00,0x6f,0xe0,0x00,0x00,0x01,0xf8,0x00,0x00,0x00,0x6f,0x20,
0x00,0x02,0x4d,0xa0,0x00,0x00,0xbf,0xb2,0x00,0x00,0x2f,0xff,0xff,0xfb,0x02,0x22,0x26,0xf8,0x00,0x00,
0x2e,0xb0,0x00,0x01,0xcd,0x10,0x00,0x0a,0xe2,0x00,0x00,0x8f,0x40,0x00,0x05,0xf6,0x00,0x00,0x2e,0xb2,
0x22,0x22,0x5f,0xff,0xff,0xfb,0x00,0x09,0xef,0x30,0x06,0xf6,0x20,0x00,0x8e,0x00,0x00,0x08,0xd0,0x00,
0x00,0x8d,0x00,0x00,0x09,0xc0,0x00,0x03,0xe9,0x00,0x0f,0xfc,0x10,0x00,0x35,0xe8,0x00,0x00,0x0a,0xc0,
0x00,0x00,0x9d,0x00,0x00,0x08,0xd0,0x00,0x00,0x8e,0x00,0x00,0x06,0xf3,0x00,0x00,0x1c,0xff,0x30,0x00,
0x01,0x20,0xf5,0xf5,0xf5,0xf5,0xf5,0xf5,0xf5,0xf5,0xf5,0xf5,0xf5,0xf5,0xf5,0xf5,0xf5,0xf5,0xfe,0xb2,
0x00,0x02,0x4e,0x80,0x00,0x00,0xbb,0x00,0x00,0x0a,0xb0,0x00,0x00,0xab,0x00,0x00,0x0a,0xc0,0x00,0x00,
0x7f,0x40,0x00,0x00,0xaf,0xf3,0x00,0x5f,0x73,0x00,0x09,0xd0,0x00,0x00,0xab,0x00,0x00,0x0a,0xb0,0x00,
0x00,0xbb,0x00,0x00,0x2e,0x90,0x00,0xff,0xd3,0x00,0x02,0x10,0x00,0x00,0x00,0x00,0x00,0x00,0x00,0x10,
0x6d,0xfe,0xa5,0x22,0x7a,0x4d,0x64,0x6b,0xff,0xfc,0x41,0x00,0x00,0x01,0x32,0x00,0x9f,0x9f,0x00,0x00,
0x7d,0x8e,0x8f,0x9f,0x9f,0x9f,0x9f,0x8e,0x00,0x00,0x30,0x00,0x00,0x00,0xb1,0x00,0x00,0x00,0xb2,0x00,
0x00,0x7c,0xfe,0xb2,0x0b,0xf7,0xc5,0x83,0x5f,0x60,0xb2,0x00,0x9f,0x00,0xb2,0x00,0xae,0x00,0xb1,0x00,
0x8f,0x00,0xb1,0x00,0x4f,0x60,0xb1,0x00,0x0a,0xf7,0xc5,0x83,0x00,0x7d,0xfe,0xb2,0x00,0x00,0xb1,0x00,
0x00,0x00,0xb1,0x00,0x00,0x00,0x20,0x00,0x00,0x08,0xde,0xd6,0x00,0x9f,0x85,0x77,0x00,0xe9,0x00,0x00,
0x02,0xf7,0x00,0x00,0x02,0xf6,0x00,0x00,0x02,0xf6,0x00,0x00,0xae,0xff,0xee,0x70,0x14,0xf8,0x22,0x10,
0x02,0xf6,0x00,0x00,0x02,0xf6,0x00,0x00,0x56,0xf9,0x55,0x54,0xff,0xff,0xff,0xfc,0x00,0x00,0x00,0x00,
0x00,0x1c,0x40,0x00,0x02,0xc3,0x09,0xe9,0xee,0xad,0xb1,0x00,0xcd,0x54,0xbf,0x10,0x02,0xf2,0x00,0x0e,
0x50,0x02,0xf1,0x00,0x0d,0x50,0x00,0xcb,0x21,0x9e,0x10,0x06,0xfc,0xff,0xce,0x90,0x1e,0x60,0x22,0x03,
0xe3,0x01,0x00,0x00,0x00,0x10,0x2f,0x60,0x00,0x03,0xf4,0x09,0xd0,0x00,0x0b,0xc0,0x02,0xf6,0x00,0x3f,
0x40,0x00,0x9d,0x00,0xbc,0x00,0x00,0x2f,0x63,0xf4,0x00,0x0e,0xff,0xdb,0xff,0xf2,0x00,0x01,0xde,0x20,
0x00,0x0e,0xff,0xff,0xff,0xf2,0x00,0x00,0xad,0x00,0x00,0x00,0x00,0xad,0x00,0x00,0x00,0x00,0xad,0x00,
0x00,0x00,0x00,0xad,0x00,0x00,0xf5,0xf5,0xf5,0xf5,0xf5,0xe5,0x00,0x00,0xe5,0xf5,0xf5,0xf5,0xf5,0xf5,
0x01,0x9e,0xec,0x40,0x09,0xe4,0x36,0x50,0x0a,0xc0,0x00,0x00,0x04,0xfa,0x10,0x00,0x08,0xca,0xe6,0x00,
0x2f,0x20,0x4e,0xa0,0x3f,0x30,0x03,0xf3,0x0b,0xe5,0x02,0xf2,0x00,0x7e,0xcd,0x80,0x00,0x01,0xaf,0x40,
0x00,0x00,0x0c,0xa0,0x04,0x20,0x2e,0x90,0x08,0xff,0xfb,0x10,0x00,0x02,0x10,0x00,0x39,0x22,0x93,0x5f,
0x44,0xf5,0x00,0x05,0xac,0xca,0x50,0x00,0x00,0xa9,0x20,0x02,0x9a,0x00,0x09,0x60,0x00,0x00,0x06,0xa0,
0x3a,0x01,0x9d,0xec,0x30,0xa4,0x94,0x0c,0xa2,0x03,0x20,0x49,0xb1,0x4f,0x10,0x00,0x00,0x1b,0xb1,0x6d,
0x00,0x00,0x00,0x1b,0x94,0x4f,0x10,0x00,0x00,0x49,0x3a,0x0c,0xa2,0x02,0x20,0xa4,0x09,0x71,0x9d,0xec,
0x36,0x90,0x00,0xa9,0x20,0x02,0x9a,0x00,0x00,0x04,0xac,0xca,0x40,0x00,0x06,0xdd,0xd7,0x00,0x20,0x01,
0xd3,0x04,0xbd,0xdf,0x60,0xe5,0x00,0xc7,0x0f,0x40,0x4f,0x70,0x6e,0xd9,0xb7,0x00,0x00,0x00,0x00,0xde,
0xee,0xe7,0x00,0x01,0x00,0x01,0x00,0x2b,0x00,0x94,0x03,0xe8,0x1a,0xd1,0x4e,0x71,0xcb,0x10,0xac,0x14,
0xf4,0x00,0x1b,0xc1,0x6e,0x50,0x00,0xac,0x05,0xe3,0x00,0x07,0x00,0x33,0x01,0x11,0x11,0x11,0x11,0x14,
0xff,0xff,0xff,0xff,0xfb,0x14,0x44,0x44,0x44,0x4a,0xb0,0x00,0x00,0x00,0x00,0x9b,0x00,0x00,0x00,0x00,
0x09,0xb0,0x00,0x00,0x00,0x00,0x23,0x01,0x11,0x13,0xff,0xff,0x14,0x44,0x40,0x00,0x05,0xac,0xca,0x50,
0x00,0x00,0xa9,0x20,0x02,0x9a,0x00,0x09,0x60,0x00,0x00,0x06,0xa0,0x3a,0x05,0xdc,0xc9,0x10,0xa4,0x94,
0x06,0xc0,0x0c,0x70,0x49,0xb1,0x06,0xc0,0x0c,0x70,0x1b,0xb1,0x06,0xed,0xe9,0x10,0x1b,0x94,0x06,0xc0,
0x8c,0x00,0x49,0x3a,0x06,0xc0,0x0c,0x80,0xa4,0x09,0x72,0x50,0x02,0x66,0x90,0x00,0xa9,0x20,0x02,0x9a,
0x00,0x00,0x04,0xac,0xca,0x40,0x00,0x5f,0xff,0xf5,0x13,0x33,0x31,0x05,0xcc,0x50,0x3d,0x34,0xd3,0x68,
0x00,0x87,0x4d,0x22,0xd4,0x07,0xee,0x70,0x00,0x00,0x0e,0x50,0x00,0x00,0x00,0x00,0xe5,0x00,0x00,0x01,
0x11,0x1e,0x61,0x11,0x14,0xff,0xff,0xff,0xff,0xfb,0x14,0x44,0x4f,0x84,0x44,0x30,0x00,0x00,0xe5,0x00,
0x00,0x00,0x00,0x0e,0x50,0x00,0x00,0x00,0x00,0x62,0x00,0x00,0x15,0x55,0x55,0x55,0x55,0x44,0xff,0xff,
0xff,0xff,0xfb,0x2b,0xdd,0x90,0x11,0x01,0xe4,0x00,0x03,0xd1,0x00,0x4d,0x30,0x07,0xc2,0x00,0x4f,0xdd,
0xd5,0x0c,0xcd,0xa1,0x00,0x00,0xd6,0x00,0xce,0xb1,0x00,0x01,0xc5,0x10,0x00,0xb8,0x2c,0xcd,0xa1,0x00,
0x4f,0x40,0x1e,0x60,0x0b,0x80,0x00,0xac,0x00,0x00,0xba,0x0a,0xc0,0x00,0x0b,0xa0,0xac,0x00,0x00,0xba,
0x0a,0xc0,0x00,0x0b,0xa0,0xac,0x00,0x00,0xba,0x0a,0xc0,0x00,0x0c,0xa0,0xae,0x10,0x01,0xea,0x0a,0xfb,
0x55,0xcf,0xd4,0xac,0x8e,0xe8,0x5e,0xaa,0xc0,0x00,0x00,0x00,0xac,0x00,0x00,0x00,0x0a,0xc0,0x00,0x00,
0x00,0x03,0xbe,0xff,0xf7,0x3f,0xff,0xd0,0xa7,0xaf,0xff,0xd0,0xa7,0xbf,0xff,0xd0,0xa7,0x8f,0xff,0xd0,
0xa7,0x1d,0xff,0xd0,0xa7,0x01,0x7b,0xd0,0xa7,0x00,0x04,0xd0,0xa7,0x00,0x04,0xd0,0xa7,0x00,0x04,0xd0,
0xa7,0x00,0x04,0xd0,0xa7,0x00,0x04,0xd0,0xa7,0x00,0x04,0xd0,0xa7,0x00,0x02,0x60,0x53,0x4f,0x54,0xf5,
0x00,0x00,0x01,0xc2,0x10,0xb7,0x9e,0xd3,0xbd,0xe0,0x00,0x3e,0x00,0x03,0xe0,0x00,0x3e,0x00,0x03,0xe0,
0x0a,0xdf,0xd7,0x02,0xbd,0xd7,0x00,0xd8,0x02,0xd6,0x3f,0x10,0x07,0xa3,0xf1,0x00,0x7b,0x0d,0x80,0x2d,
0x60,0x2b,0xdd,0x70,0x00,0x00,0x00,0x00,0xde,0xee,0xe7,0x10,0x00,0x00,0x00,0x76,0x01,0xb1,0x00,0x3e,
0x80,0xbc,0x10,0x02,0xd9,0x19,0xd2,0x00,0x7f,0x22,0xe7,0x07,0xe4,0x3e,0x90,0x6d,0x31,0xe7,0x00,0x52,
0x01,0x50,0x00,0x58,0x80,0x00,0x00,0x04,0x70,0x00,0x88,0xe0,0x00,0x00,0x0d,0x50,0x00,0x03,0xe0,0x00,
0x00,0x7b,0x00,0x00,0x03,0xe0,0x00,0x02,0xe2,0x00,0x00,0x03,0xe0,0x00,0x0b,0x80,0x00,0x00,0x03,0xe0,
0x00,0x5d,0x10,0x00,0x10,0xad,0xed,0x71,0xd5,0x00,0x0b,0xe0,0x00,0x00,0x08,0xb0,0x00,0x86,0xe0,0x00,
0x00,0x2e,0x20,0x05,0x73,0xe0,0x00,0x00,0xb8,0x00,0x2b,0x03,0xe0,0x00,0x05,0xd0,0x00,0x6d,0xdd,0xfd,
0x00,0x1e,0x40,0x00,0x00,0x03,0xe0,0x00,0x25,0x00,0x00,0x00,0x01,0x60,0x00,0x10,0x00,0x00,0x00,0x10,
0x00,0xbe,0xe0,0x00,0x00,0x09,0xa0,0x00,0x13,0xe0,0x00,0x00,0x3e,0x20,0x00,0x03,0xe0,0x00,0x00,0xc7,
0x00,0x00,0x03,0xe0,0x00,0x06,0xd0,0x00,0x00,0x03,0xe0,0x00,0x1e,0x40,0x00,0x00,0x03,0xe0,0x00,0x9a,
0x07,0xcd,0x80,0xad,0xed,0x73,0xe1,0x27,0x12,0xe5,0x00,0x00,0x0c,0x60,0x00,0x00,0xd5,0x00,0x00,0x6c,
0x00,0x00,0x09,0xb0,0x00,0x01,0xe3,0x00,0x00,0x8c,0x10,0x00,0x0a,0x90,0x00,0x08,0xb1,0x00,0x00,0x3d,
0x10,0x00,0x2e,0xed,0xd7,0x0b,0xdd,0x80,0x00,0x00,0x7a,0x00,0x00,0x20,0x1d,0x50,0x00,0x2e,0x30,0x00,
0x00,0x01,0xd3,0x00,0x0a,0x90,0x00,0x00,0x0c,0xfb,0x10,0x04,0xe1,0x00,0x00,0x00,0x01,0xc8,0x00,0xc6,
0x00,0x00,0x01,0x10,0x1c,0x70,0x7c,0x00,0x04,0x60,0x2c,0xdc,0x80,0x1e,0x30,0x01,0xce,0x00,0x00,0x00,
0x09,0xa0,0x00,0xa5,0xe0,0x00,0x00,0x03,0xe1,0x00,0x67,0x3e,0x00,0x00,0x00,0xc7,0x00,0x2b,0x03,0xe0,
0x00,0x00,0x6d,0x00,0x06,0xdd,0xdf,0xd0,0x00,0x1e,0x40,0x00,0x00,0x03,0xe0,0x00,0x02,0x50,0x00,0x00,
0x00,0x16,0x00,0x00,0x2f,0x70,0x00,0x02,0xf6,0x00,0x00,0x00,0x00,0x00,0x01,0xd5,0x00,0x00,0x2f,0x60,
0x00,0x06,0xf3,0x00,0x04,0xf9,0x00,0x03,0xea,0x00,0x00,0xbd,0x00,0x00,0x0c,0xc0,0x00,0x01,0x8f,0x95,
0x7d,0x50,0x8d,0xec,0x71,0x00,0x02,0xd6,0x00,0x00,0x00,0x00,0x02,0xe3,0x00,0x00,0x00,0x00,0x00,0x00,
0x00,0x00,0x00,0x09,0xf8,0x00,0x00,0x00,0x01,0xef,0xe0,0x00,0x00,0x00,0x5f,0xbf,0x40,0x00,0x00,0x0b,
0xe1,0xea,0x00,0x00,0x02,0xf9,0x0a,0xf1,0x00,0x00,0x7f,0x30,0x4f,0x60,0x00,0x0d,0xd0,0x00,0xdc,0x00,
0x03,0xf8,0x11,0x19,0xf2,0x00,0x9f,0xff,0xff,0xff,0x80,0x0e,0xc4,0x44,0x44,0xcd,0x05,0xf6,0x00,0x00,
0x06,0xf4,0xae,0x10,0x00,0x00,0x1e,0x90,0x00,0x00,0x07,0xc1,0x00,0x00,0x00,0x04,0xd2,0x00,0x00,0x00,
0x00,0x00,0x00,0x00,0x00,0x00,0x09,0xf8,0x00,0x00,0x00,0x01,0xef,0xe0,0x00,0x00,0x00,0x5f,0xbf,0x40,
0x00,0x00,0x0b,0xe1,0xea,0x00,0x00,0x02,0xf9,0x0a,0xf1,0x00,0x00,0x7f,0x30,0x4f,0x60,0x00,0x0d,0xd0,
0x00,0xdc,0x00,0x03,0xf8,0x11,0x19,0xf2,0x00,0x9f,0xff,0xff,0xff,0x80,0x0e,0xc4,0x44,0x44,0xcd,0x05,
0xf6,0x00,0x00,0x06,0xf4,0xae,0x10,0x00,0x00,0x1e,0x90,0x00,0x00,0xad,0x90,0x00,0x00,0x00,0x7a,0x0a,
0x70,0x00,0x00,0x00,0x00,0x00,0x00,0x00,0x00,0x09,0xf8,0x00,0x00,0x00,0x01,0xef,0xe0,0x00,0x00,0x00,
0x5f,0xbf,0x40,0x00,0x00,0x0b,0xe1,0xea,0x00,0x00,0x02,0xf9,0x0a,0xf1,0x00,0x00,0x7f,0x30,0x4f,0x60,
0x00,0x0d,0xd0,0x00,0xdc,0x00,0x03,0xf8,0x11,0x19,0xf2,0x00,0x9f,0xff,0xff,0xff,0x80,0x0e,0xc4,0x44,
0x44,0xcd,0x05,0xf6,0x00,0x00,0x06,0xf4,0xae,0x10,0x00,0x00,0x1e,0x90,0x00,0x08,0xe8,0x3e,0x00,0x00,
0x01,0xe3,0x9e,0x70,0x00,0x00,0x00,0x00,0x00,0x00,0x00,0x00,0x09,0xf8,0x00,0x00,0x00,0x01,0xef,0xe0,
0x00,0x00,0x00,0x5f,0xbf,0x40,0x00,0x00,0x0b,0xe1,0xea,0x00,0x00,0x02,0xf9,0x0a,0xf1,0x00,0x00,0x7f,
0x30,0x4f,0x60,0x00,0x0d,0xd0,0x00,0xdc,0x00,0x03,0xf8,0x11,0x19,0xf2,0x00,0x9f,0xff,0xff,0xff,0x80,
0x0e,0xc4,0x44,0x44,0xcd,0x05,0xf6,0x00,0x00,0x06,0xf4,0xae,0x10,0x00,0x00,0x1e,0x90,0x00,0x08,0x70,
0x77,0x00,0x00,0x00,0xdb,0x0c,0xc0,0x00,0x00,0x00,0x00,0x00,0x00,0x00,0x00,0x09,0xf8,0x00,0x00,0x00,
0x01,0xef,0xe0,0x00,0x00,0x00,0x5f,0xbf,0x40,0x00,0x00,0x0b,0xe1,0xea,0x00,0x00,0x02,0xf9,0x0a,0xf1,
0x00,0x00,0x7f,0x30,0x4f,0x60,0x00,0x0d,0xd0,0x00,0xdc,0x00,0x03,0xf8,0x11,0x19,0xf2,0x00,0x9f,0xff,
0xff,0xff,0x80,0x0e,0xc4,0x44,0x44,0xcd,0x05,0xf6,0x00,0x00,0x06,0xf4,0xae,0x10,0x00,0x00,0x1e,0x90,
0x00,0x01,0xae,0xa0,0x00,0x00,0x00,0x88,0x09,0x70,0x00,0x00,0x09,0x81,0x98,0x00,0x00,0x00,0x3e,0xfe,
0x20,0x00,0x00,0x00,0xdf,0xd0,0x00,0x00,0x00,0x4f,0xbf,0x30,0x00,0x00,0x0a,0xe1,0xe9,0x00,0x00,0x01,
0xf9,0x0a,0xe1,0x00,0x00,0x6f,0x30,0x4f,0x50,0x00,0x0c,0xd0,0x00,0xeb,0x00,0x03,0xf8,0x11,0x19,0xf2,
0x00,0x8f,0xff,0xff,0xff,0x70,0x0e,0xc4,0x44,0x44,0xcd,0x05,0xf6,0x00,0x00,0x06,0xf4,0xae,0x10,0x00,
0x00,0x1e,0x90,0x00,0x00,0x4f,0xff,0xff,0xff,0xff,0x60,0x00,0x0a,0xe5,0xfb,0x55,0x55,0x52,0x00,0x01,
0xf9,0x0e,0x90,0x00,0x00,0x00,0x00,0x7f,0x30,0xe9,0x00,0x00,0x00,0x00,0x0d,0xc0,0x0e,0xa1,0x11,0x11,
0x00,0x04,0xf6,0x00,0xef,0xff,0xff,0xf3,0x00,0xbe,0x10,0x0e,0xb4,0x44,0x44,0x10,0x2f,0xa1,0x11,0xe9,
0x00,0x00,0x00,0x08,0xff,0xff,0xff,0x90,0x00,0x00,0x00,0xec,0x44,0x44,0xf9,0x00,0x00,0x00,0x5f,0x50,
0x00,0x0e,0xb5,0x55,0x55,0x3b,0xd0,0x00,0x00,0xef,0xff,0xff,0xf8,0x00,0x03,0xae,0xfe,0xb5,0x00,0x06,
0xfc,0x75,0x6a,0xf4,0x03,0xfa,0x00,0x00,0x03,0x30,0xae,0x10,0x00,0x00,0x00,0x0e,0xb0,0x00,0x00,0x00,
0x01,0xf9,0x00,0x00,0x00,0x00,0x1f,0x90,0x00,0x00,0x00,0x00,0xeb,0x00,0x00,0x00,0x00,0x0a,0xe1,0x00,
0x00,0x00,0x00,0x3f,0xa0,0x00,0x00,0x33,0x00,0x6f,0xc7,0x56,0xaf,0x40,0x00,0x3a,0xef,0xeb,0x50,0x00,
0x00,0x00,0x87,0x00,0x00,0x00,0x01,0x06,0xc0,0x00,0x00,0x00,0x5e,0xe6,0x00,0x00,0x00,0x4e,0x30,0x00,
0x00,0x00,0x5d,0x10,0x00,0x00,0x00,0x00,0x00,0x06,0xff,0xff,0xff,0xe0,0x6f,0x65,0x55,0x55,0x06,0xf2,
0x00,0x00,0x00,0x6f,0x20,0x00,0x00,0x06,0xf3,0x11,0x11,0x10,0x6f,0xff,0xff,0xfb,0x06,0xf6,0x44,0x44,
0x30,0x6f,0x20,0x00,0x00,0x06,0xf2,0x00,0x00,0x00,0x6f,0x20,0x00,0x00,0x06,0xf6,0x55,0x55,0x50,0x6f,
0xff,0xff,0xff,0x10,0x00,0x00,0xba,0x00,0x00,0x00,0x7b,0x00,0x00,0x00,0x00,0x00,0x00,0x06,0xff,0xff,
0xff,0xe0,0x6f,0x65,0x55,0x55,0x06,0xf2,0x00,0x00,0x00,0x6f,0x20,0x00,0x00,0x06,0xf3,0x11,0x11,0x10,
0x6f,0xff,0xff,0xfb,0x06,0xf6,0x44,0x44,0x30,0x6f,0x20,0x00,0x00,0x06,0xf2,0x00,0x00,0x00,0x6f,0x20,
0x00,0x00,0x06,0xf6,0x55,0x55,0x50,0x6f,0xff,0xff,0xff,0x10,0x00,0x1d,0xd6,0x00,0x00,0x0b,0x61,0xc4,
0x00,0x00,0x00,0x00,0x00,0x06,0xff,0xff,0xff,0xe0,0x6f,0x65,0x55,0x55,0x06,0xf2,0x00,0x00,0x00,0x6f,
0x20,0x00,0x00,0x06,0xf3,0x11,0x11,0x10,0x6f,0xff,0xff,0xfb,0x06,0xf6,0x44,0x44,0x30,0x6f,0x20,0x00,
0x00,0x06,0xf2,0x00,0x00,0x00,0x6f,0x20,0x00,0x00,0x06,0xf6,0x55,0x55,0x50,0x6f,0xff,0xff,0xff,0x10,
0x01,0x94,0x09,0x50,0x00,0x1f,0x80,0xf8,0x00,0x00,0x00,0x00,0x00,0x06,0xff,0xff,0xff,0xe0,0x6f,0x65,
0x55,0x55,0x06,0xf2,0x00,0x00,0x00,0x6f,0x20,0x00,0x00,0x06,0xf3,0x11,0x11,0x10,0x6f,0xff,0xff,0xfb,
0x06,0xf6,0x44,0x44,0x30,0x6f,0x20,0x00,0x00,0x06,0xf2,0x00,0x00,0x00,0x6f,0x20,0x00,0x00,0x06,0xf6,
0x55,0x55,0x50,0x6f,0xff,0xff,0xff,0x10,0x2e,0x50,0x03,0xd2,0x00,0x00,0x06,0xf2,0x06,0xf2,0x06,0xf2,
0x06,0xf2,0x06,0xf2,0x06,0xf2,0x06,0xf2,0x06,0xf2,0x06,0xf2,0x06,0xf2,0x06,0xf2,0x06,0xf2,0x09,0xc0,
0x5d,0x10,0x00,0x00,0x6f,0x20,0x6f,0x20,0x6f,0x20,0x6f,0x20,0x6f,0x20,0x6f,0x20,0x6f,0x20,0x6f,0x20,
0x6f,0x20,0x6f,0x20,0x6f,0x20,0x6f,0x20,0x00,0xbd,0x80,0x09,0x81,0xb5,0x00,0x00,0x00,0x00,0x6f,0x20,
0x00,0x6f,0x20,0x00,0x6f,0x20,0x00,0x6f,0x20,0x00,0x6f,0x20,0x00,0x6f,0x20,0x00,0x6f,0x20,0x00,0x6f,
0x20,0x00,0x6f,0x20,0x00,0x6f,0x20,0x00,0x6f,0x20,0x00,0x6f,0x20,0x86,0x08,0x6e,0xa0,0xda,0x00,0x00,
0x00,0x6f,0x20,0x06,0xf2,0x00,0x6f,0x20,0x06,0xf2,0x00,0x6f,0x20,0x06,0xf2,0x00,0x6f,0x20,0x06,0xf2,
0x00,0x6f,0x20,0x06,0xf2,0x00,0x6f,0x20,0x06,0xf2,0x00,0x05,0xff,0xfe,0xda,0x50,0x00,0x05,0xf7,0x45,
0x6b,0xfc,0x10,0x05,0xf4,0x00,0x00,0x5f,0xa0,0x05,0xf4,0x00,0x00,0x0a,0xf1,0x05,0xf4,0x00,0x00,0x05,
0xf5,0xdf,0xff,0xfd,0x00,0x03,0xf6,0x27,0xf5,0x22,0x00,0x04,0xf6,0x05,0xf4,0x00,0x00,0x05,0xf5,0x05,
0xf4,0x00,0x00,0x0a,0xf1,0x05,0xf4,0x00,0x00,0x5f,0xa0,0x05,0xf7,0x45,0x6b,0xfc,0x10,0x05,0xff,0xff,
0xdb,0x60,0x00,0x00,0x2d,0xc5,0x97,0x00,0x00,0x88,0x5c,0xd2,0x00,0x00,0x00,0x00,0x00,0x00,0x6f,0xe1,
0x00,0x02,0xf6,0x6f,0xf7,0x00,0x02,0xf6,0x6f,0xbe,0x10,0x02,0xf6,0x6f,0x4f,0x80,0x02,0xf6,0x6f,0x29,
0xe1,0x02,0xf6,0x6f,0x22,0xf8,0x02,0xf6,0x6f,0x20,0x8e,0x12,0xf6,0x6f,0x20,0x1e,0x92,0xf6,0x6f,0x20,
0x08,0xf4,0xf6,0x6f,0x20,0x01,0xeb,0xf6,0x6f,0x20,0x00,0x7f,0xf6,0x6f,0x20,0x00,0x1e,0xf6,0x00,0x00,
0x3e,0x40,0x00,0x00,0x00,0x00,0x04,0xd1,0x00,0x00,0x00,0x00,0x00,0x00,0x00,0x00,0x00,0x04,0xbe,0xfd,
0x81,0x00,0x00,0x7f,0xc6,0x58,0xed,0x20,0x03,0xfa,0x00,0x00,0x2e,0xc0,0x0a,0xf1,0x00,0x00,0x07,0xf4,
0x0e,0xb0,0x00,0x00,0x02,0xf8,0x1f,0x90,0x00,0x00,0x01,0xfa,0x1f,0x90,0x00,0x00,0x01,0xfa,0x0e,0xb0,
0x00,0x00,0x02,0xf8,0x0a,0xe1,0x00,0x00,0x07,0xf4,0x04,0xfa,0x00,0x00,0x2e,0xc0,0x00,0x7f,0xc6,0x58,
0xee,0x20,0x00,0x04,0xbe,0xfd,0x91,0x00,0x00,0x00,0x00,0xab,0x00,0x00,0x00,0x00,0x06,0xc1,0x00,0x00,
0x00,0x00,0x00,0x00,0x00,0x00,0x00,0x04,0xbe,0xfd,0x81,0x00,0x00,0x7f,0xc6,0x58,0xed,0x20,0x03,0xfa,
0x00,0x00,0x2e,0xc0,0x0a,0xf1,0x00,0x00,0x07,0xf4,0x0e,0xb0,0x00,0x00,0x02,0xf8,0x1f,0x90,0x00,0x00,
0x01,0xfa,0x1f,0x90,0x00,0x00,0x01,0xfa,0x0e,0xb0,0x00,0x00,0x02,0xf8,0x0a,0xe1,0x00,0x00,0x07,0xf4,
0x04,0xfa,0x00,0x00,0x2e,0xc0,0x00,0x7f,0xc6,0x58,0xee,0x20,0x00,0x04,0xbe,0xfd,0x91,0x00,0x00,0x00,
0x1c,0xd7,0x00,0x00,0x00,0x00,0xa7,0x1c,0x40,0x00,0x00,0x00,0x00,0x00,0x00,0x00,0x00,0x04,0xbe,0xfd,
0x81,0x00,0x00,0x7f,0xc6,0x58,0xed,0x20,0x03,0xfa,0x00,0x00,0x2e,0xc0,0x0a,0xf1,0x00,0x00,0x07,0xf4,
0x0e,0xb0,0x00,0x00,0x02,0xf8,0x1f,0x90,0x00,0x00,0x01,0xfa,0x1f,0x90,0x00,0x00,0x01,0xfa,0x0e,0xb0,
0x00,0x00,0x02,0xf8,0x0a,0xe1,0x00,0x00,0x07,0xf4,0x04,0xfa,0x00,0x00,0x2e,0xc0,0x00,0x7f,0xc6,0x58,
0xee,0x20,0x00,0x04,0xbe,0xfd,0x91,0x00,0x00,0x00,0xad,0x75,0xc0,0x00,0x00,0x03,0xc3,0xae,0x50,0x00,
0x00,0x00,0x00,0x00,0x00,0x00,0x00,0x04,0xbe,0xfd,0x81,0x00,0x00,0x7f,0xc6,0x58,0xed,0x20,0x03,0xfa,
0x00,0x00,0x2e,0xc0,0x0a,0xf1,0x00,0x00,0x07,0xf4,0x0e,0xb0,0x00,0x00,0x02,0xf8,0x1f,0x90,0x00,0x00,
0x01,0xfa,0x1f,0x90,0x00,0x00,0x01,0xfa,0x0e,0xb0,0x00,0x00,0x02,0xf8,0x0a,0xe1,0x00,0x00,0x07,0xf4,
0x04,0xfa,0x00,0x00,0x2e,0xc0,0x00,0x7f,0xc6,0x58,0xee,0x20,0x00,0x04,0xbe,0xfd,0x91,0x00,0x00,0x00,
0xf9,0x0e,0x90,0x00,0x00,0x00,0x95,0x08,0x60,0x00,0x00,0x00,0x00,0x00,0x00,0x00,0x00,0x04,0xbe,0xfd,
0x81,0x00,0x00,0x7f,0xc6,0x58,0xed,0x20,0x03,0xfa,0x00,0x00,0x2e,0xc0,0x0a,0xf1,0x00,0x00,0x07,0xf4,
0x0e,0xb0,0x00,0x00,0x02,0xf8,0x1f,0x90,0x00,0x00,0x01,0xfa,0x1f,0x90,0x00,0x00,0x01,0xfa,0x0e,0xb0,
0x00,0x00,0x02,0xf8,0x0a,0xe1,0x00,0x00,0x07,0xf4,0x04,0xfa,0x00,0x00,0x2e,0xc0,0x00,0x7f,0xc6,0x58,
0xee,0x20,0x00,0x04,0xbe,0xfd,0x91,0x00,0x13,0x00,0x00,0x01,0x40,0x8e,0x40,0x00,0x1b,0xe1,0x0a,0xe3,
0x01,0xbe,0x30,0x00,0xae,0x4b,0xe3,0x00,0x00,0x0a,0xfe,0x30,0x00,0x00,0x0b,0xfe,0x30,0x00,0x00,0xbe,
0x3a,0xe3,0x00,0x0b,0xe3,0x00,0xae,0x30,0x8e,0x30,0x00,0x0a,0xe1,0x13,0x00,0x00,0x00,0x30,0x00,0x00,
0x00,0x00,0x00,0x11,0x00,0x04,0xbe,0xfd,0x81,0xa8,0x00,0x7f,0xc6,0x58,0xee,0xc1,0x03,0xfa,0x00,0x00,
0x7f,0xc0,0x0a,0xf1,0x00,0x04,0xd8,0xf4,0x0e,0xb0,0x00,0x2e,0x32,0xf8,0x1f,0x90,0x01,0xd5,0x00,0xfa,
0x1f,0x90,0x1c,0x80,0x01,0xfa,0x0e,0xb0,0xaa,0x00,0x03,0xf8,0x0a,0xf9,0xc1,0x00,0x08,0xf4,0x03,0xff,
0x20,0x00,0x2e,0xc0,0x04,0xef,0xc7,0x58,0xee,0x20,0x1e,0x54,0xbe,0xfd,0x91,0x00,0x01,0x00,0x00,0x00,
0x00,0x00,0x00,0x09,0xc0,0x00,0x00,0x00,0x00,0xa9,0x00,0x00,0x00,0x00,0x00,0x00,0x00,0x9f,0x00,0x00,
0x04,0xf5,0x9f,0x00,0x00,0x04,0xf5,0x9f,0x00,0x00,0x04,0xf5,0x9f,0x00,0x00,0x04,0xf5,0x9f,0x00,0x00,
0x04,0xf5,0x9f,0x00,0x00,0x04,0xf5,0x9f,0x00,0x00,0x04,0xf5,0x9f,0x00,0x00,0x04,0xf5,0x8f,0x20,0x00,
0x06,0xf3,0x4f,0x70,0x00,0x0b,0xe0,0x0b,0xf9,0x56,0xbf,0x60,0x00,0x8d,0xfe,0xc5,0x00,0x00,0x00,0x2e,
0x50,0x00,0x00,0x01,0xc6,0x00,0x00,0x00,0x00,0x00,0x00,0x00,0x9f,0x00,0x00,0x04,0xf5,0x9f,0x00,0x00,
0x04,0xf5,0x9f,0x00,0x00,0x04,0xf5,0x9f,0x00,0x00,0x04,0xf5,0x9f,0x00,0x00,0x04,0xf5,0x9f,0x00,0x00,
0x04,0xf5,0x9f,0x00,0x00,0x04,0xf5,0x9f,0x00,0x00,0x04,0xf5,0x8f,0x20,0x00,0x06,0xf3,0x4f,0x70,0x00,
0x0b,0xe0,0x0b,0xf9,0x56,0xbf,0x60,0x00,0x8d,0xfe,0xc5,0x00,0x00,0x04,0xdd,0x20,0x00,0x00,0x2d,0x25,
0xc1,0x00,0x00,0x00,0x00,0x00,0x00,0x9f,0x00,0x00,0x04,0xf5,0x9f,0x00,0x00,0x04,0xf5,0x9f,0x00,0x00,
0x04,0xf5,0x9f,0x00,0x00,0x04,0xf5,0x9f,0x00,0x00,0x04,0xf5,0x9f,0x00,0x00,0x04,0xf5,0x9f,0x00,0x00,
0x04,0xf5,0x9f,0x00,0x00,0x04,0xf5,0x8f,0x20,0x00,0x06,0xf3,0x4f,0x70,0x00,0x0b,0xe0,0x0b,0xf9,0x56,
0xbf,0x60,0x00,0x8d,0xfe,0xc5,0x00,0x00,0x7f,0x26,0xf3,0x00,0x00,0x49,0x14,0x92,0x00,0x00,0x00,0x00,
0x00,0x00,0x9f,0x00,0x00,0x04,0xf5,0x9f,0x00,0x00,0x04,0xf5,0x9f,0x00,0x00,0x04,0xf5,0x9f,0x00,0x00,
0x04,0xf5,0x9f,0x00,0x00,0x04,0xf5,0x9f,0x00,0x00,0x04,0xf5,0x9f,0x00,0x00,0x04,0xf5,0x9f,0x00,0x00,
0x04,0xf5,0x8f,0x20,0x00,0x06,0xf3,0x4f,0x70,0x00,0x0b,0xe0,0x0b,0xf9,0x56,0xbf,0x60,0x00,0x8d,0xfe,
0xc5,0x00,0x00,0x00,0x02,0xe5,0x00,0x00,0x00,0x00,0xc7,0x00,0x00,0x00,0x00,0x00,0x00,0x00,0x00,0xbe,
0x10,0x00,0x03,0xf7,0x02,0xea,0x00,0x00,0xdc,0x00,0x06,0xf5,0x00,0x8f,0x30,0x00,0x0b,0xe1,0x3f,0x80,
0x00,0x00,0x2e,0x9c,0xc0,0x00,0x00,0x00,0x6f,0xf3,0x00,0x00,0x00,0x00,0xeb,0x00,0x00,0x00,0x00,0x0e,
0xa0,0x00,0x00,0x00,0x00,0xea,0x00,0x00,0x00,0x00,0x0e,0xa0,0x00,0x00,0x00,0x00,0xea,0x00,0x00,0x00,
0x00,0x0e,0xa0,0x00,0x00,0x6f,0x20,0x00,0x00,0x06,0xf3,0x10,0x00,0x00,0x6f,0xff,0xfd,0x70,0x06,0xf6,
0x45,0xaf,0x90,0x6f,0x20,0x00,0xce,0x06,0xf2,0x00,0x09,0xf1,0x6f,0x20,0x00,0xbf,0x06,0xf3,0x12,0x7f,
0xa0,0x6f,0xff,0xff,0xa1,0x06,0xf5,0x43,0x10,0x00,0x6f,0x20,0x00,0x00,0x06,0xf2,0x00,0x00,0x00,0x03,
0xbe,0xeb,0x20,0x02,0xeb,0x44,0xbd,0x00,0x6f,0x10,0x03,0xf3,0x08,0xe0,0x09,0xe9,0x30,0x8e,0x05,0xf2,
0x00,0x08,0xe0,0x7f,0x10,0x00,0x8e,0x02,0xed,0x30,0x08,0xe0,0x02,0xbf,0x70,0x8e,0x00,0x00,0x8f,0x38,
0xe0,0x00,0x03,0xf4,0x8e,0x27,0x44,0xbe,0x18,0xe2,0xce,0xeb,0x40,0x00,0x9d,0x10,0x00,0x00,0x00,0xb9,
0x00,0x00,0x00,0x01,0xd5,0x00,0x00,0x00,0x00,0x00,0x00,0x03,0xad,0xfd,0x91,0x00,0x48,0x54,0x6d,0xc0,
0x00,0x00,0x00,0x3f,0x30,0x07,0xce,0xff,0xf5,0x08,0xe7,0x32,0x4f,0x50,0xe8,0x00,0x03,0xf5,0x0e,0x70,
0x00,0x8f,0x50,0xad,0x21,0x6e,0xf5,0x01,0xae,0xeb,0x3f,0x50,0x00,0x00,0x0a,0xc1,0x00,0x00,0x05,0xd2,
0x00,0x00,0x02,0xe3,0x00,0x00,0x00,0x00,0x00,0x00,0x03,0xad,0xfd,0x91,0x00,0x48,0x54,0x6d,0xc0,0x00,
0x00,0x00,0x3f,0x30,0x07,0xce,0xff,0xf5,0x08,0xe7,0x32,0x4f,0x50,0xe8,0x00,0x03,0xf5,0x0e,0x70,0x00,
0x8f,0x50,0xad,0x21,0x6e,0xf5,0x01,0xae,0xeb,0x3f,0x50,0x00,0x04,0xf8,0x00,0x00,0x00,0xd6,0xe3,0x00,
0x00,0x89,0x05,0xc0,0x00,0x00,0x00,0x00,0x00,0x03,0xad,0xfd,0x91,0x00,0x48,0x54,0x6d,0xc0,0x00,0x00,
0x00,0x3f,0x30,0x07,0xce,0xff,0xf5,0x08,0xe7,0x32,0x4f,0x50,0xe8,0x00,0x03,0xf5,0x0e,0x70,0x00,0x8f,
0x50,0xad,0x21,0x6e,0xf5,0x01,0xae,0xeb,0x3f,0x50,0x00,0x01,0x00,0x10,0x00,0x07,0xeb,0x1d,0x20,0x00,
0xd2,0x7e,0xb0,0x00,0x01,0x00,0x10,0x00,0x03,0xad,0xfd,0x91,0x00,0x48,0x54,0x6d,0xc0,0x00,0x00,0x00,
0x3f,0x30,0x07,0xce,0xff,0xf5,0x08,0xe7,0x32,0x4f,0x50,0xe8,0x00,0x03,0xf5,0x0e,0x70,0x00,0x8f,0x50,
0xad,0x21,0x6e,0xf5,0x01,0xae,0xeb,0x3f,0x50,0x00,0xae,0x09,0xf0,0x00,0x06,0x80,0x69,0x00,0x00,0x00,
0x00,0x00,0x00,0x3a,0xdf,0xd9,0x10,0x04,0x85,0x46,0xdc,0x00,0x00,0x00,0x03,0xf3,0x00,0x7c,0xef,0xff,
0x50,0x8e,0x73,0x24,0xf5,0x0e,0x80,0x00,0x3f,0x50,0xe7,0x00,0x08,0xf5,0x0a,0xd2,0x16,0xef,0x50,0x1a,
0xee,0xb3,0xf5,0x00,0x09,0xec,0x20,0x00,0x06,0xa1,0x6a,0x00,0x00,0x6a,0x06,0xa0,0x00,0x00,0x9e,0xb2,
0x00,0x00,0x00,0x00,0x00,0x00,0x3a,0xdf,0xd9,0x10,0x04,0x85,0x46,0xdc,0x00,0x00,0x00,0x03,0xf3,0x00,
0x7c,0xef,0xff,0x50,0x8e,0x73,0x24,0xf5,0x0e,0x80,0x00,0x3f,0x50,0xe7,0x00,0x08,0xf5,0x0a,0xd2,0x16,
0xef,0x50,0x1a,0xee,0xb3,0xf5,0x03,0xad,0xfe,0x91,0x3b,0xee,0xb3,0x00,0x48,0x54,0x6d,0xdf,0xb5,0x5b,
0xe2,0x00,0x00,0x00,0x3f,0xc0,0x00,0x1e,0x80,0x07,0xce,0xff,0xf6,0x00,0x00,0xac,0x08,0xe6,0x32,0x4f,
0xff,0xff,0xff,0xd0,0xe8,0x00,0x03,0xf7,0x22,0x22,0x22,0x0e,0x80,0x00,0x9f,0xb0,0x00,0x00,0x00,0xae,
0x64,0x9f,0x7f,0xb5,0x45,0x97,0x01,0xae,0xeb,0x30,0x3b,0xef,0xda,0x30,0x00,0x3a,0xef,0xd7,0x03,0xec,
0x64,0x69,0x0b,0xd1,0x00,0x00,0x0f,0x80,0x00,0x00,0x1f,0x70,0x00,0x00,0x0f,0x80,0x00,0x00,0x0b,0xe1,
0x00,0x00,0x03,0xed,0x64,0x69,0x00,0x3a,0xef,0xd7,0x00,0x00,0x0b,0x40,0x00,0x01,0x09,0x90,0x00,0x08,
0xed,0x40,0x00,0x3e,0x50,0x00,0x00,0x00,0x5e,0x20,0x00,0x00,0x00,0x7c,0x00,0x00,0x00,0x00,0x00,0x00,
0x00,0x3a,0xef,0xc4,0x00,0x3e,0xc5,0x4a,0xf3,0x0b,0xd1,0x00,0x0c,0xa0,0xf8,0x00,0x00,0x8e,0x1f,0xff,
0xff,0xff,0xf0,0xf9,0x22,0x22,0x22,0x0b,0xc0,0x00,0x00,0x00,0x3e,0xc6,0x45,0x88,0x00,0x2a,0xef,0xda,
0x40,0x00,0x00,0x03,0xf5,0x00,0x00,0x01,0xd7,0x00,0x00,0x00,0xa9,0x00,0x00,0x00,0x00,0x00,0x00,0x00,
0x3a,0xef,0xc4,0x00,0x3e,0xc5,0x4a,0xf3,0x0b,0xd1,0x00,0x0c,0xa0,0xf8,0x00,0x00,0x8e,0x1f,0xff,0xff,
0xff,0xf0,0xf9,0x22,0x22,0x22,0x0b,0xc0,0x00,0x00,0x00,0x3e,0xc6,0x45,0x88,0x00,0x2a,0xef,0xda,0x40,
0x00,0x00,0xce,0x10,0x00,0x00,0x7b,0x99,0x00,0x00,0x2d,0x20,0xc4,0x00,0x00,0x00,0x00,0x00,0x00,0x3a,
0xef,0xc4,0x00,0x3e,0xc5,0x4a,0xf3,0x0b,0xd1,0x00,0x0c,0xa0,0xf8,0x00,0x00,0x8e,0x1f,0xff,0xff,0xff,
0xf0,0xf9,0x22,0x22,0x22,0x0b,0xc0,0x00,0x00,0x00,0x3e,0xc6,0x45,0x88,0x00,0x2a,0xef,0xda,0x40,0x00,
0x4f,0x53,0xf6,0x00,0x02,0x93,0x29,0x40,0x00,0x00,0x00,0x00,0x00,0x03,0xae,0xfc,0x40,0x03,0xec,0x54,
0xaf,0x30,0xbd,0x10,0x00,0xca,0x0f,0x80,0x00,0x08,0xe1,0xff,0xff,0xff,0xff,0x0f,0x92,0x22,0x22,0x20,
0xbc,0x00,0x00,0x00,0x03,0xec,0x64,0x58,0x80,0x02,0xae,0xfd,0xa4,0x2e,0x70,0x00,0x3e,0x30,0x00,0x5d,
0x10,0x00,0x00,0x00,0x7e,0x00,0x07,0xe0,0x00,0x7e,0x00,0x07,0xe0,0x00,0x7e,0x00,0x07,0xe0,0x00,0x7e,
0x00,0x07,0xe0,0x00,0x7e,0x00,0x02,0xe7,0x0c,0x90,0x8b,0x00,0x00,0x00,0x7e,0x00,0x7e,0x00,0x7e,0x00,
0x7e,0x00,0x7e,0x00,0x7e,0x00,0x7e,0x00,0x7e,0x00,0x7e,0x00,0x00,0xaf,0x20,0x05,0xd7,0xb0,0x1d,0x30,
0xb6,0x00,0x00,0x00,0x00,0x7e,0x00,0x00,0x7e,0x00,0x00,0x7e,0x00,0x00,0x7e,0x00,0x00,0x7e,0x00,0x00,
0x7e,0x00,0x00,0x7e,0x00,0x00,0x7e,0x00,0x00,0x7e,0x00,0x1f,0x80,0xf8,0x19,0x40,0x95,0x00,0x00,0x00,
0x00,0x7e,0x00,0x00,0x7e,0x00,0x00,0x7e,0x00,0x00,0x7e,0x00,0x00,0x7e,0x00,0x00,0x7e,0x00,0x00,0x7e,
0x00,0x00,0x7e,0x00,0x00,0x7e,0x00,0x00,0x2d,0xb2,0x69,0x00,0x14,0xaf,0xe5,0x10,0x02,0x62,0x2d,0xa0,
0x00,0x04,0xcf,0xff,0x70,0x03,0xfb,0x43,0x9f,0x20,0xbd,0x00,0x01,0xe8,0x0f,0x80,0x00,0x0b,0xc1,0xf7,
0x00,0x00,0xad,0x0f,0x80,0x00,0x0b,0xd0,0xbd,0x00,0x02,0xf9,0x03,0xfb,0x55,0xde,0x20,0x03,0xbe,0xea,
0x20,0x00,0x01,0x00,0x10,0x01,0xde,0x64,0xa0,0x05,0xa2,0xce,0x40,0x01,0x10,0x01,0x00,0x8e,0x4c,0xfd,
0x60,0x8f,0xc4,0x17,0xf4,0x8f,0x30,0x00,0xca,0x8e,0x00,0x00,0xab,0x8e,0x00,0x00,0xac,0x8e,0x00,0x00,
0xac,0x8e,0x00,0x00,0xac,0x8e,0x00,0x00,0xac,0x8e,0x00,0x00,0xac,0x00,0x5e,0x30,0x00,0x00,0x00,0x7c,
0x10,0x00,0x00,0x00,0xa9,0x00,0x00,0x00,0x00,0x00,0x00,0x00,0x4c,0xfe,0xb2,0x00,0x4f,0xb5,0x5d,0xe2,
0x0c,0xd0,0x00,0x2f,0x90,0xf8,0x00,0x00,0xbd,0x1f,0x70,0x00,0x0a,0xe0,0xf8,0x00,0x00,0xbc,0x0c,0xd0,
0x00,0x2f,0x90,0x4f,0xb5,0x5d,0xe2,0x00,0x4c,0xfe,0xb2,0x00,0x00,0x00,0x06,0xe3,0x00,0x00,0x02,0xe4,
0x00,0x00,0x00,0xc6,0x00,0x00,0x00,0x00,0x00,0x00,0x00,0x4c,0xfe,0xb2,0x00,0x4f,0xb5,0x5d,0xe2,0x0c,
0xd0,0x00,0x2f,0x90,0xf8,0x00,0x00,0xbd,0x1f,0x70,0x00,0x0a,0xe0,0xf8,0x00,0x00,0xbc,0x0c,0xd0,0x00,
0x2f,0x90,0x4f,0xb5,0x5d,0xe2,0x00,0x4c,0xfe,0xb2,0x00,0x00,0x01,0xec,0x00,0x00,0x00,0xa9,0xb7,0x00,
0x00,0x4c,0x02,0xd2,0x00,0x00,0x00,0x00,0x00,0x00,0x4c,0xfe,0xb2,0x00,0x4f,0xb5,0x5d,0xe2,0x0c,0xd0,
0x00,0x2f,0x90,0xf8,0x00,0x00,0xbd,0x1f,0x70,0x00,0x0a,0xe0,0xf8,0x00,0x00,0xbc,0x0c,0xd0,0x00,0x2f,
0x90,0x4f,0xb5,0x5d,0xe2,0x00,0x4c,0xfe,0xb2,0x00,0x00,0x01,0x00,0x11,0x00,0x03,0xed,0x39,0x60,0x00,
0x96,0x4e,0xd1,0x00,0x01,0x00,0x00,0x00,0x00,0x4c,0xfe,0xb2,0x00,0x4f,0xb5,0x5d,0xe2,0x0c,0xd0,0x00,
0x2f,0x90,0xf8,0x00,0x00,0xbd,0x1f,0x70,0x00,0x0a,0xe0,0xf8,0x00,0x00,0xbc,0x0c,0xd0,0x00,0x2f,0x90,
0x4f,0xb5,0x5d,0xe2,0x00,0x4c,0xfe,0xb2,0x00,0x00,0x6f,0x35,0xf3,0x00,0x04,0x92,0x39,0x20,0x00,0x00,
0x00,0x00,0x00,0x04,0xcf,0xeb,0x20,0x04,0xfb,0x55,0xde,0x20,0xcd,0x00,0x02,0xf9,0x0f,0x80,0x00,0x0b,
0xd1,0xf7,0x00,0x00,0xae,0x0f,0x80,0x00,0x0b,0xc0,0xcd,0x00,0x02,0xf9,0x04,0xfb,0x55,0xde,0x20,0x04,
0xcf,0xeb,0x20,0x00,0x00,0x4f,0xa0,0x00,0x00,0x00,0x03,0xe9,0x00,0x00,0x01,0x11,0x11,0x11,0x11,0x14,
0xff,0xff,0xff,0xff,0xfb,0x14,0x44,0x44,0x44,0x44,0x30,0x00,0x00,0x00,0x00,0x00,0x00,0x00,0x4f,0xa0,
0x00,0x00,0x00,0x03,0xe9,0x00,0x00,0x00,0x00,0x00,0x00,0x40,0x00,0x4c,0xfe,0xa7,0xd1,0x04,0xfb,0x55,
0xdf,0x40,0x0c,0xd0,0x02,0xde,0x80,0x0f,0x80,0x1c,0x4a,0xc0,0x1f,0x60,0xb7,0x0a,0xd0,0x0f,0x79,0x90,
0x0b,0xd0,0x0b,0xec,0x00,0x2f,0x90,0x06,0xfb,0x55,0xde,0x20,0x2d,0x6b,0xee,0xb2,0x00,0x13,0x00,0x00,
0x00,0x00,0x04,0xf3,0x00,0x00,0x00,0x6d,0x10,0x00,0x00,0x09,0xa0,0x00,0x00,0x00,0x00,0x00,0xac,0x00,
0x00,0xba,0xac,0x00,0x00,0xba,0xac,0x00,0x00,0xba,0xac,0x00,0x00,0xba,0xac,0x00,0x00,0xba,0x9c,0x00,
0x00,0xca,0x7e,0x00,0x01,0xea,0x2f,0x81,0x3b,0xea,0x05,0xdf,0xd5,0xba,0x00,0x00,0x5e,0x30,0x00,0x02,
0xe5,0x00,0x00,0x0b,0x70,0x00,0x00,0x00,0x00,0x00,0xac,0x00,0x00,0xba,0xac,0x00,0x00,0xba,0xac,0x00,
0x00,0xba,0xac,0x00,0x00,0xba,0xac,0x00,0x00,0xba,0x9c,0x00,0x00,0xca,0x7e,0x00,0x01,0xea,0x2f,0x81,
0x3b,0xea,0x05,0xdf,0xd5,0xba,0x00,0x1d,0xd0,0x00,0x00,0x9a,0xb7,0x00,0x03,0xd1,0x1d,0x20,0x00,0x00,
0x00,0x00,0xac,0x00,0x00,0xba,0xac,0x00,0x00,0xba,0xac,0x00,0x00,0xba,0xac,0x00,0x00,0xba,0xac,0x00,
0x00,0xba,0x9c,0x00,0x00,0xca,0x7e,0x00,0x01,0xea,0x2f,0x81,0x3b,0xea,0x05,0xdf,0xd5,0xba,0x05,0xf4,
0x4f,0x40,0x03,0x92,0x39,0x20,0x00,0x00,0x00,0x00,0xac,0x00,0x00,0xba,0xac,0x00,0x00,0xba,0xac,0x00,
0x00,0xba,0xac,0x00,0x00,0xba,0xac,0x00,0x00,0xba,0x9c,0x00,0x00,0xca,0x7e,0x00,0x01,0xea,0x2f,0x81,
0x3b,0xea,0x05,0xdf,0xd5,0xba,0x00,0x00,0x08,0xd1,0x00,0x00,0x04,0xe2,0x00,0x00,0x01,0xd4,0x00,0x00,
0x00,0x00,0x00,0x00,0x5f,0x30,0x00,0x0b,0xc0,0xd9,0x00,0x02,0xf6,0x07,0xe1,0x00,0x8e,0x10,0x1f,0x60,
0x0e,0x90,0x00,0xac,0x05,0xf3,0x00,0x04,0xf3,0xbc,0x00,0x00,0x0c,0xbf,0x60,0x00,0x00,0x6f,0xe0,0x00,
0x00,0x01,0xf8,0x00,0x00,0x00,0x6f,0x20,0x00,0x02,0x4d,0xa0,0x00,0x00,0xbf,0xb2,0x00,0x00,0x8e,0x00,
0x00,0x00,0x08,0xe0,0x00,0x00,0x00,0x8e,0x00,0x00,0x00,0x08,0xe3,0xcf,0xd7,0x00,0x8e,0xd6,0x49,0xf6,
0x08,0xf5,0x00,0x0a,0xe0,0x8f,0x00,0x00,0x5f,0x28,0xe0,0x00,0x04,0xf4,0x8f,0x00,0x00,0x5f,0x28,0xf5,
0x00,0x0a,0xe0,0x8e,0xd6,0x49,0xf6,0x08,0xe3,0xcf,0xd7,0x00,0x8e,0x00,0x00,0x00,0x08,0xe0,0x00,0x00,
0x00,0x8e,0x00,0x00,0x00,0x00,0x00,0x9f,0x08,0xf1,0x00,0x05,0x90,0x59,0x10,0x00,0x00,0x00,0x00,0x05,
0xf3,0x00,0x00,0xbc,0x0d,0x90,0x00,0x2f,0x60,0x7e,0x10,0x08,0xe1,0x01,0xf6,0x00,0xe9,0x00,0x0a,0xc0,
0x5f,0x30,0x00,0x4f,0x3b,0xc0,0x00,0x00,0xcb,0xf6,0x00,0x00,0x06,0xfe,0x00,0x00,0x00,0x1f,0x80,0x00,
0x00,0x06,0xf2,0x00,0x00,0x24,0xda,0x00,0x00,0x0b,0xfb,0x20,0x00,0x00,0x00,0x02,0x22,0x22,0x00,0x00,
0x00,0xdf,0xff,0xc0,0x00,0x00,0x00,0x00,0x00,0x00,0x00,0x00,0x09,0xf8,0x00,0x00,0x00,0x01,0xef,0xe0,
0x00,0x00,0x00,0x5f,0xbf,0x40,0x00,0x00,0x0b,0xe1,0xea,0x00,0x00,0x02,0xf9,0x0a,0xf1,0x00,0x00,0x7f,
0x30,0x4f,0x60,0x00,0x0d,0xd0,0x00,0xdc,0x00,0x03,0xf8,0x11,0x19,0xf2,0x00,0x9f,0xff,0xff,0xff,0x80,
0x0e,0xc4,0x44,0x44,0xcd,0x05,0xf6,0x00,0x00,0x06,0xf4,0xae,0x10,0x00,0x00,0x1e,0x90,0x00,0xbf,0xff,
0xe0,0x00,0x02,0x33,0x32,0x00,0x00,0x00,0x00,0x00,0x00,0x3a,0xdf,0xd9,0x10,0x04,0x85,0x46,0xdc,0x00,
0x00,0x00,0x03,0xf3,0x00,0x7c,0xef,0xff,0x50,0x8e,0x73,0x24,0xf5,0x0e,0x80,0x00,0x3f,0x50,0xe7,0x00,
0x08,0xf5,0x0a,0xd2,0x16,0xef,0x50,0x1a,0xee,0xb3,0xf5,0x00,0x02,0x00,0x02,0x00,0x00,0x00,0xa7,0x15,
0xd0,0x00,0x00,0x02,0xcf,0xd4,0x00,0x00,0x00,0x00,0x00,0x00,0x00,0x00,0x00,0x9f,0x80,0x00,0x00,0x00,
0x1e,0xfe,0x00,0x00,0x00,0x05,0xfb,0xf4,0x00,0x00,0x00,0xbe,0x1e,0xa0,0x00,0x00,0x2f,0x90,0xaf,0x10,
0x00,0x07,0xf3,0x04,0xf6,0x00,0x00,0xdd,0x00,0x0d,0xc0,0x00,0x3f,0x81,0x11,0x9f,0x20,0x09,0xff,0xff,
0xff,0xf8,0x00,0xec,0x44,0x44,0x4c,0xd0,0x5f,0x60,0x00,0x00,0x6f,0x4a,0xe1,0x00,0x00,0x01,0xe9,0x00,
0x20,0x00,0x20,0x00,0x0a,0x71,0x4d,0x00,0x00,0x2c,0xfd,0x40,0x00,0x00,0x00,0x00,0x00,0x03,0xad,0xfd,
0x91,0x00,0x48,0x54,0x6d,0xc0,0x00,0x00,0x00,0x3f,0x30,0x07,0xce,0xff,0xf5,0x08,0xe7,0x32,0x4f,0x50,
0xe8,0x00,0x03,0xf5,0x0e,0x70,0x00,0x8f,0x50,0xad,0x21,0x6e,0xf5,0x01,0xae,0xeb,0x3f,0x50,0x00,0x00,
0x9f,0x80,0x00,0x00,0x00,0x01,0xef,0xe0,0x00,0x00,0x00,0x05,0xfb,0xf4,0x00,0x00,0x00,0x0b,0xe1,0xea,
0x00,0x00,0x00,0x2f,0x90,0xaf,0x10,0x00,0x00,0x7f,0x30,0x4f,0x60,0x00,0x00,0xdd,0x00,0x0d,0xc0,0x00,
0x03,0xf8,0x11,0x19,0xf2,0x00,0x09,0xff,0xff,0xff,0xf8,0x00,0x0e,0xc4,0x44,0x44,0xcd,0x00,0x5f,0x60,
0x00,0x00,0x6f,0x40,0xae,0x10,0x00,0x00,0x1e,0x90,0x00,0x00,0x00,0x00,0x3c,0x00,0x00,0x00,0x00,0x00,
0x89,0x01,0x00,0x00,0x00,0x00,0x4d,0xe4,0x03,0xad,0xfd,0x91,0x00,0x48,0x54,0x6d,0xc0,0x00,0x00,0x00,
0x3f,0x30,0x07,0xce,0xff,0xf5,0x08,0xe7,0x32,0x4f,0x50,0xe8,0x00,0x03,0xf5,0x0e,0x70,0x00,0x8f,0x50,
0xad,0x21,0x6e,0xf5,0x01,0xae,0xeb,0x3f,0x50,0x00,0x00,0x06,0x80,0x00,0x00,0x00,0xd5,0x10,0x00,0x00,
0x08,0xee,0x00,0x00,0x00,0x9b,0x00,0x00,0x00,0x00,0x5d,0x10,0x00,0x00,0x00,0x00,0x00,0x00,0x00,0x00,
0x3a,0xef,0xeb,0x50,0x00,0x6f,0xc7,0x56,0xaf,0x40,0x3f,0xa0,0x00,0x00,0x33,0x0a,0xe1,0x00,0x00,0x00,
0x00,0xeb,0x00,0x00,0x00,0x00,0x1f,0x90,0x00,0x00,0x00,0x01,0xf9,0x00,0x00,0x00,0x00,0x0e,0xb0,0x00,
0x00,0x00,0x00,0xae,0x10,0x00,0x00,0x00,0x03,0xfa,0x00,0x00,0x03,0x30,0x06,0xfc,0x75,0x6a,0xf4,0x00,
0x03,0xae,0xfe,0xb5,0x00,0x00,0x00,0x03,0xf5,0x00,0x00,0x1d,0x70,0x00,0x00,0xa9,0x00,0x00,0x00,0x00,
0x00,0x00,0x3a,0xef,0xd7,0x03,0xec,0x64,0x69,0x0b,0xd1,0x00,0x00,0x0f,0x80,0x00,0x00,0x1f,0x70,0x00,
0x00,0x0f,0x80,0x00,0x00,0x0b,0xe1,0x00,0x00,0x03,0xed,0x64,0x69,0x00,0x3a,0xef,0xd7,0x00,0x00,0x08,
0xdb,0x00,0x00,0x00,0x06,0xb1,0x99,0x00,0x00,0x00,0x00,0x00,0x00,0x00,0x00,0x3a,0xef,0xeb,0x50,0x00,
0x6f,0xc7,0x56,0xaf,0x40,0x3f,0xa0,0x00,0x00,0x33,0x0a,0xe1,0x00,0x00,0x00,0x00,0xeb,0x00,0x00,0x00,
0x00,0x1f,0x90,0x00,0x00,0x00,0x01,0xf9,0x00,0x00,0x00,0x00,0x0e,0xb0,0x00,0x00,0x00,0x00,0xae,0x10,
0x00,0x00,0x00,0x03,0xfa,0x00,0x00,0x03,0x30,0x06,0xfc,0x75,0x6a,0xf4,0x00,0x03,0xae,0xfe,0xb5,0x00,
0x00,0x00,0x9f,0x30,0x00,0x04,0xd7,0xc0,0x00,0x0d,0x40,0xa7,0x00,0x00,0x00,0x00,0x00,0x3a,0xef,0xd7,
0x03,0xec,0x64,0x69,0x0b,0xd1,0x00,0x00,0x0f,0x80,0x00,0x00,0x1f,0x70,0x00,0x00,0x0f,0x80,0x00,0x00,
0x0b,0xe1,0x00,0x00,0x03,0xed,0x64,0x69,0x00,0x3a,0xef,0xd7,0x00,0x00,0x03,0xf6,0x00,0x00,0x00,0x00,
0x29,0x40,0x00,0x00,0x00,0x00,0x00,0x00,0x00,0x00,0x3a,0xef,0xeb,0x50,0x00,0x6f,0xc7,0x56,0xaf,0x40,
0x3f,0xa0,0x00,0x00,0x33,0x0a,0xe1,0x00,0x00,0x00,0x00,0xeb,0x00,0x00,0x00,0x00,0x1f,0x90,0x00,0x00,
0x00,0x01,0xf9,0x00,0x00,0x00,0x00,0x0e,0xb0,0x00,0x00,0x00,0x00,0xae,0x10,0x00,0x00,0x00,0x03,0xfa,
0x00,0x00,0x03,0x30,0x06,0xfc,0x75,0x6a,0xf4,0x00,0x03,0xae,0xfe,0xb5,0x00,0x00,0x00,0x7f,0x00,0x00,
0x00,0x6c,0x00,0x00,0x00,0x00,0x00,0x00,0x3a,0xef,0xd7,0x03,0xec,0x64,0x69,0x0b,0xd1,0x00,0x00,0x0f,
0x80,0x00,0x00,0x1f,0x70,0x00,0x00,0x0f,0x80,0x00,0x00,0x0b,0xe1,0x00,0x00,0x03,0xed,0x64,0x69,0x00,
0x3a,0xef,0xd7,0x00,0x00,0x98,0x1c,0x50,0x00,0x00,0x00,0xbd,0x80,0x00,0x00,0x00,0x00,0x00,0x00,0x00,
0x00,0x3a,0xef,0xeb,0x50,0x00,0x6f,0xc7,0x56,0xaf,0x40,0x3f,0xa0,0x00,0x00,0x33,0x0a,0xe1,0x00,0x00,
0x00,0x00,0xeb,0x00,0x00,0x00,0x00,0x1f,0x90,0x00,0x00,0x00,0x01,0xf9,0x00,0x00,0x00,0x00,0x0e,0xb0,
0x00,0x00,0x00,0x00,0xae,0x10,0x00,0x00,0x00,0x03,0xfa,0x00,0x00,0x03,0x30,0x06,0xfc,0x75,0x6a,0xf4,
0x00,0x03,0xae,0xfe,0xb5,0x00,0x00,0x2d,0x21,0xd4,0x00,0x07,0xb9,0x90,0x00,0x00,0xce,0x10,0x00,0x00,
0x00,0x00,0x00,0x3a,0xef,0xd7,0x03,0xec,0x64,0x69,0x0b,0xd1,0x00,0x00,0x0f,0x80,0x00,0x00,0x1f,0x70,
0x00,0x00,0x0f,0x80,0x00,0x00,0x0b,0xe1,0x00,0x00,0x03,0xed,0x64,0x69,0x00,0x3a,0xef,0xd7,0x00,0x3d,
0x25,0xc0,0x00,0x00,0x00,0x5d,0xd1,0x00,0x00,0x00,0x00,0x00,0x00,0x00,0x06,0xff,0xfe,0xda,0x50,0x00,
0x6f,0x64,0x57,0xbf,0xb0,0x06,0xf2,0x00,0x00,0x6f,0x90,0x6f,0x20,0x00,0x00,0xbf,0x16,0xf2,0x00,0x00,
0x06,0xf4,0x6f,0x20,0x00,0x00,0x5f,0x56,0xf2,0x00,0x00,0x05,0xf5,0x6f,0x20,0x00,0x00,0x7f,0x46,0xf2,
0x00,0x00,0x0b,0xf1,0x6f,0x20,0x00,0x06,0xf8,0x06,0xf6,0x45,0x7b,0xfb,0x00,0x6f,0xff,0xed,0xa5,0x00,
0x00,0x00,0x00,0x00,0x0b,0xb0,0xe8,0x00,0x00,0x00,0x0b,0xb2,0xf4,0x00,0x00,0x00,0x0b,0xb4,0xe0,0x00,
0x5d,0xfd,0x5b,0xb0,0x00,0x04,0xfa,0x45,0xde,0xb0,0x00,0x0b,0xd0,0x00,0x3f,0xb0,0x00,0x0f,0x80,0x00,
0x0d,0xb0,0x00,0x1f,0x60,0x00,0x0c,0xb0,0x00,0x0f,0x70,0x00,0x0d,0xb0,0x00,0x0b,0xb0,0x00,0x2f,0xb0,
0x00,0x04,0xf7,0x12,0xce,0xb0,0x00,0x00,0x5d,0xfd,0x6b,0xb0,0x00,0x05,0xff,0xfe,0xda,0x50,0x00,0x05,
0xf7,0x45,0x6b,0xfc,0x10,0x05,0xf4,0x00,0x00,0x5f,0xa0,0x05,0xf4,0x00,0x00,0x0a,0xf1,0x05,0xf4,0x00,
0x00,0x05,0xf5,0xdf,0xff,0xfd,0x00,0x03,0xf6,0x27,0xf5,0x22,0x00,0x04,0xf6,0x05,0xf4,0x00,0x00,0x05,
0xf5,0x05,0xf4,0x00,0x00,0x0a,0xf1,0x05,0xf4,0x00,0x00,0x5f,0xa0,0x05,0xf7,0x45,0x6b,0xfc,0x10,0x05,
0xff,0xff,0xdb,0x60,0x00,0x00,0x00,0x00,0x0b,0xb0,0x00,0x00,0x4f,0xff,0xfd,0x00,0x00,0x00,0x0b,0xb0,
0x00,0x5d,0xfd,0x5b,0xb0,0x04,0xfa,0x45,0xde,0xb0,0x0b,0xd0,0x00,0x3f,0xb0,0x0f,0x80,0x00,0x0d,0xb0,
0x1f,0x60,0x00,0x0c,0xb0,0x0f,0x70,0x00,0x0d,0xb0,0x0b,0xb0,0x00,0x2f,0xb0,0x04,0xf7,0x12,0xce,0xb0,
0x00,0x5d,0xfd,0x6b,0xb0,0x00,0x22,0x22,0x10,0x00,0x1f,0xff,0xf9,0x00,0x00,0x00,0x00,0x00,0x06,0xff,
0xff,0xff,0xe0,0x6f,0x65,0x55,0x55,0x06,0xf2,0x00,0x00,0x00,0x6f,0x20,0x00,0x00,0x06,0xf3,0x11,0x11,
0x10,0x6f,0xff,0xff,0xfb,0x06,0xf6,0x44,0x44,0x30,0x6f,0x20,0x00,0x00,0x06,0xf2,0x00,0x00,0x00,0x6f,
0x20,0x00,0x00,0x06,0xf6,0x55,0x55,0x50,0x6f,0xff,0xff,0xff,0x10,0x00,0x2f,0xff,0xf8,0x00,0x00,0x33,
0x33,0x10,0x00,0x00,0x00,0x00,0x00,0x03,0xae,0xfc,0x40,0x03,0xec,0x54,0xaf,0x30,0xbd,0x10,0x00,0xca,
0x0f,0x80,0x00,0x08,0xe1,0xff,0xff,0xff,0xff,0x0f,0x92,0x22,0x22,0x20,0xbc,0x00,0x00,0x00,0x03,0xec,
0x64,0x58,0x80,0x02,0xae,0xfd,0xa4,0x00,0x10,0x00,0x10,0x00,0x1e,0x31,0xa8,0x00,0x00,0x6d,0xeb,0x10,
0x00,0x00,0x00,0x00,0x00,0x6f,0xff,0xff,0xfe,0x06,0xf6,0x55,0x55,0x50,0x6f,0x20,0x00,0x00,0x06,0xf2,
0x00,0x00,0x00,0x6f,0x31,0x11,0x11,0x06,0xff,0xff,0xff,0xb0,0x6f,0x64,0x44,0x43,0x06,0xf2,0x00,0x00,
0x00,0x6f,0x20,0x00,0x00,0x06,0xf2,0x00,0x00,0x00,0x6f,0x65,0x55,0x55,0x06,0xff,0xff,0xff,0xf1,0x00,
0x2d,0x21,0x98,0x00,0x00,0x8f,0xfc,0x10,0x00,0x00,0x01,0x00,0x00,0x00,0x00,0x00,0x00,0x00,0x3a,0xef,
0xc4,0x00,0x3e,0xc5,0x4a,0xf3,0x0b,0xd1,0x00,0x0c,0xa0,0xf8,0x00,0x00,0x8e,0x1f,0xff,0xff,0xff,0xf0,
0xf9,0x22,0x22,0x22,0x0b,0xc0,0x00,0x00,0x00,0x3e,0xc6,0x45,0x88,0x00,0x2a,0xef,0xda,0x40,0x00,0x05,
0x90,0x00,0x00,0x00,0x8f,0x00,0x00,0x00,0x00,0x00,0x00,0x06,0xff,0xff,0xff,0xe0,0x6f,0x65,0x55,0x55,
0x06,0xf2,0x00,0x00,0x00,0x6f,0x20,0x00,0x00,0x06,0xf3,0x11,0x11,0x10,0x6f,0xff,0xff,0xfb,0x06,0xf6,
0x44,0x44,0x30,0x6f,0x20,0x00,0x00,0x06,0xf2,0x00,0x00,0x00,0x6f,0x20,0x00,0x00,0x06,0xf6,0x55,0x55,
0x50,0x6f,0xff,0xff,0xff,0x10,0x00,0x00,0x8d,0x00,0x00,0x00,0x07,0xb0,0x00,0x00,0x00,0x00,0x00,0x00,
0x03,0xae,0xfc,0x40,0x03,0xec,0x54,0xaf,0x30,0xbd,0x10,0x00,0xca,0x0f,0x80,0x00,0x08,0xe1,0xff,0xff,
0xff,0xff,0x0f,0x92,0x22,0x22,0x20,0xbc,0x00,0x00,0x00,0x03,0xec,0x64,0x58,0x80,0x02,0xae,0xfd,0xa4,
0x6f,0xff,0xff,0xfe,0x06,0xf6,0x55,0x55,0x50,0x6f,0x20,0x00,0x00,0x06,0xf2,0x00,0x00,0x00,0x6f,0x31,
0x11,0x11,0x06,0xff,0xff,0xff,0xb0,0x6f,0x64,0x44,0x43,0x06,0xf2,0x00,0x00,0x00,0x6f,0x20,0x00,0x00,
0x06,0xf2,0x00,0x00,0x00,0x6f,0x65,0x55,0x55,0x06,0xff,0xff,0xff,0xf1,0x00,0x00,0x05,0xa0,0x00,0x00,
0x00,0xb6,0x10,0x00,0x00,0x06,0xee,0x10,0x00,0x3a,0xef,0xc4,0x00,0x3e,0xc5,0x4a,0xf3,0x0b,0xd1,0x00,
0x0c,0xa0,0xf8,0x00,0x00,0x8e,0x1f,0xff,0xff,0xff,0xf0,0xf9,0x22,0x22,0x22,0x0b,0xc0,0x00,0x00,0x00,
0x3e,0xc6,0x45,0x88,0x00,0x2a,0xef,0xfb,0x40,0x00,0x00,0x2c,0x00,0x00,0x00,0x06,0xb0,0x10,0x00,0x00,
0x2d,0xe6,0x00,0xa7,0x1c,0x40,0x00,0x01,0xcd,0x70,0x00,0x00,0x00,0x00,0x00,0x06,0xff,0xff,0xff,0xe0,
0x6f,0x65,0x55,0x55,0x06,0xf2,0x00,0x00,0x00,0x6f,0x20,0x00,0x00,0x06,0xf3,0x11,0x11,0x10,0x6f,0xff,
0xff,0xfb,0x06,0xf6,0x44,0x44,0x30,0x6f,0x20,0x00,0x00,0x06,0xf2,0x00,0x00,0x00,0x6f,0x20,0x00,0x00,
0x06,0xf6,0x55,0x55,0x50,0x6f,0xff,0xff,0xff,0x10,0x00,0x1d,0x20,0xc5,0x00,0x00,0x6c,0x8a,0x00,0x00,
0x00,0xbe,0x20,0x00,0x00,0x00,0x00,0x00,0x00,0x3a,0xef,0xc4,0x00,0x3e,0xc5,0x4a,0xf3,0x0b,0xd1,0x00,
0x0c,0xa0,0xf8,0x00,0x00,0x8e,0x1f,0xff,0xff,0xff,0xf0,0xf9,0x22,0x22,0x22,0x0b,0xc0,0x00,0x00,0x00,
0x3e,0xc6,0x45,0x88,0x00,0x2a,0xef,0xda,0x40,0x00,0x00,0x06,0xdc,0x10,0x00,0x00,0x00,0x4c,0x17,0xa0,
0x00,0x00,0x00,0x00,0x00,0x00,0x00,0x00,0x03,0xad,0xfe,0xc8,0x10,0x00,0x6f,0xd7,0x56,0x9e,0xc0,0x03,
0xfa,0x00,0x00,0x01,0x70,0x0a,0xe1,0x00,0x00,0x00,0x00,0x0e,0xb0,0x00,0x00,0x00,0x00,0x1f,0x90,0x00,
0x01,0x11,0x10,0x1f,0x90,0x00,0x1f,0xff,0xf1,0x0e,0xb0,0x00,0x04,0x49,0xf1,0x0a,0xe1,0x00,0x00,0x07,
0xf1,0x04,0xfa,0x00,0x00,0x07,0xf1,0x00,0x7f,0xd7,0x55,0x8d,0xe1,0x00,0x03,0xad,0xfe,0xc7,0x10,0x00,
0x02,0xeb,0x00,0x00,0x00,0xb8,0xc5,0x00,0x00,0x5b,0x03,0xd1,0x00,0x00,0x00,0x00,0x00,0x00,0x5d,0xfc,
0x5b,0xb0,0x4f,0xa4,0x5d,0xeb,0x0b,0xc0,0x00,0x3f,0xb0,0xf7,0x00,0x00,0xdb,0x1f,0x60,0x00,0x0b,0xb0,
0xf7,0x00,0x00,0xdb,0x0b,0xc0,0x00,0x3f,0xb0,0x4f,0xa4,0x5d,0xea,0x00,0x5d,0xfd,0x5c,0xa0,0x00,0x00,
0x01,0xe7,0x01,0x95,0x35,0xce,0x10,0x0a,0xef,0xea,0x20,0x00,0x00,0x10,0x00,0x10,0x00,0x00,0x01,0xe3,
0x1a,0x80,0x00,0x00,0x00,0x6d,0xeb,0x10,0x00,0x00,0x00,0x00,0x00,0x00,0x00,0x00,0x03,0xad,0xfe,0xc8,
0x10,0x00,0x6f,0xd7,0x56,0x9e,0xc0,0x03,0xfa,0x00,0x00,0x01,0x70,0x0a,0xe1,0x00,0x00,0x00,0x00,0x0e,
0xb0,0x00,0x00,0x00,0x00,0x1f,0x90,0x00,0x01,0x11,0x10,0x1f,0x90,0x00,0x1f,0xff,0xf1,0x0e,0xb0,0x00,
0x04,0x49,0xf1,0x0a,0xe1,0x00,0x00,0x07,0xf1,0x04,0xfa,0x00,0x00,0x07,0xf1,0x00,0x7f,0xd7,0x55,0x8d,
0xe1,0x00,0x03,0xad,0xfe,0xc7,0x10,0x00,0x4c,0x11,0xa6,0x00,0x00,0x9f,0xfb,0x10,0x00,0x00,0x00,0x00,
0x00,0x00,0x00,0x00,0x00,0x00,0x5d,0xfc,0x5b,0xb0,0x4f,0xa4,0x5d,0xeb,0x0b,0xc0,0x00,0x3f,0xb0,0xf7,
0x00,0x00,0xdb,0x1f,0x60,0x00,0x0b,0xb0,0xf7,0x00,0x00,0xdb,0x0b,0xc0,0x00,0x3f,0xb0,0x4f,0xa4,0x5d,
0xea,0x00,0x5d,0xfd,0x5c,0xa0,0x00,0x00,0x01,0xe7,0x01,0x95,0x35,0xce,0x10,0x0a,0xef,0xea,0x20,0x00,
0x00,0x01,0xf8,0x00,0x00,0x00,0x00,0x01,0x95,0x00,0x00,0x00,0x00,0x00,0x00,0x00,0x00,0x00,0x03,0xad,
0xfe,0xc8,0x10,0x00,0x6f,0xd7,0x56,0x9e,0xc0,0x03,0xfa,0x00,0x00,0x01,0x70,0x0a,0xe1,0x00,0x00,0x00,
0x00,0x0e,0xb0,0x00,0x00,0x00,0x00,0x1f,0x90,0x00,0x01,0x11,0x10,0x1f,0x90,0x00,0x1f,0xff,0xf1,0x0e,
0xb0,0x00,0x04,0x49,0xf1,0x0a,0xe1,0x00,0x00,0x07,0xf1,0x04,0xfa,0x00,0x00,0x07,0xf1,0x00,0x7f,0xd7,
0x55,0x8d,0xe1,0x00,0x03,0xad,0xfe,0xc7,0x10,0x00,0x00,0xe8,0x00,0x00,0x00,0x0b,0x70,0x00,0x00,0x00,
0x00,0x00,0x00,0x05,0xdf,0xc5,0xbb,0x04,0xfa,0x45,0xde,0xb0,0xbc,0x00,0x03,0xfb,0x0f,0x70,0x00,0x0d,
0xb1,0xf6,0x00,0x00,0xbb,0x0f,0x70,0x00,0x0d,0xb0,0xbc,0x00,0x03,0xfb,0x04,0xfa,0x45,0xde,0xa0,0x05,
0xdf,0xd5,0xca,0x00,0x00,0x00,0x1e,0x70,0x19,0x53,0x5c,0xe1,0x00,0xae,0xfe,0xa2,0x00,0x00,0x03,0xad,
0xfe,0xc8,0x10,0x00,0x6f,0xd7,0x56,0x9e,0xc0,0x03,0xfa,0x00,0x00,0x01,0x70,0x0a,0xe1,0x00,0x00,0x00,
0x00,0x0e,0xb0,0x00,0x00,0x00,0x00,0x1f,0x90,0x00,0x01,0x11,0x10,0x1f,0x90,0x00,0x1f,0xff,0xf1,0x0e,
0xb0,0x00,0x04,0x49,0xf1,0x0a,0xe1,0x00,0x00,0x07,0xf1,0x04,0xfa,0x00,0x00,0x07,0xf1,0x00,0x7f,0xd7,
0x55,0x8d,0xe1,0x00,0x03,0xad,0xfe,0xc7,0x10,0x00,0x00,0x00,0x00,0x00,0x00,0x00,0x00,0x00,0x65,0x00,
0x00,0x00,0x00,0x01,0xf5,0x00,0x00,0x00,0x00,0x05,0xc0,0x00,0x00,0x00,0x00,0x06,0x20,0x00,0x00,0x03,
0xf1,0x00,0x00,0x00,0xbc,0x00,0x00,0x00,0x00,0x00,0x00,0x00,0x5d,0xfc,0x5b,0xb0,0x4f,0xa4,0x5d,0xeb,
0x0b,0xc0,0x00,0x3f,0xb0,0xf7,0x00,0x00,0xdb,0x1f,0x60,0x00,0x0b,0xb0,0xf7,0x00,0x00,0xdb,0x0b,0xc0,
0x00,0x3f,0xb0,0x4f,0xa4,0x5d,0xea,0x00,0x5d,0xfd,0x5c,0xa0,0x00,0x00,0x01,0xe7,0x01,0x95,0x35,0xce,
0x10,0x0a,0xef,0xea,0x20,0x00,0x03,0xee,0x30,0x00,0x00,0x1c,0x43,0xd1,0x00,0x00,0x00,0x00,0x00,0x00,
0x6f,0x20,0x00,0x02,0xf7,0x6f,0x20,0x00,0x02,0xf7,0x6f,0x20,0x00,0x02,0xf7,0x6f,0x20,0x00,0x02,0xf7,
0x6f,0x31,0x11,0x12,0xf7,0x6f,0xff,0xff,0xff,0xf7,0x6f,0x64,0x44,0x45,0xf7,0x6f,0x20,0x00,0x02,0xf7,
0x6f,0x20,0x00,0x02,0xf7,0x6f,0x20,0x00,0x02,0xf7,0x6f,0x20,0x00,0x02,0xf7,0x6f,0x20,0x00,0x02,0xf7,
0x01,0xdd,0x50,0x00,0x00,0x0c,0x52,0xd3,0x00,0x00,0x00,0x00,0x00,0x00,0x00,0x00,0x8e,0x00,0x00,0x00,
0x00,0x8e,0x00,0x00,0x00,0x00,0x8e,0x00,0x00,0x00,0x00,0x8e,0x3b,0xed,0x60,0x00,0x8e,0xd7,0x49,0xf4,
0x00,0x8f,0x40,0x00,0xda,0x00,0x8f,0x00,0x00,0xab,0x00,0x8e,0x00,0x00,0xac,0x00,0x8e,0x00,0x00,0xac,
0x00,0x8e,0x00,0x00,0xac,0x00,0x8e,0x00,0x00,0xac,0x00,0x8e,0x00,0x00,0xac,0x02,0xf7,0x00,0x00,0x0c,
0xc0,0x00,0x2f,0x71,0x11,0x11,0xcc,0x10,0x6f,0xff,0xff,0xff,0xff,0xff,0x11,0x5f,0x94,0x44,0x44,0xdd,
0x40,0x02,0xf8,0x11,0x11,0x1c,0xc0,0x00,0x2f,0xff,0xff,0xff,0xfc,0x00,0x02,0xf9,0x44,0x44,0x4d,0xc0,
0x00,0x2f,0x70,0x00,0x00,0xcc,0x00,0x02,0xf7,0x00,0x00,0x0c,0xc0,0x00,0x2f,0x70,0x00,0x00,0xcc,0x00,
0x02,0xf7,0x00,0x00,0x0c,0xc0,0x00,0x2f,0x70,0x00,0x00,0xcc,0x00,0x02,0xf6,0x11,0x00,0x00,0x1f,0xff,
0xff,0x20,0x00,0x04,0xf8,0x44,0x00,0x00,0x01,0xf6,0x8e,0xeb,0x20,0x01,0xfd,0xa5,0x6e,0xb0,0x01,0xfb,
0x00,0x06,0xf2,0x01,0xf7,0x00,0x03,0xf3,0x01,0xf5,0x00,0x03,0xf4,0x01,0xf5,0x00,0x03,0xf4,0x01,0xf5,
0x00,0x03,0xf4,0x01,0xf5,0x00,0x03,0xf4,0x01,0xf5,0x00,0x03,0xf4,0x0a,0xd8,0x4c,0x2d,0x3a,0xe6,0x00,
0x00,0x00,0x00,0x6f,0x20,0x00,0x6f,0x20,0x00,0x6f,0x20,0x00,0x6f,0x20,0x00,0x6f,0x20,0x00,0x6f,0x20,
0x00,0x6f,0x20,0x00,0x6f,0x20,0x00,0x6f,0x20,0x00,0x6f,0x20,0x00,0x6f,0x20,0x00,0x6f,0x20,0x00,0x10,
0x01,0x0d,0xe6,0x4b,0x4b,0x1c,0xe5,0x01,0x00,0x10,0x00,0x7e,0x00,0x00,0x7e,0x00,0x00,0x7e,0x00,0x00,
0x7e,0x00,0x00,0x7e,0x00,0x00,0x7e,0x00,0x00,0x7e,0x00,0x00,0x7e,0x00,0x00,0x7e,0x00,0x22,0x22,0x2f,
0xff,0xfb,0x00,0x00,0x00,0x6f,0x20,0x06,0xf2,0x00,0x6f,0x20,0x06,0xf2,0x00,0x6f,0x20,0x06,0xf2,0x00,
0x6f,0x20,0x06,0xf2,0x00,0x6f,0x20,0x06,0xf2,0x00,0x6f,0x20,0x06,0xf2,0x00,0x2f,0xff,0xf8,0x02,0x22,
0x21,0x00,0x00,0x00,0x00,0x7e,0x00,0x00,0x7e,0x00,0x00,0x7e,0x00,0x00,0x7e,0x00,0x00,0x7e,0x00,0x00,
0x7e,0x00,0x00,0x7e,0x00,0x00,0x7e,0x00,0x00,0x7e,0x00,0x01,0x00,0x01,0x0e,0x41,0x8a,0x05,0xdf,0xc2,
0x00,0x00,0x00,0x00,0x6f,0x20,0x00,0x6f,0x20,0x00,0x6f,0x20,0x00,0x6f,0x20,0x00,0x6f,0x20,0x00,0x6f,
0x20,0x00,0x6f,0x20,0x00,0x6f,0x20,0x00,0x6f,0x20,0x00,0x6f,0x20,0x00,0x6f,0x20,0x00,0x6f,0x20,0x17,
0x10,0x44,0x09,0xff,0xd3,0x00,0x01,0x00,0x00,0x00,0x00,0x00,0x7e,0x00,0x00,0x7e,0x00,0x00,0x7e,0x00,
0x00,0x7e,0x00,0x00,0x7e,0x00,0x00,0x7e,0x00,0x00,0x7e,0x00,0x00,0x7e,0x00,0x00,0x7e,0x00,0x6f,0x20,
0x6f,0x20,0x6f,0x20,0x6f,0x20,0x6f,0x20,0x6f,0x20,0x6f,0x20,0x6f,0x20,0x6f,0x20,0x6f,0x20,0x6f,0x20,
0x6f,0x20,0x3c,0x00,0x89,0x01,0x4d,0xe4,0x7e,0x00,0x6c,0x00,0x00,0x00,0x7e,0x00,0x7e,0x00,0x7e,0x00,
0x7e,0x00,0x7e,0x00,0x7e,0x00,0x7e,0x00,0x7e,0x00,0x7e,0x00,0x59,0x00,0xb6,0x10,0x7e,0xe1,0x49,0x26,
0xf3,0x00,0x06,0xf2,0x6f,0x26,0xf2,0x6f,0x26,0xf2,0x6f,0x26,0xf2,0x6f,0x26,0xf2,0x6f,0x26,0xf2,0x6f,
0x20,0x7e,0x7e,0x7e,0x7e,0x7e,0x7e,0x7e,0x7e,0x7e,0x6f,0x20,0x0b,0xd6,0xf2,0x00,0xbd,0x6f,0x20,0x0b,
0xd6,0xf2,0x00,0xbd,0x6f,0x20,0x0b,0xd6,0xf2,0x00,0xbd,0x6f,0x20,0x0b,0xd6,0xf2,0x00,0xbd,0x6f,0x20,
0x0b,0xd6,0xf2,0x00,0xbd,0x6f,0x20,0x0b,0xd6,0xf2,0x00,0xbd,0x00,0x00,0x0e,0xb0,0x01,0x6a,0xf6,0x00,
0x2f,0xd6,0x00,0x7e,0x00,0x1f,0x66,0xc0,0x01,0xc5,0x00,0x00,0x00,0x07,0xe0,0x01,0xf6,0x7e,0x00,0x1f,
0x67,0xe0,0x01,0xf6,0x7e,0x00,0x1f,0x67,0xe0,0x01,0xf6,0x7e,0x00,0x1f,0x67,0xe0,0x01,0xf6,0x7e,0x00,
0x1f,0x67,0xe0,0x01,0xf6,0x00,0x00,0x2f,0x50,0x00,0x39,0xf2,0x00,0x0d,0xd6,0x00,0x00,0xbd,0x80,0x09,
0x81,0xc5,0x00,0x00,0x00,0x00,0x6f,0x20,0x00,0x6f,0x20,0x00,0x6f,0x20,0x00,0x6f,0x20,0x00,0x6f,0x20,
0x00,0x6f,0x20,0x00,0x6f,0x20,0x00,0x6f,0x20,0x00,0x6f,0x20,0x00,0x6f,0x20,0x00,0x6f,0x20,0x00,0x7f,
0x20,0x00,0xaf,0x00,0x48,0xfa,0x00,0xcd,0x91,0x00,0x00,0xaf,0x20,0x05,0xd7,0xb0,0x1d,0x30,0xb6,0x00,
0x00,0x00,0x00,0x7e,0x00,0x00,0x7e,0x00,0x00,0x7e,0x00,0x00,0x7e,0x00,0x00,0x7e,0x00,0x00,0x7e,0x00,
0x00,0x7e,0x00,0x00,0x7e,0x00,0x00,0x7e,0x00,0x00,0x8d,0x00,0x14,0xda,0x00,0x4e,0xb2,0x00,0x6f,0x20,
0x00,0x3e,0xc1,0x6f,0x20,0x03,0xec,0x10,0x6f,0x20,0x4e,0xc1,0x00,0x6f,0x24,0xeb,0x10,0x00,0x6f,0x7f,
0xb1,0x00,0x00,0x6f,0xfd,0x00,0x00,0x00,0x6f,0xbf,0x80,0x00,0x00,0x6f,0x29,0xf7,0x00,0x00,0x6f,0x20,
0x9f,0x70,0x00,0x6f,0x20,0x0a,0xf6,0x00,0x6f,0x20,0x00,0xaf,0x60,0x6f,0x20,0x00,0x0b,0xf5,0x00,0x00,
0x00,0x00,0x00,0x00,0x00,0x38,0x10,0x00,0x00,0x00,0x9c,0x00,0x00,0x00,0x00,0xc5,0x00,0x00,0x8e,0x00,
0x00,0x00,0x08,0xe0,0x00,0x00,0x00,0x8e,0x00,0x00,0x00,0x08,0xe0,0x00,0x6f,0x70,0x8e,0x00,0x7f,0x60,
0x08,0xe0,0x9e,0x50,0x00,0x8e,0xae,0x40,0x00,0x08,0xfe,0xb0,0x00,0x00,0x8e,0x4e,0xa0,0x00,0x08,0xe0,
0x4e,0xa0,0x00,0x8e,0x00,0x3e,0xa0,0x08,0xe0,0x00,0x3e,0xa0,0x00,0x00,0x00,0x00,0x00,0x00,0x28,0x30,
0x00,0x00,0x07,0xe1,0x00,0x00,0x00,0xb7,0x00,0x00,0x8e,0x00,0x06,0xf7,0x08,0xe0,0x07,0xf6,0x00,0x8e,
0x08,0xf5,0x00,0x08,0xea,0xe4,0x00,0x00,0x8f,0xeb,0x00,0x00,0x08,0xe4,0xea,0x00,0x00,0x8e,0x04,0xea,
0x00,0x08,0xe0,0x03,0xea,0x00,0x8e,0x00,0x03,0xea,0x00,0x02,0xe5,0x00,0x00,0x1c,0x60,0x00,0x00,0x00,
0x00,0x00,0x00,0x6f,0x20,0x00,0x00,0x6f,0x20,0x00,0x00,0x6f,0x20,0x00,0x00,0x6f,0x20,0x00,0x00,0x6f,
0x20,0x00,0x00,0x6f,0x20,0x00,0x00,0x6f,0x20,0x00,0x00,0x6f,0x20,0x00,0x00,0x6f,0x20,0x00,0x00,0x6f,
0x20,0x00,0x00,0x6f,0x65,0x55,0x54,0x6f,0xff,0xff,0xfc,0x04,0xe3,0x1d,0x40,0x00,0x00,0x7e,0x00,0x7e,
0x00,0x7e,0x00,0x7e,0x00,0x7e,0x00,0x7e,0x00,0x7e,0x00,0x7e,0x00,0x7e,0x00,0x7e,0x00,0x7e,0x00,0x7e,
0x00,0x6f,0x20,0x00,0x00,0x6f,0x20,0x00,0x00,0x6f,0x20,0x00,0x00,0x6f,0x20,0x00,0x00,0x6f,0x20,0x00,
0x00,0x6f,0x20,0x00,0x00,0x6f,0x20,0x00,0x00,0x6f,0x20,0x00,0x00,0x6f,0x20,0x00,0x00,0x6f,0x20,0x00,
0x00,0x6f,0x65,0x55,0x54,0x6f,0xff,0xff,0xfc,0x00,0x00,0x00,0x00,0x00,0x03,0x81,0x00,0x00,0x09,0xc0,
0x00,0x00,0x0c,0x50,0x00,0x7e,0x07,0xe0,0x7e,0x07,0xe0,0x7e,0x07,0xe0,0x7e,0x07,0xe0,0x7e,0x07,0xe0,
0x7e,0x07,0xe0,0x00,0x03,0x82,0x8d,0x0c,0x50,0x6f,0x20,0xda,0x00,0x6f,0x21,0xf5,0x00,0x6f,0x23,0xe1,
0x00,0x6f,0x20,0x00,0x00,0x6f,0x20,0x00,0x00,0x6f,0x20,0x00,0x00,0x6f,0x20,0x00,0x00,0x6f,0x20,0x00,
0x00,0x6f,0x20,0x00,0x00,0x6f,0x20,0x00,0x00,0x6f,0x65,0x55,0x54,0x6f,0xff,0xff,0xfc,0x7e,0x0a,0xd7,
0xe0,0xd8,0x7e,0x0e,0x37,0xe0,0x00,0x7e,0x00,0x07,0xe0,0x00,0x7e,0x00,0x07,0xe0,0x00,0x7e,0x00,0x07,
0xe0,0x00,0x7e,0x00,0x07,0xe0,0x00,0x6f,0x20,0x00,0x00,0x6f,0x20,0x00,0x00,0x6f,0x20,0x00,0x00,0x6f,
0x20,0x00,0x00,0x6f,0x20,0x0d,0xb0,0x6f,0x20,0x0e,0xb0,0x6f,0x20,0x00,0x00,0x6f,0x20,0x00,0x00,0x6f,
0x20,0x00,0x00,0x6f,0x20,0x00,0x00,0x6f,0x65,0x55,0x54,0x6f,0xff,0xff,0xfc,0x7e,0x00,0x07,0xe0,0x00,
0x7e,0x00,0x07,0xe0,0x00,0x7e,0x00,0x07,0xe9,0xf0,0x7e,0x9f,0x07,0xe0,0x00,0x7e,0x00,0x07,0xe0,0x00,
0x7e,0x00,0x07,0xe0,0x00,0x00,0x5f,0x40,0x00,0x00,0x00,0x5f,0x40,0x00,0x00,0x00,0x5f,0x40,0x00,0x00,
0x00,0x5f,0x41,0x81,0x00,0x00,0x5f,0x7d,0xa1,0x00,0x00,0x5f,0xe6,0x00,0x00,0x02,0xbf,0x50,0x00,0x00,
0x0d,0xcf,0x40,0x00,0x00,0x01,0x5f,0x40,0x00,0x00,0x00,0x5f,0x40,0x00,0x00,0x00,0x5f,0x75,0x55,0x55,
0x00,0x5f,0xff,0xff,0xfe,0x07,0xf0,0x00,0x7f,0x00,0x07,0xf0,0x00,0x7f,0x00,0x07,0xfb,0x50,0x8f,0x80,
0x9f,0xf0,0x04,0x7f,0x00,0x07,0xf0,0x00,0x7f,0x00,0x07,0xf0,0x00,0x7f,0x00,0x00,0x00,0x6d,0x10,0x00,
0x00,0x03,0xe2,0x00,0x00,0x00,0x00,0x00,0x00,0x00,0x6f,0xe1,0x00,0x02,0xf6,0x6f,0xf7,0x00,0x02,0xf6,
0x6f,0xbe,0x10,0x02,0xf6,0x6f,0x4f,0x80,0x02,0xf6,0x6f,0x29,0xe1,0x02,0xf6,0x6f,0x22,0xf8,0x02,0xf6,
0x6f,0x20,0x8e,0x12,0xf6,0x6f,0x20,0x1e,0x92,0xf6,0x6f,0x20,0x08,0xf4,0xf6,0x6f,0x20,0x01,0xeb,0xf6,
0x6f,0x20,0x00,0x7f,0xf6,0x6f,0x20,0x00,0x1e,0xf6,0x00,0x00,0xbb,0x00,0x00,0x07,0xc1,0x00,0x00,0x3d,
0x20,0x00,0x00,0x00,0x00,0x00,0x8e,0x4c,0xfd,0x60,0x8f,0xc4,0x17,0xf4,0x8f,0x30,0x00,0xca,0x8e,0x00,
0x00,0xab,0x8e,0x00,0x00,0xac,0x8e,0x00,0x00,0xac,0x8e,0x00,0x00,0xac,0x8e,0x00,0x00,0xac,0x8e,0x00,
0x00,0xac,0x6f,0xe1,0x00,0x02,0xf6,0x6f,0xf7,0x00,0x02,0xf6,0x6f,0xbe,0x10,0x02,0xf6,0x6f,0x4f,0x80,
0x02,0xf6,0x6f,0x29,0xe1,0x02,0xf6,0x6f,0x22,0xf8,0x02,0xf6,0x6f,0x20,0x8e,0x12,0xf6,0x6f,0x20,0x1e,
0x92,0xf6,0x6f,0x20,0x08,0xf4,0xf6,0x6f,0x20,0x01,0xeb,0xf6,0x6f,0x20,0x00,0x7f,0xf6,0x6f,0x20,0x00,
0x1e,0xf6,0x00,0x00,0x00,0x00,0x00,0x00,0x00,0x57,0x00,0x00,0x00,0x00,0xc9,0x00,0x00,0x00,0x01,0xe2,
0x00,0x00,0x8e,0x4c,0xfd,0x60,0x8f,0xc4,0x17,0xf4,0x8f,0x30,0x00,0xca,0x8e,0x00,0x00,0xab,0x8e,0x00,
0x00,0xac,0x8e,0x00,0x00,0xac,0x8e,0x00,0x00,0xac,0x8e,0x00,0x00,0xac,0x8e,0x00,0x00,0xac,0x00,0x00,
0x00,0x00,0x00,0x04,0x81,0x00,0x00,0x0a,0xb0,0x00,0x00,0x0e,0x30,0x00,0x00,0x26,0x00,0x71,0x00,0x00,
0x0c,0x68,0xa0,0x00,0x00,0x03,0xee,0x10,0x00,0x00,0x00,0x00,0x00,0x00,0x6f,0xe1,0x00,0x02,0xf6,0x6f,
0xf7,0x00,0x02,0xf6,0x6f,0xbe,0x10,0x02,0xf6,0x6f,0x4f,0x80,0x02,0xf6,0x6f,0x29,0xe1,0x02,0xf6,0x6f,
0x22,0xf8,0x02,0xf6,0x6f,0x20,0x8e,0x12,0xf6,0x6f,0x20,0x1e,0x92,0xf6,0x6f,0x20,0x08,0xf4,0xf6,0x6f,
0x20,0x01,0xeb,0xf6,0x6f,0x20,0x00,0x7f,0xf6,0x6f,0x20,0x00,0x1e,0xf6,0x02,0xb1,0x0a,0x40,0x00,0x7b,
0x8a,0x00,0x00,0x0b,0xd1,0x00,0x00,0x00,0x00,0x00,0x8e,0x4c,0xfd,0x60,0x8f,0xc4,0x17,0xf4,0x8f,0x30,
0x00,0xca,0x8e,0x00,0x00,0xab,0x8e,0x00,0x00,0xac,0x8e,0x00,0x00,0xac,0x8e,0x00,0x00,0xac,0x8e,0x00,
0x00,0xac,0x8e,0x00,0x00,0xac,0x0b,0xd0,0x00,0x00,0x00,0x00,0xcb,0x00,0x00,0x00,0x00,0x1f,0x30,0x00,
0x00,0x00,0x03,0x80,0xd9,0x7d,0xec,0x30,0x00,0x0d,0xea,0x22,0xbe,0x10,0x00,0xdd,0x00,0x02,0xf5,0x00,
0x0d,0x90,0x00,0x0f,0x60,0x00,0xd8,0x00,0x00,0xf7,0x00,0x0d,0x80,0x00,0x0f,0x70,0x00,0xd8,0x00,0x00,
0xf7,0x00,0x0d,0x80,0x00,0x0f,0x70,0x00,0xd8,0x00,0x00,0xf7,0x6f,0x26,0xdf,0xd7,0x00,0x6f,0xad,0x76,
0xbf,0x60,0x6f,0xd1,0x00,0x0c,0xd0,0x6f,0x70,0x00,0x08,0xf1,0x6f,0x40,0x00,0x06,0xf3,0x6f,0x20,0x00,
0x06,0xf3,0x6f,0x20,0x00,0x06,0xf3,0x6f,0x20,0x00,0x06,0xf3,0x6f,0x20,0x00,0x06,0xf3,0x6f,0x20,0x00,
0x06,0xf3,0x6f,0x20,0x00,0x06,0xf3,0x6f,0x20,0x00,0x06,0xf3,0x00,0x00,0x00,0x06,0xf2,0x00,0x00,0x01,
0x4c,0xe0,0x00,0x00,0x03,0xfd,0x40,0x8e,0x4c,0xfd,0x70,0x8f,0xc4,0x16,0xf5,0x8f,0x30,0x00,0xca,0x8e,
0x00,0x00,0xab,0x8e,0x00,0x00,0xac,0x8e,0x00,0x00,0xac,0x8e,0x00,0x00,0xac,0x8e,0x00,0x00,0xac,0x8e,
0x00,0x00,0xac,0x00,0x00,0x00,0xbb,0x00,0x03,0x45,0xe8,0x00,0x0d,0xfe,0xa1,0x00,0x00,0xff,0xff,0x90,
0x00,0x00,0x00,0x33,0x33,0x20,0x00,0x00,0x00,0x00,0x00,0x00,0x00,0x00,0x04,0xbe,0xfd,0x81,0x00,0x00,
0x7f,0xc6,0x58,0xed,0x20,0x03,0xfa,0x00,0x00,0x2e,0xc0,0x0a,0xf1,0x00,0x00,0x07,0xf4,0x0e,0xb0,0x00,
0x00,0x02,0xf8,0x1f,0x90,0x00,0x00,0x01,0xfa,0x1f,0x90,0x00,0x00,0x01,0xfa,0x0e,0xb0,0x00,0x00,0x02,
0xf8,0x0a,0xe1,0x00,0x00,0x07,0xf4,0x04,0xfa,0x00,0x00,0x2e,0xc0,0x00,0x7f,0xc6,0x58,0xee,0x20,0x00,
0x04,0xbe,0xfd,0x91,0x00,0x00,0x7f,0xff,0xf4,0x00,0x01,0x22,0x22,0x10,0x00,0x00,0x00,0x00,0x00,0x04,
0xcf,0xeb,0x20,0x04,0xfb,0x55,0xde,0x20,0xcd,0x00,0x02,0xf9,0x0f,0x80,0x00,0x0b,0xd1,0xf7,0x00,0x00,
0xae,0x0f,0x80,0x00,0x0b,0xc0,0xcd,0x00,0x02,0xf9,0x04,0xfb,0x55,0xde,0x20,0x04,0xcf,0xeb,0x20,0x00,
0x00,0x10,0x00,0x10,0x00,0x00,0x00,0xe4,0x19,0x90,0x00,0x00,0x00,0x5d,0xeb,0x20,0x00,0x00,0x00,0x00,
0x00,0x00,0x00,0x00,0x04,0xbe,0xfd,0x81,0x00,0x00,0x7f,0xc6,0x58,0xed,0x20,0x03,0xfa,0x00,0x00,0x2e,
0xc0,0x0a,0xf1,0x00,0x00,0x07,0xf4,0x0e,0xb0,0x00,0x00,0x02,0xf8,0x1f,0x90,0x00,0x00,0x01,0xfa,0x1f,
0x90,0x00,0x00,0x01,0xfa,0x0e,0xb0,0x00,0x00,0x02,0xf8,0x0a,0xe1,0x00,0x00,0x07,0xf4,0x04,0xfa,0x00,
0x00,0x2e,0xc0,0x00,0x7f,0xc6,0x58,0xee,0x20,0x00,0x04,0xbe,0xfd,0x91,0x00,0x00,0x6a,0x11,0xc3,0x00,
0x01,0xbf,0xf9,0x00,0x00,0x00,0x00,0x00,0x00,0x00,0x00,0x00,0x00,0x00,0x4c,0xfe,0xb2,0x00,0x4f,0xb5,
0x5d,0xe2,0x0c,0xd0,0x00,0x2f,0x90,0xf8,0x00,0x00,0xbd,0x1f,0x70,0x00,0x0a,0xe0,0xf8,0x00,0x00,0xbc,
0x0c,0xd0,0x00,0x2f,0x90,0x4f,0xb5,0x5d,0xe2,0x00,0x4c,0xfe,0xb2,0x00,0x00,0x00,0x00,0x10,0x11,0x00,
0x00,0x00,0x0c,0x93,0xe4,0x00,0x00,0x00,0x8b,0x1d,0x50,0x00,0x00,0x00,0x00,0x00,0x00,0x00,0x00,0x04,
0xbe,0xfd,0x81,0x00,0x00,0x7f,0xc6,0x58,0xed,0x20,0x03,0xfa,0x00,0x00,0x2e,0xc0,0x0a,0xf1,0x00,0x00,
0x07,0xf4,0x0e,0xb0,0x00,0x00,0x02,0xf8,0x1f,0x90,0x00,0x00,0x01,0xfa,0x1f,0x90,0x00,0x00,0x01,0xfa,
0x0e,0xb0,0x00,0x00,0x02,0xf8,0x0a,0xe1,0x00,0x00,0x07,0xf4,0x04,0xfa,0x00,0x00,0x2e,0xc0,0x00,0x7f,
0xc6,0x58,0xee,0x20,0x00,0x04,0xbe,0xfd,0x91,0x00,0x00,0x00,0xaa,0x1e,0x40,0x00,0x2e,0x29,0x90,0x00,
0x09,0x72,0xd1,0x00,0x00,0x00,0x00,0x00,0x00,0x4c,0xfe,0xb2,0x00,0x4f,0xb5,0x5d,0xe2,0x0c,0xd0,0x00,
0x2f,0x90,0xf8,0x00,0x00,0xbd,0x1f,0x70,0x00,0x0a,0xe0,0xf8,0x00,0x00,0xbc,0x0c,0xd0,0x00,0x2f,0x90,
0x4f,0xb5,0x5d,0xe2,0x00,0x4c,0xfe,0xb2,0x00,0x00,0x01,0x7b,0xef,0xff,0xff,0xff,0xfe,0x00,0x05,0xee,
0x96,0x59,0xf6,0x55,0x55,0x50,0x03,0xfc,0x10,0x00,0x6f,0x20,0x00,0x00,0x00,0xaf,0x20,0x00,0x06,0xf2,
0x00,0x00,0x00,0x0e,0xb0,0x00,0x00,0x6f,0x31,0x11,0x11,0x01,0xf9,0x00,0x00,0x06,0xff,0xff,0xff,0xb0,
0x1f,0x90,0x00,0x00,0x6f,0x64,0x44,0x43,0x00,0xeb,0x00,0x00,0x06,0xf2,0x00,0x00,0x00,0x0a,0xf2,0x00,
0x00,0x6f,0x20,0x00,0x00,0x00,0x3f,0xc1,0x00,0x06,0xf2,0x00,0x00,0x00,0x00,0x5e,0xe9,0x65,0x9f,0x65,
0x55,0x55,0x00,0x00,0x17,0xbe,0xff,0xff,0xff,0xff,0xf1,0x00,0x4c,0xfe,0xa2,0x06,0xcf,0xe9,0x10,0x04,
0xfb,0x55,0xdd,0xaf,0x84,0x6e,0xb0,0x0c,0xd0,0x00,0x2f,0xf7,0x00,0x05,0xf3,0x0f,0x80,0x00,0x0b,0xf1,
0x00,0x00,0xf7,0x1f,0x70,0x00,0x0a,0xff,0xff,0xff,0xf8,0x0f,0x80,0x00,0x0b,0xf3,0x22,0x22,0x21,0x0c,
0xd0,0x00,0x2f,0xf6,0x00,0x00,0x00,0x04,0xfb,0x55,0xde,0xaf,0x85,0x46,0xb3,0x00,0x4c,0xfe,0xa2,0x06,
0xce,0xec,0x81,0x00,0x00,0xc9,0x00,0x00,0x00,0x08,0xa0,0x00,0x00,0x00,0x00,0x00,0x00,0x00,0x6f,0xff,
0xfd,0x80,0x00,0x6f,0x64,0x5a,0xf8,0x00,0x6f,0x20,0x00,0xce,0x00,0x6f,0x20,0x00,0x9f,0x10,0x6f,0x20,
0x00,0xbe,0x00,0x6f,0x31,0x16,0xf6,0x00,0x6f,0xff,0xff,0x80,0x00,0x6f,0x54,0x5b,0xf5,0x00,0x6f,0x20,
0x01,0xde,0x10,0x6f,0x20,0x00,0x5f,0x70,0x6f,0x20,0x00,0x0c,0xd0,0x6f,0x20,0x00,0x04,0xf6,0x00,0x00,
0x12,0x00,0x00,0x0c,0xa0,0x00,0x09,0xb0,0x00,0x03,0xc1,0x00,0x00,0x00,0x00,0x08,0xe4,0xcf,0x90,0x8f,
0xd4,0x22,0x08,0xf4,0x00,0x00,0x8f,0x00,0x00,0x08,0xe0,0x00,0x00,0x8e,0x00,0x00,0x08,0xe0,0x00,0x00,
0x8e,0x00,0x00,0x08,0xe0,0x00,0x00,0x6f,0xff,0xfd,0x80,0x00,0x6f,0x64,0x5a,0xf8,0x00,0x6f,0x20,0x00,
0xce,0x00,0x6f,0x20,0x00,0x9f,0x10,0x6f,0x20,0x00,0xbe,0x00,0x6f,0x31,0x16,0xf6,0x00,0x6f,0xff,0xff,
0x80,0x00,0x6f,0x54,0x5b,0xf5,0x00,0x6f,0x20,0x01,0xde,0x10,0x6f,0x20,0x00,0x5f,0x70,0x6f,0x20,0x00,
0x0c,0xd0,0x6f,0x20,0x00,0x04,0xf6,0x00,0x00,0x00,0x00,0x00,0x00,0x00,0x48,0x10,0x00,0x00,0x00,0xab,
0x00,0x00,0x00,0x00,0xe3,0x00,0x00,0x00,0x00,0x00,0x8e,0x4c,0xf9,0x8f,0xd4,0x22,0x8f,0x40,0x00,0x8f,
0x00,0x00,0x8e,0x00,0x00,0x8e,0x00,0x00,0x8e,0x00,0x00,0x8e,0x00,0x00,0x8e,0x00,0x00,0x00,0x00,0x00,
0x38,0x10,0x00,0x9c,0x00,0x00,0xd4,0x00,0x00,0x02,0x70,0x07,0x10,0x00,0x00,0xb7,0x7b,0x00,0x00,0x00,
0x2e,0xe2,0x00,0x00,0x00,0x00,0x00,0x00,0x00,0x6f,0xff,0xfd,0x80,0x00,0x6f,0x64,0x5a,0xf8,0x00,0x6f,
0x20,0x00,0xce,0x00,0x6f,0x20,0x00,0x9f,0x10,0x6f,0x20,0x00,0xbe,0x00,0x6f,0x31,0x16,0xf6,0x00,0x6f,
0xff,0xff,0x80,0x00,0x6f,0x54,0x5b,0xf5,0x00,0x6f,0x20,0x01,0xde,0x10,0x6f,0x20,0x00,0x5f,0x70,0x6f,
0x20,0x00,0x0c,0xd0,0x6f,0x20,0x00,0x04,0xf6,0x02,0x00,0x11,0x0d,0x40,0xc5,0x04,0xd9,0xa0,0x00,0x8d,
0x10,0x00,0x00,0x00,0x8e,0x4c,0xf9,0x8f,0xd4,0x22,0x8f,0x40,0x00,0x8f,0x00,0x00,0x8e,0x00,0x00,0x8e,
0x00,0x00,0x8e,0x00,0x00,0x8e,0x00,0x00,0x8e,0x00,0x00,0x00,0x00,0xc9,0x00,0x00,0x00,0x8a,0x00,0x00,
0x00,0x00,0x00,0x00,0x00,0x4b,0xee,0xda,0x40,0x6f,0xb6,0x57,0xb8,0x0c,0xc0,0x00,0x00,0x00,0xdb,0x00,
0x00,0x00,0x0a,0xf7,0x20,0x00,0x00,0x2b,0xff,0xd9,0x40,0x00,0x03,0x7a,0xef,0x70,0x00,0x00,0x01,0xcf,
0x10,0x00,0x00,0x06,0xf3,0x20,0x00,0x00,0x9f,0x2d,0xc7,0x56,0xaf,0xa0,0x5a,0xdf,0xec,0x70,0x00,0x00,
0x00,0x0b,0xb0,0x00,0x00,0x7c,0x10,0x00,0x03,0xd2,0x00,0x00,0x00,0x00,0x00,0x02,0xae,0xfd,0xa1,0x0c,
0xc5,0x35,0x91,0x0f,0x60,0x00,0x00,0x0c,0xd6,0x30,0x00,0x02,0x9e,0xfd,0x70,0x00,0x00,0x38,0xf5,0x00,
0x00,0x00,0xf8,0x2c,0x64,0x49,0xf4,0x19,0xde,0xec,0x50,0x00,0x1d,0xd5,0x00,0x00,0x0c,0x52,0xd3,0x00,
0x00,0x00,0x00,0x00,0x00,0x4b,0xee,0xda,0x40,0x6f,0xb6,0x57,0xb8,0x0c,0xc0,0x00,0x00,0x00,0xdb,0x00,
0x00,0x00,0x0a,0xf7,0x20,0x00,0x00,0x2b,0xff,0xd9,0x40,0x00,0x03,0x7a,0xef,0x70,0x00,0x00,0x01,0xcf,
0x10,0x00,0x00,0x06,0xf3,0x20,0x00,0x00,0x9f,0x2d,0xc7,0x56,0xaf,0xa0,0x5a,0xdf,0xec,0x70,0x00,0x00,
0x09,0xf3,0x00,0x00,0x4d,0x7c,0x00,0x00,0xd4,0x0a,0x70,0x00,0x00,0x00,0x00,0x02,0xae,0xfd,0xa1,0x0c,
0xc5,0x35,0x91,0x0f,0x60,0x00,0x00,0x0c,0xd6,0x30,0x00,0x02,0x9e,0xfd,0x70,0x00,0x00,0x38,0xf5,0x00,
0x00,0x00,0xf8,0x2c,0x64,0x49,0xf4,0x19,0xde,0xec,0x50,0x04,0xbe,0xed,0xa4,0x06,0xfb,0x65,0x7b,0x80,
0xcc,0x00,0x00,0x00,0x0d,0xb0,0x00,0x00,0x00,0xaf,0x72,0x00,0x00,0x02,0xbf,0xfd,0x94,0x00,0x00,0x37,
0xae,0xf7,0x00,0x00,0x00,0x1c,0xf1,0x00,0x00,0x00,0x6f,0x32,0x00,0x00,0x09,0xf2,0xdc,0x75,0x6a,0xfa,
0x05,0xad,0xff,0xc7,0x00,0x00,0x00,0xc3,0x00,0x00,0x01,0x0a,0x80,0x00,0x00,0x8e,0xd3,0x00,0x00,0x02,
0xae,0xfd,0xa1,0x0c,0xc5,0x35,0x91,0x0f,0x60,0x00,0x00,0x0c,0xd6,0x30,0x00,0x02,0x9e,0xfd,0x70,0x00,
0x00,0x38,0xf5,0x00,0x00,0x00,0xf8,0x2c,0x64,0x49,0xf4,0x19,0xdf,0xfc,0x50,0x00,0x00,0xa5,0x00,0x00,
0x10,0x99,0x00,0x00,0x7e,0xd4,0x00,0x01,0xc4,0x3d,0x20,0x00,0x02,0xdd,0x40,0x00,0x00,0x00,0x00,0x00,
0x00,0x4b,0xee,0xda,0x40,0x6f,0xb6,0x57,0xb8,0x0c,0xc0,0x00,0x00,0x00,0xdb,0x00,0x00,0x00,0x0a,0xf7,
0x20,0x00,0x00,0x2b,0xff,0xd9,0x40,0x00,0x03,0x7a,0xef,0x70,0x00,0x00,0x01,0xcf,0x10,0x00,0x00,0x06,
0xf3,0x20,0x00,0x00,0x9f,0x2d,0xc7,0x56,0xaf,0xa0,0x5a,0xdf,0xec,0x70,0x00,0x00,0xc4,0x09,0x80,0x00,
0x3e,0x6d,0x00,0x00,0x08,0xf4,0x00,0x00,0x00,0x00,0x00,0x02,0xae,0xfd,0xa1,0x0c,0xc5,0x35,0x91,0x0f,
0x60,0x00,0x00,0x0c,0xd6,0x30,0x00,0x02,0x9e,0xfd,0x70,0x00,0x00,0x38,0xf5,0x00,0x00,0x00,0xf8,0x2c,
0x64,0x49,0xf4,0x19,0xde,0xec,0x50,0x1f,0xff,0xff,0xff,0xff,0xc0,0x55,0x55,0xec,0x55,0x54,0x00,0x00,
0x0e,0xa0,0x00,0x00,0x00,0x00,0xea,0x00,0x00,0x00,0x00,0x0e,0xa0,0x00,0x00,0x00,0x00,0xea,0x00,0x00,
0x00,0x00,0x0e,0xa0,0x00,0x00,0x00,0x00,0xea,0x00,0x00,0x00,0x00,0x0e,0xa0,0x00,0x00,0x00,0x00,0xea,
0x00,0x00,0x00,0x00,0x0e,0xa0,0x00,0x00,0x00,0x00,0xea,0x00,0x00,0x00,0x00,0x05,0xa0,0x00,0x00,0x00,
0x01,0x2f,0x10,0x00,0x00,0x01,0xee,0xa0,0x00,0x00,0x04,0x70,0x00,0x08,0xe0,0x00,0x08,0xe0,0x00,0x8f,
0xff,0xfd,0x19,0xe2,0x22,0x08,0xe0,0x00,0x08,0xe0,0x00,0x08,0xe0,0x00,0x08,0xe0,0x00,0x07,0xf0,0x00,
0x05,0xf7,0x33,0x00,0x9e,0xfd,0x00,0x03,0xb0,0x00,0x11,0xe3,0x00,0xde,0xb1,0x00,0x02,0x60,0x07,0x10,
0x00,0x00,0x0c,0x69,0x90,0x00,0x00,0x00,0x3e,0xe1,0x00,0x00,0x00,0x00,0x00,0x00,0x00,0x1f,0xff,0xff,
0xff,0xff,0xc0,0x55,0x55,0xec,0x55,0x54,0x00,0x00,0x0e,0xa0,0x00,0x00,0x00,0x00,0xea,0x00,0x00,0x00,
0x00,0x0e,0xa0,0x00,0x00,0x00,0x00,0xea,0x00,0x00,0x00,0x00,0x0e,0xa0,0x00,0x00,0x00,0x00,0xea,0x00,
0x00,0x00,0x00,0x0e,0xa0,0x00,0x00,0x00,0x00,0xea,0x00,0x00,0x00,0x00,0x0e,0xa0,0x00,0x00,0x00,0x00,
0xea,0x00,0x00,0x00,0x00,0xac,0x02,0x30,0xd8,0x08,0xe1,0xe3,0x08,0xe0,0x00,0x8f,0xff,0xfd,0x19,0xe2,
0x22,0x08,0xe0,0x00,0x08,0xe0,0x00,0x08,0xe0,0x00,0x08,0xe0,0x00,0x07,0xf0,0x00,0x05,0xf7,0x33,0x00,
0x9e,0xfd,0x1f,0xff,0xff,0xff,0xff,0xc0,0x55,0x55,0xec,0x55,0x54,0x00,0x00,0x0e,0xa0,0x00,0x00,0x00,
0x00,0xea,0x00,0x00,0x00,0x00,0x0e,0xa0,0x00,0x00,0x00,0x11,0xeb,0x11,0x00,0x00,0x0f,0xff,0xff,0xb0,
0x00,0x00,0x44,0xec,0x43,0x00,0x00,0x00,0x0e,0xa0,0x00,0x00,0x00,0x00,0xea,0x00,0x00,0x00,0x00,0x0e,
0xa0,0x00,0x00,0x00,0x00,0xea,0x00,0x00,0x04,0x70,0x00,0x08,0xe0,0x00,0x08,0xe0,0x00,0x8f,0xff,0xfd,
0x19,0xe2,0x22,0x08,0xe0,0x00,0x8f,0xfe,0xed,0x19,0xe2,0x22,0x08,0xe0,0x00,0x07,0xf0,0x00,0x05,0xf7,
0x33,0x00,0x9e,0xfd,0x00,0x3d,0xb4,0xa5,0x00,0x00,0x97,0x6d,0xc1,0x00,0x00,0x00,0x00,0x00,0x00,0x9f,
0x00,0x00,0x04,0xf5,0x9f,0x00,0x00,0x04,0xf5,0x9f,0x00,0x00,0x04,0xf5,0x9f,0x00,0x00,0x04,0xf5,0x9f,
0x00,0x00,0x04,0xf5,0x9f,0x00,0x00,0x04,0xf5,0x9f,0x00,0x00,0x04,0xf5,0x9f,0x00,0x00,0x04,0xf5,0x8f,
0x20,0x00,0x06,0xf3,0x4f,0x70,0x00,0x0b,0xe0,0x0b,0xf9,0x56,0xbf,0x60,0x00,0x8d,0xfe,0xc5,0x00,0x00,
0x00,0x01,0x10,0x02,0xed,0x47,0x80,0x07,0x83,0xde,0x30,0x01,0x10,0x00,0x00,0xac,0x00,0x00,0xba,0xac,
0x00,0x00,0xba,0xac,0x00,0x00,0xba,0xac,0x00,0x00,0xba,0xac,0x00,0x00,0xba,0x9c,0x00,0x00,0xca,0x7e,
0x00,0x01,0xea,0x2f,0x81,0x3b,0xea,0x05,0xdf,0xd5,0xba,0x00,0x7f,0xff,0xf3,0x00,0x00,0x13,0x33,0x30,
0x00,0x00,0x00,0x00,0x00,0x00,0x9f,0x00,0x00,0x04,0xf5,0x9f,0x00,0x00,0x04,0xf5,0x9f,0x00,0x00,0x04,
0xf5,0x9f,0x00,0x00,0x04,0xf5,0x9f,0x00,0x00,0x04,0xf5,0x9f,0x00,0x00,0x04,0xf5,0x9f,0x00,0x00,0x04,
0xf5,0x9f,0x00,0x00,0x04,0xf5,0x8f,0x20,0x00,0x06,0xf3,0x4f,0x70,0x00,0x0b,0xe0,0x0b,0xf9,0x56,0xbf,
0x60,0x00,0x8d,0xfe,0xc5,0x00,0x05,0xff,0xff,0x50,0x01,0x22,0x22,0x10,0x00,0x00,0x00,0x00,0xac,0x00,
0x00,0xba,0xac,0x00,0x00,0xba,0xac,0x00,0x00,0xba,0xac,0x00,0x00,0xba,0xac,0x00,0x00,0xba,0x9c,0x00,
0x00,0xca,0x7e,0x00,0x01,0xea,0x2f,0x81,0x3b,0xea,0x05,0xdf,0xd5,0xba,0x00,0x11,0x00,0x10,0x00,0x00,
0x6a,0x12,0xd2,0x00,0x00,0x1a,0xee,0x70,0x00,0x00,0x00,0x00,0x00,0x00,0x9f,0x00,0x00,0x04,0xf5,0x9f,
0x00,0x00,0x04,0xf5,0x9f,0x00,0x00,0x04,0xf5,0x9f,0x00,0x00,0x04,0xf5,0x9f,0x00,0x00,0x04,0xf5,0x9f,
0x00,0x00,0x04,0xf5,0x9f,0x00,0x00,0x04,0xf5,0x9f,0x00,0x00,0x04,0xf5,0x8f,0x20,0x00,0x06,0xf3,0x4f,
0x70,0x00,0x0b,0xe0,0x0b,0xf9,0x56,0xbf,0x60,0x00,0x8d,0xfe,0xc5,0x00,0x03,0x61,0x05,0x30,0x01,0xbf,
0xfc,0x10,0x00,0x00,0x00,0x00,0x00,0x00,0x00,0x00,0xac,0x00,0x00,0xba,0xac,0x00,0x00,0xba,0xac,0x00,
0x00,0xba,0xac,0x00,0x00,0xba,0xac,0x00,0x00,0xba,0x9c,0x00,0x00,0xca,0x7e,0x00,0x01,0xea,0x2f,0x81,
0x3b,0xea,0x05,0xdf,0xd5,0xba,0x00,0x07,0xed,0x40,0x00,0x00,0x2d,0x13,0xd0,0x00,0x00,0x3d,0x13,0xe0,
0x00,0x9f,0x08,0xfe,0x54,0xf5,0x9f,0x00,0x00,0x04,0xf5,0x9f,0x00,0x00,0x04,0xf5,0x9f,0x00,0x00,0x04,
0xf5,0x9f,0x00,0x00,0x04,0xf5,0x9f,0x00,0x00,0x04,0xf5,0x9f,0x00,0x00,0x04,0xf5,0x9f,0x00,0x00,0x04,
0xf5,0x8f,0x20,0x00,0x06,0xf3,0x4f,0x70,0x00,0x0b,0xe0,0x0b,0xf9,0x56,0xbf,0x60,0x00,0x8d,0xfe,0xc5,
0x00,0x00,0x4d,0xc3,0x00,0x00,0xd3,0x4d,0x00,0x02,0xc0,0x0d,0x10,0x00,0xd2,0x3d,0x00,0x00,0x4d,0xd4,
0x00,0x00,0x00,0x00,0x00,0xac,0x00,0x00,0xba,0xac,0x00,0x00,0xba,0xac,0x00,0x00,0xba,0xac,0x00,0x00,
0xba,0xac,0x00,0x00,0xba,0x9c,0x00,0x00,0xca,0x7e,0x00,0x01,0xea,0x2f,0x81,0x3b,0xea,0x05,0xdf,0xd5,
0xba,0x00,0x00,0x11,0x01,0x00,0x00,0x04,0xe3,0x9b,0x00,0x00,0x1d,0x45,0xd1,0x00,0x00,0x00,0x00,0x00,
0x00,0x9f,0x00,0x00,0x04,0xf5,0x9f,0x00,0x00,0x04,0xf5,0x9f,0x00,0x00,0x04,0xf5,0x9f,0x00,0x00,0x04,
0xf5,0x9f,0x00,0x00,0x04,0xf5,0x9f,0x00,0x00,0x04,0xf5,0x9f,0x00,0x00,0x04,0xf5,0x9f,0x00,0x00,0x04,
0xf5,0x8f,0x20,0x00,0x06,0xf3,0x4f,0x70,0x00,0x0b,0xe0,0x0b,0xf9,0x56,0xbf,0x60,0x00,0x8d,0xfe,0xc5,
0x00,0x00,0x07,0xb0,0xd6,0x00,0x1e,0x37,0xc0,0x00,0x89,0x1d,0x20,0x00,0x00,0x00,0x00,0xac,0x00,0x00,
0xba,0xac,0x00,0x00,0xba,0xac,0x00,0x00,0xba,0xac,0x00,0x00,0xba,0xac,0x00,0x00,0xba,0x9c,0x00,0x00,
0xca,0x7e,0x00,0x01,0xea,0x2f,0x81,0x3b,0xea,0x05,0xdf,0xd5,0xba,0x9f,0x00,0x00,0x04,0xf5,0x9f,0x00,
0x00,0x04,0xf5,0x9f,0x00,0x00,0x04,0xf5,0x9f,0x00,0x00,0x04,0xf5,0x9f,0x00,0x00,0x04,0xf5,0x9f,0x00,
0x00,0x04,0xf5,0x9f,0x00,0x00,0x04,0xf5,0x9f,0x00,0x00,0x04,0xf5,0x8f,0x20,0x00,0x06,0xf3,0x4f,0x70,
0x00,0x0b,0xe0,0x0b,0xf9,0x56,0xbf,0x60,0x00,0x8d,0xff,0xc5,0x00,0x00,0x02,0xd0,0x00,0x00,0x00,0x06,
0xb0,0x10,0x00,0x00,0x02,0xde,0x60,0x00,0xac,0x00,0x00,0xba,0x0a,0xc0,0x00,0x0b,0xa0,0xac,0x00,0x00,
0xba,0x0a,0xc0,0x00,0x0b,0xa0,0xac,0x00,0x00,0xba,0x09,0xc0,0x00,0x0c,0xa0,0x7e,0x00,0x01,0xea,0x02,
0xf8,0x13,0xbe,0xa0,0x05,0xdf,0xd5,0xba,0x00,0x00,0x00,0x09,0x50,0x00,0x00,0x01,0xf2,0x10,0x00,0x00,
0x0a,0xeb,0x00,0x00,0x00,0x4e,0xd2,0x00,0x00,0x00,0x00,0x00,0x02,0xd3,0x4c,0x10,0x00,0x00,0x00,0x00,
0x00,0x00,0x00,0x00,0x00,0x00,0x5f,0x40,0x00,0x1f,0xe0,0x00,0x06,0xf3,0x2f,0x70,0x00,0x5e,0xf2,0x00,
0x0a,0xe0,0x0d,0xb0,0x00,0x9b,0xd6,0x00,0x0e,0xa0,0x09,0xe0,0x00,0xc7,0x9a,0x00,0x2f,0x70,0x06,0xf3,
0x01,0xf3,0x6d,0x00,0x6f,0x30,0x02,0xf7,0x05,0xe0,0x2f,0x20,0x9e,0x00,0x00,0xda,0x08,0xb0,0x0e,0x60,
0xdb,0x00,0x00,0xae,0x0c,0x80,0x0a,0x92,0xf7,0x00,0x00,0x6f,0x3f,0x40,0x07,0xd5,0xf3,0x00,0x00,0x2f,
0xaf,0x10,0x03,0xfa,0xe0,0x00,0x00,0x0e,0xfc,0x00,0x00,0xef,0xb0,0x00,0x00,0x0a,0xf8,0x00,0x00,0xbf,
0x70,0x00,0x00,0x00,0x05,0xf7,0x00,0x00,0x00,0x00,0x01,0xe6,0xe2,0x00,0x00,0x00,0x00,0xa8,0x06,0xb0,
0x00,0x00,0x00,0x00,0x00,0x00,0x00,0x00,0x3f,0x40,0x06,0xf8,0x00,0x2f,0x40,0xe7,0x00,0xae,0xc0,0x06,
0xf1,0x0a,0xb0,0x0e,0x8f,0x10,0xac,0x00,0x7f,0x03,0xf1,0xe4,0x0e,0x80,0x03,0xf4,0x7c,0x0b,0x83,0xf4,
0x00,0x0e,0x8b,0x80,0x7c,0x6f,0x10,0x00,0xac,0xe4,0x03,0xfb,0xb0,0x00,0x06,0xff,0x10,0x0e,0xf8,0x00,
0x00,0x2f,0xc0,0x00,0xaf,0x40,0x00,0x00,0x00,0x4d,0xd2,0x00,0x00,0x00,0x2d,0x25,0xc1,0x00,0x00,0x00,
0x00,0x00,0x00,0x00,0xbe,0x10,0x00,0x03,0xf7,0x02,0xea,0x00,0x00,0xdc,0x00,0x06,0xf5,0x00,0x8f,0x30,
0x00,0x0b,0xe1,0x3f,0x80,0x00,0x00,0x2e,0x9c,0xc0,0x00,0x00,0x00,0x6f,0xf3,0x00,0x00,0x00,0x00,0xeb,
0x00,0x00,0x00,0x00,0x0e,0xa0,0x00,0x00,0x00,0x00,0xea,0x00,0x00,0x00,0x00,0x0e,0xa0,0x00,0x00,0x00,
0x00,0xea,0x00,0x00,0x00,0x00,0x0e,0xa0,0x00,0x00,0x00,0x04,0xfa,0x00,0x00,0x01,0xd4,0xb7,0x00,0x00,
0x44,0x01,0x71,0x00,0x00,0x00,0x00,0x00,0x5f,0x30,0x00,0x0b,0xc0,0xd9,0x00,0x02,0xf6,0x07,0xe1,0x00,
0x8e,0x10,0x1f,0x60,0x0e,0x90,0x00,0xac,0x05,0xf3,0x00,0x04,0xf3,0xbc,0x00,0x00,0x0c,0xbf,0x60,0x00,
0x00,0x6f,0xe0,0x00,0x00,0x01,0xf8,0x00,0x00,0x00,0x6f,0x20,0x00,0x02,0x4d,0xa0,0x00,0x00,0xbf,0xb2,
0x00,0x00,0x00,0x04,0x92,0x39,0x20,0x00,0x00,0x6f,0x35,0xf3,0x00,0x00,0x00,0x00,0x00,0x00,0x00,0xbe,
0x10,0x00,0x03,0xf7,0x02,0xea,0x00,0x00,0xdc,0x00,0x06,0xf5,0x00,0x8f,0x30,0x00,0x0b,0xe1,0x3f,0x80,
0x00,0x00,0x2e,0x9c,0xc0,0x00,0x00,0x00,0x6f,0xf3,0x00,0x00,0x00,0x00,0xeb,0x00,0x00,0x00,0x00,0x0e,
0xa0,0x00,0x00,0x00,0x00,0xea,0x00,0x00,0x00,0x00,0x0e,0xa0,0x00,0x00,0x00,0x00,0xea,0x00,0x00,0x00,
0x00,0x0e,0xa0,0x00,0x00,0x00,0x00,0x0c,0x90,0x00,0x00,0x00,0x08,0xa0,0x00,0x00,0x00,0x00,0x00,0x00,
0x00,0x01,0xff,0xff,0xff,0xff,0xf1,0x05,0x55,0x55,0x57,0xfc,0x00,0x00,0x00,0x00,0xce,0x20,0x00,0x00,
0x00,0x9f,0x40,0x00,0x00,0x00,0x6f,0x70,0x00,0x00,0x00,0x3f,0xb0,0x00,0x00,0x00,0x1d,0xd1,0x00,0x00,
0x00,0x0b,0xf3,0x00,0x00,0x00,0x07,0xf6,0x00,0x00,0x00,0x04,0xf9,0x00,0x00,0x00,0x02,0xee,0x55,0x55,
0x55,0x51,0x4f,0xff,0xff,0xff,0xff,0x40,0x00,0x00,0x0b,0xb0,0x00,0x00,0x7c,0x10,0x00,0x03,0xd2,0x00,
0x00,0x00,0x00,0x00,0x2f,0xff,0xff,0xfb,0x02,0x22,0x26,0xf8,0x00,0x00,0x2e,0xb0,0x00,0x01,0xcd,0x10,
0x00,0x0a,0xe2,0x00,0x00,0x8f,0x40,0x00,0x05,0xf6,0x00,0x00,0x2e,0xb2,0x22,0x22,0x5f,0xff,0xff,0xfb,
0x00,0x00,0x39,0x30,0x00,0x00,0x00,0x05,0xf4,0x00,0x00,0x00,0x00,0x00,0x00,0x00,0x01,0xff,0xff,0xff,
0xff,0xf1,0x05,0x55,0x55,0x57,0xfc,0x00,0x00,0x00,0x00,0xce,0x20,0x00,0x00,0x00,0x9f,0x40,0x00,0x00,
0x00,0x6f,0x70,0x00,0x00,0x00,0x3f,0xb0,0x00,0x00,0x00,0x1d,0xd1,0x00,0x00,0x00,0x0b,0xf3,0x00,0x00,
0x00,0x07,0xf6,0x00,0x00,0x00,0x04,0xf9,0x00,0x00,0x00,0x02,0xee,0x55,0x55,0x55,0x51,0x4f,0xff,0xff,
0xff,0xff,0x40,0x00,0x08,0xd0,0x00,0x00,0x07,0xb0,0x00,0x00,0x00,0x00,0x00,0x2f,0xff,0xff,0xfb,0x02,
0x22,0x26,0xf8,0x00,0x00,0x2e,0xb0,0x00,0x01,0xcd,0x10,0x00,0x0a,0xe2,0x00,0x00,0x8f,0x40,0x00,0x05,
0xf6,0x00,0x00,0x2e,0xb2,0x22,0x22,0x5f,0xff,0xff,0xfb,0x00,0x07,0xa0,0xa7,0x00,0x00,0x00,0x0a,0xd9,
0x00,0x00,0x00,0x00,0x00,0x00,0x00,0x01,0xff,0xff,0xff,0xff,0xf1,0x05,0x55,0x55,0x57,0xfc,0x00,0x00,
0x00,0x00,0xce,0x20,0x00,0x00,0x00,0x9f,0x40,0x00,0x00,0x00,0x6f,0x70,0x00,0x00,0x00,0x3f,0xb0,0x00,
0x00,0x00,0x1d,0xd1,0x00,0x00,0x00,0x0b,0xf3,0x00,0x00,0x00,0x07,0xf6,0x00,0x00,0x00,0x04,0xf9,0x00,
0x00,0x00,0x02,0xee,0x55,0x55,0x55,0x51,0x4f,0xff,0xff,0xff,0xff,0x40,0x01,0xd3,0x0b,0x60,0x00,0x5d,
0x7b,0x00,0x00,0x0a,0xf2,0x00,0x00,0x00,0x00,0x00,0x2f,0xff,0xff,0xfb,0x02,0x22,0x26,0xf8,0x00,0x00,
0x2e,0xb0,0x00,0x01,0xcd,0x10,0x00,0x0a,0xe2,0x00,0x00,0x8f,0x40,0x00,0x05,0xf6,0x00,0x00,0x2e,0xb2,
0x22,0x22,0x5f,0xff,0xff,0xfb,0x00,0x6d,0xfe,0x01,0xf9,0x33,0x03,0xf3,0x00,0x9f,0xf3,0x00,0x15,0xf3,
0x00,0x04,0xf3,0x00,0x04,0xf3,0x00,0x04,0xf3,0x00,0x04,0xf3,0x00,0x04,0xf3,0x00,0x04,0xf3,0x00,0x04,
0xf3,0x00,0x00,0x00,0x6d,0xfe,0x00,0x01,0xf9,0x33,0x00,0x03,0xf3,0x00,0x00,0x9f,0xff,0xf8,0x00,0x15,
0xf4,0x21,0x00,0x04,0xf3,0x00,0x00,0x04,0xf3,0x00,0x00,0x04,0xf3,0x00,0x00,0x04,0xf3,0x00,0x00,0x04,
0xf3,0x00,0x00,0x04,0xf3,0x00,0x00,0x04,0xf3,0x00,0x00,0x04,0xf2,0x00,0x03,0x3a,0xe0,0x00,0x0f,0xfc,
0x40,0x00,0x04,0xbe,0xed,0xa4,0x06,0xfb,0x65,0x7b,0x80,0xcc,0x00,0x00,0x00,0x0d,0xb0,0x00,0x00,0x00,
0xaf,0x72,0x00,0x00,0x02,0xbf,0xfd,0x94,0x00,0x00,0x37,0xae,0xf7,0x00,0x00,0x00,0x1c,0xf1,0x00,0x00,
0x00,0x6f,0x32,0x00,0x00,0x09,0xf2,0xdc,0x75,0x6a,0xfa,0x05,0xad,0xfe,0xc7,0x00,0x00,0x00,0x00,0x00,
0x00,0x00,0xbc,0x00,0x00,0x00,0x0e,0x40,0x00,0x00,0x01,0x70,0x00,0x00,0x02,0xae,0xfd,0xa1,0x0c,0xc5,
0x35,0x91,0x0f,0x60,0x00,0x00,0x0c,0xd6,0x30,0x00,0x02,0x9e,0xfd,0x70,0x00,0x00,0x38,0xf5,0x00,0x00,
0x00,0xf8,0x2c,0x64,0x49,0xf4,0x19,0xde,0xec,0x50,0x00,0x00,0x00,0x00,0x00,0x05,0xf3,0x00,0x00,0x09,
0xb0,0x00,0x00,0x06,0x20,0x00,0x1f,0xff,0xff,0xff,0xff,0xc0,0x55,0x55,0xec,0x55,0x54,0x00,0x00,0x0e,
0xa0,0x00,0x00,0x00,0x00,0xea,0x00,0x00,0x00,0x00,0x0e,0xa0,0x00,0x00,0x00,0x00,0xea,0x00,0x00,0x00,
0x00,0x0e,0xa0,0x00,0x00,0x00,0x00,0xea,0x00,0x00,0x00,0x00,0x0e,0xa0,0x00,0x00,0x00,0x00,0xea,0x00,
0x00,0x00,0x00,0x0e,0xa0,0x00,0x00,0x00,0x00,0xea,0x00,0x00,0x00,0x00,0x00,0x00,0x00,0x00,0x00,0x00,
0x75,0x00,0x00,0x00,0x00,0x2f,0x40,0x00,0x00,0x00,0x06,0xb0,0x00,0x00,0x04,0x70,0x00,0x08,0xe0,0x00,
0x08,0xe0,0x00,0x8f,0xff,0xfd,0x19,0xe2,0x22,0x08,0xe0,0x00,0x08,0xe0,0x00,0x08,0xe0,0x00,0x08,0xe0,
0x00,0x07,0xf0,0x00,0x05,0xf7,0x33,0x00,0x9e,0xfd,0x00,0x00,0x00,0x00,0x05,0x70,0x00,0x0c,0x90,0x00,
0x1e,0x20,0x01,0xdd,0x10,0x08,0xaa,0x80,0x3d,0x11,0xd3,0x3d,0x11,0xd3,0x08,0xaa,0x80,0x01,0xdd,0x10,
0x2d,0xd4,0x87,0x88,0x4d,0xd2,0x00,0x00,0x9f,0x80,0x00,0x00,0x00,0x1e,0xfe,0x00,0x00,0x00,0x05,0xfb,
0xf4,0x00,0x00,0x00,0xbe,0x1e,0xa0,0x00,0x00,0x2f,0x90,0xaf,0x10,0x00,0x07,0xf3,0x04,0xf6,0x00,0x00,
0xdd,0x00,0x0d,0xc0,0x00,0x3f,0x81,0x11,0x9f,0x20,0x09,0xff,0xff,0xff,0xf8,0x00,0xec,0x44,0x44,0x4c,
0xd0,0x5f,0x60,0x00,0x00,0x6f,0x4a,0xe1,0x00,0x00,0x01,0xe9,0x6f,0xff,0xfd,0xa2,0x06,0xf6,0x45,0x7e,
0xd1,0x6f,0x20,0x00,0x5f,0x46,0xf2,0x00,0x04,0xf4,0x6f,0x31,0x13,0xcd,0x16,0xff,0xff,0xfd,0x30,0x6f,
0x54,0x45,0xce,0x26,0xf2,0x00,0x01,0xe9,0x6f,0x20,0x00,0x0d,0xc6,0xf2,0x00,0x01,0xfb,0x6f,0x64,0x56,
0xcf,0x56,0xff,0xff,0xeb,0x40,0x6f,0xff,0xff,0xfc,0x6f,0x65,0x55,0x54,0x6f,0x20,0x00,0x00,0x6f,0x20,
0x00,0x00,0x6f,0x20,0x00,0x00,0x6f,0x20,0x00,0x00,0x6f,0x20,0x00,0x00,0x6f,0x20,0x00,0x00,0x6f,0x20,
0x00,0x00,0x6f,0x20,0x00,0x00,0x6f,0x20,0x00,0x00,0x6f,0x20,0x00,0x00,0x00,0x00,0x9f,0x80,0x00,0x00,
0x00,0x1e,0xfe,0x00,0x00,0x00,0x05,0xf8,0xf4,0x00,0x00,0x00,0xbd,0x0e,0xa0,0x00,0x00,0x2f,0x80,0x9f,
0x10,0x00,0x07,0xf2,0x03,0xf6,0x00,0x00,0xdc,0x00,0x0d,0xc0,0x00,0x3f,0x60,0x00,0x7f,0x20,0x09,0xf1,
0x00,0x02,0xf8,0x00,0xea,0x00,0x00,0x0b,0xd0,0x5f,0x95,0x55,0x55,0x9f,0x4a,0xff,0xff,0xff,0xff,0xf9,
0x6f,0xff,0xff,0xfe,0x06,0xf6,0x55,0x55,0x50,0x6f,0x20,0x00,0x00,0x06,0xf2,0x00,0x00,0x00,0x6f,0x31,
0x11,0x11,0x06,0xff,0xff,0xff,0xb0,0x6f,0x64,0x44,0x43,0x06,0xf2,0x00,0x00,0x00,0x6f,0x20,0x00,0x00,
0x06,0xf2,0x00,0x00,0x00,0x6f,0x65,0x55,0x55,0x06,0xff,0xff,0xff,0xf1,0x1f,0xff,0xff,0xff,0xff,0x10,
0x55,0x55,0x55,0x7f,0xc0,0x00,0x00,0x00,0x0c,0xe2,0x00,0x00,0x00,0x09,0xf4,0x00,0x00,0x00,0x06,0xf7,
0x00,0x00,0x00,0x03,0xfb,0x00,0x00,0x00,0x01,0xdd,0x10,0x00,0x00,0x00,0xbf,0x30,0x00,0x00,0x00,0x7f,
0x60,0x00,0x00,0x00,0x4f,0x90,0x00,0x00,0x00,0x2e,0xe5,0x55,0x55,0x55,0x14,0xff,0xff,0xff,0xff,0xf4,
0x6f,0x20,0x00,0x02,0xf7,0x6f,0x20,0x00,0x02,0xf7,0x6f,0x20,0x00,0x02,0xf7,0x6f,0x20,0x00,0x02,0xf7,
0x6f,0x31,0x11,0x12,0xf7,0x6f,0xff,0xff,0xff,0xf7,0x6f,0x64,0x44,0x45,0xf7,0x6f,0x20,0x00,0x02,0xf7,
0x6f,0x20,0x00,0x02,0xf7,0x6f,0x20,0x00,0x02,0xf7,0x6f,0x20,0x00,0x02,0xf7,0x6f,0x20,0x00,0x02,0xf7,
0x00,0x04,0xbe,0xfd,0x81,0x00,0x00,0x7f,0xc6,0x58,0xed,0x20,0x03,0xfa,0x00,0x00,0x2e,0xc0,0x0a,0xf1,
0x00,0x00,0x07,0xf4,0x0e,0xb1,0x11,0x11,0x12,0xf8,0x1f,0x97,0xff,0xff,0xf1,0xfa,0x1f,0x92,0x44,0x44,
0x41,0xfa,0x0e,0xb0,0x00,0x00,0x02,0xf8,0x0a,0xe1,0x00,0x00,0x07,0xf4,0x03,0xfa,0x00,0x00,0x2e,0xc0,
0x00,0x7f,0xc6,0x58,0xee,0x20,0x00,0x04,0xbe,0xfd,0x91,0x00,0x6f,0x26,0xf2,0x6f,0x26,0xf2,0x6f,0x26,
0xf2,0x6f,0x26,0xf2,0x6f,0x26,0xf2,0x6f,0x26,0xf2,0x6f,0x20,0x00,0x3e,0xc1,0x6f,0x20,0x03,0xec,0x10,
0x6f,0x20,0x4e,0xc1,0x00,0x6f,0x24,0xeb,0x10,0x00,0x6f,0x7f,0xb1,0x00,0x00,0x6f,0xfd,0x00,0x00,0x00,
0x6f,0xbf,0x80,0x00,0x00,0x6f,0x29,0xf7,0x00,0x00,0x6f,0x20,0x9f,0x70,0x00,0x6f,0x20,0x0a,0xf6,0x00,
0x6f,0x20,0x00,0xaf,0x60,0x6f,0x20,0x00,0x0b,0xf5,0x00,0x00,0x9f,0x80,0x00,0x00,0x00,0x1e,0xee,0x00,
0x00,0x00,0x05,0xf5,0xf4,0x00,0x00,0x00,0xbc,0x0d,0xa0,0x00,0x00,0x2f,0x70,0x7f,0x10,0x00,0x07,0xf1,
0x02,0xf6,0x00,0x00,0xdb,0x00,0x0c,0xc0,0x00,0x3f,0x60,0x00,0x6f,0x20,0x09,0xf1,0x00,0x01,0xf8,0x00,
0xea,0x00,0x00,0x0b,0xd0,0x5f,0x50,0x00,0x00,0x5f,0x4a,0xe0,0x00,0x00,0x01,0xe9,0x6f,0xf2,0x00,0x00,
0x4f,0xf4,0x6f,0xe7,0x00,0x00,0xae,0xf4,0x6f,0x9d,0x00,0x01,0xf9,0xf4,0x6f,0x4f,0x30,0x06,0xe5,0xf4,
0x6f,0x2c,0x90,0x0b,0x94,0xf4,0x6f,0x26,0xe0,0x2f,0x34,0xf4,0x6f,0x21,0xf4,0x7d,0x04,0xf4,0x6f,0x20,
0xaa,0xd8,0x04,0xf4,0x6f,0x20,0x5f,0xf2,0x04,0xf4,0x6f,0x20,0x0a,0x90,0x04,0xf4,0x6f,0x20,0x00,0x00,
0x04,0xf4,0x6f,0x20,0x00,0x00,0x04,0xf4,0x6f,0xe1,0x00,0x02,0xf6,0x6f,0xf7,0x00,0x02,0xf6,0x6f,0xbe,
0x10,0x02,0xf6,0x6f,0x4f,0x80,0x02,0xf6,0x6f,0x29,0xe1,0x02,0xf6,0x6f,0x22,0xf8,0x02,0xf6,0x6f,0x20,
0x8e,0x12,0xf6,0x6f,0x20,0x1e,0x92,0xf6,0x6f,0x20,0x08,0xf4,0xf6,0x6f,0x20,0x01,0xeb,0xf6,0x6f,0x20,
0x00,0x7f,0xf6,0x6f,0x20,0x00,0x1e,0xf6,0x6f,0xff,0xff,0xfc,0x25,0x55,0x55,0x54,0x00,0x00,0x00,0x00,
0x00,0x00,0x00,0x00,0x01,0x11,0x11,0x10,0x09,0xff,0xff,0xe0,0x02,0x44,0x44,0x40,0x00,0x00,0x00,0x00,
0x00,0x00,0x00,0x00,0x00,0x00,0x00,0x00,0x25,0x55,0x55,0x54,0x6f,0xff,0xff,0xfc,0x00,0x04,0xbe,0xfd,
0x81,0x00,0x00,0x7f,0xc6,0x58,0xed,0x20,0x03,0xfa,0x00,0x00,0x2e,0xc0,0x0a,0xf1,0x00,0x00,0x07,0xf4,
0x0e,0xb0,0x00,0x00,0x02,0xf8,0x1f,0x90,0x00,0x00,0x01,0xfa,0x1f,0x90,0x00,0x00,0x01,0xfa,0x0e,0xb0,
0x00,0x00,0x02,0xf8,0x0a,0xe1,0x00,0x00,0x07,0xf4,0x04,0xfa,0x00,0x00,0x2e,0xc0,0x00,0x7f,0xc6,0x58,
0xee,0x20,0x00,0x04,0xbe,0xfd,0x91,0x00,0x6f,0xff,0xff,0xff,0xf7,0x6f,0x65,0x55,0x56,0xf7,0x6f,0x20,
0x00,0x02,0xf7,0x6f,0x20,0x00,0x02,0xf7,0x6f,0x20,0x00,0x02,0xf7,0x6f,0x20,0x00,0x02,0xf7,0x6f,0x20,
0x00,0x02,0xf7,0x6f,0x20,0x00,0x02,0xf7,0x6f,0x20,0x00,0x02,0xf7,0x6f,0x20,0x00,0x02,0xf7,0x6f,0x20,
0x00,0x02,0xf7,0x6f,0x20,0x00,0x02,0xf7,0x6f,0xff,0xec,0x60,0x06,0xf6,0x45,0xbf,0x80,0x6f,0x20,0x00,
0xce,0x06,0xf2,0x00,0x09,0xf1,0x6f,0x20,0x00,0xbf,0x06,0xf3,0x12,0x7f,0xa0,0x6f,0xff,0xff,0xa1,0x06,
0xf5,0x43,0x10,0x00,0x6f,0x20,0x00,0x00,0x06,0xf2,0x00,0x00,0x00,0x6f,0x20,0x00,0x00,0x06,0xf2,0x00,
0x00,0x00,0x6f,0xff,0xff,0xfe,0x04,0xfc,0x55,0x55,0x50,0x06,0xf6,0x00,0x00,0x00,0x08,0xf5,0x00,0x00,
0x00,0x0a,0xe3,0x00,0x00,0x00,0x0d,0xd0,0x00,0x00,0x05,0xf7,0x00,0x00,0x02,0xeb,0x00,0x00,0x00,0xce,
0x10,0x00,0x00,0x8f,0x40,0x00,0x00,0x4f,0xb5,0x55,0x55,0x06,0xff,0xff,0xff,0xf1,0x1f,0xff,0xff,0xff,
0xff,0xc0,0x55,0x55,0xec,0x55,0x54,0x00,0x00,0x0e,0xa0,0x00,0x00,0x00,0x00,0xea,0x00,0x00,0x00,0x00,
0x0e,0xa0,0x00,0x00,0x00,0x00,0xea,0x00,0x00,0x00,0x00,0x0e,0xa0,0x00,0x00,0x00,0x00,0xea,0x00,0x00,
0x00,0x00,0x0e,0xa0,0x00,0x00,0x00,0x00,0xea,0x00,0x00,0x00,0x00,0x0e,0xa0,0x00,0x00,0x00,0x00,0xea,
0x00,0x00,0x0b,0xe1,0x00,0x00,0x3f,0x70,0x2e,0xa0,0x00,0x0d,0xc0,0x00,0x6f,0x50,0x08,0xf3,0x00,0x00,
0xbe,0x13,0xf8,0x00,0x00,0x02,0xe9,0xcc,0x00,0x00,0x00,0x06,0xff,0x30,0x00,0x00,0x00,0x0e,0xb0,0x00,
0x00,0x00,0x00,0xea,0x00,0x00,0x00,0x00,0x0e,0xa0,0x00,0x00,0x00,0x00,0xea,0x00,0x00,0x00,0x00,0x0e,
0xa0,0x00,0x00,0x00,0x00,0xea,0x00,0x00,0x00,0x00,0x07,0xf1,0x00,0x00,0x00,0x02,0x7c,0xfa,0x61,0x00,
0x00,0x8f,0xed,0xfc,0xfd,0x30,0x06,0xf9,0x17,0xf1,0x2d,0xe1,0x0d,0xd0,0x07,0xf1,0x05,0xf7,0x1f,0x90,
0x07,0xf1,0x01,0xfa,0x1f,0x90,0x07,0xf1,0x01,0xfa,0x0d,0xd0,0x07,0xf1,0x05,0xf7,0x06,0xf9,0x07,0xf1,
0x2d,0xe1,0x00,0x8f,0xed,0xfb,0xfd,0x30,0x00,0x03,0x8d,0xfa,0x61,0x00,0x00,0x00,0x07,0xf1,0x00,0x00,
0x0a,0xe1,0x00,0x00,0xcd,0x10,0x1e,0xa0,0x00,0x7f,0x40,0x00,0x6f,0x50,0x2f,0x90,0x00,0x00,0xbe,0x1b,
0xd1,0x00,0x00,0x02,0xed,0xf4,0x00,0x00,0x00,0x08,0xfa,0x00,0x00,0x00,0x01,0xdf,0xd1,0x00,0x00,0x00,
0x9e,0x4f,0x90,0x00,0x00,0x4f,0x70,0x7f,0x30,0x00,0x1d,0xc0,0x00,0xcd,0x00,0x08,0xf3,0x00,0x03,0xf8,
0x03,0xf8,0x00,0x00,0x08,0xf3,0x1f,0x80,0x07,0xf1,0x00,0xeb,0x1f,0x80,0x07,0xf1,0x00,0xeb,0x1f,0x80,
0x07,0xf1,0x00,0xeb,0x1f,0x90,0x07,0xf1,0x00,0xfa,0x0f,0xa0,0x07,0xf1,0x01,0xf9,0x0c,0xd0,0x07,0xf1,
0x04,0xf6,0x07,0xf5,0x07,0xf1,0x0b,0xf1,0x00,0xce,0x47,0xf2,0x9f,0x70,0x00,0x1c,0xff,0xff,0xf8,0x00,
0x00,0x00,0x5b,0xf7,0x20,0x00,0x00,0x00,0x07,0xf1,0x00,0x00,0x00,0x00,0x07,0xf1,0x00,0x00,0x00,0x05,
0xbe,0xec,0x71,0x00,0x00,0xaf,0xb6,0x69,0xfc,0x10,0x07,0xf7,0x00,0x00,0x4f,0xa0,0x0e,0xc0,0x00,0x00,
0x08,0xf2,0x2f,0x70,0x00,0x00,0x04,0xf6,0x4f,0x60,0x00,0x00,0x02,0xf7,0x3f,0x70,0x00,0x00,0x04,0xf6,
0x0e,0xb0,0x00,0x00,0x07,0xf3,0x09,0xf3,0x00,0x00,0x1d,0xc0,0x01,0xdd,0x10,0x00,0xae,0x30,0x26,0x8f,
0xd2,0x0c,0xfa,0x64,0x6f,0xff,0xf4,0x1f,0xff,0xf9,0x00,0x5c,0xfd,0x50,0xe5,0x05,0xf7,0x17,0xf7,0xe0,
0x0c,0xc0,0x00,0xdf,0xa0,0x1f,0x80,0x00,0xaf,0x50,0x1f,0x60,0x00,0x7e,0x10,0x0f,0x70,0x00,0x9f,0x00,
0x0c,0xb0,0x00,0xef,0x20,0x05,0xf6,0x18,0xed,0x80,0x00,0x6d,0xfd,0x34,0xdc,0x04,0xce,0xeb,0x30,0x01,
0xeb,0x44,0xbd,0x00,0x6f,0x20,0x04,0xf2,0x07,0xf0,0x00,0x5f,0x20,0x8e,0x01,0x5d,0xc0,0x08,0xe0,0xff,
0xf5,0x00,0x8e,0x04,0x6b,0xf6,0x08,0xe0,0x00,0x0a,0xe0,0x8e,0x00,0x00,0x7f,0x08,0xf2,0x00,0x09,0xd0,
0x8f,0xd6,0x48,0xf7,0x08,0xf9,0xee,0xc7,0x00,0x8e,0x00,0x00,0x00,0x08,0xe0,0x00,0x00,0x00,0x8e,0x00,
0x00,0x00,0x00,0xbd,0x40,0x00,0x0b,0xc3,0xbd,0x00,0x02,0xf6,0x03,0xf3,0x00,0x8e,0x10,0x0c,0x90,0x0e,
0x90,0x00,0x7e,0x05,0xf2,0x00,0x02,0xf4,0xcb,0x00,0x00,0x0c,0xcf,0x50,0x00,0x00,0x6f,0xe0,0x00,0x00,
0x01,0xf8,0x00,0x00,0x00,0x0f,0x70,0x00,0x00,0x00,0xf7,0x00,0x00,0x00,0x0f,0x70,0x00,0x00,0x5c,0xef,
0xd8,0x00,0x2f,0xa4,0x35,0x70,0x03,0xf8,0x00,0x00,0x00,0x08,0xfe,0xb6,0x00,0x01,0xc7,0x36,0xec,0x10,
0x9c,0x00,0x02,0xf8,0x0e,0x80,0x00,0x0b,0xc1,0xf7,0x00,0x00,0xae,0x0f,0x80,0x00,0x0b,0xc0,0xcd,0x00,
0x02,0xf9,0x04,0xfb,0x55,0xde,0x20,0x04,0xcf,0xea,0x20,0x08,0xdf,0xec,0x38,0xe7,0x45,0x72,0xad,0x30,
0x00,0x03,0xef,0xfd,0x00,0x29,0x73,0x20,0x0b,0x80,0x00,0x00,0xd9,0x00,0x00,0x09,0xf8,0x44,0x76,0x07,
0xde,0xec,0x50,0x0d,0xff,0xff,0xfe,0x06,0x77,0x8f,0xfa,0x00,0x04,0xec,0x30,0x00,0x5f,0x90,0x00,0x03,
0xf9,0x00,0x00,0x0a,0xd0,0x00,0x00,0x0f,0x70,0x00,0x00,0x2f,0x50,0x00,0x00,0x1f,0x60,0x00,0x00,0x0d,
0xb0,0x00,0x00,0x05,0xfb,0x53,0x10,0x00,0x4b,0xef,0xe5,0x00,0x00,0x00,0xac,0x00,0x00,0x01,0xbb,0x00,
0x00,0x09,0xc3,0x8e,0x4c,0xfd,0x70,0x8f,0xc4,0x16,0xf5,0x8f,0x30,0x00,0xca,0x8e,0x00,0x00,0xab,0x8e,
0x00,0x00,0xac,0x8e,0x00,0x00,0xac,0x8e,0x00,0x00,0xac,0x8e,0x00,0x00,0xac,0x8e,0x00,0x00,0xac,0x00,
0x00,0x00,0xac,0x00,0x00,0x00,0xac,0x00,0x00,0x00,0xac,0x00,0x2a,0xee,0x91,0x00,0x1d,0xb4,0x5d,0xb0,
0x07,0xe1,0x00,0x3f,0x40,0xca,0x00,0x00,0xd9,0x0f,0x81,0x11,0x1b,0xc1,0xff,0xff,0xff,0xfd,0x1f,0x94,
0x44,0x4b,0xd0,0xf8,0x00,0x00,0xbc,0x0c,0xa0,0x00,0x0e,0x90,0x7e,0x10,0x04,0xf4,0x01,0xdc,0x45,0xdb,
0x00,0x02,0xae,0xe9,0x10,0xbc,0x00,0xbc,0x00,0xac,0x00,0xac,0x00,0xac,0x00,0xac,0x00,0x9c,0x00,0x6f,
0x63,0x09,0xed,0x8f,0x00,0x0b,0xd2,0x08,0xf0,0x1b,0xd2,0x00,0x8f,0x1b,0xd2,0x00,0x08,0xfb,0xf4,0x00,
0x00,0x8f,0xcc,0xc0,0x00,0x08,0xf1,0x3f,0x80,0x00,0x8f,0x00,0x7f,0x40,0x08,0xf0,0x00,0xbe,0x10,0x8f,
0x00,0x02,0xea,0x00,0x03,0xfd,0x50,0x00,0x00,0x14,0xbe,0x10,0x00,0x00,0x02,0xf6,0x00,0x00,0x00,0x0c,
0xc0,0x00,0x00,0x01,0xff,0x20,0x00,0x00,0x8f,0xf8,0x00,0x00,0x1e,0x9a,0xe0,0x00,0x07,0xf2,0x4f,0x40,
0x00,0xda,0x00,0xda,0x00,0x5f,0x30,0x07,0xf1,0x0c,0xb0,0x00,0x2f,0x64,0xf4,0x00,0x00,0xbc,0xac,0x00,
0x00,0xba,0x0a,0xc0,0x00,0x0b,0xa0,0xac,0x00,0x00,0xba,0x0a,0xc0,0x00,0x0b,0xa0,0xac,0x00,0x00,0xba,
0x0a,0xc0,0x00,0x0c,0xa0,0xae,0x10,0x01,0xea,0x0a,0xfb,0x55,0xcf,0xd4,0xac,0x8e,0xe8,0x5e,0xaa,0xc0,
0x00,0x00,0x00,0xac,0x00,0x00,0x00,0x0a,0xc0,0x00,0x00,0x00,0x4f,0x40,0x03,0xf4,0x00,0xe9,0x00,0x09,
0xb0,0x0a,0xd0,0x00,0x5f,0x10,0x6f,0x30,0x05,0xf2,0x01,0xf7,0x00,0x9e,0x00,0x0c,0xc0,0x2f,0x90,0x00,
0x7f,0x1b,0xd1,0x00,0x03,0xfd,0xe3,0x00,0x00,0x0d,0xf4,0x00,0x00,0x0a,0xff,0xff,0xf8,0x00,0x4c,0xfc,
0x97,0x40,0x07,0xe3,0x00,0x00,0x00,0xba,0x00,0x00,0x00,0x07,0xe7,0x31,0x10,0x00,0x06,0xef,0xfb,0x00,
0x04,0xec,0x75,0x30,0x00,0xea,0x00,0x00,0x00,0x2f,0x50,0x00,0x00,0x01,0xf8,0x00,0x00,0x00,0x09,0xfa,
0x64,0x20,0x00,0x06,0xbe,0xff,0x70,0x00,0x00,0x00,0x9e,0x00,0x00,0x00,0x1a,0xd0,0x00,0x00,0x07,0xc4,
0x00,0x00,0x4c,0xfe,0xb2,0x00,0x4f,0xb5,0x5d,0xe2,0x0c,0xd0,0x00,0x2f,0x90,0xf8,0x00,0x00,0xbd,0x1f,
0x70,0x00,0x0a,0xe0,0xf8,0x00,0x00,0xbc,0x0c,0xd0,0x00,0x2f,0x90,0x4f,0xb5,0x5d,0xe2,0x00,0x4c,0xfe,
0xb2,0x00,0x6f,0xff,0xff,0xff,0xf0,0x39,0xf8,0x77,0xce,0x60,0x04,0xf3,0x00,0x9d,0x00,0x04,0xf3,0x00,
0x9d,0x00,0x04,0xf3,0x00,0x9d,0x00,0x04,0xf3,0x00,0x9d,0x00,0x04,0xf3,0x00,0x9d,0x00,0x04,0xf3,0x00,
0x8e,0x41,0x04,0xf3,0x00,0x3d,0xf3,0x00,0x8e,0xfd,0x70,0x00,0xae,0x64,0x9f,0x60,0x3f,0x50,0x00,0xae,
0x06,0xf0,0x00,0x05,0xf2,0x8e,0x00,0x00,0x4f,0x48,0xf0,0x00,0x05,0xf2,0x8f,0x50,0x00,0xae,0x08,0xed,
0x64,0x9f,0x60,0x8e,0x3c,0xfd,0x70,0x08,0xe0,0x00,0x00,0x00,0x8e,0x00,0x00,0x00,0x08,0xe0,0x00,0x00,
0x00,0x00,0x3a,0xef,0xd7,0x03,0xec,0x64,0x69,0x0b,0xd1,0x00,0x00,0x0f,0x80,0x00,0x00,0x1f,0x70,0x00,
0x00,0x0f,0x80,0x00,0x00,0x0b,0xe1,0x00,0x00,0x03,0xec,0x63,0x00,0x00,0x3a,0xef,0xd2,0x00,0x00,0x01,
0xe8,0x00,0x00,0x03,0xe7,0x00,0x00,0x0c,0xa1,0x00,0x6c,0xff,0xff,0xfa,0x06,0xfa,0x34,0xcf,0x84,0x0c,
0xc0,0x00,0x1f,0x80,0x1f,0x80,0x00,0x0b,0xc0,0x1f,0x70,0x00,0x0a,0xd0,0x0f,0x80,0x00,0x0b,0xc0,0x0b,
0xd0,0x00,0x2f,0x80,0x04,0xfb,0x55,0xde,0x20,0x00,0x4c,0xfe,0xa2,0x00,0x3f,0xff,0xff,0xff,0xd1,0x77,
0x7f,0xb7,0x76,0x00,0x00,0xe8,0x00,0x00,0x00,0x0e,0x80,0x00,0x00,0x00,0xe8,0x00,0x00,0x00,0x0e,0x80,
0x00,0x00,0x00,0xd9,0x00,0x00,0x00,0x0a,0xd4,0x20,0x00,0x00,0x2b,0xe9,0x00,0xca,0x00,0x1e,0x60,0xca,
0x00,0x07,0xe0,0xca,0x00,0x03,0xf3,0xca,0x00,0x02,0xf5,0xca,0x00,0x04,0xf3,0xca,0x00,0x07,0xf1,0xbb,
0x00,0x1d,0xa0,0x5f,0x74,0xbe,0x20,0x07,0xde,0xb2,0x00,0x00,0x5c,0x1b,0xeb,0x20,0x05,0xfa,0x5f,0x6d,
0xd1,0x0d,0xd0,0x7f,0x04,0xf5,0x1f,0x80,0x7f,0x00,0xf9,0x2f,0x60,0x7f,0x00,0xe9,0x1f,0x80,0x7f,0x00,
0xf8,0x0c,0xd0,0x7f,0x05,0xf4,0x04,0xfb,0xaf,0x7e,0xb0,0x00,0x4c,0xff,0xe9,0x10,0x00,0x00,0x7f,0x00,
0x00,0x00,0x00,0x7f,0x00,0x00,0x00,0x00,0x7f,0x00,0x00,0x8e,0xa1,0x00,0x3f,0x82,0x5e,0x90,0x0b,0xe1,
0x00,0x7e,0x15,0xf6,0x00,0x01,0xf6,0xdc,0x00,0x00,0x0a,0xef,0x40,0x00,0x00,0x4f,0xb0,0x00,0x00,0x08,
0xf8,0x00,0x00,0x02,0xee,0xe0,0x00,0x00,0x9f,0x3f,0x50,0x00,0x3f,0x80,0xbb,0x00,0x0b,0xe1,0x05,0xf8,
0x34,0xf6,0x00,0x08,0xec,0x2f,0x50,0x7f,0x00,0xca,0x2f,0x50,0x7f,0x00,0xca,0x2f,0x50,0x7f,0x00,0xca,
0x2f,0x50,0x7f,0x00,0xca,0x2f,0x50,0x7f,0x00,0xca,0x1f,0x60,0x7f,0x00,0xd9,0x0e,0xa0,0x7f,0x03,0xf6,
0x06,0xfb,0xbf,0x8e,0xd1,0x00,0x39,0xef,0xb7,0x00,0x00,0x00,0x7f,0x00,0x00,0x00,0x00,0x7f,0x00,0x00,
0x00,0x00,0x7f,0x00,0x00,0x0e,0x90,0x00,0x00,0x4f,0x50,0x5f,0x40,0x00,0x00,0x0d,0xb0,0xae,0x00,0x00,
0x00,0x09,0xf1,0xdc,0x00,0x07,0x20,0x06,0xf3,0xeb,0x00,0x0f,0x60,0x05,0xf4,0xdc,0x00,0x2f,0x70,0x06,
0xf4,0xae,0x10,0x5f,0xa0,0x0a,0xf1,0x5f,0xa4,0xc8,0xf6,0x6f,0xa0,0x07,0xde,0xa0,0x6e,0xea,0x10,0x00,
0x09,0xc0,0x00,0x00,0x00,0x0a,0x90,0x00,0x00,0x00,0x00,0x00,0x06,0xff,0xff,0xff,0xe0,0x6f,0x65,0x55,
0x55,0x06,0xf2,0x00,0x00,0x00,0x6f,0x20,0x00,0x00,0x06,0xf3,0x11,0x11,0x10,0x6f,0xff,0xff,0xfb,0x06,
0xf6,0x44,0x44,0x30,0x6f,0x20,0x00,0x00,0x06,0xf2,0x00,0x00,0x00,0x6f,0x20,0x00,0x00,0x06,0xf6,0x55,
0x55,0x50,0x6f,0xff,0xff,0xff,0x10,0x01,0x94,0x09,0x50,0x00,0x1f,0x80,0xf8,0x00,0x00,0x00,0x00,0x00,
0x06,0xff,0xff,0xff,0xe0,0x6f,0x65,0x55,0x55,0x06,0xf2,0x00,0x00,0x00,0x6f,0x20,0x00,0x00,0x06,0xf3,
0x11,0x11,0x10,0x6f,0xff,0xff,0xfb,0x06,0xf6,0x44,0x44,0x30,0x6f,0x20,0x00,0x00,0x06,0xf2,0x00,0x00,
0x00,0x6f,0x20,0x00,0x00,0x06,0xf6,0x55,0x55,0x50,0x6f,0xff,0xff,0xff,0x10,0x1f,0xff,0xff,0xff,0xff,
0x10,0x00,0x55,0x5c,0xe5,0x55,0x50,0x00,0x00,0x00,0xae,0x00,0x00,0x00,0x00,0x00,0x0a,0xe0,0x00,0x00,
0x00,0x00,0x00,0xae,0x11,0x10,0x00,0x00,0x00,0x0a,0xff,0xff,0xfb,0x20,0x00,0x00,0xae,0x44,0x46,0xec,
0x00,0x00,0x0a,0xe0,0x00,0x06,0xf3,0x00,0x00,0xae,0x00,0x00,0x4f,0x50,0x00,0x0a,0xe0,0x00,0x03,0xf5,
0x00,0x00,0xae,0x00,0x00,0x3f,0x50,0x00,0x0a,0xe0,0x00,0x04,0xf5,0x00,0x00,0x00,0x00,0x00,0x7f,0x30,
0x00,0x00,0x00,0x03,0x7e,0xd0,0x00,0x00,0x00,0x00,0x9e,0xa2,0x00,0x00,0x00,0x9b,0x00,0x00,0x05,0xc1,
0x00,0x00,0x00,0x00,0x00,0x6f,0xff,0xff,0xfc,0x6f,0x65,0x55,0x54,0x6f,0x20,0x00,0x00,0x6f,0x20,0x00,
0x00,0x6f,0x20,0x00,0x00,0x6f,0x20,0x00,0x00,0x6f,0x20,0x00,0x00,0x6f,0x20,0x00,0x00,0x6f,0x20,0x00,
0x00,0x6f,0x20,0x00,0x00,0x6f,0x20,0x00,0x00,0x6f,0x20,0x00,0x00,0x00,0x03,0xae,0xfe,0xb5,0x00,0x06,
0xfb,0x65,0x6a,0xf4,0x03,0xf8,0x00,0x00,0x02,0x20,0xae,0x00,0x00,0x00,0x00,0x0e,0xa1,0x11,0x11,0x10,
0x01,0xff,0xff,0xff,0xfc,0x00,0x1f,0xb4,0x44,0x44,0x30,0x00,0xec,0x00,0x00,0x00,0x00,0x0a,0xf2,0x00,
0x00,0x00,0x00,0x3f,0xb0,0x00,0x00,0x44,0x00,0x6f,0xc7,0x56,0xbf,0x40,0x00,0x3a,0xef,0xeb,0x50,0x04,
0xbe,0xed,0xa4,0x06,0xfb,0x65,0x7b,0x80,0xcc,0x00,0x00,0x00,0x0d,0xb0,0x00,0x00,0x00,0xaf,0x72,0x00,
0x00,0x02,0xbf,0xfd,0x94,0x00,0x00,0x37,0xae,0xf7,0x00,0x00,0x00,0x1c,0xf1,0x00,0x00,0x00,0x6f,0x32,
0x00,0x00,0x09,0xf2,0xdc,0x75,0x6a,0xfa,0x05,0xad,0xfe,0xc7,0x00,0x6f,0x26,0xf2,0x6f,0x26,0xf2,0x6f,
0x26,0xf2,0x6f,0x26,0xf2,0x6f,0x26,0xf2,0x6f,0x26,0xf2,0x86,0x08,0x6e,0xa0,0xda,0x00,0x00,0x00,0x6f,
0x20,0x06,0xf2,0x00,0x6f,0x20,0x06,0xf2,0x00,0x6f,0x20,0x06,0xf2,0x00,0x6f,0x20,0x06,0xf2,0x00,0x6f,
0x20,0x06,0xf2,0x00,0x6f,0x20,0x06,0xf2,0x00,0x00,0x6f,0x20,0x06,0xf2,0x00,0x6f,0x20,0x06,0xf2,0x00,
0x6f,0x20,0x06,0xf2,0x00,0x6f,0x20,0x06,0xf2,0x00,0x6f,0x20,0x06,0xf2,0x00,0x6f,0x20,0x07,0xf2,0x00,
0xaf,0x04,0x8f,0xa0,0xcd,0x91,0x00,0x00,0x07,0xff,0xff,0xff,0x70,0x00,0x00,0x00,0x00,0x7f,0x65,0x56,
0xf7,0x00,0x00,0x00,0x00,0x07,0xf1,0x00,0x2f,0x70,0x00,0x00,0x00,0x00,0x8f,0x10,0x02,0xf7,0x00,0x00,
0x00,0x00,0x08,0xf1,0x00,0x2f,0x71,0x00,0x00,0x00,0x00,0x9f,0x00,0x02,0xff,0xff,0xd9,0x10,0x00,0x0a,
0xe0,0x00,0x2f,0x94,0x47,0xfd,0x00,0x00,0xcc,0x00,0x02,0xf7,0x00,0x08,0xf4,0x00,0x1f,0x90,0x00,0x2f,
0x70,0x00,0x5f,0x50,0x09,0xf4,0x00,0x02,0xf7,0x00,0x08,0xf4,0x2a,0xfa,0x00,0x00,0x2f,0x94,0x58,0xfc,
0x05,0xc6,0x00,0x00,0x02,0xff,0xff,0xd8,0x10,0x6f,0x20,0x00,0x0d,0xa0,0x00,0x00,0x06,0xf2,0x00,0x00,
0xda,0x00,0x00,0x00,0x6f,0x20,0x00,0x0d,0xa0,0x00,0x00,0x06,0xf2,0x00,0x00,0xda,0x00,0x00,0x00,0x6f,
0x31,0x11,0x1d,0xb1,0x10,0x00,0x06,0xff,0xff,0xff,0xff,0xff,0xeb,0x30,0x6f,0x64,0x44,0x4e,0xc4,0x46,
0xde,0x26,0xf2,0x00,0x00,0xda,0x00,0x04,0xf7,0x6f,0x20,0x00,0x0d,0xa0,0x00,0x2f,0x96,0xf2,0x00,0x00,
0xda,0x00,0x04,0xf7,0x6f,0x20,0x00,0x0d,0xc4,0x57,0xee,0x26,0xf2,0x00,0x00,0xdf,0xff,0xda,0x20,0x1f,
0xff,0xff,0xff,0xff,0x10,0x00,0x55,0x5c,0xe5,0x55,0x50,0x00,0x00,0x00,0xae,0x00,0x00,0x00,0x00,0x00,
0x0a,0xe0,0x00,0x00,0x00,0x00,0x00,0xae,0x11,0x10,0x00,0x00,0x00,0x0a,0xff,0xff,0xfb,0x20,0x00,0x00,
0xae,0x44,0x46,0xec,0x00,0x00,0x0a,0xe0,0x00,0x07,0xf3,0x00,0x00,0xae,0x00,0x00,0x4f,0x50,0x00,0x0a,
0xe0,0x00,0x03,0xf5,0x00,0x00,0xae,0x00,0x00,0x3f,0x50,0x00,0x0a,0xe0,0x00,0x03,0xf5,0x00,0x00,0x2e,
0x50,0x00,0x00,0x00,0x1c,0x60,0x00,0x00,0x00,0x00,0x00,0x00,0x00,0x06,0xf2,0x00,0x00,0xaf,0x50,0x6f,
0x20,0x00,0x9f,0x60,0x06,0xf2,0x00,0x9f,0x70,0x00,0x6f,0x20,0x8f,0x70,0x00,0x06,0xf2,0x7f,0x90,0x00,
0x00,0x6f,0x9f,0xfc,0x00,0x00,0x06,0xff,0x94,0xf7,0x00,0x00,0x6f,0xa0,0x09,0xf2,0x00,0x06,0xf2,0x00,
0x1e,0xb0,0x00,0x6f,0x20,0x00,0x5f,0x60,0x06,0xf2,0x00,0x00,0xae,0x20,0x6f,0x20,0x00,0x01,0xeb,0x00,
0x00,0x0a,0xb0,0x00,0x00,0x00,0x00,0xb7,0x00,0x00,0x00,0x00,0x00,0x00,0x00,0x6f,0x20,0x00,0x1e,0xf6,
0x6f,0x20,0x00,0x7f,0xf6,0x6f,0x20,0x01,0xeb,0xf6,0x6f,0x20,0x08,0xf4,0xf6,0x6f,0x20,0x1e,0x92,0xf6,
0x6f,0x20,0x8e,0x12,0xf6,0x6f,0x22,0xf8,0x02,0xf6,0x6f,0x29,0xe1,0x02,0xf6,0x6f,0x3f,0x80,0x02,0xf6,
0x6f,0xbe,0x10,0x02,0xf6,0x6f,0xf7,0x00,0x02,0xf6,0x6f,0xe1,0x00,0x02,0xf6,0x00,0x11,0x00,0x11,0x00,
0x00,0x6b,0x12,0xd3,0x00,0x00,0x0a,0xee,0x70,0x00,0x00,0x00,0x00,0x00,0x00,0x8f,0x30,0x00,0x06,0xf4,
0x2f,0x90,0x00,0x0d,0xd0,0x0a,0xe1,0x00,0x4f,0x70,0x04,0xf6,0x00,0xaf,0x10,0x00,0xdc,0x01,0xf9,0x00,
0x00,0x7f,0x37,0xf3,0x00,0x00,0x1f,0xad,0xc0,0x00,0x00,0x0a,0xff,0x60,0x00,0x00,0x04,0xfe,0x10,0x00,
0x00,0x02,0xf8,0x00,0x00,0x02,0x5b,0xf2,0x00,0x00,0x07,0xfd,0x60,0x00,0x00,0x6f,0x20,0x00,0x02,0xf7,
0x6f,0x20,0x00,0x02,0xf7,0x6f,0x20,0x00,0x02,0xf7,0x6f,0x20,0x00,0x02,0xf7,0x6f,0x20,0x00,0x02,0xf7,
0x6f,0x20,0x00,0x02,0xf7,0x6f,0x20,0x00,0x02,0xf7,0x6f,0x20,0x00,0x02,0xf7,0x6f,0x20,0x00,0x02,0xf7,
0x6f,0x20,0x00,0x02,0xf7,0x6f,0x65,0x55,0x56,0xf7,0x6f,0xff,0xff,0xff,0xf7,0x00,0x00,0xaa,0x00,0x00,
0x00,0x00,0xaa,0x00,0x00,0x00,0x00,0x55,0x00,0x00,0x00,0x00,0x9f,0x80,0x00,0x00,0x00,0x1e,0xfe,0x00,
0x00,0x00,0x05,0xfb,0xf4,0x00,0x00,0x00,0xbe,0x1e,0xa0,0x00,0x00,0x2f,0x90,0xaf,0x10,0x00,0x07,0xf3,
0x04,0xf6,0x00,0x00,0xdd,0x00,0x0d,0xc0,0x00,0x3f,0x81,0x11,0x9f,0x20,0x09,0xff,0xff,0xff,0xf8,0x00,
0xec,0x44,0x44,0x4c,0xd0,0x5f,0x60,0x00,0x00,0x6f,0x4a,0xe1,0x00,0x00,0x01,0xe9,0x6f,0xff,0xff,0xff,
0x06,0xf6,0x44,0x44,0x40,0x6f,0x20,0x00,0x00,0x06,0xf2,0x00,0x00,0x00,0x6f,0x31,0x10,0x00,0x06,0xff,
0xff,0xec,0x50,0x6f,0x54,0x45,0xcf,0x56,0xf2,0x00,0x01,0xeb,0x6f,0x20,0x00,0x0d,0xc6,0xf2,0x00,0x01,
0xfb,0x6f,0x64,0x56,0xcf,0x56,0xff,0xff,0xec,0x50,0x6f,0xff,0xfd,0xa2,0x06,0xf6,0x45,0x7e,0xd1,0x6f,
0x20,0x00,0x5f,0x46,0xf2,0x00,0x04,0xf4,0x6f,0x31,0x13,0xcd,0x16,0xff,0xff,0xfd,0x30,0x6f,0x54,0x45,
0xce,0x26,0xf2,0x00,0x01,0xe9,0x6f,0x20,0x00,0x0d,0xc6,0xf2,0x00,0x01,0xfb,0x6f,0x64,0x56,0xcf,0x56,
0xff,0xff,0xeb,0x40,0x6f,0xff,0xff,0xfc,0x6f,0x65,0x55,0x54,0x6f,0x20,0x00,0x00,0x6f,0x20,0x00,0x00,
0x6f,0x20,0x00,0x00,0x6f,0x20,0x00,0x00,0x6f,0x20,0x00,0x00,0x6f,0x20,0x00,0x00,0x6f,0x20,0x00,0x00,
0x6f,0x20,0x00,0x00,0x6f,0x20,0x00,0x00,0x6f,0x20,0x00,0x00,0x00,0x08,0xff,0xff,0xff,0x60,0x00,0x08,
0xf5,0x55,0x7f,0x60,0x00,0x08,0xf0,0x00,0x3f,0x60,0x00,0x09,0xf0,0x00,0x3f,0x60,0x00,0x09,0xf0,0x00,
0x3f,0x60,0x00,0x0a,0xe0,0x00,0x3f,0x60,0x00,0x0c,0xc0,0x00,0x3f,0x60,0x00,0x0e,0xa0,0x00,0x3f,0x60,
0x00,0x2f,0x70,0x00,0x3f,0x60,0x00,0x7f,0x30,0x00,0x3f,0x60,0x17,0xfd,0x55,0x55,0x7f,0x94,0x3f,0xff,
0xff,0xff,0xff,0xfb,0x3f,0x20,0x00,0x00,0x00,0x9b,0x3f,0x20,0x00,0x00,0x00,0x9b,0x28,0x10,0x00,0x00,
0x00,0x56,0x6f,0xff,0xff,0xfe,0x06,0xf6,0x55,0x55,0x50,0x6f,0x20,0x00,0x00,0x06,0xf2,0x00,0x00,0x00,
0x6f,0x31,0x11,0x11,0x06,0xff,0xff,0xff,0xb0,0x6f,0x64,0x44,0x43,0x06,0xf2,0x00,0x00,0x00,0x6f,0x20,
0x00,0x00,0x06,0xf2,0x00,0x00,0x00,0x6f,0x65,0x55,0x55,0x06,0xff,0xff,0xff,0xf1,0x1d,0xd1,0x00,0x03,
0xf6,0x00,0x00,0xbf,0x40,0x2e,0xc1,0x00,0x3f,0x60,0x00,0x9f,0x50,0x00,0x3e,0xb0,0x03,0xf6,0x00,0x8f,
0x60,0x00,0x00,0x4f,0xa0,0x3f,0x60,0x6f,0x80,0x00,0x00,0x00,0x6f,0x83,0xf6,0x5f,0xa0,0x00,0x00,0x00,
0x0a,0xff,0x9f,0xaf,0xfd,0x00,0x00,0x00,0x04,0xf6,0x9f,0xff,0xc3,0xf7,0x00,0x00,0x00,0xdb,0x00,0xaf,
0xd1,0x08,0xf2,0x00,0x00,0x8f,0x20,0x03,0xf6,0x00,0x1d,0xb0,0x00,0x2f,0x80,0x00,0x3f,0x60,0x00,0x4f,
0x50,0x0b,0xd1,0x00,0x03,0xf6,0x00,0x00,0xae,0x16,0xf4,0x00,0x00,0x3f,0x60,0x00,0x01,0xe9,0x6b,0xef,
0xdb,0x40,0x0c,0xa6,0x56,0xbf,0x60,0x00,0x00,0x00,0xcd,0x00,0x00,0x00,0x0b,0xd0,0x00,0x11,0x26,0xf6,
0x00,0x0e,0xff,0xf7,0x00,0x00,0x34,0x59,0xf7,0x00,0x00,0x00,0x09,0xf1,0x00,0x00,0x00,0x6f,0x32,0x00,
0x00,0x0a,0xf1,0xea,0x65,0x7b,0xf7,0x06,0xbe,0xfd,0xa4,0x00,0x6f,0x20,0x00,0x1e,0xf6,0x6f,0x20,0x00,
0x7f,0xf6,0x6f,0x20,0x01,0xeb,0xf6,0x6f,0x20,0x08,0xf4,0xf6,0x6f,0x20,0x1e,0x92,0xf6,0x6f,0x20,0x8e,
0x12,0xf6,0x6f,0x22,0xf8,0x02,0xf6,0x6f,0x29,0xe1,0x02,0xf6,0x6f,0x3f,0x80,0x02,0xf6,0x6f,0xbe,0x10,
0x02,0xf6,0x6f,0xf7,0x00,0x02,0xf6,0x6f,0xe1,0x00,0x02,0xf6,0x00,0x11,0x00,0x11,0x00,0x00,0x6b,0x12,
0xd3,0x00,0x00,0x09,0xee,0x80,0x00,0x00,0x00,0x00,0x00,0x00,0x6f,0x20,0x00,0x1e,0xf6,0x6f,0x20,0x00,
0x7f,0xf6,0x6f,0x20,0x01,0xeb,0xf6,0x6f,0x20,0x08,0xf4,0xf6,0x6f,0x20,0x1e,0x92,0xf6,0x6f,0x20,0x8e,
0x12,0xf6,0x6f,0x22,0xf8,0x02,0xf6,0x6f,0x29,0xe1,0x02,0xf6,0x6f,0x3f,0x80,0x02,0xf6,0x6f,0xbe,0x10,
0x02,0xf6,0x6f,0xf7,0x00,0x02,0xf6,0x6f,0xe1,0x00,0x02,0xf6,0x6f,0x20,0x00,0x0a,0xf5,0x06,0xf2,0x00,
0x09,0xf6,0x00,0x6f,0x20,0x09,0xf7,0x00,0x06,0xf2,0x08,0xf7,0x00,0x00,0x6f,0x27,0xf9,0x00,0x00,0x06,
0xf9,0xff,0xc0,0x00,0x00,0x6f,0xf9,0x4f,0x70,0x00,0x06,0xfa,0x00,0x9f,0x20,0x00,0x6f,0x20,0x01,0xeb,
0x00,0x06,0xf2,0x00,0x05,0xf6,0x00,0x6f,0x20,0x00,0x0a,0xe2,0x06,0xf2,0x00,0x00,0x1e,0xb0,0x00,0x07,
0xff,0xff,0xff,0x70,0x00,0x7f,0x65,0x56,0xf7,0x00,0x07,0xf1,0x00,0x2f,0x70,0x00,0x8f,0x10,0x02,0xf7,
0x00,0x08,0xf1,0x00,0x2f,0x70,0x00,0x9f,0x00,0x02,0xf7,0x00,0x0b,0xe0,0x00,0x2f,0x70,0x00,0xdc,0x00,
0x02,0xf7,0x00,0x1f,0x90,0x00,0x2f,0x70,0x08,0xf4,0x00,0x02,0xf7,0x2a,0xfa,0x00,0x00,0x2f,0x75,0xc6,
0x00,0x00,0x02,0xf7,0x6f,0xf2,0x00,0x00,0x4f,0xf4,0x6f,0xe7,0x00,0x00,0xae,0xf4,0x6f,0x9d,0x00,0x01,
0xf9,0xf4,0x6f,0x4f,0x30,0x06,0xe5,0xf4,0x6f,0x2c,0x90,0x0b,0x94,0xf4,0x6f,0x26,0xe0,0x2f,0x34,0xf4,
0x6f,0x21,0xf4,0x7d,0x04,0xf4,0x6f,0x20,0xaa,0xd8,0x04,0xf4,0x6f,0x20,0x5f,0xf2,0x04,0xf4,0x6f,0x20,
0x0a,0x90,0x04,0xf4,0x6f,0x20,0x00,0x00,0x04,0xf4,0x6f,0x20,0x00,0x00,0x04,0xf4,0x6f,0x20,0x00,0x02,
0xf7,0x6f,0x20,0x00,0x02,0xf7,0x6f,0x20,0x00,0x02,0xf7,0x6f,0x20,0x00,0x02,0xf7,0x6f,0x31,0x11,0x12,
0xf7,0x6f,0xff,0xff,0xff,0xf7,0x6f,0x64,0x44,0x45,0xf7,0x6f,0x20,0x00,0x02,0xf7,0x6f,0x20,0x00,0x02,
0xf7,0x6f,0x20,0x00,0x02,0xf7,0x6f,0x20,0x00,0x02,0xf7,0x6f,0x20,0x00,0x02,0xf7,0x00,0x04,0xbe,0xfd,
0x81,0x00,0x00,0x7f,0xc6,0x58,0xed,0x20,0x03,0xfa,0x00,0x00,0x2e,0xc0,0x0a,0xf1,0x00,0x00,0x07,0xf4,
0x0e,0xb0,0x00,0x00,0x02,0xf8,0x1f,0x90,0x00,0x00,0x01,0xfa,0x1f,0x90,0x00,0x00,0x01,0xfa,0x0e,0xb0,
0x00,0x00,0x02,0xf8,0x0a,0xe1,0x00,0x00,0x07,0xf4,0x04,0xfa,0x00,0x00,0x2e,0xc0,0x00,0x7f,0xc6,0x58,
0xee,0x20,0x00,0x04,0xbe,0xfd,0x91,0x00,0x6f,0xff,0xff,0xff,0xf7,0x6f,0x65,0x55,0x56,0xf7,0x6f,0x20,
0x00,0x02,0xf7,0x6f,0x20,0x00,0x02,0xf7,0x6f,0x20,0x00,0x02,0xf7,0x6f,0x20,0x00,0x02,0xf7,0x6f,0x20,
0x00,0x02,0xf7,0x6f,0x20,0x00,0x02,0xf7,0x6f,0x20,0x00,0x02,0xf7,0x6f,0x20,0x00,0x02,0xf7,0x6f,0x20,
0x00,0x02,0xf7,0x6f,0x20,0x00,0x02,0xf7,0x6f,0xff,0xec,0x60,0x06,0xf6,0x45,0xbf,0x80,0x6f,0x20,0x00,
0xce,0x06,0xf2,0x00,0x09,0xf1,0x6f,0x20,0x00,0xbf,0x06,0xf3,0x12,0x7f,0xa0,0x6f,0xff,0xff,0xa1,0x06,
0xf5,0x43,0x10,0x00,0x6f,0x20,0x00,0x00,0x06,0xf2,0x00,0x00,0x00,0x6f,0x20,0x00,0x00,0x06,0xf2,0x00,
0x00,0x00,0x00,0x03,0xae,0xfe,0xb5,0x00,0x06,0xfc,0x75,0x6a,0xf4,0x03,0xfa,0x00,0x00,0x03,0x30,0xae,
0x10,0x00,0x00,0x00,0x0e,0xb0,0x00,0x00,0x00,0x01,0xf9,0x00,0x00,0x00,0x00,0x1f,0x90,0x00,0x00,0x00,
0x00,0xeb,0x00,0x00,0x00,0x00,0x0a,0xe1,0x00,0x00,0x00,0x00,0x3f,0xa0,0x00,0x00,0x33,0x00,0x6f,0xc7,
0x56,0xaf,0x40,0x00,0x3a,0xef,0xeb,0x50,0x1f,0xff,0xff,0xff,0xff,0xc0,0x55,0x55,0xec,0x55,0x54,0x00,
0x00,0x0e,0xa0,0x00,0x00,0x00,0x00,0xea,0x00,0x00,0x00,0x00,0x0e,0xa0,0x00,0x00,0x00,0x00,0xea,0x00,
0x00,0x00,0x00,0x0e,0xa0,0x00,0x00,0x00,0x00,0xea,0x00,0x00,0x00,0x00,0x0e,0xa0,0x00,0x00,0x00,0x00,
0xea,0x00,0x00,0x00,0x00,0x0e,0xa0,0x00,0x00,0x00,0x00,0xea,0x00,0x00,0x8f,0x30,0x00,0x06,0xf4,0x2f,
0x90,0x00,0x0d,0xd0,0x0a,0xe1,0x00,0x4f,0x70,0x04,0xf6,0x00,0xaf,0x10,0x00,0xdc,0x01,0xf9,0x00,0x00,
0x7f,0x37,0xf3,0x00,0x00,0x1f,0xad,0xc0,0x00,0x00,0x0a,0xff,0x60,0x00,0x00,0x04,0xfe,0x10,0x00,0x00,
0x02,0xf8,0x00,0x00,0x02,0x5b,0xf2,0x00,0x00,0x07,0xfd,0x60,0x00,0x00,0x00,0x00,0x00,0xda,0x00,0x00,
0x00,0x00,0x49,0xcf,0xec,0x83,0x00,0x00,0xaf,0xd9,0xed,0xae,0xf7,0x00,0x7f,0x80,0x0d,0xa0,0x1b,0xf4,
0x0d,0xd0,0x00,0xda,0x00,0x2f,0xa0,0xfa,0x00,0x0d,0xa0,0x00,0xdc,0x0f,0xb0,0x00,0xda,0x00,0x0e,0xc0,
0xce,0x10,0x0d,0xa0,0x03,0xf8,0x04,0xfc,0x30,0xda,0x04,0xde,0x20,0x05,0xef,0xdf,0xee,0xfc,0x30,0x00,
0x00,0x47,0xed,0x73,0x00,0x00,0x00,0x00,0x0d,0xa0,0x00,0x00,0x0a,0xe1,0x00,0x00,0xcd,0x10,0x1e,0xa0,
0x00,0x7f,0x40,0x00,0x6f,0x50,0x2f,0x90,0x00,0x00,0xbe,0x1b,0xd1,0x00,0x00,0x02,0xed,0xf4,0x00,0x00,
0x00,0x08,0xfa,0x00,0x00,0x00,0x01,0xdf,0xd1,0x00,0x00,0x00,0x9e,0x4f,0x90,0x00,0x00,0x4f,0x70,0x7f,
0x30,0x00,0x1d,0xc0,0x00,0xcd,0x00,0x08,0xf3,0x00,0x03,0xf8,0x03,0xf8,0x00,0x00,0x08,0xf3,0x6f,0x20,
0x00,0x02,0xf7,0x06,0xf2,0x00,0x00,0x2f,0x70,0x6f,0x20,0x00,0x02,0xf7,0x06,0xf2,0x00,0x00,0x2f,0x70,
0x6f,0x20,0x00,0x02,0xf7,0x06,0xf2,0x00,0x00,0x2f,0x70,0x6f,0x20,0x00,0x02,0xf7,0x06,0xf2,0x00,0x00,
0x2f,0x70,0x6f,0x20,0x00,0x02,0xf7,0x06,0xf2,0x00,0x00,0x2f,0x70,0x6f,0x65,0x55,0x56,0xfa,0x46,0xff,
0xff,0xff,0xff,0xfc,0x00,0x00,0x00,0x00,0x08,0xc0,0x00,0x00,0x00,0x00,0x8c,0x00,0x00,0x00,0x00,0x04,
0x60,0x9e,0x00,0x00,0x3f,0x69,0xe0,0x00,0x03,0xf6,0x9e,0x00,0x00,0x3f,0x69,0xe0,0x00,0x03,0xf6,0x7f,
0x20,0x00,0x3f,0x63,0xfa,0x21,0x14,0xf6,0x07,0xff,0xff,0xff,0x60,0x01,0x34,0x46,0xf6,0x00,0x00,0x00,
0x3f,0x60,0x00,0x00,0x03,0xf6,0x00,0x00,0x00,0x3f,0x60,0x00,0x00,0x03,0xf6,0x6f,0x20,0x00,0x4f,0x50,
0x00,0x0f,0x86,0xf2,0x00,0x04,0xf5,0x00,0x00,0xf8,0x6f,0x20,0x00,0x4f,0x50,0x00,0x0f,0x86,0xf2,0x00,
0x04,0xf5,0x00,0x00,0xf8,0x6f,0x20,0x00,0x4f,0x50,0x00,0x0f,0x86,0xf2,0x00,0x04,0xf5,0x00,0x00,0xf8,
0x6f,0x20,0x00,0x4f,0x50,0x00,0x0f,0x86,0xf2,0x00,0x04,0xf5,0x00,0x00,0xf8,0x6f,0x20,0x00,0x4f,0x50,
0x00,0x0f,0x86,0xf2,0x00,0x04,0xf5,0x00,0x00,0xf8,0x6f,0x65,0x55,0x7f,0x85,0x55,0x5f,0x86,0xff,0xff,
0xff,0xff,0xff,0xff,0xf8,0x6f,0x20,0x00,0x4f,0x50,0x00,0x0f,0x80,0x6f,0x20,0x00,0x4f,0x50,0x00,0x0f,
0x80,0x6f,0x20,0x00,0x4f,0x50,0x00,0x0f,0x80,0x6f,0x20,0x00,0x4f,0x50,0x00,0x0f,0x80,0x6f,0x20,0x00,
0x4f,0x50,0x00,0x0f,0x80,0x6f,0x20,0x00,0x4f,0x50,0x00,0x0f,0x80,0x6f,0x20,0x00,0x4f,0x50,0x00,0x0f,
0x80,0x6f,0x20,0x00,0x4f,0x50,0x00,0x0f,0x80,0x6f,0x20,0x00,0x4f,0x50,0x00,0x0f,0x80,0x6f,0x20,0x00,
0x4f,0x50,0x00,0x0f,0x80,0x6f,0x65,0x55,0x7f,0x85,0x55,0x5f,0xa4,0x6f,0xff,0xff,0xff,0xff,0xff,0xff,
0xfd,0x00,0x00,0x00,0x00,0x00,0x00,0x00,0x7d,0x00,0x00,0x00,0x00,0x00,0x00,0x00,0x7d,0x00,0x00,0x00,
0x00,0x00,0x00,0x00,0x37,0x8f,0xff,0xf8,0x00,0x00,0x00,0x03,0x55,0x6f,0x80,0x00,0x00,0x00,0x00,0x01,
0xf8,0x00,0x00,0x00,0x00,0x00,0x1f,0x80,0x00,0x00,0x00,0x00,0x01,0xf8,0x11,0x00,0x00,0x00,0x00,0x1f,
0xff,0xff,0xd7,0x10,0x00,0x01,0xf9,0x44,0x49,0xfa,0x00,0x00,0x1f,0x80,0x00,0x0a,0xf1,0x00,0x01,0xf8,
0x00,0x00,0x8f,0x20,0x00,0x1f,0x80,0x00,0x0b,0xf1,0x00,0x01,0xfa,0x44,0x5a,0xfa,0x00,0x00,0x1f,0xff,
0xfe,0xc7,0x00,0x6f,0x20,0x00,0x00,0x00,0xf8,0x6f,0x20,0x00,0x00,0x00,0xf8,0x6f,0x20,0x00,0x00,0x00,
0xf8,0x6f,0x20,0x00,0x00,0x00,0xf8,0x6f,0x31,0x10,0x00,0x00,0xf8,0x6f,0xff,0xfe,0xc5,0x00,0xf8,0x6f,
0x54,0x45,0xcf,0x50,0xf8,0x6f,0x20,0x00,0x1e,0xb0,0xf8,0x6f,0x20,0x00,0x0d,0xc0,0xf8,0x6f,0x20,0x00,
0x1f,0xb0,0xf8,0x6f,0x64,0x56,0xcf,0x50,0xf8,0x6f,0xff,0xfe,0xb4,0x00,0xf8,0x6f,0x20,0x00,0x00,0x06,
0xf2,0x00,0x00,0x00,0x6f,0x20,0x00,0x00,0x06,0xf2,0x00,0x00,0x00,0x6f,0x31,0x10,0x00,0x06,0xff,0xff,
0xec,0x50,0x6f,0x54,0x45,0xcf,0x56,0xf2,0x00,0x01,0xeb,0x6f,0x20,0x00,0x0d,0xc6,0xf2,0x00,0x01,0xfb,
0x6f,0x64,0x56,0xcf,0x56,0xff,0xff,0xeb,0x40,0x04,0xad,0xfe,0xb5,0x00,0x02,0xfb,0x65,0x6a,0xf9,0x00,
0x13,0x00,0x00,0x06,0xf6,0x00,0x00,0x00,0x00,0x0c,0xd0,0x00,0x11,0x11,0x11,0x8f,0x20,0x09,0xff,0xff,
0xff,0xf4,0x00,0x24,0x44,0x44,0x9f,0x40,0x00,0x00,0x00,0x0a,0xf2,0x00,0x00,0x00,0x01,0xed,0x02,0x60,
0x00,0x00,0x9f,0x60,0x2f,0xc7,0x56,0xbf,0x90,0x00,0x3a,0xdf,0xeb,0x50,0x00,0x5f,0x40,0x00,0x17,0xce,
0xec,0x60,0x00,0x5f,0x40,0x01,0xcf,0x95,0x5a,0xfb,0x00,0x5f,0x40,0x0a,0xf5,0x00,0x00,0x6f,0x70,0x5f,
0x40,0x2f,0xc0,0x00,0x00,0x0b,0xe0,0x5f,0x41,0x6f,0x70,0x00,0x00,0x07,0xf3,0x5f,0xff,0xff,0x50,0x00,
0x00,0x05,0xf5,0x5f,0x64,0x8f,0x50,0x00,0x00,0x05,0xf5,0x5f,0x40,0x3f,0x70,0x00,0x00,0x07,0xf3,0x5f,
0x40,0x0d,0xc0,0x00,0x00,0x0b,0xe0,0x5f,0x40,0x06,0xf5,0x00,0x00,0x6f,0x80,0x5f,0x40,0x00,0xaf,0x95,
0x5a,0xfb,0x00,0x5f,0x40,0x00,0x06,0xce,0xec,0x60,0x00,0x02,0x9d,0xff,0xff,0x81,0xde,0x85,0x45,0xf8,
0x6f,0x70,0x00,0x0f,0x88,0xf4,0x00,0x00,0xf8,0x7f,0x60,0x00,0x0f,0x82,0xed,0x41,0x11,0xf8,0x03,0xbf,
0xff,0xff,0x80,0x01,0xeb,0x44,0xf8,0x00,0xae,0x20,0x0f,0x80,0x5f,0x60,0x00,0xf8,0x1e,0xb0,0x00,0x0f,
0x89,0xe2,0x00,0x00,0xf8,0x03,0xad,0xfd,0x91,0x00,0x48,0x54,0x6d,0xc0,0x00,0x00,0x00,0x3f,0x30,0x07,
0xce,0xff,0xf5,0x08,0xe7,0x32,0x4f,0x50,0xe8,0x00,0x03,0xf5,0x0e,0x70,0x00,0x8f,0x50,0xad,0x21,0x6e,
0xf5,0x01,0xae,0xeb,0x3f,0x50,0x00,0x00,0x00,0x01,0x00,0x00,0x6c,0xef,0xf3,0x00,0xbf,0x84,0x33,0x00,
0x7f,0x40,0x00,0x00,0x0e,0x90,0x00,0x00,0x01,0xf8,0xbe,0xeb,0x30,0x2f,0xfc,0x55,0xce,0x31,0xfe,0x10,
0x01,0xea,0x1f,0x90,0x00,0x0a,0xe0,0xf8,0x00,0x00,0x8f,0x0e,0x90,0x00,0x0a,0xe0,0xae,0x10,0x01,0xea,
0x02,0xec,0x55,0xce,0x30,0x03,0xbe,0xeb,0x30,0x8f,0xff,0xeb,0x20,0x8e,0x22,0x4d,0xd0,0x8d,0x00,0x06,
0xf1,0x8d,0x00,0x2b,0xc0,0x8f,0xff,0xfd,0x30,0x8e,0x33,0x4a,0xe2,0x8d,0x00,0x02,0xf6,0x8e,0x22,0x39,
0xf4,0x8f,0xff,0xec,0x50,0x8f,0xff,0xff,0x98,0xe2,0x22,0x21,0x8e,0x00,0x00,0x08,0xe0,0x00,0x00,0x8e,
0x00,0x00,0x08,0xe0,0x00,0x00,0x8e,0x00,0x00,0x08,0xe0,0x00,0x00,0x8e,0x00,0x00,0x00,0x00,0x0c,0xff,
0xff,0xf1,0x00,0x00,0xca,0x22,0x7f,0x10,0x00,0x0d,0x90,0x05,0xf1,0x00,0x00,0xe8,0x00,0x5f,0x10,0x00,
0x0f,0x70,0x05,0xf1,0x00,0x03,0xf5,0x00,0x5f,0x10,0x00,0x7f,0x10,0x05,0xf1,0x00,0x4e,0xb2,0x22,0x7f,
0x31,0x2f,0xff,0xff,0xff,0xff,0x42,0xf0,0x00,0x00,0x00,0xe4,0x2f,0x00,0x00,0x00,0x0e,0x40,0x30,0x00,
0x00,0x00,0x31,0x00,0x3a,0xef,0xc4,0x00,0x3e,0xc5,0x4a,0xf3,0x0b,0xd1,0x00,0x0c,0xa0,0xf8,0x00,0x00,
0x8e,0x1f,0xff,0xff,0xff,0xf0,0xf9,0x22,0x22,0x22,0x0b,0xc0,0x00,0x00,0x00,0x3e,0xc6,0x45,0x88,0x00,
0x2a,0xef,0xda,0x40,0x08,0xe3,0x00,0x8e,0x00,0x0a,0xd1,0x00,0xae,0x20,0x8e,0x00,0x9e,0x20,0x00,0x0b,
0xd1,0x8e,0x08,0xe3,0x00,0x00,0x01,0xfc,0x8e,0x6f,0x70,0x00,0x00,0x08,0xed,0xff,0xfc,0xd1,0x00,0x00,
0x3f,0x52,0xdf,0x71,0xd9,0x00,0x00,0xcb,0x00,0x8e,0x00,0x4f,0x40,0x07,0xe2,0x00,0x8e,0x00,0x0a,0xd1,
0x2f,0x60,0x00,0x8e,0x00,0x01,0xe8,0x7d,0xee,0xc4,0x05,0x64,0x5a,0xf2,0x00,0x01,0x6f,0x40,0x4f,0xff,
0xb0,0x01,0x34,0x97,0x00,0x00,0x00,0xe5,0x00,0x00,0x1e,0x8a,0x54,0x5b,0xf4,0xad,0xfe,0xb4,0x00,0x8d,
0x00,0x03,0xfe,0x8d,0x00,0x0c,0xfe,0x8d,0x00,0x6f,0x9e,0x8d,0x01,0xe8,0x7e,0x8d,0x08,0xd1,0x7e,0x8d,
0x2f,0x50,0x7e,0x8d,0xbb,0x00,0x7e,0x8f,0xf3,0x00,0x7e,0x8f,0x90,0x00,0x7e,0x00,0x10,0x01,0x10,0x01,
0xe3,0x2a,0x80,0x00,0x6e,0xeb,0x10,0x00,0x00,0x00,0x00,0x8d,0x00,0x03,0xfe,0x8d,0x00,0x0c,0xfe,0x8d,
0x00,0x6f,0x9e,0x8d,0x01,0xe8,0x7e,0x8d,0x08,0xd1,0x7e,0x8d,0x2f,0x50,0x7e,0x8d,0xbb,0x00,0x7e,0x8f,
0xf3,0x00,0x7e,0x8f,0x90,0x00,0x7e,0x8d,0x00,0x08,0xf4,0x08,0xd0,0x07,0xf4,0x00,0x8d,0x07,0xf5,0x00,
0x08,0xd6,0xf8,0x00,0x00,0x8f,0xfb,0xe2,0x00,0x08,0xf6,0x0d,0xb0,0x00,0x8d,0x00,0x3f,0x60,0x08,0xd0,
0x00,0x7e,0x20,0x8d,0x00,0x00,0xcc,0x00,0x00,0x0f,0xff,0xff,0xe0,0x00,0xf8,0x22,0x9e,0x00,0x1f,0x60,
0x08,0xe0,0x01,0xf6,0x00,0x8e,0x00,0x2f,0x50,0x08,0xe0,0x04,0xf2,0x00,0x8e,0x00,0x9e,0x00,0x08,0xe2,
0x9f,0x70,0x00,0x8e,0x6c,0x60,0x00,0x08,0xe0,0x8f,0xc0,0x00,0x0a,0xf9,0x8e,0xf3,0x00,0x2f,0xe9,0x8e,
0xa9,0x00,0x8b,0xc9,0x8e,0x3e,0x10,0xd5,0xc9,0x8e,0x0c,0x65,0xd0,0xc9,0x8e,0x06,0xcb,0x70,0xc9,0x8e,
0x01,0xef,0x10,0xc9,0x8e,0x00,0x33,0x00,0xc9,0x8e,0x00,0x00,0x00,0xc9,0x8e,0x00,0x00,0x7f,0x08,0xe0,
0x00,0x07,0xf0,0x8e,0x00,0x00,0x7f,0x08,0xe0,0x00,0x07,0xf0,0x8f,0xff,0xff,0xff,0x08,0xe3,0x33,0x38,
0xf0,0x8e,0x00,0x00,0x7f,0x08,0xe0,0x00,0x07,0xf0,0x8e,0x00,0x00,0x7f,0x00,0x00,0x4c,0xfe,0xb2,0x00,
0x4f,0xb5,0x5d,0xe2,0x0c,0xd0,0x00,0x2f,0x90,0xf8,0x00,0x00,0xbd,0x1f,0x70,0x00,0x0a,0xe0,0xf8,0x00,
0x00,0xbc,0x0c,0xd0,0x00,0x2f,0x90,0x4f,0xb5,0x5d,0xe2,0x00,0x4c,0xfe,0xb2,0x00,0x8f,0xff,0xff,0xff,
0x08,0xe2,0x22,0x28,0xf0,0x8e,0x00,0x00,0x7f,0x08,0xe0,0x00,0x07,0xf0,0x8e,0x00,0x00,0x7f,0x08,0xe0,
0x00,0x07,0xf0,0x8e,0x00,0x00,0x7f,0x08,0xe0,0x00,0x07,0xf0,0x8e,0x00,0x00,0x7f,0x00,0x8e,0x4c,0xfd,
0x70,0x08,0xfd,0x31,0x6f,0x60,0x8f,0x40,0x00,0x9e,0x08,0xf0,0x00,0x05,0xf2,0x8e,0x00,0x00,0x4f,0x48,
0xf1,0x00,0x05,0xf2,0x8f,0x60,0x00,0xae,0x08,0xed,0x74,0x9f,0x60,0x8e,0x3c,0xfd,0x70,0x08,0xe0,0x00,
0x00,0x00,0x8e,0x00,0x00,0x00,0x08,0xe0,0x00,0x00,0x00,0x00,0x3a,0xef,0xd7,0x03,0xec,0x64,0x69,0x0b,
0xd1,0x00,0x00,0x0f,0x80,0x00,0x00,0x1f,0x70,0x00,0x00,0x0f,0x80,0x00,0x00,0x0b,0xe1,0x00,0x00,0x03,
0xed,0x64,0x69,0x00,0x3a,0xef,0xd7,0x8f,0xff,0xff,0xff,0xd1,0x22,0x3f,0x72,0x22,0x00,0x01,0xf6,0x00,
0x00,0x00,0x1f,0x60,0x00,0x00,0x01,0xf6,0x00,0x00,0x00,0x1f,0x60,0x00,0x00,0x01,0xf6,0x00,0x00,0x00,
0x1f,0x60,0x00,0x00,0x01,0xf6,0x00,0x00,0x5f,0x30,0x00,0x0b,0xc0,0xd9,0x00,0x02,0xf6,0x07,0xe1,0x00,
0x8e,0x10,0x1f,0x60,0x0e,0x90,0x00,0xac,0x05,0xf3,0x00,0x04,0xf3,0xbc,0x00,0x00,0x0c,0xbf,0x60,0x00,
0x00,0x6f,0xe0,0x00,0x00,0x01,0xf8,0x00,0x00,0x00,0x6f,0x20,0x00,0x02,0x4d,0xa0,0x00,0x00,0xbf,0xb2,
0x00,0x00,0x00,0x00,0x00,0xd8,0x00,0x00,0x00,0x00,0x00,0x0d,0x80,0x00,0x00,0x00,0x00,0x00,0xd8,0x00,
0x00,0x00,0x07,0xee,0x6d,0x9a,0xec,0x30,0x05,0xf8,0x4b,0xfe,0x84,0xbe,0x10,0xca,0x00,0x1e,0xa0,0x01,
0xe7,0x0f,0x70,0x00,0xd8,0x00,0x0b,0xa1,0xf6,0x00,0x0d,0x80,0x00,0xbc,0x0f,0x70,0x00,0xd8,0x00,0x0c,
0xa0,0xcb,0x00,0x1e,0xa0,0x01,0xe8,0x06,0xf8,0x4b,0xfe,0x84,0xbe,0x10,0x07,0xee,0x6d,0x99,0xed,0x40,
0x00,0x00,0x00,0xd8,0x00,0x00,0x00,0x00,0x00,0x0d,0x80,0x00,0x00,0x00,0x00,0x00,0xd8,0x00,0x00,0x00,
0x1d,0xc0,0x00,0x4f,0x60,0x3f,0x80,0x1e,0xa0,0x00,0x7f,0x4b,0xd1,0x00,0x00,0xbf,0xf4,0x00,0x00,0x05,
0xfc,0x00,0x00,0x01,0xec,0xf7,0x00,0x00,0xbd,0x18,0xf3,0x00,0x7f,0x40,0x0c,0xd1,0x3f,0x80,0x00,0x2e,
0x90,0x8e,0x00,0x00,0x7f,0x00,0x8e,0x00,0x00,0x7f,0x00,0x8e,0x00,0x00,0x7f,0x00,0x8e,0x00,0x00,0x7f,
0x00,0x8e,0x00,0x00,0x7f,0x00,0x8e,0x00,0x00,0x7f,0x00,0x8e,0x00,0x00,0x7f,0x00,0x8e,0x22,0x22,0x8f,
0x30,0x8f,0xff,0xff,0xff,0xf2,0x00,0x00,0x00,0x00,0xf2,0x00,0x00,0x00,0x00,0xf2,0x00,0x00,0x00,0x00,
0x30,0xc9,0x00,0x07,0xfc,0x90,0x00,0x7f,0xca,0x00,0x07,0xf9,0xe3,0x00,0x7f,0x1c,0xff,0xff,0xf0,0x02,
0x33,0x8f,0x00,0x00,0x07,0xf0,0x00,0x00,0x7f,0x00,0x00,0x07,0xf0,0x8e,0x00,0x06,0xf1,0x00,0x4f,0x38,
0xe0,0x00,0x6f,0x10,0x04,0xf3,0x8e,0x00,0x06,0xf1,0x00,0x4f,0x38,0xe0,0x00,0x6f,0x10,0x04,0xf3,0x8e,
0x00,0x06,0xf1,0x00,0x4f,0x38,0xe0,0x00,0x6f,0x10,0x04,0xf3,0x8e,0x00,0x06,0xf1,0x00,0x4f,0x38,0xe2,
0x22,0x7f,0x32,0x26,0xf3,0x8f,0xff,0xff,0xff,0xff,0xff,0x30,0x8e,0x00,0x06,0xf1,0x00,0x4f,0x30,0x8e,
0x00,0x06,0xf1,0x00,0x4f,0x30,0x8e,0x00,0x06,0xf1,0x00,0x4f,0x30,0x8e,0x00,0x06,0xf1,0x00,0x4f,0x30,
0x8e,0x00,0x06,0xf1,0x00,0x4f,0x30,0x8e,0x00,0x06,0xf1,0x00,0x4f,0x30,0x8e,0x00,0x06,0xf1,0x00,0x4f,
0x30,0x8e,0x22,0x27,0xf3,0x22,0x6f,0x51,0x8f,0xff,0xff,0xff,0xff,0xff,0xf5,0x00,0x00,0x00,0x00,0x00,
0x00,0xc5,0x00,0x00,0x00,0x00,0x00,0x00,0xc5,0x00,0x00,0x00,0x00,0x00,0x00,0x31,0x8f,0xff,0xc0,0x00,
0x00,0x01,0x22,0xbc,0x00,0x00,0x00,0x00,0x0a,0xc0,0x00,0x00,0x00,0x00,0xac,0x00,0x00,0x00,0x00,0x0a,
0xff,0xfe,0xb4,0x00,0x00,0xac,0x33,0x4b,0xf2,0x00,0x0a,0xc0,0x00,0x3f,0x50,0x00,0xac,0x22,0x3b,0xf2,
0x00,0x0a,0xff,0xfe,0xc4,0x00,0x8e,0x00,0x00,0x00,0x3f,0x38,0xe0,0x00,0x00,0x03,0xf3,0x8e,0x00,0x00,
0x00,0x3f,0x38,0xe0,0x00,0x00,0x03,0xf3,0x8f,0xff,0xec,0x50,0x3f,0x38,0xe3,0x33,0xaf,0x33,0xf3,0x8e,
0x00,0x02,0xf6,0x3f,0x38,0xe2,0x23,0x9f,0x33,0xf3,0x8f,0xff,0xec,0x50,0x3f,0x30,0x8e,0x00,0x00,0x00,
0x8e,0x00,0x00,0x00,0x8e,0x00,0x00,0x00,0x8e,0x00,0x00,0x00,0x8f,0xff,0xec,0x50,0x8e,0x33,0x3a,0xf3,
0x8e,0x00,0x02,0xf6,0x8e,0x22,0x39,0xf3,0x8f,0xff,0xec,0x50,0x1a,0xef,0xd8,0x10,0x2a,0x54,0x7e,0xc0,
0x00,0x00,0x05,0xf6,0x00,0x00,0x00,0xdb,0x02,0xff,0xff,0xfc,0x00,0x33,0x33,0xdb,0x00,0x00,0x02,0xf7,
0x19,0x54,0x7d,0xc1,0x1a,0xdf,0xd9,0x10,0x7e,0x00,0x18,0xdf,0xd8,0x10,0x7e,0x00,0xbf,0x84,0x7f,0xb0,
0x7e,0x03,0xf8,0x00,0x06,0xf4,0x7f,0xff,0xf3,0x00,0x01,0xf8,0x7e,0x37,0xf2,0x00,0x00,0xe9,0x7e,0x03,
0xf3,0x00,0x01,0xf8,0x7e,0x00,0xd8,0x00,0x06,0xf4,0x7e,0x00,0x6f,0x84,0x7f,0xb0,0x7e,0x00,0x06,0xdf,
0xd8,0x10,0x00,0x6c,0xef,0xff,0x40,0x4f,0x93,0x25,0xf4,0x07,0xf0,0x00,0x3f,0x40,0x5f,0x60,0x03,0xf4,
0x00,0x8e,0xff,0xff,0x40,0x00,0xbc,0x35,0xf4,0x00,0x6f,0x20,0x3f,0x40,0x2e,0x70,0x03,0xf4,0x0b,0xc0,
0x00,0x3f,0x40,0x00,0x8d,0x10,0x00,0x00,0x00,0xaa,0x00,0x00,0x00,0x01,0xc6,0x00,0x00,0x00,0x00,0x00,
0x00,0x00,0x3a,0xef,0xc4,0x00,0x3e,0xc5,0x4a,0xf3,0x0b,0xd1,0x00,0x0c,0xa0,0xf8,0x00,0x00,0x8e,0x1f,
0xff,0xff,0xff,0xf0,0xf9,0x22,0x22,0x22,0x0b,0xc0,0x00,0x00,0x00,0x3e,0xc6,0x45,0x88,0x00,0x2a,0xef,
0xda,0x40,0x00,0x19,0x41,0x94,0x00,0x02,0xf7,0x1f,0x80,0x00,0x00,0x00,0x00,0x00,0x00,0x00,0x00,0x00,
0x00,0x3a,0xef,0xc4,0x00,0x3e,0xc5,0x4a,0xf3,0x0b,0xd1,0x00,0x0c,0xa0,0xf8,0x00,0x00,0x8e,0x1f,0xff,
0xff,0xff,0xf0,0xf9,0x22,0x22,0x22,0x0b,0xc0,0x00,0x00,0x00,0x3e,0xc6,0x45,0x88,0x00,0x2a,0xef,0xda,
0x40,0x01,0x31,0x00,0x00,0x00,0x04,0xf3,0x00,0x00,0x00,0x04,0xf3,0x00,0x00,0x00,0x04,0xf3,0x00,0x00,
0x00,0x9f,0xff,0xff,0xf6,0x00,0x15,0xf4,0x22,0x21,0x00,0x04,0xf3,0x00,0x00,0x00,0x04,0xf4,0xaf,0xea,
0x10,0x04,0xfd,0x84,0x6e,0xa0,0x04,0xf8,0x00,0x08,0xf0,0x04,0xf4,0x00,0x06,0xf1,0x04,0xf3,0x00,0x06,
0xf1,0x04,0xf3,0x00,0x09,0xd0,0x00,0x00,0x00,0x2f,0x50,0x00,0x00,0x02,0xda,0x00,0x00,0x00,0x3f,0x80,
0x00,0x00,0x00,0x12,0x00,0x00,0x00,0x00,0x4f,0x40,0x00,0x1d,0x60,0x00,0x0a,0x80,0x00,0x00,0x00,0x00,
0x8f,0xff,0xff,0x98,0xe2,0x22,0x21,0x8e,0x00,0x00,0x08,0xe0,0x00,0x00,0x8e,0x00,0x00,0x08,0xe0,0x00,
0x00,0x8e,0x00,0x00,0x08,0xe0,0x00,0x00,0x8e,0x00,0x00,0x00,0x00,0x3a,0xef,0xd7,0x03,0xed,0x64,0x69,
0x0b,0xe1,0x00,0x00,0x0f,0x90,0x00,0x00,0x1f,0xff,0xff,0xc0,0x0f,0x93,0x33,0x20,0x0b,0xc0,0x00,0x00,
0x03,0xeb,0x54,0x68,0x00,0x3b,0xef,0xd7,0x02,0xae,0xfd,0xa1,0x0c,0xc5,0x35,0x91,0x0f,0x60,0x00,0x00,
0x0c,0xd6,0x30,0x00,0x02,0x9e,0xfd,0x70,0x00,0x00,0x38,0xf5,0x00,0x00,0x00,0xf8,0x2c,0x64,0x49,0xf4,
0x19,0xde,0xec,0x50,0x7e,0x6c,0x00,0x7e,0x7e,0x7e,0x7e,0x7e,0x7e,0x7e,0x7e,0x7e,0x1f,0x80,0xf8,0x19,
0x40,0x95,0x00,0x00,0x00,0x00,0x7e,0x00,0x00,0x7e,0x00,0x00,0x7e,0x00,0x00,0x7e,0x00,0x00,0x7e,0x00,
0x00,0x7e,0x00,0x00,0x7e,0x00,0x00,0x7e,0x00,0x00,0x7e,0x00,0x00,0x6c,0x00,0x7e,0x00,0x00,0x00,0x00,
0x00,0x7e,0x00,0x7e,0x00,0x7e,0x00,0x7e,0x00,0x7e,0x00,0x7e,0x00,0x7e,0x00,0x7e,0x00,0x7e,0x00,0x8d,
0x14,0xda,0x4e,0xb2,0x00,0x0f,0xff,0xff,0xa0,0x00,0x00,0x00,0x0f,0x82,0x2c,0xa0,0x00,0x00,0x00,0x1f,
0x60,0x0c,0xa0,0x00,0x00,0x00,0x1f,0x60,0x0c,0xa0,0x00,0x00,0x00,0x2f,0x50,0x0c,0xff,0xec,0x50,0x00,
0x4f,0x30,0x0c,0xb3,0x39,0xf4,0x00,0x9e,0x00,0x0c,0xa0,0x01,0xf7,0x28,0xf7,0x00,0x0c,0xb2,0x39,0xf4,
0x6c,0x60,0x00,0x0c,0xff,0xec,0x60,0x8e,0x00,0x00,0xc9,0x00,0x00,0x08,0xe0,0x00,0x0c,0x90,0x00,0x00,
0x8e,0x00,0x00,0xc9,0x00,0x00,0x08,0xe0,0x00,0x0c,0x90,0x00,0x00,0x8f,0xff,0xff,0xff,0xfe,0xc5,0x08,
0xe3,0x33,0x3d,0xa3,0x4a,0xf3,0x8e,0x00,0x00,0xc9,0x00,0x2f,0x68,0xe0,0x00,0x0c,0xa2,0x3a,0xf3,0x8e,
0x00,0x00,0xcf,0xfe,0xc5,0x00,0x01,0x31,0x00,0x00,0x00,0x04,0xf3,0x00,0x00,0x00,0x04,0xf3,0x00,0x00,
0x00,0x04,0xf3,0x00,0x00,0x00,0x9f,0xff,0xff,0xf6,0x00,0x15,0xf4,0x22,0x21,0x00,0x04,0xf3,0x00,0x00,
0x00,0x04,0xf4,0xaf,0xea,0x10,0x04,0xfd,0x84,0x6e,0x90,0x04,0xf8,0x00,0x08,0xe0,0x04,0xf4,0x00,0x06,
0xf1,0x04,0xf3,0x00,0x05,0xf1,0x04,0xf3,0x00,0x05,0xf1,0x00,0x00,0x6e,0x20,0x00,0x00,0x3e,0x40,0x00,
0x00,0x1d,0x60,0x00,0x00,0x00,0x00,0x00,0x00,0x8d,0x00,0x08,0xf4,0x08,0xd0,0x07,0xf4,0x00,0x8d,0x07,
0xf5,0x00,0x08,0xd6,0xf8,0x00,0x00,0x8f,0xfb,0xe2,0x00,0x08,0xf6,0x0d,0xb0,0x00,0x8d,0x00,0x3f,0x60,
0x08,0xd0,0x00,0x7e,0x20,0x8d,0x00,0x00,0xcc,0x00,0x08,0xd1,0x00,0x00,0x00,0xaa,0x00,0x00,0x00,0x0c,
0x60,0x00,0x00,0x00,0x00,0x00,0x8d,0x00,0x03,0xfe,0x8d,0x00,0x0c,0xfe,0x8d,0x00,0x6f,0x9e,0x8d,0x01,
0xe8,0x7e,0x8d,0x08,0xd1,0x7e,0x8d,0x2f,0x50,0x7e,0x8d,0xbb,0x00,0x7e,0x8f,0xf3,0x00,0x7e,0x8f,0x90,
0x00,0x7e,0x00,0x63,0x00,0x81,0x00,0x07,0xa2,0x5e,0x00,0x00,0x1a,0xed,0x40,0x00,0x00,0x00,0x00,0x00,
0x5f,0x30,0x00,0x0b,0xc0,0xd9,0x00,0x02,0xf6,0x07,0xe1,0x00,0x8e,0x10,0x1f,0x60,0x0e,0x90,0x00,0xac,
0x05,0xf3,0x00,0x04,0xf3,0xbc,0x00,0x00,0x0c,0xbf,0x60,0x00,0x00,0x6f,0xe0,0x00,0x00,0x01,0xf8,0x00,
0x00,0x00,0x6f,0x20,0x00,0x02,0x4d,0xa0,0x00,0x00,0xbf,0xb2,0x00,0x00,0x8e,0x00,0x00,0x7f,0x08,0xe0,
0x00,0x07,0xf0,0x8e,0x00,0x00,0x7f,0x08,0xe0,0x00,0x07,0xf0,0x8e,0x00,0x00,0x7f,0x08,0xe0,0x00,0x07,
0xf0,0x8e,0x00,0x00,0x7f,0x08,0xe2,0x22,0x28,0xf0,0x8f,0xff,0xff,0xff,0x00,0x00,0x5c,0x00,0x00,0x00,
0x05,0xc0,0x00,0x00,0x01,0x11,0x13,0xff,0xff,0x14,0x44,0x40,0x01,0x11,0x13,0xff,0xff,0x14,0x44,0x40,
0x3f,0xff,0xff,0xff,0xf6,0x02,0x22,0x22,0x22,0x21,0x3f,0xff,0xff,0xf3,0x02,0x22,0x22,0x20,0x3f,0xff,
0xff,0xff,0xff,0xff,0xff,0xf3,0x02,0x22,0x22,0x22,0x22,0x22,0x22,0x20,0xff,0xff,0xff,0xff,0xff,0xff,
0xff,0xff,0x22,0x22,0x22,0x22,0x22,0x22,0x22,0x22,0x09,0x82,0xf4,0x9f,0x18,0xd0,0x0f,0xa1,0xf8,0x5e,
0x15,0x60,0x0d,0x80,0xf9,0x4f,0x28,0x90,0x9f,0x17,0xf2,0x1e,0x60,0x56,0x09,0x80,0x6b,0x2f,0x40,0xd7,
0x9f,0x16,0xf4,0x8d,0x06,0xd3,0x0f,0xa0,0xcd,0x1f,0x80,0xdb,0x4f,0x11,0xf4,0x78,0x04,0xa0,0x0d,0x80,
0xab,0x0f,0x90,0xcc,0x4f,0x21,0xf5,0x89,0x05,0xc0,0xaf,0x07,0xf3,0x8f,0x15,0xf4,0x1e,0x50,0xd8,0x07,
0x70,0x5a,0x00,0x0a,0xa0,0x00,0x00,0x0a,0xa0,0x00,0x00,0x0a,0xa0,0x00,0x8f,0xff,0xff,0xf8,0x23,0x3b,
0xb3,0x32,0x00,0x0a,0xa0,0x00,0x00,0x0a,0xa0,0x00,0x00,0x0a,0xa0,0x00,0x00,0x0a,0xa0,0x00,0x00,0x0a,
0xa0,0x00,0x00,0x0a,0xa0,0x00,0x00,0x0a,0xa0,0x00,0x00,0x0a,0xa0,0x00,0x00,0x02,0x20,0x00,0x00,0x0a,
0xa0,0x00,0x00,0x0a,0xa0,0x00,0x00,0x0a,0xa0,0x00,0x8f,0xff,0xff,0xf8,0x23,0x3b,0xb3,0x32,0x00,0x0a,
0xa0,0x00,0x00,0x0a,0xa0,0x00,0x00,0x0a,0xa0,0x00,0x8f,0xff,0xff,0xf8,0x23,0x3b,0xb3,0x32,0x00,0x0a,
0xa0,0x00,0x00,0x0a,0xa0,0x00,0x00,0x0a,0xa0,0x00,0x00,0x02,0x20,0x00,0x04,0x97,0x10,0x4f,0xff,0xa0,
0x8f,0xff,0xf0,0x6f,0xff,0xd0,0x09,0xec,0x30,0x2f,0x80,0x00,0xcc,0x00,0x07,0xf2,0x2f,0x80,0x00,0xcc,
0x00,0x08,0xf2,0x02,0xbe,0xc3,0x00,0x00,0xa9,0x00,0x00,0x00,0x00,0x00,0xc9,0x17,0xd1,0x00,0x4e,0x10,
0x00,0x00,0x00,0x00,0x1f,0x30,0x1f,0x30,0x0d,0x50,0x00,0x00,0x00,0x00,0x01,0xf3,0x01,0xf3,0x08,0xb0,
0x00,0x00,0x00,0x00,0x00,0x0c,0x91,0x7d,0x12,0xe2,0x00,0x00,0x00,0x00,0x00,0x00,0x2b,0xec,0x30,0xb8,
0x00,0x00,0x00,0x00,0x00,0x00,0x00,0x00,0x00,0x5d,0x12,0xbe,0xc4,0x00,0x8e,0xd6,0x00,0x00,0x00,0x1d,
0x50,0xba,0x16,0xe1,0x7d,0x23,0xf4,0x00,0x00,0x08,0xb0,0x0f,0x40,0x0f,0x4b,0x80,0x0b,0x80,0x00,0x03,
0xe2,0x00,0xf4,0x00,0xf4,0xb8,0x00,0xb8,0x00,0x00,0xb7,0x00,0x0b,0xa1,0x7e,0x17,0xd2,0x3f,0x40,0x00,
0x6d,0x00,0x00,0x2b,0xec,0x40,0x09,0xed,0x70,0x00,0x01,0x00,0x2b,0x03,0xe8,0x4e,0x70,0xac,0x10,0x1b,
0xc1,0x00,0xac,0x00,0x07,0x10,0x00,0x07,0x60,0x00,0x3e,0x80,0x00,0x2d,0x90,0x00,0x7f,0x20,0x7e,0x40,
0x6d,0x30,0x05,0x20,0x00,0x00,0x03,0xae,0xfc,0x40,0x00,0x3f,0xc6,0x48,0xe2,0x00,0xdd,0x10,0x00,0x21,
0x03,0xf6,0x00,0x00,0x00,0xbf,0xff,0xff,0xf8,0x00,0x07,0xf1,0x00,0x00,0x00,0x07,0xf1,0x00,0x00,0x00,
0xbf,0xff,0xff,0x50,0x00,0x03,0xf6,0x00,0x00,0x00,0x00,0xdd,0x10,0x00,0x21,0x00,0x3f,0xc6,0x48,0xe2,
0x00,0x03,0xae,0xfc,0x40,0x06,0xdb,0x00,0x00,0x03,0xa7,0x00,0x00,0x07,0xff,0x60,0x00,0x0d,0xd4,0x00,
0x00,0x07,0xfc,0xd0,0x00,0x1f,0x70,0x00,0x00,0x07,0xf4,0xf7,0x00,0x1f,0x70,0x00,0x00,0x07,0xf1,0xae,
0x10,0x1f,0x70,0x03,0x10,0x07,0xf1,0x2f,0x70,0x1f,0x70,0xae,0xe2,0x07,0xf1,0x09,0xe1,0x1f,0x72,0xf1,
0xa7,0x07,0xf1,0x02,0xe8,0x1f,0x73,0xe0,0x89,0x07,0xf1,0x00,0x8e,0x2f,0x71,0xe7,0xd5,0x07,0xf1,0x00,
0x1e,0xaf,0x70,0x4c,0x80,0x3c,0xe0,0x00,0x07,0xff,0x70,0x00,0x00,0x9d,0x40,0x00,0x01,0xef,0x73,0xff,
0xf9,0x88,0x88,0x18,0x40,0x38,0x12,0x7a,0x30,0xec,0x1b,0xd2,0x05,0x80,0x0d,0x4d,0x6c,0x20,0x58,0x00,
0xd0,0x60,0xc2,0x05,0x80,0x0d,0x00,0x0b,0x20,0x00,0x03,0x30,0x00,0x00,0x00,0x00,0x03,0xea,0x00,0x00,
0x00,0x00,0x03,0xea,0x00,0x00,0x00,0x00,0x01,0xef,0xee,0xee,0xee,0xee,0xe9,0x0a,0xfa,0x66,0x66,0x66,
0x66,0x40,0x0a,0xe3,0x00,0x00,0x00,0x00,0x00,0x0a,0x90,0x00,0x00,0x00,0x00,0x00,0x00,0x00,0x00,0x00,
0x00,0x00,0x1a,0x50,0x00,0x01,0xcf,0xf4,0x00,0x1c,0xdf,0xdf,0x40,0x7d,0x2e,0x69,0xd0,0x01,0x0e,0x60,
0x10,0x00,0x0e,0x60,0x00,0x00,0x0e,0x60,0x00,0x00,0x0e,0x60,0x00,0x00,0x0e,0x60,0x00,0x00,0x0e,0x60,
0x00,0x00,0x0e,0x60,0x00,0x00,0x0e,0x60,0x00,0x00,0x00,0x00,0x00,0x06,0x00,0x00,0x00,0x00,0x00,0x02,
0xea,0x00,0x00,0x00,0x00,0x00,0x03,0xea,0x01,0xee,0xee,0xee,0xee,0xee,0xf8,0x06,0x66,0x66,0x66,0x66,
0xef,0x40,0x00,0x00,0x00,0x00,0x9f,0x40,0x00,0x00,0x00,0x00,0x2e,0x40,0x00,0x00,0x00,0x00,0x00,0x10,
0x00,0x00,0x0a,0x40,0x00,0x00,0x0e,0x60,0x00,0x00,0x0e,0x60,0x00,0x00,0x0e,0x60,0x00,0x00,0x0e,0x60,
0x00,0x00,0x0e,0x60,0x00,0x00,0x0e,0x60,0x00,0x00,0x0e,0x60,0x00,0x4a,0x0e,0x64,0x90,0x4e,0xae,0xaf,
0x90,0x04,0xef,0xf9,0x00,0x00,0x4e,0x90,0x00,0x00,0x00,0x00,0x00,0x1e,0xee,0xee,0xee,0xee,0xd1,0x66,
0x66,0x66,0x66,0x66,0x00,0x00,0x00,0x10,0x00,0x00,0x00,0x00,0x00,0x38,0x00,0x00,0x00,0x00,0x00,0x0b,
0xe1,0x00,0x00,0x00,0x00,0x03,0xff,0x80,0x00,0x00,0x00,0x00,0xbf,0xfe,0x10,0x00,0x00,0x00,0x3f,0xff,
0xf8,0x00,0x00,0x00,0x0b,0xff,0xff,0xe1,0x00,0x00,0x03,0xff,0xff,0xff,0x80,0x00,0x00,0xbf,0xff,0xff,
0xfe,0x10,0x00,0x3f,0xff,0xff,0xff,0xf8,0x00,0x0b,0xff,0xff,0xff,0xff,0xe1,0x03,0xff,0xff,0xff,0xff,
0xff,0x80,0xaf,0xff,0xff,0xff,0xff,0xfe,0x10,0x10,0x00,0x00,0x00,0x00,0x00,0x0e,0x81,0x00,0x00,0x00,
0x00,0x00,0xef,0xe8,0x10,0x00,0x00,0x00,0x0e,0xff,0xfe,0x81,0x00,0x00,0x00,0xef,0xff,0xff,0xe8,0x10,
0x00,0x0e,0xff,0xff,0xff,0xfe,0x81,0x00,0xef,0xff,0xff,0xff,0xff,0xe8,0x1e,0xff,0xff,0xff,0xff,0xfb,
0x30,0xef,0xff,0xff,0xff,0xb3,0x00,0x0e,0xff,0xff,0xfb,0x30,0x00,0x00,0xef,0xff,0xb4,0x00,0x00,0x00,
0x0e,0xfb,0x40,0x00,0x00,0x00,0x00,0xa4,0x00,0x00,0x00,0x00,0x00,0x00,0x44,0x44,0x44,0x44,0x44,0x44,
0x19,0xff,0xff,0xff,0xff,0xff,0xd0,0x1f,0xff,0xff,0xff,0xff,0xf6,0x00,0x9f,0xff,0xff,0xff,0xfd,0x00,
0x02,0xff,0xff,0xff,0xff,0x60,0x00,0x09,0xff,0xff,0xff,0xd0,0x00,0x00,0x2f,0xff,0xff,0xf6,0x00,0x00,
0x00,0x9f,0xff,0xfd,0x00,0x00,0x00,0x02,0xff,0xff,0x60,0x00,0x00,0x00,0x09,0xff,0xd0,0x00,0x00,0x00,
0x00,0x2f,0xf6,0x00,0x00,0x00,0x00,0x00,0x9d,0x00,0x00,0x00,0x00,0x00,0x02,0x50,0x00,0x00,0x00,0x00,
0x00,0x00,0x00,0x00,0x00,0x10,0x00,0x00,0x00,0x00,0x06,0xd4,0x00,0x00,0x00,0x00,0x6d,0xff,0x40,0x00,
0x00,0x06,0xdf,0xff,0xf4,0x00,0x00,0x6d,0xff,0xff,0xff,0x40,0x06,0xdf,0xff,0xff,0xff,0xf4,0x5d,0xff,
0xff,0xff,0xff,0xff,0x42,0x9f,0xff,0xff,0xff,0xff,0xf4,0x00,0x29,0xff,0xff,0xff,0xff,0x40,0x00,0x02,
0x9f,0xff,0xff,0xf4,0x00,0x00,0x00,0x29,0xff,0xff,0x40,0x00,0x00,0x00,0x02,0x9f,0xf4,0x00,0x00,0x00,
0x00,0x00,0x29,0x40,0x00,0x00,0x01,0x33,0x10,0x00,0x00,0x00,0x02,0xaf,0xff,0xfa,0x20,0x00,0x00,0x4e,
0xff,0xff,0xff,0xe4,0x00,0x02,0xef,0xff,0xff,0xff,0xfe,0x20,0x09,0xff,0xff,0xff,0xff,0xff,0x80,0x0e,
0xff,0xff,0xff,0xff,0xff,0xe0,0x1f,0xff,0xff,0xff,0xff,0xff,0xf1,0x1f,0xff,0xff,0xff,0xff,0xff,0xf0,
0x0d,0xff,0xff,0xff,0xff,0xff,0xc0,0x07,0xff,0xff,0xff,0xff,0xff,0x70,0x00,0xcf,0xff,0xff,0xff,0xfc,
0x00,0x00,0x2c,0xff,0xff,0xff,0xc1,0x00,0x00,0x00,0x6b,0xee,0xb6,0x00,0x00,0x00,0x00,0x00,0x02,0x20,
0x00,0x00,0x06,0xf4,0x00,0x00,0x04,0xf8,0x00,0x00,0x01,0xeb,0x00,0x00,0x00,0xbd,0x10,0x00,0x30,0x6f,
0x30,0x00,0x7f,0x3e,0x80,0x00,0x05,0xff,0xc0,0x00,0x00,0x1e,0xf3,0x00,0x00,0x00,0x22,0x00,0x00,0x00,
0x13,0x00,0x00,0x00,0x40,0xbe,0x30,0x00,0x0b,0xf2,0x2e,0xe3,0x00,0xbf,0x70,0x02,0xee,0x3b,0xf7,0x00,
0x00,0x2e,0xff,0x70,0x00,0x00,0x0b,0xfe,0x30,0x00,0x00,0xbf,0x8e,0xe3,0x00,0x0b,0xf7,0x02,0xee,0x30,
0xaf,0x70,0x00,0x2e,0xe2,0x47,0x00,0x00,0x02,0x80,0x00,0x00,0x00,0x01,0x40,0x00,0x00,0x00,0x00,0x00,
0x00,0x01,0xcf,0x50,0x00,0x00,0x00,0x00,0x00,0x01,0xcf,0xff,0x50,0x00,0x00,0x00,0x00,0x01,0xb8,0x42,
0x4a,0x50,0x00,0x00,0x00,0x01,0xc8,0x27,0x83,0x0a,0x50,0x00,0x00,0x01,0xcf,0xde,0xff,0xe1,0x5f,0x50,
0x00,0x01,0xcf,0xff,0xff,0xfe,0x06,0xff,0x50,0x01,0xcf,0xff,0xff,0xff,0x51,0xdf,0xff,0x50,0x8f,0xff,
0xff,0xff,0x51,0xcf,0xff,0xfd,0x00,0xaf,0xff,0xff,0xa0,0xbf,0xff,0xfd,0x20,0x00,0xaf,0xff,0xf7,0x0f,
0xff,0xfd,0x20,0x00,0x00,0xaf,0xff,0x83,0xff,0xfd,0x20,0x00,0x00,0x00,0xaf,0xff,0xff,0xfd,0x20,0x00,
0x00,0x00,0x00,0xaf,0x60,0xfd,0x20,0x00,0x00,0x00,0x00,0x00,0xa6,0x0d,0x20,0x00,0x00,0x00,0x00,0x00,
0x00,0xad,0x20,0x00,0x00,0x00,0x00,0x00,0x00,0x00,0x20,0x00,0x00,0x00,0x00,
};

static const font_glyph_t s_glyphs[509] = {
{0x0020,0,0,0,0,5,0,0},
{0x0021,2,12,2,12,6,0,0},
{0x0022,5,5,1,12,7,0,12},
{0x0023,12,12,1,12,13,0,25},
{0x0024,8,15,1,12,10,0,97},
{0x0025,15,12,0,12,15,0,157},
{0x0026,11,12,1,12,12,0,247},
{0x0027,2,5,1,12,4,0,313},
{0x0028,4,15,1,12,6,0,318},
{0x0029,4,15,1,12,6,0,348},
{0x002a,8,8,0,12,8,0,378},
{0x002b,11,11,1,11,13,0,410},
{0x002c,3,4,1,2,5,0,471},
{0x002d,5,3,0,6,6,0,477},
{0x002e,3,2,1,2,5,0,485},
{0x002f,6,13,0,12,5,0,488},
{0x0030,9,12,1,12,10,0,527},
{0x0031,8,12,1,12,10,0,581},
{0x0032,8,12,1,12,10,0,629},
{0x0033,8,12,1,12,10,0,677},
{0x0034,10,12,0,12,10,0,725},
{0x0035,8,12,1,12,10,0,785},
{0x0036,9,12,1,12,10,0,833},
{0x0037,8,12,1,12,10,0,887},
{0x0038,9,12,1,12,10,0,935},
{0x0039,9,12,1,12,10,0,989},
{0x003a,3,8,1,8,5,0,1043},
{0x003b,3,10,1,8,5,0,1055},
{0x003c,11,10,1,10,13,0,1070},
{0x003d,11,6,1,8,13,0,1125},
{0x003e,11,10,1,10,13,0,1158},
{0x003f,7,12,1,12,9,0,1213},
{0x0040,14,15,1,11,16,0,1255},
{0x0041,11,12,0,12,11,0,1360},
{0x0042,9,12,1,12,11,0,1426},
{0x0043,11,12,0,12,11,0,1480},
{0x0044,11,12,1,12,12,0,1546},
{0x0045,9,12,1,12,10,0,1612},
{0x0046,8,12,1,12,9,0,1666},
{0x0047,12,12,0,12,12,0,1714},
{0x0048,10,12,1,12,12,0,1786},
{0x0049,3,12,1,12,5,0,1846},
{0x004a,5,15,-1,12,5,0,1864},
{0x004b,10,12,1,12,11,0,1902},
{0x004c,8,12,1,12,9,0,1962},
{0x004d,12,12,1,12,14,0,2010},
{0x004e,10,12,1,12,12,0,2082},
{0x004f,12,12,0,12,13,0,2142},
{0x0050,9,12,1,12,10,0,2214},
{0x0051,12,14,0,12,13,0,2268},
{0x0052,10,12,1,12,11,0,2352},
{0x0053,9,12,1,12,10,0,2412},
{0x0054,11,12,-1,12,10,0,2466},
{0x0055,10,12,1,12,12,0,2532},
{0x0056,11,12,0,12,11,0,2592},
{0x0057,16,12,0,12,16,0,2658},
{0x0058,11,12,0,12,11,0,2754},
{0x0059,11,12,-1,12,10,0,2820},
{0x005a,11,12,0,12,11,0,2886},
{0x005b,4,15,1,12,6,0,2952},
{0x005c,6,13,0,12,5,0,2982},
{0x005d,4,15,1,12,6,0,3021},
{0x005e,11,5,1,12,13,0,3051},
{0x005f,10,2,-1,-3,8,0,3079},
{0x0060,5,3,1,13,8,0,3089},
{0x0061,9,9,0,9,10,0,3097},
{0x0062,9,12,1,12,10,0,3138},
{0x0063,8,9,0,9,9,0,3192},
{0x0064,9,12,0,12,10,0,3228},
{0x0065,9,9,0,9,10,0,3282},
{0x0066,6,12,0,12,6,0,3323},
{0x0067,9,12,0,9,10,0,3359},
{0x0068,8,12,1,12,10,0,3413},
{0x0069,2,12,1,12,4,0,3461},
{0x006a,4,15,-1,12,4,0,3473},
{0x006b,9,12,1,12,9,0,3503},
{0x006c,2,12,1,12,4,0,3557},
{0x006d,14,9,1,9,16,0,3569},
{0x006e,8,9,1,9,10,0,3632},
{0x006f,9,9,0,9,10,0,3668},
{0x0070,9,12,1,9,10,0,3709},
{0x0071,9,12,0,9,10,0,3763},
{0x0072,6,10,1,10,7,0,3817},
{0x0073,8,9,0,9,8,0,3847},
{0x0074,6,12,0,12,6,0,3883},
{0x0075,8,9,1,9,10,0,3919},
{0x0076,9,9,0,9,9,0,3955},
{0x0077,13,9,0,9,13,0,3996},
{0x0078,9,9,0,9,9,0,4055},
{0x0079,9,12,0,9,9,0,4096},
{0x007a,8,9,0,9,8,0,4150},
{0x007b,7,16,2,12,10,0,4186},
{0x007c,2,16,2,12,5,0,4242},
{0x007d,7,16,2,12,10,0,4258},
{0x007e,11,4,1,7,13,0,4314},
{0x00a0,0,0,0,0,5,0,4336},
{0x00a1,2,12,2,9,6,0,4336},
{0x00a2,8,15,1,12,10,0,4348},
{0x00a3,8,12,1,12,10,0,4408},
{0x00a4,10,10,0,10,10,0,4456},
{0x00a5,10,12,0,12,10,0,4506},
{0x00a6,2,14,2,11,5,0,4566},
{0x00a7,8,14,0,12,8,0,4580},
{0x00a8,6,2,1,13,8,0,4636},
{0x00a9,12,12,2,12,16,0,4642},
{0x00aa,7,8,0,11,8,0,4714},
{0x00ab,8,8,1,9,10,0,4742},
{0x00ac,11,6,1,8,13,0,4774},
{0x00ad,5,3,0,6,6,0,4807},
{0x00ae,12,12,2,12,16,0,4815},
{0x00af,6,2,1,12,8,0,4887},
{0x00b0,6,5,1,12,8,0,4893},
{0x00b1,11,10,1,10,13,0,4908},
{0x00b2,6,6,0,11,6,0,4963},
{0x00b3,6,6,0,11,6,0,4981},
{0x00b4,5,3,2,13,8,0,4999},
{0x00b5,9,12,1,9,10,0,5007},
{0x00b6,8,14,1,12,10,0,5061},
{0x00b7,3,2,1,7,5,0,5117},
{0x00b8,4,4,2,1,8,0,5120},
{0x00b9,5,6,1,11,6,0,5128},
{0x00ba,7,8,0,11,8,0,5143},
{0x00bb,8,8,1,9,10,0,5171},
{0x00bc,14,13,1,12,16,0,5203},
{0x00bd,14,13,1,13,16,0,5294},
{0x00be,15,13,0,12,16,0,5385},
{0x00bf,7,12,1,9,9,0,5483},
{0x00c0,11,15,0,15,11,0,5525},
{0x00c1,11,15,0,15,11,0,5608},
{0x00c2,11,15,0,15,11,0,5691},
{0x00c3,11,15,0,15,11,0,5774},
{0x00c4,11,15,0,15,11,0,5857},
{0x00c5,11,15,0,15,11,0,5940},
{0x00c6,15,12,0,12,16,0,6023},
{0x00c7,11,15,0,12,11,0,6113},
{0x00c8,9,15,1,15,10,0,6196},
{0x00c9,9,15,1,15,10,0,6264},
{0x00ca,9,15,1,15,10,0,6332},
{0x00cb,9,15,1,15,10,0,6400},
{0x00cc,4,15,0,15,5,0,6468},
{0x00cd,4,15,1,15,5,0,6498},
{0x00ce,6,15,-1,15,5,0,6528},
{0x00cf,5,15,0,15,5,0,6573},
{0x00d0,12,12,0,12,12,0,6611},
{0x00d1,10,15,1,15,12,0,6683},
{0x00d2,12,15,0,15,13,0,6758},
{0x00d3,12,15,0,15,13,0,6848},
{0x00d4,12,15,0,15,13,0,6938},
{0x00d5,12,15,0,15,13,0,7028},
{0x00d6,12,15,0,15,13,0,7118},
{0x00d7,10,10,2,10,13,0,7208},
{0x00d8,12,14,0,13,13,0,7258},
{0x00d9,10,15,1,15,12,0,7342},
{0x00da,10,15,1,15,12,0,7417},
{0x00db,10,15,1,15,12,0,7492},
{0x00dc,10,15,1,15,12,0,7567},
{0x00dd,11,15,-1,15,10,0,7642},
{0x00de,9,12,1,12,10,0,7725},
{0x00df,9,12,1,12,10,0,7779},
{0x00e0,9,13,0,13,10,0,7833},
{0x00e1,9,13,0,13,10,0,7892},
{0x00e2,9,13,0,13,10,0,7951},
{0x00e3,9,13,0,13,10,0,8010},
{0x00e4,9,12,0,12,10,0,8069},
{0x00e5,9,14,0,14,10,0,8123},
{0x00e6,15,9,0,9,16,0,8186},
{0x00e7,8,12,0,9,9,0,8254},
{0x00e8,9,13,0,13,10,0,8302},
{0x00e9,9,13,0,13,10,0,8361},
{0x00ea,9,13,0,13,10,0,8420},
{0x00eb,9,12,0,12,10,0,8479},
{0x00ec,5,13,-1,13,4,0,8533},
{0x00ed,4,13,1,13,4,0,8566},
{0x00ee,6,13,-1,13,4,0,8592},
{0x00ef,6,12,-1,12,4,0,8631},
{0x00f0,9,12,0,12,10,0,8667},
{0x00f1,8,13,1,13,10,0,8721},
{0x00f2,9,13,0,13,10,0,8773},
{0x00f3,9,13,0,13,10,0,8832},
{0x00f4,9,13,0,13,10,0,8891},
{0x00f5,9,13,0,13,10,0,8950},
{0x00f6,9,12,0,12,10,0,9009},
{0x00f7,11,8,1,9,13,0,9063},
{0x00f8,10,11,0,10,10,0,9107},
{0x00f9,8,13,1,13,10,0,9162},
{0x00fa,8,13,1,13,10,0,9214},
{0x00fb,8,13,1,13,10,0,9266},
{0x00fc,8,12,1,12,10,0,9318},
{0x00fd,9,16,0,13,9,0,9366},
{0x00fe,9,15,1,12,10,0,9438},
{0x00ff,9,15,0,12,9,0,9506},
{0x0100,11,15,0,15,11,0,9574},
{0x0101,9,12,0,12,10,0,9657},
{0x0102,11,16,0,16,11,0,9711},
{0x0103,9,13,0,13,10,0,9799},
{0x0104,12,15,0,12,11,0,9858},
{0x0105,9,12,0,9,10,0,9948},
{0x0106,11,15,0,15,11,0,10002},
{0x0107,8,13,0,13,9,0,10085},
{0x0108,11,15,0,15,11,0,10137},
{0x0109,8,13,0,13,9,0,10220},
{0x010a,11,15,0,15,11,0,10272},
{0x010b,8,12,0,12,9,0,10355},
{0x010c,11,15,0,15,11,0,10403},
{0x010d,8,13,0,13,9,0,10486},
{0x010e,11,15,1,15,12,0,10538},
{0x010f,12,12,0,12,10,0,10621},
{0x0110,12,12,0,12,12,0,10693},
{0x0111,10,12,0,12,10,0,10765},
{0x0112,9,15,1,15,10,0,10825},
{0x0113,9,12,0,12,10,0,10893},
{0x0114,9,16,1,16,10,0,10947},
{0x0115,9,13,0,13,10,0,11019},
{0x0116,9,15,1,15,10,0,11078},
{0x0117,9,12,0,12,10,0,11146},
{0x0118,9,15,1,12,10,0,11200},
{0x0119,9,12,0,9,10,0,11268},
{0x011a,9,15,1,15,10,0,11322},
{0x011b,9,13,0,13,10,0,11390},
{0x011c,12,15,0,15,12,0,11449},
{0x011d,9,16,0,13,10,0,11539},
{0x011e,12,16,0,16,12,0,11611},
{0x011f,9,16,0,13,10,0,11707},
{0x0120,12,15,0,15,12,0,11779},
{0x0121,9,15,0,12,10,0,11869},
{0x0122,12,16,0,12,12,0,11937},
{0x0123,9,16,0,13,10,0,12033},
{0x0124,10,15,1,15,12,0,12105},
{0x0125,10,15,-1,15,10,0,12180},
{0x0126,13,12,1,12,15,0,12255},
{0x0127,10,12,0,12,11,0,12333},
{0x0128,6,15,-1,15,5,0,12393},
{0x0129,6,13,-1,13,4,0,12438},
{0x012a,5,15,0,15,5,0,12477},
{0x012b,6,12,-1,12,4,0,12515},
{0x012c,6,16,-1,16,5,0,12551},
{0x012d,6,13,-1,13,4,0,12599},
{0x012e,4,15,1,12,5,0,12638},
{0x012f,4,15,1,12,4,0,12668},
{0x0130,3,15,1,15,5,0,12698},
{0x0131,2,9,1,9,4,0,12721},
{0x0132,7,15,1,12,9,0,12730},
{0x0133,7,15,1,12,9,0,12783},
{0x0134,6,18,-1,15,5,0,12836},
{0x0135,6,16,-1,13,4,0,12890},
{0x0136,10,16,1,12,11,0,12938},
{0x0137,9,16,1,12,9,0,13018},
{0x0138,9,9,1,9,9,0,13090},
{0x0139,8,15,1,15,9,0,13131},
{0x013a,4,15,1,15,4,0,13191},
{0x013b,8,16,1,12,9,0,13221},
{0x013c,3,16,1,12,4,0,13285},
{0x013d,8,12,1,12,9,0,13309},
{0x013e,5,12,1,12,6,0,13357},
{0x013f,8,12,1,12,9,0,13387},
{0x0140,5,12,1,12,5,0,13435},
{0x0141,10,12,-1,12,9,0,13465},
{0x0142,5,12,0,12,5,0,13525},
{0x0143,10,15,1,15,12,0,13555},
{0x0144,8,13,1,13,10,0,13630},
{0x0145,10,16,1,12,12,0,13682},
{0x0146,8,13,1,9,10,0,13762},
{0x0147,10,16,1,16,12,0,13814},
{0x0148,8,13,1,13,10,0,13894},
{0x0149,11,12,1,12,13,0,13946},
{0x014a,10,15,1,12,12,0,14012},
{0x014b,8,12,1,9,10,0,14087},
{0x014c,12,15,0,15,13,0,14135},
{0x014d,9,12,0,12,10,0,14225},
{0x014e,12,16,0,16,13,0,14279},
{0x014f,9,13,0,13,10,0,14375},
{0x0150,12,16,0,16,13,0,14434},
{0x0151,9,13,0,13,10,0,14530},
{0x0152,17,12,0,12,17,0,14589},
{0x0153,16,9,0,9,16,0,14691},
{0x0154,10,15,1,15,11,0,14763},
{0x0155,7,14,1,14,7,0,14838},
{0x0156,10,16,1,12,11,0,14887},
{0x0157,6,14,1,10,7,0,14967},
{0x0158,10,16,1,16,11,0,15009},
{0x0159,6,14,1,14,7,0,15089},
{0x015a,9,15,1,15,10,0,15131},
{0x015b,8,13,0,13,8,0,15199},
{0x015c,9,15,1,15,10,0,15251},
{0x015d,8,13,0,13,8,0,15319},
{0x015e,9,15,1,12,10,0,15371},
{0x015f,8,12,0,9,8,0,15439},
{0x0160,9,15,1,15,10,0,15487},
{0x0161,8,13,0,13,8,0,15555},
{0x0162,11,15,-1,12,10,0,15607},
{0x0163,6,15,0,12,6,0,15690},
{0x0164,11,16,-1,16,10,0,15735},
{0x0165,6,13,0,13,6,0,15823},
{0x0166,11,12,-1,12,10,0,15862},
{0x0167,6,12,0,12,6,0,15928},
{0x0168,10,15,1,15,12,0,15964},
{0x0169,8,13,1,13,10,0,16039},
{0x016a,10,15,1,15,12,0,16091},
{0x016b,8,12,1,12,10,0,16166},
{0x016c,10,16,1,16,12,0,16214},
{0x016d,8,13,1,13,10,0,16294},
{0x016e,10,15,1,15,12,0,16346},
{0x016f,8,15,1,15,10,0,16421},
{0x0170,10,16,1,16,12,0,16481},
{0x0171,8,13,1,13,10,0,16561},
{0x0172,10,15,1,12,12,0,16613},
{0x0173,9,12,1,9,10,0,16688},
{0x0174,16,15,0,15,16,0,16742},
{0x0175,13,13,0,13,13,0,16862},
{0x0176,11,15,-1,15,10,0,16947},
{0x0177,9,16,0,13,9,0,17030},
{0x0178,11,15,-1,15,10,0,17102},
{0x0179,11,15,0,15,11,0,17185},
{0x017a,8,13,0,13,8,0,17268},
{0x017b,11,15,0,15,11,0,17320},
{0x017c,8,12,0,12,8,0,17403},
{0x017d,11,15,0,15,11,0,17451},
{0x017e,8,13,0,13,8,0,17534},
{0x017f,6,12,0,12,6,0,17586},
{0x0192,8,15,-2,12,6,0,17622},
{0x0218,9,16,1,12,10,0,17682},
{0x0219,8,13,0,9,8,0,17754},
{0x021a,11,16,-1,12,10,0,17806},
{0x021b,6,16,0,12,6,0,17894},
{0x02c6,6,3,1,13,8,0,17942},
{0x02c7,6,3,1,13,8,0,17951},
{0x02dc,6,2,1,12,8,0,17960},
{0x0391,11,12,0,12,11,0,17966},
{0x0392,9,12,1,12,11,0,18032},
{0x0393,8,12,1,12,9,0,18086},
{0x0394,11,12,0,12,11,0,18134},
{0x0395,9,12,1,12,10,0,18200},
{0x0396,11,12,0,12,11,0,18254},
{0x0397,10,12,1,12,12,0,18320},
{0x0398,12,12,0,12,13,0,18380},
{0x0399,3,12,1,12,5,0,18452},
{0x039a,10,12,1,12,11,0,18470},
{0x039b,11,12,0,12,11,0,18530},
{0x039c,12,12,1,12,14,0,18596},
{0x039d,10,12,1,12,12,0,18668},
{0x039e,8,12,1,12,10,0,18728},
{0x039f,12,12,0,12,13,0,18776},
{0x03a0,10,12,1,12,12,0,18848},
{0x03a1,9,12,1,12,10,0,18908},
{0x03a3,9,12,1,12,10,0,18962},
{0x03a4,11,12,-1,12,10,0,19016},
{0x03a5,11,12,-1,12,10,0,19082},
{0x03a6,12,12,0,12,13,0,19148},
{0x03a7,11,12,0,12,11,0,19220},
{0x03a8,12,12,0,12,13,0,19286},
{0x03a9,12,12,0,12,12,0,19358},
{0x03b1,10,9,0,9,11,0,19430},
{0x03b2,9,15,1,12,10,0,19475},
{0x03b3,9,12,0,9,9,0,19543},
{0x03b4,9,12,0,12,10,0,19597},
{0x03b5,7,9,1,9,9,0,19651},
{0x03b6,8,15,0,12,9,0,19683},
{0x03b7,8,12,1,9,10,0,19743},
{0x03b8,9,12,0,12,10,0,19791},
{0x03b9,4,9,1,9,5,0,19845},
{0x03ba,9,9,1,9,9,0,19863},
{0x03bb,9,12,0,12,9,0,19904},
{0x03bc,9,12,1,9,10,0,19958},
{0x03bd,9,9,0,9,9,0,20012},
{0x03be,9,15,0,12,9,0,20053},
{0x03bf,9,9,0,9,10,0,20121},
{0x03c0,10,9,0,9,10,0,20162},
{0x03c1,9,12,1,9,10,0,20207},
{0x03c2,8,12,0,9,9,0,20261},
{0x03c3,10,9,0,9,10,0,20309},
{0x03c4,9,9,0,9,10,0,20354},
{0x03c5,8,9,1,9,9,0,20395},
{0x03c6,10,12,0,9,11,0,20431},
{0x03c7,9,12,0,9,9,0,20491},
{0x03c8,10,12,0,9,11,0,20545},
{0x03c9,12,9,1,9,13,0,20605},
{0x0400,9,15,1,15,10,0,20659},
{0x0401,9,15,1,15,10,0,20727},
{0x0402,13,15,-1,12,13,0,20795},
{0x0403,8,15,1,15,10,0,20893},
{0x0404,11,12,0,12,11,0,20953},
{0x0405,9,12,1,12,10,0,21019},
{0x0406,3,12,1,12,5,0,21073},
{0x0407,5,15,0,15,5,0,21091},
{0x0408,5,15,-1,12,5,0,21129},
{0x0409,17,12,0,12,18,0,21167},
{0x040a,15,12,1,12,17,0,21269},
{0x040b,13,12,-1,12,13,0,21359},
{0x040c,11,15,1,15,11,0,21437},
{0x040d,10,15,1,15,12,0,21520},
{0x040e,10,16,0,16,10,0,21595},
{0x040f,10,15,1,12,12,0,21675},
{0x0410,11,12,0,12,11,0,21750},
{0x0411,9,12,1,12,11,0,21816},
{0x0412,9,12,1,12,11,0,21870},
{0x0413,8,12,1,12,10,0,21924},
{0x0414,12,15,0,12,13,0,21972},
{0x0415,9,12,1,12,10,0,22062},
{0x0416,17,12,0,12,17,0,22116},
{0x0417,9,12,1,12,10,0,22218},
{0x0418,10,12,1,12,12,0,22272},
{0x0419,10,16,1,16,12,0,22332},
{0x041a,11,12,1,12,11,0,22412},
{0x041b,11,12,0,12,12,0,22478},
{0x041c,12,12,1,12,14,0,22544},
{0x041d,10,12,1,12,12,0,22616},
{0x041e,12,12,0,12,13,0,22676},
{0x041f,10,12,1,12,12,0,22748},
{0x0420,9,12,1,12,10,0,22808},
{0x0421,11,12,0,12,11,0,22862},
{0x0422,11,12,-1,12,10,0,22928},
{0x0423,10,12,0,12,10,0,22994},
{0x0424,13,12,0,12,14,0,23054},
{0x0425,11,12,0,12,11,0,23132},
{0x0426,11,15,1,12,12,0,23198},
{0x0427,9,12,1,12,11,0,23281},
{0x0428,15,12,1,12,17,0,23335},
{0x0429,16,15,1,12,18,0,23425},
{0x042a,13,12,0,12,13,0,23545},
{0x042b,12,12,1,12,14,0,23623},
{0x042c,9,12,1,12,11,0,23695},
{0x042d,11,12,0,12,11,0,23749},
{0x042e,16,12,1,12,17,0,23815},
{0x042f,9,12,1,12,11,0,23911},
{0x0430,9,9,0,9,10,0,23965},
{0x0431,9,14,0,14,10,0,24006},
{0x0432,8,9,1,9,9,0,24069},
{0x0433,7,9,1,9,8,0,24105},
{0x0434,11,12,0,9,11,0,24137},
{0x0435,9,9,0,9,10,0,24203},
{0x0436,14,9,0,9,14,0,24244},
{0x0437,7,9,1,9,9,0,24307},
{0x0438,8,9,1,9,10,0,24339},
{0x0439,8,13,1,13,10,0,24375},
{0x043a,9,9,1,9,10,0,24427},
{0x043b,9,9,0,9,10,0,24468},
{0x043c,10,9,1,9,12,0,24509},
{0x043d,9,9,1,9,10,0,24554},
{0x043e,9,9,0,9,10,0,24595},
{0x043f,9,9,1,9,10,0,24636},
{0x0440,9,12,1,9,10,0,24677},
{0x0441,8,9,0,9,9,0,24731},
{0x0442,9,9,0,9,9,0,24767},
{0x0443,9,12,0,9,9,0,24808},
{0x0444,13,15,0,12,14,0,24862},
{0x0445,9,9,0,9,9,0,24960},
{0x0446,10,12,1,9,11,0,25001},
{0x0447,7,9,1,9,9,0,25061},
{0x0448,13,9,1,9,15,0,25093},
{0x0449,14,12,1,9,15,0,25152},
{0x044a,11,9,0,9,11,0,25236},
{0x044b,11,9,1,9,13,0,25286},
{0x044c,8,9,1,9,9,0,25336},
{0x044d,8,9,0,9,9,0,25372},
{0x044e,12,9,1,9,13,0,25408},
{0x044f,9,9,0,9,10,0,25462},
{0x0450,9,13,0,13,10,0,25503},
{0x0451,9,13,0,13,10,0,25562},
{0x0452,10,17,0,13,10,0,25621},
{0x0453,7,13,1,13,8,0,25706},
{0x0454,8,9,0,9,9,0,25752},
{0x0455,8,9,0,9,8,0,25788},
{0x0456,2,12,1,12,4,0,25824},
{0x0457,6,12,-1,12,4,0,25836},
{0x0458,4,16,-1,13,4,0,25872},
{0x0459,14,9,0,9,14,0,25904},
{0x045a,13,9,1,9,14,0,25967},
{0x045b,10,13,0,13,10,0,26026},
{0x045c,9,13,1,13,10,0,26091},
{0x045d,8,13,1,13,10,0,26150},
{0x045e,9,16,0,13,9,0,26202},
{0x045f,9,11,1,9,10,0,26274},
{0x2010,5,3,0,6,6,0,26324},
{0x2011,5,3,0,6,6,0,26332},
{0x2012,10,2,0,5,10,0,26340},
{0x2013,8,2,0,5,8,0,26350},
{0x2014,16,2,0,5,16,0,26358},
{0x2015,16,2,0,5,16,0,26374},
{0x2018,3,4,1,12,5,0,26390},
{0x2019,3,4,1,12,5,0,26396},
{0x201a,3,4,1,2,5,0,26402},
{0x201b,3,4,1,12,5,0,26408},
{0x201c,6,4,1,12,8,0,26414},
{0x201d,6,4,1,12,8,0,26426},
{0x201e,6,4,1,2,8,0,26438},
{0x201f,6,4,1,12,8,0,26450},
{0x2020,8,14,0,12,8,0,26462},
{0x2021,8,14,0,12,8,0,26518},
{0x2022,6,5,2,9,9,0,26574},
{0x2026,14,2,1,2,16,0,26589},
{0x2030,21,12,0,12,21,0,26603},
{0x2039,4,8,1,9,6,0,26729},
{0x203a,5,8,1,9,6,0,26745},
{0x20ac,10,12,0,12,10,0,26765},
{0x2116,16,12,0,12,17,0,26825},
{0x2122,11,5,2,12,16,0,26921},
{0x2190,13,8,0,9,13,0,26949},
{0x2191,8,12,3,12,13,0,27001},
{0x2192,13,8,0,9,13,0,27049},
{0x2193,8,13,3,12,13,0,27101},
{0x2212,11,2,1,6,13,0,27153},
{0x25b2,13,13,0,11,12,0,27164},
{0x25b6,13,13,0,11,12,0,27249},
{0x25bc,13,13,0,11,12,0,27334},
{0x25c0,13,13,0,11,12,0,27419},
{0x25cf,14,13,0,11,14,0,27504},
{0x2713,9,10,2,11,13,0,27595},
{0x2715,10,10,2,11,13,0,27640},
{0xfffd,17,17,0,15,16,0,27690},
};

const font_t font_sans_16 = {
    .px = 16, .line_h = 19, .ascent = 15, .descent = 4,
    .count = 509, .glyphs = s_glyphs, .bitmap = s_bits,
};
