/* Generated by tools/fontgen.c from DejaVuSans.ttf at 18px - do not edit.
 * DejaVu fonts: Bitstream Vera license (see tools/LICENSE). */
#include "font.h"

static const uint8_t s_bits[34678] = {
0x4f,0x84,0xf8,0x4f,0x84,0xf8,0x4f,0x84,0xf7,0x4f,0x73,0xf6,0x1c,0x40,0x00,0x13,0x24,0xf8,0x4f,0x80,
0x4f,0x30,0xe8,0x4f,0x30,0xe8,0x4f,0x30,0xe8,0x4f,0x30,0xe8,0x3c,0x30,0xc7,0x00,0x00,0x0a,0xc0,0x0a,
0xb0,0x00,0x00,0x00,0xd8,0x00,0xe8,0x00,0x00,0x00,0x2f,0x50,0x2f,0x40,0x00,0x11,0x16,0xf2,0x16,0xf2,
0x11,0x09,0xff,0xff,0xff,0xff,0xff,0xb0,0x24,0x4e,0xa4,0x4e,0xa4,0x43,0x00,0x02,0xf4,0x02,0xf4,0x00,
0x01,0x11,0x6f,0x21,0x6f,0x21,0x10,0x9f,0xff,0xff,0xff,0xff,0xfa,0x02,0x44,0xe9,0x44,0xe9,0x44,0x30,
0x00,0x2f,0x40,0x2f,0x40,0x00,0x00,0x06,0xf1,0x06,0xf0,0x00,0x00,0x00,0x9c,0x00,0xab,0x00,0x00,0x00,
0x00,0x00,0xc1,0x00,0x00,0x00,0x0c,0x10,0x00,0x00,0x00,0xc1,0x00,0x00,0x3b,0xef,0xfd,0xa1,0x2e,0xd5,
0xd5,0x6b,0x26,0xf3,0x0c,0x10,0x00,0x6f,0x40,0xc1,0x00,0x01,0xde,0x9d,0x40,0x00,0x02,0x9d,0xff,0xe8,
0x00,0x00,0x0c,0x5a,0xf8,0x00,0x00,0xc1,0x0c,0xd1,0x00,0x0c,0x10,0xcc,0x8c,0x74,0xd6,0xbf,0x72,0x8c,
0xef,0xec,0x60,0x00,0x00,0xc1,0x00,0x00,0x00,0x0c,0x10,0x00,0x00,0x00,0x61,0x00,0x00,0x19,0xee,0x91,
0x00,0x00,0x5e,0x10,0x00,0x9d,0x43,0xda,0x00,0x01,0xe6,0x00,0x00,0xe7,0x00,0x7e,0x00,0x09,0xc0,0x00,
0x00,0xe7,0x00,0x6f,0x00,0x4f,0x30,0x00,0x00,0xac,0x11,0xcb,0x00,0xd8,0x00,0x00,0x00,0x1b,0xff,0xc2,
0x08,0xd0,0x00,0x00,0x00,0x00,0x11,0x00,0x3f,0x40,0x7d,0xd8,0x00,0x00,0x00,0x00,0xc9,0x06,0xe5,0x4e,
0x80,0x00,0x00,0x06,0xe1,0x0c,0x90,0x07,0xe0,0x00,0x00,0x1e,0x50,0x0e,0x70,0x05,0xf1,0x00,0x00,0xab,
0x00,0x0c,0x90,0x07,0xe0,0x00,0x05,0xe2,0x00,0x07,0xe4,0x3d,0x90,0x00,0x1d,0x70,0x00,0x00,0x8d,0xe9,
0x10,0x00,0x2a,0xee,0xd9,0x10,0x00,0x00,0x1d,0xf8,0x69,0xe2,0x00,0x00,0x04,0xf7,0x00,0x00,0x00,0x00,
0x00,0x4f,0x70,0x00,0x00,0x00,0x00,0x00,0xde,0x20,0x00,0x00,0x00,0x00,0x2d,0xed,0x20,0x00,0x00,0x00,
0x1d,0xb2,0xde,0x30,0x00,0xdc,0x08,0xf2,0x01,0xde,0x30,0x1f,0x80,0xcd,0x00,0x02,0xde,0x37,0xf2,0x0c,
0xf0,0x00,0x02,0xde,0xe9,0x00,0x8f,0x90,0x00,0x04,0xff,0x40,0x01,0xcf,0xc7,0x7a,0xfc,0xde,0x30,0x00,
0x7c,0xfe,0xc6,0x03,0xed,0x20,0x4f,0x34,0xf3,0x4f,0x34,0xf3,0x3c,0x30,0x00,0x2f,0x50,0x0a,0xc0,0x03,
0xf6,0x00,0x9e,0x10,0x0e,0xb0,0x03,0xf8,0x00,0x5f,0x60,0x06,0xf4,0x00,0x6f,0x50,0x05,0xf6,0x00,0x2f,
0x80,0x00,0xeb,0x00,0x09,0xe1,0x00,0x2f,0x60,0x00,0xac,0x00,0x02,0xf5,0x5f,0x20,0x00,0xca,0x00,0x05,
0xf3,0x00,0x1e,0x90,0x00,0xbe,0x00,0x07,0xf3,0x00,0x5f,0x50,0x04,0xf6,0x00,0x4f,0x60,0x05,0xf5,0x00,
0x7f,0x30,0x0b,0xe0,0x01,0xe9,0x00,0x5f,0x30,0x0c,0xa0,0x05,0xf2,0x00,0x00,0x00,0xf0,0x00,0x01,0x30,
0x0f,0x00,0x31,0x3d,0x91,0xf1,0x9d,0x30,0x07,0xdf,0xd7,0x00,0x00,0x4c,0xfc,0x40,0x02,0xbb,0x3f,0x3b,
0xb2,0x15,0x00,0xf0,0x05,0x10,0x00,0x0f,0x00,0x00,0x00,0x00,0x20,0x00,0x00,0x00,0x00,0x01,0x31,0x00,
0x00,0x00,0x00,0x00,0x3f,0x40,0x00,0x00,0x00,0x00,0x03,0xf4,0x00,0x00,0x00,0x00,0x00,0x3f,0x40,0x00,
0x00,0x00,0x00,0x03,0xf4,0x00,0x00,0x00,0x22,0x22,0x5f,0x62,0x22,0x20,0x1f,0xff,0xff,0xff,0xff,0xff,
0x30,0x55,0x55,0x7f,0x85,0x55,0x51,0x00,0x00,0x03,0xf4,0x00,0x00,0x00,0x00,0x00,0x3f,0x40,0x00,0x00,
0x00,0x00,0x03,0xf4,0x00,0x00,0x00,0x00,0x00,0x3f,0x40,0x00,0x00,0x04,0x40,0xdf,0x0e,0xc3,0xf4,0x7c,
0x00,0x02,0x22,0x21,0x2f,0xff,0xf9,0x15,0x55,0x53,0x03,0x31,0xfc,0x1f,0xc0,0x00,0x00,0x9d,0x00,0x00,
0x0d,0x90,0x00,0x03,0xf4,0x00,0x00,0x8e,0x00,0x00,0x0d,0xa0,0x00,0x02,0xf5,0x00,0x00,0x7f,0x10,0x00,
0x0c,0xb0,0x00,0x02,0xf6,0x00,0x00,0x6f,0x10,0x00,0x0b,0xb0,0x00,0x01,0xf7,0x00,0x00,0x6f,0x20,0x00,
0x0a,0xc0,0x00,0x00,0x74,0x00,0x00,0x00,0x00,0x6c,0xfe,0x91,0x00,0x07,0xfb,0x68,0xfd,0x10,0x2f,0xc0,
0x00,0x5f,0x80,0x7f,0x50,0x00,0x0d,0xd0,0xaf,0x20,0x00,0x0a,0xf1,0xbf,0x00,0x00,0x08,0xf3,0xcf,0x00,
0x00,0x08,0xf4,0xbf,0x00,0x00,0x08,0xf3,0xaf,0x20,0x00,0x0a,0xf1,0x7f,0x50,0x00,0x0d,0xd0,0x2f,0xc0,
0x00,0x5f,0x80,0x07,0xfb,0x68,0xfd,0x10,0x00,0x6c,0xfe,0x91,0x00,0x07,0xad,0xfd,0x00,0x00,0xfe,0xbe,
0xd0,0x00,0x02,0x00,0xdd,0x00,0x00,0x00,0x0d,0xd0,0x00,0x00,0x00,0xdd,0x00,0x00,0x00,0x0d,0xd0,0x00,
0x00,0x00,0xdd,0x00,0x00,0x00,0x0d,0xd0,0x00,0x00,0x00,0xdd,0x00,0x00,0x00,0x0d,0xd0,0x00,0x00,0x00,
0xdd,0x00,0x00,0x67,0x7e,0xe7,0x76,0x0c,0xff,0xff,0xff,0xc0,0x27,0xce,0xec,0x71,0x09,0xfb,0x88,0xcf,
0xc0,0x42,0x00,0x00,0xaf,0x60,0x00,0x00,0x04,0xf8,0x00,0x00,0x00,0x5f,0x70,0x00,0x00,0x0c,0xe1,0x00,
0x00,0x0a,0xf6,0x00,0x00,0x09,0xf7,0x00,0x00,0x09,0xf7,0x00,0x00,0x09,0xf7,0x00,0x00,0x0a,0xf7,0x00,
0x00,0x08,0xfd,0x77,0x77,0x75,0xaf,0xff,0xff,0xff,0xa0,0x29,0xce,0xfd,0x92,0x00,0x3d,0xa8,0x8a,0xfe,
0x20,0x00,0x00,0x00,0x5f,0x90,0x00,0x00,0x00,0x2f,0xa0,0x00,0x12,0x24,0xcf,0x50,0x00,0x5f,0xff,0xe7,
0x00,0x00,0x25,0x58,0xd7,0x00,0x00,0x00,0x00,0x3f,0x80,0x00,0x00,0x00,0x0c,0xe0,0x00,0x00,0x00,0x0d,
0xf0,0x20,0x00,0x00,0x6f,0xb0,0x9d,0xa8,0x8b,0xfe,0x30,0x4a,0xdf,0xfd,0x92,0x00,0x00,0x00,0x01,0xef,
0x80,0x00,0x00,0x00,0x9e,0xf8,0x00,0x00,0x00,0x4f,0x7f,0x80,0x00,0x00,0x0d,0x93,0xf8,0x00,0x00,0x08,
0xe1,0x3f,0x80,0x00,0x03,0xf6,0x03,0xf8,0x00,0x00,0xcc,0x00,0x3f,0x80,0x00,0x6f,0x30,0x03,0xf8,0x00,
0x1e,0xa2,0x22,0x5f,0x92,0x12,0xff,0xff,0xff,0xff,0xf7,0x15,0x55,0x55,0x7f,0xb5,0x20,0x00,0x00,0x03,
0xf8,0x00,0x00,0x00,0x00,0x3f,0x80,0x00,0x1f,0xff,0xff,0xfe,0x01,0xfc,0x77,0x77,0x70,0x1f,0x80,0x00,
0x00,0x01,0xf8,0x12,0x00,0x00,0x1f,0xff,0xfe,0x91,0x01,0xc8,0x67,0xbf,0xd1,0x00,0x00,0x00,0x9f,0x80,
0x00,0x00,0x01,0xfc,0x00,0x00,0x00,0x0e,0xd0,0x00,0x00,0x01,0xfb,0x20,0x00,0x00,0xaf,0x79,0xda,0x89,
0xdf,0xc0,0x5b,0xdf,0xec,0x70,0x00,0x00,0x18,0xdf,0xeb,0x40,0x02,0xdf,0xa8,0x8b,0x60,0x0b,0xe3,0x00,
0x00,0x00,0x4f,0x70,0x01,0x00,0x00,0x8f,0x5b,0xff,0xd6,0x00,0xaf,0xeb,0x66,0xcf,0x70,0xbf,0xd0,0x00,
0x1e,0xe0,0xbf,0x70,0x00,0x09,0xf3,0x9f,0x60,0x00,0x08,0xf4,0x6f,0x70,0x00,0x09,0xf3,0x1e,0xd1,0x00,
0x2e,0xd0,0x06,0xfd,0x78,0xdf,0x50,0x00,0x5c,0xee,0xb4,0x00,0x8f,0xff,0xff,0xff,0xe4,0x77,0x77,0x7a,
0xf9,0x00,0x00,0x00,0x9f,0x40,0x00,0x00,0x1e,0xd0,0x00,0x00,0x06,0xf7,0x00,0x00,0x00,0xcf,0x10,0x00,
0x00,0x3f,0xa0,0x00,0x00,0x08,0xf4,0x00,0x00,0x00,0xed,0x00,0x00,0x00,0x5f,0x80,0x00,0x00,0x0b,0xf2,
0x00,0x00,0x02,0xfb,0x00,0x00,0x00,0x8f,0x50,0x00,0x00,0x01,0x8d,0xee,0xb5,0x00,0x1d,0xf9,0x67,0xdf,
0x70,0x5f,0x70,0x00,0x1f,0xd0,0x6f,0x60,0x00,0x0e,0xc0,0x2f,0xd5,0x23,0xaf,0x50,0x05,0xdf,0xff,0xe4,
0x00,0x04,0xb8,0x56,0xde,0x40,0x4f,0x60,0x00,0x1e,0xd0,0xaf,0x10,0x00,0x09,0xf2,0xbf,0x10,0x00,0x0a,
0xf3,0x9f,0x70,0x00,0x1e,0xe0,0x2e,0xfa,0x78,0xef,0x60,0x02,0x9d,0xfe,0xb5,0x00,0x01,0x9d,0xfd,0x81,
0x00,0x1d,0xf9,0x79,0xfc,0x00,0x8f,0x60,0x00,0x6f,0x70,0xcf,0x00,0x00,0x0f,0xc0,0xcf,0x00,0x00,0x0e,
0xf0,0xaf,0x30,0x00,0x3f,0xf2,0x3f,0xd5,0x25,0xdf,0xf3,0x05,0xef,0xff,0x9a,0xf2,0x00,0x03,0x42,0x0d,
0xe0,0x00,0x00,0x00,0x3f,0xa0,0x00,0x00,0x01,0xcf,0x30,0x0e,0xa8,0x9e,0xf7,0x00,0x09,0xdf,0xeb,0x40,
0x00,0x33,0xdf,0xdf,0x00,0x00,0x00,0x00,0x33,0xdf,0xdf,0x03,0x30,0xdf,0x0d,0xf0,0x00,0x00,0x00,0x00,
0x00,0x00,0x44,0x0d,0xf0,0xec,0x3f,0x47,0xc0,0x00,0x00,0x00,0x00,0x00,0x02,0x10,0x00,0x00,0x00,0x01,
0x6c,0xf3,0x00,0x00,0x00,0x5a,0xff,0xc7,0x10,0x00,0x49,0xef,0xd8,0x20,0x00,0x08,0xdf,0xe8,0x30,0x00,
0x00,0x01,0xff,0xb2,0x00,0x00,0x00,0x00,0x05,0xbf,0xfb,0x61,0x00,0x00,0x00,0x00,0x16,0xcf,0xfa,0x51,
0x00,0x00,0x00,0x00,0x28,0xdf,0xea,0x10,0x00,0x00,0x00,0x00,0x39,0xe3,0x00,0x00,0x00,0x00,0x00,0x00,
0x00,0x02,0x22,0x22,0x22,0x22,0x22,0x01,0xff,0xff,0xff,0xff,0xff,0xf3,0x05,0x55,0x55,0x55,0x55,0x55,
0x10,0x00,0x00,0x00,0x00,0x00,0x00,0x02,0x22,0x22,0x22,0x22,0x22,0x01,0xff,0xff,0xff,0xff,0xff,0xf3,
0x05,0x55,0x55,0x55,0x55,0x55,0x10,0x02,0x00,0x00,0x00,0x00,0x00,0x01,0xfc,0x71,0x00,0x00,0x00,0x00,
0x06,0xcf,0xfb,0x51,0x00,0x00,0x00,0x00,0x27,0xcf,0xea,0x40,0x00,0x00,0x00,0x00,0x38,0xdf,0xe9,0x10,
0x00,0x00,0x00,0x01,0xaf,0xf3,0x00,0x00,0x01,0x6b,0xff,0xb6,0x00,0x00,0x5a,0xff,0xc7,0x10,0x00,0x19,
0xef,0xd8,0x30,0x00,0x00,0x01,0xe9,0x40,0x00,0x00,0x00,0x00,0x00,0x00,0x00,0x00,0x00,0x00,0x00,0x29,
0xce,0xd9,0x10,0xbd,0x87,0xaf,0xc0,0x40,0x00,0x0a,0xf3,0x00,0x00,0x09,0xf3,0x00,0x00,0x3e,0xc0,0x00,
0x04,0xed,0x10,0x00,0x2e,0xd1,0x00,0x00,0x7f,0x40,0x00,0x00,0x8f,0x30,0x00,0x00,0x48,0x10,0x00,0x00,
0x23,0x10,0x00,0x00,0x8f,0x30,0x00,0x00,0x8f,0x30,0x00,0x00,0x00,0x00,0x00,0x00,0x00,0x00,0x00,0x00,
0x00,0x28,0xde,0xfe,0xa5,0x00,0x00,0x00,0x09,0xfb,0x74,0x45,0x9e,0xc3,0x00,0x00,0xbe,0x40,0x00,0x00,
0x01,0xae,0x30,0x09,0xe2,0x00,0x00,0x00,0x00,0x09,0xd0,0x2f,0x40,0x04,0xcf,0xe8,0x8b,0x01,0xe5,0x7c,
0x00,0x2e,0xb5,0x4b,0xfb,0x00,0xaa,0xb8,0x00,0x8e,0x10,0x00,0xdb,0x00,0x8b,0xc7,0x00,0xab,0x00,0x00,
0xab,0x00,0xaa,0xb8,0x00,0x8d,0x00,0x00,0xcb,0x01,0xe5,0x8b,0x00,0x3f,0x92,0x28,0xfc,0x4d,0xb0,0x4f,
0x20,0x06,0xef,0xfb,0x9f,0xe8,0x00,0x0b,0xc0,0x00,0x03,0x20,0x22,0x00,0x00,0x02,0xdb,0x10,0x00,0x00,
0x01,0x40,0x00,0x00,0x2c,0xe8,0x31,0x13,0x8e,0xc0,0x00,0x00,0x00,0x6c,0xff,0xff,0xc6,0x00,0x00,0x00,
0x00,0x00,0x13,0x31,0x00,0x00,0x00,0x00,0x00,0x1f,0xf5,0x00,0x00,0x00,0x00,0x06,0xfd,0xb0,0x00,0x00,
0x00,0x00,0xcb,0x6f,0x20,0x00,0x00,0x00,0x3f,0x61,0xf8,0x00,0x00,0x00,0x09,0xe1,0x0a,0xd0,0x00,0x00,
0x00,0xe9,0x00,0x5f,0x40,0x00,0x00,0x5f,0x40,0x00,0xea,0x00,0x00,0x0b,0xe2,0x22,0x2a,0xf1,0x00,0x02,
0xff,0xff,0xff,0xff,0x70,0x00,0x8f,0x65,0x55,0x55,0xdc,0x00,0x0d,0xc0,0x00,0x00,0x07,0xf3,0x04,0xf7,
0x00,0x00,0x00,0x3f,0x90,0xaf,0x30,0x00,0x00,0x00,0xde,0x10,0x4f,0xff,0xff,0xd9,0x20,0x04,0xfb,0x77,
0x7a,0xfe,0x20,0x4f,0x80,0x00,0x07,0xf7,0x04,0xf8,0x00,0x00,0x5f,0x70,0x4f,0x92,0x22,0x5d,0xe2,0x04,
0xff,0xff,0xff,0xd2,0x00,0x4f,0xa4,0x45,0x7d,0xd2,0x04,0xf8,0x00,0x00,0x2f,0xb0,0x4f,0x80,0x00,0x00,
0xdf,0x04,0xf8,0x00,0x00,0x0d,0xf1,0x4f,0x80,0x00,0x04,0xfd,0x04,0xfb,0x77,0x79,0xff,0x50,0x4f,0xff,
0xff,0xeb,0x40,0x00,0x00,0x16,0xbe,0xfe,0xb5,0x00,0x2d,0xfc,0x87,0x8c,0xf8,0x0d,0xf6,0x00,0x00,0x04,
0x76,0xf9,0x00,0x00,0x00,0x00,0xbf,0x20,0x00,0x00,0x00,0x0e,0xe0,0x00,0x00,0x00,0x00,0xfe,0x00,0x00,
0x00,0x00,0x0e,0xe0,0x00,0x00,0x00,0x00,0xbf,0x20,0x00,0x00,0x00,0x06,0xf9,0x00,0x00,0x00,0x00,0x0d,
0xf6,0x00,0x00,0x04,0x70,0x2d,0xfc,0x87,0x8c,0xf8,0x00,0x17,0xbe,0xfe,0xb5,0x00,0x4f,0xff,0xfe,0xda,
0x50,0x00,0x4f,0xb7,0x77,0x9e,0xfb,0x10,0x4f,0x80,0x00,0x00,0x9f,0xb0,0x4f,0x80,0x00,0x00,0x0b,0xf4,
0x4f,0x80,0x00,0x00,0x05,0xf9,0x4f,0x80,0x00,0x00,0x02,0xfb,0x4f,0x80,0x00,0x00,0x01,0xfc,0x4f,0x80,
0x00,0x00,0x02,0xfb,0x4f,0x80,0x00,0x00,0x05,0xf9,0x4f,0x80,0x00,0x00,0x0b,0xf4,0x4f,0x80,0x00,0x00,
0x9f,0xb0,0x4f,0xb7,0x77,0xae,0xfb,0x10,0x4f,0xff,0xfe,0xda,0x50,0x00,0x4f,0xff,0xff,0xff,0xf1,0x4f,
0xc7,0x77,0x77,0x70,0x4f,0x80,0x00,0x00,0x00,0x4f,0x80,0x00,0x00,0x00,0x4f,0x92,0x22,0x22,0x20,0x4f,
0xff,0xff,0xff,0xc0,0x4f,0xa5,0x55,0x55,0x40,0x4f,0x80,0x00,0x00,0x00,0x4f,0x80,0x00,0x00,0x00,0x4f,
0x80,0x00,0x00,0x00,0x4f,0x80,0x00,0x00,0x00,0x4f,0xc7,0x77,0x77,0x72,0x4f,0xff,0xff,0xff,0xf3,0x4f,
0xff,0xff,0xff,0x54,0xfc,0x77,0x77,0x72,0x4f,0x80,0x00,0x00,0x04,0xf8,0x00,0x00,0x00,0x4f,0x92,0x22,
0x22,0x04,0xff,0xff,0xff,0xb0,0x4f,0xa5,0x55,0x54,0x04,0xf8,0x00,0x00,0x00,0x4f,0x80,0x00,0x00,0x04,
0xf8,0x00,0x00,0x00,0x4f,0x80,0x00,0x00,0x04,0xf8,0x00,0x00,0x00,0x4f,0x80,0x00,0x00,0x00,0x00,0x06,
0xbe,0xfe,0xc8,0x20,0x02,0xcf,0xc8,0x78,0xae,0xf1,0x0c,0xf6,0x00,0x00,0x01,0x82,0x6f,0x80,0x00,0x00,
0x00,0x00,0xbf,0x20,0x00,0x00,0x00,0x00,0xee,0x00,0x00,0x02,0x22,0x21,0xfe,0x00,0x00,0x3f,0xff,0xf7,
0xee,0x00,0x00,0x15,0x58,0xf7,0xbf,0x20,0x00,0x00,0x04,0xf7,0x6f,0x80,0x00,0x00,0x04,0xf7,0x0d,0xf6,
0x00,0x00,0x04,0xf7,0x02,0xcf,0xc8,0x78,0xae,0xf5,0x00,0x06,0xbe,0xfe,0xc8,0x20,0x4f,0x80,0x00,0x00,
0x0f,0xc4,0xf8,0x00,0x00,0x00,0xfc,0x4f,0x80,0x00,0x00,0x0f,0xc4,0xf8,0x00,0x00,0x00,0xfc,0x4f,0x92,
0x22,0x22,0x2f,0xc4,0xff,0xff,0xff,0xff,0xfc,0x4f,0xa5,0x55,0x55,0x5f,0xc4,0xf8,0x00,0x00,0x00,0xfc,
0x4f,0x80,0x00,0x00,0x0f,0xc4,0xf8,0x00,0x00,0x00,0xfc,0x4f,0x80,0x00,0x00,0x0f,0xc4,0xf8,0x00,0x00,
0x00,0xfc,0x4f,0x80,0x00,0x00,0x0f,0xc0,0x4f,0x84,0xf8,0x4f,0x84,0xf8,0x4f,0x84,0xf8,0x4f,0x84,0xf8,
0x4f,0x84,0xf8,0x4f,0x84,0xf8,0x4f,0x80,0x00,0x4f,0x80,0x04,0xf8,0x00,0x4f,0x80,0x04,0xf8,0x00,0x4f,
0x80,0x04,0xf8,0x00,0x4f,0x80,0x04,0xf8,0x00,0x4f,0x80,0x04,0xf8,0x00,0x4f,0x80,0x04,0xf8,0x00,0x4f,
0x80,0x05,0xf7,0x00,0x9f,0x47,0xaf,0xd0,0xee,0xa2,0x00,0x4f,0x80,0x00,0x03,0xee,0x40,0x4f,0x80,0x00,
0x3e,0xe3,0x00,0x4f,0x80,0x04,0xed,0x20,0x00,0x4f,0x80,0x5f,0xd2,0x00,0x00,0x4f,0x86,0xfc,0x10,0x00,
0x00,0x4f,0xdf,0xb1,0x00,0x00,0x00,0x4f,0xef,0xa0,0x00,0x00,0x00,0x4f,0x8a,0xfa,0x00,0x00,0x00,0x4f,
0x80,0xaf,0xa0,0x00,0x00,0x4f,0x80,0x0a,0xfa,0x00,0x00,0x4f,0x80,0x00,0xaf,0xa0,0x00,0x4f,0x80,0x00,
0x0a,0xfa,0x00,0x4f,0x80,0x00,0x00,0xaf,0xa0,0x4f,0x80,0x00,0x00,0x04,0xf8,0x00,0x00,0x00,0x4f,0x80,
0x00,0x00,0x04,0xf8,0x00,0x00,0x00,0x4f,0x80,0x00,0x00,0x04,0xf8,0x00,0x00,0x00,0x4f,0x80,0x00,0x00,
0x04,0xf8,0x00,0x00,0x00,0x4f,0x80,0x00,0x00,0x04,0xf8,0x00,0x00,0x00,0x4f,0x80,0x00,0x00,0x04,0xfc,
0x77,0x77,0x77,0x4f,0xff,0xff,0xff,0xe0,0x4f,0xf9,0x00,0x00,0x01,0xff,0xc4,0xff,0xe1,0x00,0x00,0x7f,
0xfc,0x4f,0xaf,0x50,0x00,0x0c,0xae,0xc4,0xf7,0xcb,0x00,0x03,0xf5,0xec,0x4f,0x76,0xf2,0x00,0x9e,0x0e,
0xc4,0xf7,0x1e,0x70,0x0e,0x80,0xec,0x4f,0x70,0xad,0x05,0xf3,0x0e,0xc4,0xf7,0x04,0xf4,0xbc,0x00,0xec,
0x4f,0x70,0x0d,0xbf,0x60,0x0e,0xc4,0xf7,0x00,0x8f,0xf1,0x00,0xec,0x4f,0x70,0x02,0x86,0x00,0x0e,0xc4,
0xf7,0x00,0x00,0x00,0x00,0xec,0x4f,0x70,0x00,0x00,0x00,0x0e,0xc0,0x4f,0xf6,0x00,0x00,0x0f,0xb4,0xff,
0xe1,0x00,0x00,0xfb,0x4f,0xcf,0x70,0x00,0x0f,0xb4,0xf7,0xce,0x10,0x00,0xfb,0x4f,0x74,0xf8,0x00,0x0f,
0xb4,0xf7,0x0b,0xf2,0x00,0xfb,0x4f,0x70,0x3f,0x90,0x0f,0xb4,0xf7,0x00,0xaf,0x30,0xfb,0x4f,0x70,0x02,
0xfa,0x0f,0xb4,0xf7,0x00,0x08,0xf4,0xfb,0x4f,0x70,0x00,0x1e,0xcf,0xb4,0xf7,0x00,0x00,0x7f,0xfb,0x4f,
0x70,0x00,0x01,0xef,0xb0,0x00,0x17,0xce,0xed,0x81,0x00,0x00,0x2d,0xfb,0x77,0xaf,0xe4,0x00,0x0d,0xf5,
0x00,0x00,0x3e,0xe2,0x06,0xf9,0x00,0x00,0x00,0x6f,0x90,0xbf,0x20,0x00,0x00,0x00,0xee,0x0e,0xe0,0x00,
0x00,0x00,0x0c,0xf1,0xfe,0x00,0x00,0x00,0x00,0xbf,0x2e,0xe0,0x00,0x00,0x00,0x0c,0xf1,0xbf,0x20,0x00,
0x00,0x00,0xee,0x06,0xf9,0x00,0x00,0x00,0x6f,0x90,0x1d,0xf5,0x00,0x00,0x3e,0xe2,0x00,0x2d,0xfb,0x77,
0xaf,0xe4,0x00,0x00,0x17,0xce,0xfd,0x82,0x00,0x00,0x4f,0xff,0xfe,0xc7,0x00,0x4f,0xb7,0x78,0xdf,0x90,
0x4f,0x80,0x00,0x1e,0xf1,0x4f,0x80,0x00,0x0a,0xf3,0x4f,0x80,0x00,0x0c,0xf2,0x4f,0x92,0x23,0x9f,0xc0,
0x4f,0xff,0xff,0xfb,0x20,0x4f,0xa5,0x54,0x20,0x00,0x4f,0x80,0x00,0x00,0x00,0x4f,0x80,0x00,0x00,0x00,
0x4f,0x80,0x00,0x00,0x00,0x4f,0x80,0x00,0x00,0x00,0x4f,0x80,0x00,0x00,0x00,0x00,0x17,0xce,0xed,0x81,
0x00,0x00,0x2d,0xfb,0x77,0xaf,0xe4,0x00,0x0d,0xf5,0x00,0x00,0x3e,0xe2,0x06,0xf9,0x00,0x00,0x00,0x6f,
0x90,0xbf,0x20,0x00,0x00,0x00,0xee,0x0e,0xe0,0x00,0x00,0x00,0x0c,0xf1,0xfe,0x00,0x00,0x00,0x00,0xbf,
0x2e,0xe0,0x00,0x00,0x00,0x0c,0xf1,0xbf,0x20,0x00,0x00,0x00,0xee,0x06,0xf8,0x00,0x00,0x00,0x6f,0x80,
0x1d,0xf5,0x00,0x00,0x3e,0xe2,0x00,0x2d,0xfb,0x77,0xaf,0xe3,0x00,0x00,0x17,0xce,0xff,0xd1,0x00,0x00,
0x00,0x00,0x00,0xaf,0x70,0x00,0x00,0x00,0x00,0x00,0xaf,0x70,0x00,0x4f,0xff,0xfe,0xc7,0x00,0x04,0xfb,
0x77,0x8d,0xf9,0x00,0x4f,0x80,0x00,0x1d,0xf1,0x04,0xf8,0x00,0x00,0xaf,0x30,0x4f,0x80,0x00,0x0c,0xf2,
0x04,0xf9,0x22,0x39,0xfc,0x00,0x4f,0xff,0xff,0xfa,0x10,0x04,0xfa,0x55,0x7e,0xc1,0x00,0x4f,0x80,0x00,
0x4f,0xa0,0x04,0xf8,0x00,0x00,0x9f,0x30,0x4f,0x80,0x00,0x02,0xfb,0x04,0xf8,0x00,0x00,0x0a,0xf3,0x4f,
0x80,0x00,0x00,0x3f,0xb0,0x02,0x9d,0xee,0xd9,0x40,0x2e,0xfa,0x77,0xae,0xa0,0xaf,0x50,0x00,0x00,0x20,
0xcf,0x00,0x00,0x00,0x00,0xaf,0x60,0x00,0x00,0x00,0x2e,0xfd,0x96,0x20,0x00,0x02,0x9d,0xff,0xfb,0x20,
0x00,0x00,0x15,0xaf,0xd1,0x00,0x00,0x00,0x0a,0xf4,0x00,0x00,0x00,0x07,0xf6,0x51,0x00,0x00,0x1c,0xf3,
0xce,0xa7,0x78,0xdf,0xa0,0x38,0xce,0xfe,0xb6,0x00,0x1f,0xff,0xff,0xff,0xff,0xff,0x10,0x77,0x77,0xaf,
0xa7,0x77,0x70,0x00,0x00,0x06,0xf6,0x00,0x00,0x00,0x00,0x00,0x6f,0x60,0x00,0x00,0x00,0x00,0x06,0xf6,
0x00,0x00,0x00,0x00,0x00,0x6f,0x60,0x00,0x00,0x00,0x00,0x06,0xf6,0x00,0x00,0x00,0x00,0x00,0x6f,0x60,
0x00,0x00,0x00,0x00,0x06,0xf6,0x00,0x00,0x00,0x00,0x00,0x6f,0x60,0x00,0x00,0x00,0x00,0x06,0xf6,0x00,
0x00,0x00,0x00,0x00,0x6f,0x60,0x00,0x00,0x00,0x00,0x06,0xf6,0x00,0x00,0x00,0x7f,0x50,0x00,0x00,0x3f,
0x97,0xf5,0x00,0x00,0x03,0xf9,0x7f,0x50,0x00,0x00,0x3f,0x97,0xf5,0x00,0x00,0x03,0xf9,0x7f,0x50,0x00,
0x00,0x3f,0x97,0xf5,0x00,0x00,0x03,0xf9,0x7f,0x50,0x00,0x00,0x3f,0x97,0xf5,0x00,0x00,0x03,0xf9,0x6f,
0x60,0x00,0x00,0x3f,0x94,0xf8,0x00,0x00,0x06,0xf7,0x1e,0xe2,0x00,0x01,0xcf,0x20,0x5f,0xe9,0x78,0xdf,
0x80,0x00,0x4a,0xef,0xeb,0x50,0x00,0xaf,0x30,0x00,0x00,0x00,0xde,0x14,0xf9,0x00,0x00,0x00,0x4f,0x90,
0x0d,0xe0,0x00,0x00,0x0a,0xf3,0x00,0x8f,0x50,0x00,0x01,0xec,0x00,0x02,0xfb,0x00,0x00,0x6f,0x70,0x00,
0x0b,0xf2,0x00,0x0c,0xf1,0x00,0x00,0x5f,0x70,0x02,0xfa,0x00,0x00,0x00,0xed,0x00,0x8f,0x40,0x00,0x00,
0x09,0xf3,0x0e,0xd0,0x00,0x00,0x00,0x3f,0x94,0xf8,0x00,0x00,0x00,0x00,0xce,0xbf,0x20,0x00,0x00,0x00,
0x06,0xff,0xb0,0x00,0x00,0x00,0x00,0x1f,0xf5,0x00,0x00,0x00,0x4f,0x80,0x00,0x03,0xff,0x10,0x00,0x0b,
0xf1,0x1f,0xc0,0x00,0x07,0xff,0x40,0x00,0x0e,0xc0,0x0c,0xf1,0x00,0x0b,0xbe,0x80,0x00,0x3f,0x90,0x08,
0xf4,0x00,0x0e,0x7a,0xc0,0x00,0x7f,0x50,0x04,0xf8,0x00,0x3f,0x36,0xf1,0x00,0xbf,0x10,0x01,0xfc,0x00,
0x7e,0x02,0xf4,0x00,0xec,0x00,0x00,0xbf,0x10,0xbb,0x00,0xe8,0x03,0xf8,0x00,0x00,0x8f,0x40,0xe7,0x00,
0xac,0x07,0xf4,0x00,0x00,0x4f,0x83,0xf3,0x00,0x6f,0x1b,0xf1,0x00,0x00,0x0f,0xc7,0xe0,0x00,0x3f,0x4e,
0xc0,0x00,0x00,0x0b,0xfc,0xb0,0x00,0x0e,0xbf,0x80,0x00,0x00,0x07,0xff,0x70,0x00,0x0a,0xff,0x40,0x00,
0x00,0x04,0xff,0x40,0x00,0x07,0xff,0x10,0x00,0x08,0xf6,0x00,0x00,0x0b,0xf3,0x00,0xce,0x20,0x00,0x7f,
0x70,0x00,0x3f,0xb0,0x02,0xec,0x00,0x00,0x08,0xf6,0x0c,0xf2,0x00,0x00,0x00,0xce,0x9f,0x70,0x00,0x00,
0x00,0x3f,0xfb,0x00,0x00,0x00,0x00,0x2e,0xf7,0x00,0x00,0x00,0x00,0xbf,0xde,0x20,0x00,0x00,0x06,0xf7,
0x3f,0xb0,0x00,0x00,0x2e,0xc0,0x07,0xf6,0x00,0x00,0xcf,0x20,0x00,0xce,0x20,0x07,0xf7,0x00,0x00,0x3f,
0xb0,0x2f,0xc0,0x00,0x00,0x07,0xf6,0x0a,0xf3,0x00,0x00,0x03,0xfa,0x00,0x1e,0xd1,0x00,0x01,0xde,0x10,
0x00,0x5f,0x90,0x00,0x8f,0x50,0x00,0x00,0xaf,0x40,0x4f,0xa0,0x00,0x00,0x01,0xed,0x2d,0xd1,0x00,0x00,
0x00,0x04,0xfe,0xf4,0x00,0x00,0x00,0x00,0x09,0xf9,0x00,0x00,0x00,0x00,0x00,0x6f,0x60,0x00,0x00,0x00,
0x00,0x06,0xf6,0x00,0x00,0x00,0x00,0x00,0x6f,0x60,0x00,0x00,0x00,0x00,0x06,0xf6,0x00,0x00,0x00,0x00,
0x00,0x6f,0x60,0x00,0x00,0x00,0x00,0x06,0xf6,0x00,0x00,0x00,0x0f,0xff,0xff,0xff,0xff,0xf5,0x07,0x77,
0x77,0x77,0x8f,0xf3,0x00,0x00,0x00,0x00,0xbf,0x60,0x00,0x00,0x00,0x08,0xf9,0x00,0x00,0x00,0x00,0x5f,
0xb0,0x00,0x00,0x00,0x03,0xed,0x10,0x00,0x00,0x00,0x1d,0xe3,0x00,0x00,0x00,0x00,0xcf,0x50,0x00,0x00,
0x00,0x09,0xf7,0x00,0x00,0x00,0x00,0x6f,0xa0,0x00,0x00,0x00,0x04,0xfc,0x10,0x00,0x00,0x00,0x1e,0xf9,
0x77,0x77,0x77,0x74,0x3f,0xff,0xff,0xff,0xff,0xf8,0x7f,0xff,0x47,0xf5,0x41,0x7f,0x30,0x07,0xf3,0x00,
0x7f,0x30,0x07,0xf3,0x00,0x7f,0x30,0x07,0xf3,0x00,0x7f,0x30,0x07,0xf3,0x00,0x7f,0x30,0x07,0xf3,0x00,
0x7f,0x30,0x07,0xf3,0x00,0x7f,0x30,0x07,0xff,0xf4,0x13,0x33,0x10,0xda,0x00,0x00,0x08,0xe0,0x00,0x00,
0x3f,0x40,0x00,0x00,0xd9,0x00,0x00,0x09,0xe0,0x00,0x00,0x4f,0x30,0x00,0x00,0xe8,0x00,0x00,0x0a,0xd0,
0x00,0x00,0x5f,0x30,0x00,0x01,0xe7,0x00,0x00,0x0a,0xc0,0x00,0x00,0x6f,0x20,0x00,0x01,0xf6,0x00,0x00,
0x0b,0xb0,0x00,0x00,0x47,0x00,0x4f,0xff,0x71,0x45,0xf7,0x00,0x2f,0x70,0x02,0xf7,0x00,0x2f,0x70,0x02,
0xf7,0x00,0x2f,0x70,0x02,0xf7,0x00,0x2f,0x70,0x02,0xf7,0x00,0x2f,0x70,0x02,0xf7,0x00,0x2f,0x70,0x02,
0xf7,0x00,0x3f,0x74,0xff,0xf7,0x13,0x33,0x20,0x00,0x00,0x1b,0xfc,0x10,0x00,0x00,0x00,0x0b,0xfa,0xfc,
0x10,0x00,0x00,0x0a,0xf6,0x05,0xfb,0x10,0x00,0x0a,0xf5,0x00,0x04,0xeb,0x00,0x09,0xe4,0x00,0x00,0x03,
0xea,0x00,0x00,0x00,0x00,0x00,0x00,0x03,0xff,0xff,0xff,0xff,0xf3,0x13,0x33,0x33,0x33,0x33,0x10,0x28,
0x30,0x00,0xad,0x10,0x01,0xca,0x00,0x02,0xe5,0x18,0xce,0xfd,0x70,0x03,0xe9,0x66,0xbf,0x90,0x00,0x00,
0x00,0x9f,0x20,0x00,0x00,0x04,0xf5,0x06,0xcf,0xff,0xff,0x67,0xfa,0x54,0x36,0xf6,0xdc,0x00,0x00,0x6f,
0x6d,0xd0,0x00,0x0c,0xf6,0x8f,0xa6,0x7d,0xcf,0x60,0x8d,0xfd,0x74,0xf6,0x5f,0x40,0x00,0x00,0x00,0x5f,
0x40,0x00,0x00,0x00,0x5f,0x40,0x00,0x00,0x00,0x5f,0x40,0x00,0x00,0x00,0x5f,0x48,0xdf,0xc5,0x00,0x5f,
0xcd,0x77,0xdf,0x50,0x5f,0xd1,0x00,0x1d,0xe0,0x5f,0x70,0x00,0x07,0xf4,0x5f,0x50,0x00,0x04,0xf6,0x5f,
0x50,0x00,0x04,0xf6,0x5f,0x70,0x00,0x07,0xf4,0x5f,0xd1,0x00,0x1d,0xe0,0x5f,0xcd,0x77,0xcf,0x60,0x5f,
0x48,0xdf,0xc5,0x00,0x00,0x7c,0xfe,0xc6,0x0b,0xfb,0x76,0x9b,0x7f,0x80,0x00,0x00,0xce,0x00,0x00,0x00,
0xec,0x00,0x00,0x00,0xfc,0x00,0x00,0x00,0xce,0x00,0x00,0x00,0x7f,0x80,0x00,0x00,0x0c,0xfb,0x76,0x9b,
0x00,0x7d,0xfe,0xc6,0x00,0x00,0x00,0x0c,0xc0,0x00,0x00,0x00,0xcc,0x00,0x00,0x00,0x0c,0xc0,0x00,0x00,
0x00,0xcc,0x02,0xae,0xeb,0x2c,0xc1,0xdf,0x86,0xae,0xdc,0x8f,0x50,0x00,0x8f,0xcd,0xd0,0x00,0x01,0xfc,
0xfb,0x00,0x00,0x0d,0xcf,0xb0,0x00,0x00,0xdc,0xdd,0x00,0x00,0x1f,0xc8,0xf5,0x00,0x08,0xfc,0x1d,0xf8,
0x69,0xee,0xc0,0x2a,0xee,0xb2,0xcc,0x00,0x7d,0xfe,0xb3,0x00,0x0b,0xf9,0x67,0xde,0x30,0x7f,0x50,0x00,
0x1d,0xb0,0xcd,0x00,0x00,0x09,0xf0,0xef,0xff,0xff,0xff,0xf1,0xfc,0x33,0x33,0x33,0x30,0xce,0x00,0x00,
0x00,0x00,0x7f,0x80,0x00,0x00,0x10,0x0b,0xfb,0x76,0x8c,0xb0,0x00,0x6c,0xee,0xda,0x40,0x00,0x1a,0xef,
0xa0,0x0a,0xe7,0x53,0x00,0xea,0x00,0x00,0x1f,0x90,0x00,0x9f,0xff,0xff,0x42,0x4f,0xa4,0x41,0x01,0xf9,
0x00,0x00,0x1f,0x90,0x00,0x01,0xf9,0x00,0x00,0x1f,0x90,0x00,0x01,0xf9,0x00,0x00,0x1f,0x90,0x00,0x01,
0xf9,0x00,0x00,0x1f,0x90,0x00,0x02,0xae,0xeb,0x2c,0xc1,0xdf,0x86,0x9e,0xdc,0x8f,0x50,0x00,0x8f,0xcd,
0xd0,0x00,0x01,0xfc,0xfb,0x00,0x00,0x0d,0xcf,0xb0,0x00,0x00,0xdc,0xdd,0x00,0x00,0x1f,0xc8,0xf5,0x00,
0x07,0xfc,0x1d,0xf8,0x69,0xed,0xc0,0x2a,0xee,0xb2,0xdb,0x00,0x00,0x00,0x1f,0xa0,0x00,0x00,0x07,0xf6,
0x0c,0x96,0x6a,0xfc,0x00,0x7c,0xef,0xd8,0x10,0x5f,0x40,0x00,0x00,0x05,0xf4,0x00,0x00,0x00,0x5f,0x40,
0x00,0x00,0x05,0xf4,0x00,0x00,0x00,0x5f,0x47,0xdf,0xd6,0x05,0xfc,0xd7,0x7d,0xf3,0x5f,0xd1,0x00,0x2f,
0xa5,0xf6,0x00,0x00,0xcc,0x5f,0x40,0x00,0x0b,0xd5,0xf4,0x00,0x00,0xbd,0x5f,0x40,0x00,0x0b,0xd5,0xf4,
0x00,0x00,0xbd,0x5f,0x40,0x00,0x0b,0xd5,0xf4,0x00,0x00,0xbd,0x4f,0x54,0xf5,0x00,0x00,0x00,0x4f,0x54,
0xf5,0x4f,0x54,0xf5,0x4f,0x54,0xf5,0x4f,0x54,0xf5,0x4f,0x54,0xf5,0x00,0x4f,0x50,0x04,0xf5,0x00,0x00,
0x00,0x00,0x00,0x00,0x4f,0x50,0x04,0xf5,0x00,0x4f,0x50,0x04,0xf5,0x00,0x4f,0x50,0x04,0xf5,0x00,0x4f,
0x50,0x04,0xf5,0x00,0x4f,0x50,0x04,0xf5,0x00,0x5f,0x40,0x06,0xf3,0x26,0xde,0x05,0xec,0x30,0x5f,0x40,
0x00,0x00,0x00,0x5f,0x40,0x00,0x00,0x00,0x5f,0x40,0x00,0x00,0x00,0x5f,0x40,0x00,0x00,0x00,0x5f,0x40,
0x00,0x7f,0x90,0x5f,0x40,0x09,0xf7,0x00,0x5f,0x40,0xaf,0x60,0x00,0x5f,0x5b,0xe4,0x00,0x00,0x5f,0xef,
0x40,0x00,0x00,0x5f,0x9f,0xb1,0x00,0x00,0x5f,0x45,0xfb,0x10,0x00,0x5f,0x40,0x5f,0xc1,0x00,0x5f,0x40,
0x04,0xfc,0x10,0x5f,0x40,0x00,0x4f,0xc1,0x4f,0x54,0xf5,0x4f,0x54,0xf5,0x4f,0x54,0xf5,0x4f,0x54,0xf5,
0x4f,0x54,0xf5,0x4f,0x54,0xf5,0x4f,0x54,0xf5,0x5f,0x47,0xdf,0xc3,0x04,0xbe,0xe7,0x05,0xfc,0xc7,0x8e,
0xe5,0xe8,0x7c,0xf5,0x5f,0xc0,0x00,0x5f,0xf3,0x00,0x0e,0xc5,0xf6,0x00,0x01,0xfc,0x00,0x00,0xae,0x5f,
0x40,0x00,0x0f,0xa0,0x00,0x09,0xf5,0xf4,0x00,0x00,0xfa,0x00,0x00,0x9f,0x5f,0x40,0x00,0x0f,0xa0,0x00,
0x09,0xf5,0xf4,0x00,0x00,0xfa,0x00,0x00,0x9f,0x5f,0x40,0x00,0x0f,0xa0,0x00,0x09,0xf5,0xf4,0x00,0x00,
0xfa,0x00,0x00,0x9f,0x5f,0x48,0xdf,0xd6,0x05,0xfd,0xa4,0x4a,0xf3,0x5f,0xb0,0x00,0x1e,0xa5,0xf6,0x00,
0x00,0xcc,0x5f,0x40,0x00,0x0b,0xd5,0xf4,0x00,0x00,0xbd,0x5f,0x40,0x00,0x0b,0xd5,0xf4,0x00,0x00,0xbd,
0x5f,0x40,0x00,0x0b,0xd5,0xf4,0x00,0x00,0xbd,0x01,0x9d,0xfd,0x91,0x00,0x1d,0xf9,0x69,0xfd,0x10,0x8f,
0x60,0x00,0x6f,0x80,0xde,0x00,0x00,0x0e,0xd0,0xfb,0x00,0x00,0x0b,0xf0,0xfb,0x00,0x00,0x0b,0xf0,0xde,
0x00,0x00,0x0e,0xd0,0x8f,0x60,0x00,0x6f,0x80,0x1d,0xf9,0x69,0xfd,0x10,0x01,0x9d,0xfd,0x91,0x00,0x5f,
0x58,0xdf,0xc5,0x00,0x5f,0xda,0x33,0x9f,0x50,0x5f,0xc0,0x00,0x0c,0xe0,0x5f,0x70,0x00,0x06,0xf4,0x5f,
0x50,0x00,0x04,0xf6,0x5f,0x50,0x00,0x05,0xf6,0x5f,0x80,0x00,0x07,0xf4,0x5f,0xe1,0x00,0x1d,0xe0,0x5f,
0xcd,0x77,0xdf,0x60,0x5f,0x48,0xdf,0xc5,0x00,0x5f,0x40,0x00,0x00,0x00,0x5f,0x40,0x00,0x00,0x00,0x5f,
0x40,0x00,0x00,0x00,0x5f,0x40,0x00,0x00,0x00,0x02,0xae,0xeb,0x2c,0xc1,0xdf,0x86,0xae,0xdc,0x8f,0x50,
0x00,0x8f,0xcd,0xd0,0x00,0x01,0xfc,0xfb,0x00,0x00,0x0d,0xcf,0xb0,0x00,0x00,0xdc,0xdd,0x00,0x00,0x1f,
0xc8,0xf5,0x00,0x08,0xfc,0x1d,0xf8,0x69,0xee,0xc0,0x2a,0xee,0xb2,0xcc,0x00,0x00,0x00,0x0c,0xc0,0x00,
0x00,0x00,0xcc,0x00,0x00,0x00,0x0c,0xc0,0x00,0x00,0x00,0xcc,0x00,0x00,0x00,0x15,0xf5,0x8d,0xf6,0x5f,
0xdb,0x54,0x35,0xfc,0x00,0x00,0x5f,0x60,0x00,0x05,0xf4,0x00,0x00,0x5f,0x40,0x00,0x05,0xf4,0x00,0x00,
0x5f,0x40,0x00,0x05,0xf4,0x00,0x00,0x5f,0x40,0x00,0x00,0x00,0x7d,0xee,0xd9,0x00,0x9f,0x96,0x68,0xc0,
0x0d,0xa0,0x00,0x00,0x00,0xcd,0x30,0x00,0x00,0x04,0xef,0xd9,0x50,0x00,0x01,0x59,0xdf,0xc1,0x00,0x00,
0x00,0x7f,0x60,0x10,0x00,0x04,0xf7,0x0f,0xa7,0x67,0xde,0x20,0x8c,0xef,0xda,0x20,0x02,0x82,0x00,0x00,
0x5f,0x40,0x00,0x05,0xf4,0x00,0x08,0xff,0xff,0xf9,0x27,0xf7,0x44,0x20,0x5f,0x40,0x00,0x05,0xf4,0x00,
0x00,0x5f,0x40,0x00,0x05,0xf4,0x00,0x00,0x5f,0x40,0x00,0x04,0xf6,0x00,0x00,0x1f,0xc6,0x53,0x00,0x5d,
0xff,0x90,0x7f,0x20,0x00,0x0d,0xc7,0xf2,0x00,0x00,0xdc,0x7f,0x20,0x00,0x0d,0xc7,0xf2,0x00,0x00,0xdc,
0x7f,0x20,0x00,0x0d,0xc7,0xf2,0x00,0x00,0xdc,0x6f,0x30,0x00,0x0f,0xc4,0xf7,0x00,0x07,0xfc,0x0c,0xf9,
0x7a,0xdd,0xc0,0x2b,0xee,0xa2,0xdc,0x4f,0x60,0x00,0x00,0xce,0x00,0xec,0x00,0x00,0x2f,0x80,0x08,0xf2,
0x00,0x08,0xf3,0x00,0x3f,0x80,0x00,0xdc,0x00,0x00,0xcd,0x00,0x4f,0x70,0x00,0x07,0xf4,0x09,0xf1,0x00,
0x00,0x1f,0xa1,0xeb,0x00,0x00,0x00,0xae,0x6f,0x50,0x00,0x00,0x05,0xfe,0xe0,0x00,0x00,0x00,0x0e,0xf9,
0x00,0x00,0x2f,0x80,0x00,0xbf,0x70,0x00,0xcd,0x0d,0xb0,0x00,0xef,0xb0,0x01,0xf9,0x09,0xf1,0x04,0xfa,
0xe0,0x05,0xf5,0x05,0xf4,0x08,0xe3,0xf3,0x08,0xf1,0x01,0xf8,0x0b,0xa0,0xe7,0x0c,0xc0,0x00,0xdc,0x1f,
0x60,0xab,0x1f,0x80,0x00,0x9f,0x5f,0x20,0x6f,0x5f,0x40,0x00,0x5f,0xdd,0x00,0x2f,0xdf,0x10,0x00,0x1f,
0xf9,0x00,0x0e,0xfc,0x00,0x00,0x0c,0xf5,0x00,0x0a,0xf8,0x00,0x0c,0xe2,0x00,0x06,0xf8,0x00,0x2e,0xc0,
0x03,0xeb,0x00,0x00,0x5f,0x91,0xce,0x20,0x00,0x00,0x9f,0xcf,0x50,0x00,0x00,0x00,0xdf,0x90,0x00,0x00,
0x00,0x3f,0xfb,0x00,0x00,0x00,0x1d,0xe7,0xf8,0x00,0x00,0x0a,0xf4,0x0a,0xf4,0x00,0x06,0xf8,0x00,0x1d,
0xd1,0x02,0xec,0x00,0x00,0x3f,0xa0,0x4f,0x70,0x00,0x00,0xce,0x00,0xdc,0x00,0x00,0x3f,0x80,0x07,0xf3,
0x00,0x08,0xf2,0x00,0x1f,0x90,0x00,0xeb,0x00,0x00,0xae,0x10,0x5f,0x50,0x00,0x04,0xf6,0x0b,0xe0,0x00,
0x00,0x0d,0xb2,0xf9,0x00,0x00,0x00,0x7f,0xaf,0x30,0x00,0x00,0x02,0xff,0xc0,0x00,0x00,0x00,0x0a,0xf6,
0x00,0x00,0x00,0x00,0xae,0x10,0x00,0x00,0x00,0x2f,0x90,0x00,0x00,0x03,0x6c,0xf2,0x00,0x00,0x00,0x9f,
0xd5,0x00,0x00,0x00,0x0f,0xff,0xff,0xff,0xa0,0x44,0x44,0x49,0xf8,0x00,0x00,0x03,0xec,0x00,0x00,0x02,
0xdd,0x10,0x00,0x01,0xce,0x30,0x00,0x00,0xaf,0x50,0x00,0x00,0x8f,0x70,0x00,0x00,0x5f,0x90,0x00,0x00,
0x2f,0xe5,0x44,0x44,0x33,0xff,0xff,0xff,0xfa,0x00,0x02,0xbe,0xf3,0x00,0x0b,0xf6,0x41,0x00,0x0e,0xa0,
0x00,0x00,0x0f,0x90,0x00,0x00,0x0f,0x90,0x00,0x00,0x0f,0x90,0x00,0x00,0x2f,0x80,0x00,0x02,0xaf,0x40,
0x00,0xbf,0xf7,0x00,0x00,0x25,0xbf,0x30,0x00,0x00,0x2f,0x80,0x00,0x00,0x0f,0x90,0x00,0x00,0x0f,0x90,
0x00,0x00,0x0f,0xa0,0x00,0x00,0x0d,0xd3,0x10,0x00,0x05,0xef,0xf3,0x00,0x00,0x02,0x31,0xbc,0xbc,0xbc,
0xbc,0xbc,0xbc,0xbc,0xbc,0xbc,0xbc,0xbc,0xbc,0xbc,0xbc,0xbc,0xbc,0xbc,0xbc,0xbf,0xd6,0x00,0x00,0x35,
0xbf,0x30,0x00,0x00,0x4f,0x60,0x00,0x00,0x2f,0x70,0x00,0x00,0x2f,0x70,0x00,0x00,0x2f,0x70,0x00,0x00,
0x1f,0x80,0x00,0x00,0x0c,0xe4,0x10,0x00,0x02,0xdf,0xf3,0x00,0x0b,0xe6,0x41,0x00,0x1f,0x90,0x00,0x00,
0x2f,0x70,0x00,0x00,0x2f,0x70,0x00,0x00,0x3f,0x70,0x00,0x01,0x8f,0x50,0x00,0xbf,0xfb,0x00,0x00,0x23,
0x10,0x00,0x00,0x00,0x01,0x10,0x00,0x00,0x01,0x10,0x5c,0xff,0xea,0x63,0x36,0xd3,0x1f,0xa6,0x69,0xdf,
0xff,0xe8,0x01,0x30,0x00,0x00,0x24,0x41,0x00,0x4f,0x84,0xf8,0x13,0x20,0x00,0x1c,0x43,0xf6,0x4f,0x74,
0xf7,0x4f,0x84,0xf8,0x4f,0x84,0xf8,0x4f,0x80,0x00,0x00,0x08,0x00,0x00,0x00,0x01,0xd0,0x00,0x00,0x00,
0x1d,0x00,0x00,0x03,0xae,0xfe,0xb2,0x04,0xfe,0x8e,0x7b,0x50,0xee,0x21,0xd0,0x00,0x4f,0x70,0x1d,0x00,
0x07,0xf4,0x01,0xd0,0x00,0x7f,0x40,0x1d,0x00,0x05,0xf6,0x01,0xd0,0x00,0x1f,0xc0,0x1d,0x00,0x00,0x8f,
0xb4,0xd2,0x73,0x00,0x7e,0xff,0xfe,0x40,0x00,0x04,0xe3,0x10,0x00,0x00,0x1d,0x00,0x00,0x00,0x01,0xb0,
0x00,0x00,0x04,0xce,0xec,0x60,0x03,0xfe,0x86,0x99,0x00,0x9f,0x30,0x00,0x00,0x0b,0xf0,0x00,0x00,0x00,
0xcf,0x00,0x00,0x00,0x0c,0xf0,0x00,0x00,0x8f,0xff,0xff,0xf6,0x02,0x3d,0xf3,0x33,0x10,0x00,0xcf,0x00,
0x00,0x00,0x0c,0xf0,0x00,0x00,0x00,0xcf,0x00,0x00,0x06,0x7d,0xf7,0x77,0x76,0xdf,0xff,0xff,0xff,0xd0,
0x01,0x00,0x00,0x00,0x01,0x00,0xc9,0x00,0x10,0x03,0xe5,0x06,0xfa,0xcf,0xe9,0xec,0x10,0x08,0xfa,0x57,
0xee,0x10,0x00,0xca,0x00,0x03,0xf4,0x00,0x0e,0x60,0x00,0x0e,0x70,0x00,0xd9,0x00,0x02,0xf5,0x00,0x08,
0xf7,0x24,0xce,0x00,0x04,0xed,0xef,0xfc,0xfa,0x00,0xdb,0x11,0x42,0x05,0xf6,0x02,0x00,0x00,0x00,0x02,
0x00,0x1e,0xa0,0x00,0x00,0x4f,0x70,0x7f,0x30,0x00,0x0c,0xd0,0x00,0xdb,0x00,0x05,0xf5,0x00,0x05,0xf5,
0x00,0xdc,0x00,0x00,0x0c,0xd0,0x7f,0x30,0x00,0xbe,0xff,0x7e,0xfe,0xe3,0x02,0x22,0xbf,0xf3,0x22,0x00,
0x00,0x04,0xfa,0x00,0x00,0x0b,0xee,0xef,0xfe,0xee,0x30,0x22,0x24,0xfa,0x22,0x20,0x00,0x00,0x2f,0x90,
0x00,0x00,0x00,0x02,0xf9,0x00,0x00,0x00,0x00,0x2f,0x90,0x00,0x00,0x77,0xbc,0xbc,0xbc,0xbc,0xbc,0xbc,
0x00,0x00,0x77,0xbc,0xbc,0xbc,0xbc,0xbc,0xbc,0x00,0x6d,0xfe,0xb2,0x00,0x5f,0xa4,0x5a,0x40,0x08,0xf1,
0x00,0x00,0x00,0x5f,0x80,0x00,0x00,0x00,0xdf,0xc3,0x00,0x00,0xad,0x7d,0xf8,0x00,0x1f,0x50,0x18,0xfa,
0x02,0xf7,0x00,0x08,0xf1,0x0a,0xf6,0x00,0x5f,0x10,0x09,0xfc,0x5d,0xa0,0x00,0x04,0xcf,0xc0,0x00,0x00,
0x00,0xaf,0x50,0x00,0x00,0x01,0xf8,0x00,0x55,0x21,0x8f,0x50,0x06,0xef,0xff,0x80,0x00,0x00,0x23,0x10,
0x00,0x1c,0x80,0x8c,0x12,0xfa,0x0a,0xf2,0x00,0x00,0x6b,0xdd,0xb6,0x00,0x00,0x00,0x3d,0x83,0x00,0x38,
0xd3,0x00,0x02,0xd3,0x29,0xdd,0xb5,0x3d,0x20,0x0b,0x42,0xeb,0x42,0x55,0x04,0xb0,0x3b,0x09,0xd1,0x00,
0x00,0x00,0xc3,0x67,0x0d,0x90,0x00,0x00,0x00,0x76,0x76,0x0d,0x90,0x00,0x00,0x00,0x67,0x67,0x0a,0xd0,
0x00,0x00,0x00,0x76,0x3b,0x03,0xf9,0x10,0x13,0x00,0xc3,0x0b,0x50,0x4c,0xfe,0xe7,0x04,0xb0,0x02,0xd3,
0x00,0x11,0x00,0x3d,0x20,0x00,0x3d,0x82,0x00,0x28,0xd3,0x00,0x00,0x00,0x6b,0xdd,0xb6,0x00,0x00,0x4c,
0xee,0xb2,0x05,0x52,0x2a,0xc0,0x00,0x00,0x2f,0x21,0x9d,0xee,0xf3,0xac,0x42,0x3f,0x4e,0x50,0x04,0xf4,
0xcb,0x24,0xdf,0x43,0xcf,0xc5,0xf4,0x12,0x22,0x22,0x0c,0xff,0xff,0xf4,0x00,0x00,0x00,0x00,0x00,0x00,
0x57,0x00,0x85,0x00,0x7f,0x50,0x9e,0x30,0x9f,0x51,0xbe,0x30,0x8f,0x40,0xbe,0x20,0x04,0xea,0x06,0xf8,
0x00,0x03,0xdb,0x14,0xe9,0x00,0x02,0xc8,0x03,0xe5,0x00,0x01,0x40,0x02,0x30,0x02,0x22,0x22,0x22,0x22,
0x22,0x01,0xff,0xff,0xff,0xff,0xff,0xf3,0x05,0x55,0x55,0x55,0x55,0x8f,0x30,0x00,0x00,0x00,0x00,0x04,
0xf3,0x00,0x00,0x00,0x00,0x00,0x4f,0x30,0x00,0x00,0x00,0x00,0x04,0xc2,0x02,0x22,0x21,0x2f,0xff,0xf9,
0x15,0x55,0x53,0x00,0x00,0x6b,0xdd,0xb6,0x00,0x00,0x00,0x3d,0x83,0x00,0x38,0xd3,0x00,0x02,0xd3,0x00,
0x00,0x00,0x3d,0x20,0x0b,0x40,0xae,0xdd,0xa2,0x04,0xb0,0x3b,0x00,0xaa,0x00,0xac,0x00,0xc3,0x67,0x00,
0xaa,0x00,0xac,0x00,0x76,0x76,0x00,0xae,0xef,0xb2,0x00,0x67,0x67,0x00,0xaa,0x1a,0xd1,0x00,0x76,0x3b,
0x00,0xaa,0x01,0xd9,0x00,0xc3,0x0b,0x50,0xaa,0x00,0x4f,0x44,0xb0,0x02,0xd3,0x00,0x00,0x00,0x3d,0x20,
0x00,0x3d,0x82,0x00,0x28,0xd3,0x00,0x00,0x00,0x6b,0xdd,0xb6,0x00,0x00,0x01,0x11,0x11,0x02,0xff,0xff,
0xf2,0x04,0x44,0x44,0x00,0x03,0xbe,0xb3,0x01,0xe8,0x38,0xe1,0x3d,0x00,0x0d,0x31,0xe5,0x05,0xe1,0x05,
0xef,0xe5,0x00,0x00,0x10,0x00,0x00,0x00,0x01,0x41,0x00,0x00,0x00,0x00,0x00,0x3f,0x40,0x00,0x00,0x00,
0x00,0x03,0xf4,0x00,0x00,0x00,0x22,0x22,0x5f,0x62,0x22,0x20,0x1f,0xff,0xff,0xff,0xff,0xff,0x30,0x55,
0x55,0x7f,0x85,0x55,0x51,0x00,0x00,0x03,0xf4,0x00,0x00,0x00,0x00,0x00,0x3f,0x40,0x00,0x00,0x00,0x00,
0x03,0xf4,0x00,0x00,0x00,0x00,0x00,0x00,0x00,0x00,0x00,0x17,0x77,0x77,0x77,0x77,0x77,0x11,0xff,0xff,
0xff,0xff,0xff,0xf3,0x1a,0xee,0xb3,0x01,0x61,0x1b,0xd0,0x00,0x00,0x6e,0x00,0x00,0x1c,0x80,0x00,0x0a,
0xc0,0x00,0x0a,0xc1,0x00,0x0a,0xc2,0x00,0x03,0xff,0xff,0xf1,0x0a,0xef,0xc4,0x00,0x31,0x18,0xf0,0x00,
0x00,0x7e,0x10,0x0a,0xfe,0x40,0x00,0x01,0x8d,0x10,0x00,0x01,0xf4,0x14,0x11,0x8f,0x11,0xce,0xec,0x40,
0x00,0x38,0x20,0x1e,0xa0,0x0a,0xc1,0x06,0xe2,0x00,0x7f,0x20,0x00,0x0d,0xc0,0x07,0xf2,0x00,0x00,0xdc,
0x00,0x7f,0x20,0x00,0x0d,0xc0,0x07,0xf2,0x00,0x00,0xdc,0x00,0x7f,0x20,0x00,0x0d,0xc0,0x07,0xf2,0x00,
0x00,0xdc,0x00,0x7f,0x30,0x00,0x0e,0xc0,0x07,0xf7,0x00,0x05,0xfc,0x00,0x7f,0xe9,0x69,0xee,0xe8,0x07,
0xf5,0xcf,0xd6,0x5e,0xc0,0x7f,0x20,0x00,0x00,0x00,0x07,0xf2,0x00,0x00,0x00,0x00,0x7f,0x20,0x00,0x00,
0x00,0x07,0xf2,0x00,0x00,0x00,0x00,0x01,0x8d,0xff,0xff,0x81,0xdf,0xff,0x91,0xb8,0x6f,0xff,0xf9,0x0b,
0x89,0xff,0xff,0x90,0xb8,0x8f,0xff,0xf9,0x0b,0x82,0xef,0xff,0x90,0xb8,0x03,0xcf,0xf9,0x0b,0x80,0x00,
0x2b,0x90,0xb8,0x00,0x00,0xa9,0x0b,0x80,0x00,0x0a,0x90,0xb8,0x00,0x00,0xa9,0x0b,0x80,0x00,0x0a,0x90,
0xb8,0x00,0x00,0xa9,0x0b,0x80,0x00,0x0a,0x90,0xb8,0x00,0x00,0x65,0x06,0x40,0x03,0x31,0xfc,0x1f,0xc0,
0x00,0x42,0x00,0x04,0xc0,0x10,0x3f,0x26,0xff,0xb0,0x01,0x10,0x00,0x8d,0xf7,0x00,0x54,0xd7,0x00,0x00,
0xc7,0x00,0x00,0xc7,0x00,0x00,0xc7,0x00,0x00,0xc7,0x00,0x00,0xc7,0x00,0x9f,0xff,0xf4,0x00,0x8e,0xfb,
0x30,0x07,0xe4,0x2a,0xe1,0x0e,0x70,0x01,0xe6,0x1f,0x40,0x00,0xc8,0x1f,0x40,0x00,0xc8,0x0e,0x70,0x01,
0xe6,0x07,0xe5,0x2a,0xe1,0x00,0x8e,0xfb,0x30,0x01,0x22,0x22,0x20,0x0c,0xff,0xff,0xf4,0x00,0x00,0x00,
0x00,0x04,0x80,0x07,0x60,0x00,0x3e,0xa0,0x5f,0x70,0x00,0x3e,0xb1,0x5e,0x90,0x00,0x2e,0xb0,0x3f,0x80,
0x07,0xf6,0x0a,0xe4,0x09,0xe5,0x1b,0xd3,0x04,0xe3,0x07,0xd2,0x00,0x32,0x00,0x41,0x00,0x00,0x36,0x83,
0x00,0x00,0x00,0x18,0x30,0x00,0x99,0xe7,0x00,0x00,0x00,0x8d,0x00,0x00,0x00,0xc7,0x00,0x00,0x02,0xf4,
0x00,0x00,0x00,0xc7,0x00,0x00,0x0b,0xa0,0x00,0x00,0x00,0xc7,0x00,0x00,0x5e,0x20,0x00,0x00,0x00,0xc7,
0x00,0x01,0xd7,0x00,0x00,0x00,0x00,0xc7,0x00,0x08,0xd0,0x00,0x08,0x50,0x9e,0xee,0xe3,0x3f,0x40,0x00,
0x9e,0xa0,0x00,0x00,0x00,0xba,0x00,0x05,0xa9,0xa0,0x00,0x00,0x06,0xe1,0x00,0x2c,0x19,0xa0,0x00,0x00,
0x1e,0x60,0x01,0xc2,0x09,0xa0,0x00,0x00,0x9c,0x00,0x03,0xee,0xef,0xfc,0x00,0x03,0xf3,0x00,0x00,0x00,
0x09,0xa0,0x00,0x0b,0x90,0x00,0x00,0x00,0x06,0x70,0x9d,0xf7,0x00,0x00,0x00,0x3f,0x30,0x00,0x43,0xd7,
0x00,0x00,0x00,0xc9,0x00,0x00,0x00,0xc7,0x00,0x00,0x07,0xd1,0x00,0x00,0x00,0xc7,0x00,0x00,0x2e,0x50,
0x00,0x00,0x00,0xc7,0x00,0x00,0xba,0x00,0x00,0x00,0x00,0xc7,0x00,0x05,0xe2,0x00,0x00,0x00,0x9e,0xee,
0xe3,0x1e,0x60,0xde,0xec,0x50,0x00,0x00,0x00,0x9c,0x00,0x00,0x06,0xf2,0x00,0x00,0x04,0xf3,0x00,0x00,
0x04,0xf1,0x00,0x00,0x0d,0x80,0x00,0x00,0x2d,0x60,0x00,0x00,0x8d,0x10,0x00,0x03,0xd6,0x00,0x00,0x02,
0xf4,0x00,0x00,0x5d,0x40,0x00,0x00,0x0b,0xa0,0x00,0x00,0xef,0xff,0xf4,0x0a,0xde,0xc4,0x00,0x00,0x03,
0xe3,0x00,0x00,0x31,0x07,0xe0,0x00,0x00,0xba,0x00,0x00,0x00,0x00,0x7e,0x10,0x00,0x5e,0x20,0x00,0x00,
0x0a,0xfe,0x40,0x00,0x1d,0x70,0x00,0x00,0x00,0x00,0x7d,0x10,0x08,0xd0,0x00,0x00,0x00,0x00,0x01,0xf4,
0x02,0xf5,0x00,0x00,0x00,0x14,0x01,0x8f,0x10,0xab,0x00,0x01,0xa7,0x01,0xbe,0xeb,0x40,0x4f,0x20,0x00,
0xad,0xa0,0x00,0x00,0x00,0x0d,0x80,0x00,0x79,0x9a,0x00,0x00,0x00,0x07,0xe1,0x00,0x3c,0x19,0xa0,0x00,
0x00,0x01,0xe5,0x00,0x1c,0x20,0x9a,0x00,0x00,0x00,0x9c,0x00,0x03,0xee,0xef,0xfc,0x00,0x00,0x3f,0x30,
0x00,0x00,0x00,0x9a,0x00,0x00,0x0b,0x90,0x00,0x00,0x00,0x06,0x70,0x00,0x0a,0xf2,0x00,0x00,0x0a,0xf2,
0x00,0x00,0x02,0x30,0x00,0x00,0x04,0x60,0x00,0x00,0x09,0xf1,0x00,0x00,0x0a,0xf0,0x00,0x00,0x1e,0xc0,
0x00,0x01,0xcf,0x40,0x00,0x0c,0xf5,0x00,0x00,0x7f,0x70,0x00,0x00,0xbf,0x20,0x00,0x00,0x9f,0x40,0x00,
0x32,0x3f,0xe8,0x7b,0xf4,0x04,0xce,0xeb,0x50,0x00,0x00,0x66,0x00,0x00,0x00,0x00,0x00,0x02,0xd8,0x00,
0x00,0x00,0x00,0x00,0x02,0x71,0x00,0x00,0x00,0x00,0x00,0x00,0x00,0x00,0x00,0x00,0x00,0x1f,0xf5,0x00,
0x00,0x00,0x00,0x06,0xfd,0xb0,0x00,0x00,0x00,0x00,0xcb,0x6f,0x20,0x00,0x00,0x00,0x3f,0x61,0xf8,0x00,
0x00,0x00,0x09,0xe1,0x0a,0xd0,0x00,0x00,0x00,0xe9,0x00,0x5f,0x40,0x00,0x00,0x5f,0x40,0x00,0xea,0x00,
0x00,0x0b,0xe2,0x22,0x2a,0xf1,0x00,0x02,0xff,0xff,0xff,0xff,0x70,0x00,0x8f,0x65,0x55,0x55,0xdc,0x00,
0x0d,0xc0,0x00,0x00,0x07,0xf3,0x04,0xf7,0x00,0x00,0x00,0x3f,0x90,0xaf,0x30,0x00,0x00,0x00,0xde,0x10,
0x00,0x00,0x00,0x47,0x10,0x00,0x00,0x00,0x00,0x4e,0x40,0x00,0x00,0x00,0x00,0x07,0x40,0x00,0x00,0x00,
0x00,0x00,0x00,0x00,0x00,0x00,0x00,0x00,0x1f,0xf5,0x00,0x00,0x00,0x00,0x06,0xfd,0xb0,0x00,0x00,0x00,
0x00,0xcb,0x6f,0x20,0x00,0x00,0x00,0x3f,0x61,0xf8,0x00,0x00,0x00,0x09,0xe1,0x0a,0xd0,0x00,0x00,0x00,
0xe9,0x00,0x5f,0x40,0x00,0x00,0x5f,0x40,0x00,0xea,0x00,0x00,0x0b,0xe2,0x22,0x2a,0xf1,0x00,0x02,0xff,
0xff,0xff,0xff,0x70,0x00,0x8f,0x65,0x55,0x55,0xdc,0x00,0x0d,0xc0,0x00,0x00,0x07,0xf3,0x04,0xf7,0x00,
0x00,0x00,0x3f,0x90,0xaf,0x30,0x00,0x00,0x00,0xde,0x10,0x00,0x00,0x07,0x72,0x00,0x00,0x00,0x00,0x09,
0xb7,0xc1,0x00,0x00,0x00,0x02,0x70,0x05,0x40,0x00,0x00,0x00,0x00,0x00,0x00,0x00,0x00,0x00,0x00,0x1f,
0xf5,0x00,0x00,0x00,0x00,0x06,0xfd,0xb0,0x00,0x00,0x00,0x00,0xcb,0x6f,0x20,0x00,0x00,0x00,0x3f,0x61,
0xf8,0x00,0x00,0x00,0x09,0xe1,0x0a,0xd0,0x00,0x00,0x00,0xe9,0x00,0x5f,0x40,0x00,0x00,0x5f,0x40,0x00,
0xea,0x00,0x00,0x0b,0xe2,0x22,0x2a,0xf1,0x00,0x02,0xff,0xff,0xff,0xff,0x70,0x00,0x8f,0x65,0x55,0x55,
0xdc,0x00,0x0d,0xc0,0x00,0x00,0x07,0xf3,0x04,0xf7,0x00,0x00,0x00,0x3f,0x90,0xaf,0x30,0x00,0x00,0x00,
0xde,0x10,0x00,0x00,0x00,0x00,0x00,0x00,0x00,0x00,0x3e,0xd6,0x4e,0x00,0x00,0x00,0x0a,0x84,0xcf,0x70,
0x00,0x00,0x00,0x00,0x00,0x00,0x00,0x00,0x00,0x00,0x00,0x00,0x00,0x00,0x00,0x00,0x01,0xff,0x50,0x00,
0x00,0x00,0x00,0x6f,0xdb,0x00,0x00,0x00,0x00,0x0c,0xb6,0xf2,0x00,0x00,0x00,0x03,0xf6,0x1f,0x80,0x00,
0x00,0x00,0x9e,0x10,0xad,0x00,0x00,0x00,0x0e,0x90,0x05,0xf4,0x00,0x00,0x05,0xf4,0x00,0x0e,0xa0,0x00,
0x00,0xbe,0x22,0x22,0xaf,0x10,0x00,0x2f,0xff,0xff,0xff,0xf7,0x00,0x08,0xf6,0x55,0x55,0x5d,0xc0,0x00,
0xdc,0x00,0x00,0x00,0x7f,0x30,0x4f,0x70,0x00,0x00,0x03,0xf9,0x0a,0xf3,0x00,0x00,0x00,0x0d,0xe1,0x00,
0x07,0xf5,0x0f,0xc0,0x00,0x00,0x00,0x5c,0x40,0xc9,0x00,0x00,0x00,0x00,0x00,0x00,0x00,0x00,0x00,0x00,
0x01,0xff,0x50,0x00,0x00,0x00,0x00,0x6f,0xdb,0x00,0x00,0x00,0x00,0x0c,0xb6,0xf2,0x00,0x00,0x00,0x03,
0xf6,0x1f,0x80,0x00,0x00,0x00,0x9e,0x10,0xad,0x00,0x00,0x00,0x0e,0x90,0x05,0xf4,0x00,0x00,0x05,0xf4,
0x00,0x0e,0xa0,0x00,0x00,0xbe,0x22,0x22,0xaf,0x10,0x00,0x2f,0xff,0xff,0xff,0xf7,0x00,0x08,0xf6,0x55,
0x55,0x5d,0xc0,0x00,0xdc,0x00,0x00,0x00,0x7f,0x30,0x4f,0x70,0x00,0x00,0x03,0xf9,0x0a,0xf3,0x00,0x00,
0x00,0x0d,0xe1,0x00,0x00,0x4c,0xd7,0x00,0x00,0x00,0x00,0x1e,0x63,0xd4,0x00,0x00,0x00,0x03,0xd0,0x08,
0x80,0x00,0x00,0x00,0x1e,0x41,0xd5,0x00,0x00,0x00,0x00,0x5f,0xfa,0x00,0x00,0x00,0x00,0x08,0xfd,0xd0,
0x00,0x00,0x00,0x00,0xdb,0x7f,0x30,0x00,0x00,0x00,0x4f,0x61,0xf9,0x00,0x00,0x00,0x0a,0xe1,0x0a,0xe0,
0x00,0x00,0x01,0xfa,0x00,0x5f,0x50,0x00,0x00,0x6f,0x40,0x00,0xeb,0x00,0x00,0x0c,0xe2,0x22,0x2a,0xf2,
0x00,0x02,0xff,0xff,0xff,0xff,0x70,0x00,0x8f,0x65,0x55,0x55,0xdd,0x00,0x0e,0xc0,0x00,0x00,0x07,0xf3,
0x04,0xf7,0x00,0x00,0x00,0x3f,0x90,0xaf,0x30,0x00,0x00,0x00,0xde,0x10,0x00,0x00,0x0a,0xff,0xff,0xff,
0xff,0xff,0x30,0x00,0x01,0xfc,0x8f,0xd7,0x77,0x77,0x72,0x00,0x00,0x7f,0x51,0xfb,0x00,0x00,0x00,0x00,
0x00,0x0d,0xd0,0x1f,0xb0,0x00,0x00,0x00,0x00,0x05,0xf6,0x01,0xfb,0x22,0x22,0x22,0x00,0x00,0xbe,0x10,
0x1f,0xff,0xff,0xff,0xe0,0x00,0x3f,0x80,0x01,0xfc,0x55,0x55,0x55,0x00,0x09,0xf3,0x22,0x3f,0xb0,0x00,
0x00,0x00,0x01,0xef,0xff,0xff,0xfb,0x00,0x00,0x00,0x00,0x7f,0x65,0x55,0x6f,0xb0,0x00,0x00,0x00,0x0d,
0xd0,0x00,0x01,0xfb,0x00,0x00,0x00,0x04,0xf7,0x00,0x00,0x1f,0xd7,0x77,0x77,0x73,0xbf,0x10,0x00,0x01,
0xff,0xff,0xff,0xff,0x60,0x00,0x16,0xbe,0xfe,0xb5,0x00,0x2d,0xfc,0x87,0x8c,0xf8,0x0d,0xf6,0x00,0x00,
0x04,0x76,0xf9,0x00,0x00,0x00,0x00,0xbf,0x20,0x00,0x00,0x00,0x0e,0xe0,0x00,0x00,0x00,0x00,0xfe,0x00,
0x00,0x00,0x00,0x0e,0xe0,0x00,0x00,0x00,0x00,0xbf,0x20,0x00,0x00,0x00,0x06,0xf9,0x00,0x00,0x00,0x00,
0x0d,0xf6,0x00,0x00,0x04,0x70,0x2d,0xfc,0x87,0x8c,0xf8,0x00,0x17,0xbe,0xfe,0xb5,0x00,0x00,0x00,0x0a,
0x60,0x00,0x00,0x00,0x10,0x8c,0x00,0x00,0x00,0x0c,0xff,0x70,0x00,0x00,0x00,0x02,0x10,0x00,0x00,0x00,
0x07,0x50,0x00,0x00,0x00,0x04,0xe4,0x00,0x00,0x00,0x00,0x47,0x00,0x00,0x00,0x00,0x00,0x00,0x00,0x4f,
0xff,0xff,0xff,0xf1,0x4f,0xc7,0x77,0x77,0x70,0x4f,0x80,0x00,0x00,0x00,0x4f,0x80,0x00,0x00,0x00,0x4f,
0x92,0x22,0x22,0x20,0x4f,0xff,0xff,0xff,0xc0,0x4f,0xa5,0x55,0x55,0x40,0x4f,0x80,0x00,0x00,0x00,0x4f,
0x80,0x00,0x00,0x00,0x4f,0x80,0x00,0x00,0x00,0x4f,0x80,0x00,0x00,0x00,0x4f,0xc7,0x77,0x77,0x72,0x4f,
0xff,0xff,0xff,0xf3,0x00,0x00,0x06,0x60,0x00,0x00,0x00,0x7d,0x20,0x00,0x00,0x01,0x72,0x00,0x00,0x00,
0x00,0x00,0x00,0x00,0x4f,0xff,0xff,0xff,0xf1,0x4f,0xc7,0x77,0x77,0x70,0x4f,0x80,0x00,0x00,0x00,0x4f,
0x80,0x00,0x00,0x00,0x4f,0x92,0x22,0x22,0x20,0x4f,0xff,0xff,0xff,0xc0,0x4f,0xa5,0x55,0x55,0x40,0x4f,
0x80,0x00,0x00,0x00,0x4f,0x80,0x00,0x00,0x00,0x4f,0x80,0x00,0x00,0x00,0x4f,0x80,0x00,0x00,0x00,0x4f,
0xc7,0x77,0x77,0x72,0x4f,0xff,0xff,0xff,0xf3,0x00,0x01,0x77,0x00,0x00,0x00,0x1c,0x8b,0xa0,0x00,0x00,
0x45,0x00,0x72,0x00,0x00,0x00,0x00,0x00,0x00,0x4f,0xff,0xff,0xff,0xf1,0x4f,0xc7,0x77,0x77,0x70,0x4f,
0x80,0x00,0x00,0x00,0x4f,0x80,0x00,0x00,0x00,0x4f,0x92,0x22,0x22,0x20,0x4f,0xff,0xff,0xff,0xc0,0x4f,
0xa5,0x55,0x55,0x40,0x4f,0x80,0x00,0x00,0x00,0x4f,0x80,0x00,0x00,0x00,0x4f,0x80,0x00,0x00,0x00,0x4f,
0x80,0x00,0x00,0x00,0x4f,0xc7,0x77,0x77,0x72,0x4f,0xff,0xff,0xff,0xf3,0x00,0xbf,0x14,0xf8,0x00,0x00,
0x8c,0x13,0xc6,0x00,0x00,0x00,0x00,0x00,0x00,0x4f,0xff,0xff,0xff,0xf1,0x4f,0xc7,0x77,0x77,0x70,0x4f,
0x80,0x00,0x00,0x00,0x4f,0x80,0x00,0x00,0x00,0x4f,0x92,0x22,0x22,0x20,0x4f,0xff,0xff,0xff,0xc0,0x4f,
0xa5,0x55,0x55,0x40,0x4f,0x80,0x00,0x00,0x00,0x4f,0x80,0x00,0x00,0x00,0x4f,0x80,0x00,0x00,0x00,0x4f,
0x80,0x00,0x00,0x00,0x4f,0xc7,0x77,0x77,0x72,0x4f,0xff,0xff,0xff,0xf3,0x27,0x30,0x07,0xe2,0x00,0x55,
0x00,0x00,0x04,0xf8,0x04,0xf8,0x04,0xf8,0x04,0xf8,0x04,0xf8,0x04,0xf8,0x04,0xf8,0x04,0xf8,0x04,0xf8,
0x04,0xf8,0x04,0xf8,0x04,0xf8,0x04,0xf8,0x01,0x74,0x0b,0xb1,0x37,0x10,0x00,0x00,0x4f,0x80,0x4f,0x80,
0x4f,0x80,0x4f,0x80,0x4f,0x80,0x4f,0x80,0x4f,0x80,0x4f,0x80,0x4f,0x80,0x4f,0x80,0x4f,0x80,0x4f,0x80,
0x4f,0x80,0x00,0x38,0x50,0x00,0x2d,0x6d,0x60,0x06,0x40,0x17,0x10,0x00,0x00,0x00,0x00,0x4f,0x80,0x00,
0x04,0xf8,0x00,0x00,0x4f,0x80,0x00,0x04,0xf8,0x00,0x00,0x4f,0x80,0x00,0x04,0xf8,0x00,0x00,0x4f,0x80,
0x00,0x04,0xf8,0x00,0x00,0x4f,0x80,0x00,0x04,0xf8,0x00,0x00,0x4f,0x80,0x00,0x04,0xf8,0x00,0x00,0x4f,
0x80,0x00,0xed,0x08,0xf4,0xba,0x06,0xc3,0x00,0x00,0x00,0x04,0xf8,0x00,0x04,0xf8,0x00,0x04,0xf8,0x00,
0x04,0xf8,0x00,0x04,0xf8,0x00,0x04,0xf8,0x00,0x04,0xf8,0x00,0x04,0xf8,0x00,0x04,0xf8,0x00,0x04,0xf8,
0x00,0x04,0xf8,0x00,0x04,0xf8,0x00,0x04,0xf8,0x00,0x02,0xff,0xff,0xed,0xa5,0x00,0x00,0x2f,0xc7,0x77,
0x9d,0xfc,0x20,0x02,0xfa,0x00,0x00,0x07,0xfc,0x00,0x2f,0xa0,0x00,0x00,0x0a,0xf6,0x02,0xfa,0x00,0x00,
0x00,0x4f,0xa0,0x2f,0xa0,0x00,0x00,0x01,0xfc,0xef,0xff,0xff,0x90,0x00,0x0f,0xd3,0x5f,0xb3,0x32,0x00,
0x01,0xfc,0x02,0xfa,0x00,0x00,0x00,0x4f,0xa0,0x2f,0xa0,0x00,0x00,0x0a,0xf6,0x02,0xfa,0x00,0x00,0x08,
0xfc,0x00,0x2f,0xc7,0x77,0x9e,0xfc,0x20,0x02,0xff,0xff,0xed,0xa5,0x00,0x00,0x00,0x00,0x00,0x00,0x00,
0x00,0x00,0x9f,0xb3,0xa8,0x00,0x00,0x1f,0x37,0xed,0x20,0x00,0x00,0x00,0x00,0x00,0x00,0x00,0x00,0x00,
0x00,0x00,0x04,0xff,0x60,0x00,0x00,0xfb,0x4f,0xfe,0x10,0x00,0x0f,0xb4,0xfc,0xf7,0x00,0x00,0xfb,0x4f,
0x7c,0xe1,0x00,0x0f,0xb4,0xf7,0x4f,0x80,0x00,0xfb,0x4f,0x70,0xbf,0x20,0x0f,0xb4,0xf7,0x03,0xf9,0x00,
0xfb,0x4f,0x70,0x0a,0xf3,0x0f,0xb4,0xf7,0x00,0x2f,0xa0,0xfb,0x4f,0x70,0x00,0x8f,0x4f,0xb4,0xf7,0x00,
0x01,0xec,0xfb,0x4f,0x70,0x00,0x07,0xff,0xb4,0xf7,0x00,0x00,0x1e,0xfb,0x00,0x00,0xad,0x10,0x00,0x00,
0x00,0x00,0x01,0xc9,0x00,0x00,0x00,0x00,0x00,0x02,0x71,0x00,0x00,0x00,0x00,0x00,0x00,0x00,0x00,0x00,
0x00,0x17,0xce,0xed,0x81,0x00,0x00,0x2d,0xfb,0x77,0xaf,0xe4,0x00,0x0d,0xf5,0x00,0x00,0x3e,0xe2,0x06,
0xf9,0x00,0x00,0x00,0x6f,0x90,0xbf,0x20,0x00,0x00,0x00,0xee,0x0e,0xe0,0x00,0x00,0x00,0x0c,0xf1,0xfe,
0x00,0x00,0x00,0x00,0xbf,0x2e,0xe0,0x00,0x00,0x00,0x0c,0xf1,0xbf,0x20,0x00,0x00,0x00,0xee,0x06,0xf9,
0x00,0x00,0x00,0x6f,0x90,0x1d,0xf5,0x00,0x00,0x3e,0xe2,0x00,0x2d,0xfb,0x77,0xaf,0xe4,0x00,0x00,0x17,
0xce,0xfd,0x82,0x00,0x00,0x00,0x00,0x00,0xbc,0x00,0x00,0x00,0x00,0x00,0x7e,0x20,0x00,0x00,0x00,0x00,
0x07,0x30,0x00,0x00,0x00,0x00,0x00,0x00,0x00,0x00,0x00,0x00,0x17,0xce,0xed,0x81,0x00,0x00,0x2d,0xfb,
0x77,0xaf,0xe4,0x00,0x0d,0xf5,0x00,0x00,0x3e,0xe2,0x06,0xf9,0x00,0x00,0x00,0x6f,0x90,0xbf,0x20,0x00,
0x00,0x00,0xee,0x0e,0xe0,0x00,0x00,0x00,0x0c,0xf1,0xfe,0x00,0x00,0x00,0x00,0xbf,0x2e,0xe0,0x00,0x00,
0x00,0x0c,0xf1,0xbf,0x20,0x00,0x00,0x00,0xee,0x06,0xf9,0x00,0x00,0x00,0x6f,0x90,0x1d,0xf5,0x00,0x00,
0x3e,0xe2,0x00,0x2d,0xfb,0x77,0xaf,0xe4,0x00,0x00,0x17,0xce,0xfd,0x82,0x00,0x00,0x00,0x00,0x2e,0xf4,
0x00,0x00,0x00,0x00,0x0c,0x85,0xe2,0x00,0x00,0x00,0x03,0x60,0x05,0x40,0x00,0x00,0x00,0x00,0x00,0x00,
0x00,0x00,0x00,0x17,0xce,0xed,0x81,0x00,0x00,0x2d,0xfb,0x77,0xaf,0xe4,0x00,0x0d,0xf5,0x00,0x00,0x3e,
0xe2,0x06,0xf9,0x00,0x00,0x00,0x6f,0x90,0xbf,0x20,0x00,0x00,0x00,0xee,0x0e,0xe0,0x00,0x00,0x00,0x0c,
0xf1,0xfe,0x00,0x00,0x00,0x00,0xbf,0x2e,0xe0,0x00,0x00,0x00,0x0c,0xf1,0xbf,0x20,0x00,0x00,0x00,0xee,
0x06,0xf9,0x00,0x00,0x00,0x6f,0x90,0x1d,0xf5,0x00,0x00,0x3e,0xe2,0x00,0x2d,0xfb,0x77,0xaf,0xe4,0x00,
0x00,0x17,0xce,0xfd,0x82,0x00,0x00,0x00,0x00,0x00,0x00,0x00,0x00,0x00,0x00,0x4e,0xd6,0x5e,0x00,0x00,
0x00,0x0b,0x84,0xce,0x60,0x00,0x00,0x00,0x00,0x00,0x00,0x00,0x00,0x00,0x00,0x00,0x00,0x00,0x00,0x00,
0x01,0x7c,0xee,0xd8,0x10,0x00,0x02,0xdf,0xb7,0x7a,0xfe,0x40,0x00,0xdf,0x50,0x00,0x03,0xee,0x20,0x6f,
0x90,0x00,0x00,0x06,0xf9,0x0b,0xf2,0x00,0x00,0x00,0x0e,0xe0,0xee,0x00,0x00,0x00,0x00,0xcf,0x1f,0xe0,
0x00,0x00,0x00,0x0b,0xf2,0xee,0x00,0x00,0x00,0x00,0xcf,0x1b,0xf2,0x00,0x00,0x00,0x0e,0xe0,0x6f,0x90,
0x00,0x00,0x06,0xf9,0x01,0xdf,0x50,0x00,0x03,0xee,0x20,0x02,0xdf,0xb7,0x7a,0xfe,0x40,0x00,0x01,0x7c,
0xef,0xd8,0x20,0x00,0x00,0x06,0xc3,0x1c,0x80,0x00,0x00,0x00,0x8f,0x41,0xfb,0x00,0x00,0x00,0x00,0x00,
0x00,0x00,0x00,0x00,0x00,0x00,0x00,0x00,0x00,0x00,0x00,0x17,0xce,0xed,0x81,0x00,0x00,0x2d,0xfb,0x77,
0xaf,0xe4,0x00,0x0d,0xf5,0x00,0x00,0x3e,0xe2,0x06,0xf9,0x00,0x00,0x00,0x6f,0x90,0xbf,0x20,0x00,0x00,
0x00,0xee,0x0e,0xe0,0x00,0x00,0x00,0x0c,0xf1,0xfe,0x00,0x00,0x00,0x00,0xbf,0x2e,0xe0,0x00,0x00,0x00,
0x0c,0xf1,0xbf,0x20,0x00,0x00,0x00,0xee,0x06,0xf9,0x00,0x00,0x00,0x6f,0x90,0x1d,0xf5,0x00,0x00,0x3e,
0xe2,0x00,0x2d,0xfb,0x77,0xaf,0xe4,0x00,0x00,0x17,0xce,0xfd,0x82,0x00,0x00,0x06,0x00,0x00,0x00,0x06,
0x04,0xfa,0x00,0x00,0x09,0xf5,0x07,0xfa,0x00,0x09,0xf8,0x00,0x07,0xfa,0x09,0xf8,0x00,0x00,0x06,0xfd,
0xf8,0x00,0x00,0x00,0x0c,0xfd,0x00,0x00,0x00,0x09,0xfb,0xfa,0x00,0x00,0x09,0xf7,0x06,0xfa,0x00,0x09,
0xf7,0x00,0x06,0xfb,0x04,0xf7,0x00,0x00,0x06,0xf5,0x03,0x00,0x00,0x00,0x03,0x00,0x00,0x00,0x00,0x00,
0x00,0x00,0x20,0x00,0x01,0x7c,0xef,0xc8,0x16,0xe1,0x00,0x2d,0xfb,0x77,0xaf,0xef,0x50,0x00,0xdf,0x50,
0x00,0x07,0xfe,0x10,0x06,0xf9,0x00,0x00,0x2d,0x8f,0x80,0x0b,0xf2,0x00,0x01,0xd6,0x0e,0xd0,0x0e,0xe0,
0x00,0x0b,0x80,0x0c,0xf1,0x0f,0xe0,0x00,0xaa,0x00,0x0b,0xf2,0x0e,0xf0,0x09,0xc1,0x00,0x0c,0xf1,0x0b,
0xf2,0x7d,0x10,0x00,0x1f,0xe0,0x06,0xfc,0xe3,0x00,0x00,0x7f,0x90,0x00,0xdf,0x90,0x00,0x04,0xee,0x20,
0x03,0xed,0xfc,0x77,0xaf,0xe4,0x00,0x0d,0x81,0x7c,0xef,0xd8,0x20,0x00,0x02,0x00,0x00,0x00,0x00,0x00,
0x00,0x00,0x03,0xe7,0x00,0x00,0x00,0x00,0x05,0xe2,0x00,0x00,0x00,0x00,0x06,0x50,0x00,0x00,0x00,0x00,
0x00,0x00,0x00,0x7f,0x50,0x00,0x00,0x3f,0x97,0xf5,0x00,0x00,0x03,0xf9,0x7f,0x50,0x00,0x00,0x3f,0x97,
0xf5,0x00,0x00,0x03,0xf9,0x7f,0x50,0x00,0x00,0x3f,0x97,0xf5,0x00,0x00,0x03,0xf9,0x7f,0x50,0x00,0x00,
0x3f,0x97,0xf5,0x00,0x00,0x03,0xf9,0x6f,0x60,0x00,0x00,0x3f,0x94,0xf8,0x00,0x00,0x06,0xf7,0x1e,0xe2,
0x00,0x01,0xcf,0x20,0x5f,0xe9,0x78,0xdf,0x80,0x00,0x4a,0xef,0xeb,0x50,0x00,0x00,0x00,0x04,0xf5,0x00,
0x00,0x00,0x01,0xd8,0x00,0x00,0x00,0x00,0x47,0x00,0x00,0x00,0x00,0x00,0x00,0x00,0x00,0x7f,0x50,0x00,
0x00,0x3f,0x97,0xf5,0x00,0x00,0x03,0xf9,0x7f,0x50,0x00,0x00,0x3f,0x97,0xf5,0x00,0x00,0x03,0xf9,0x7f,
0x50,0x00,0x00,0x3f,0x97,0xf5,0x00,0x00,0x03,0xf9,0x7f,0x50,0x00,0x00,0x3f,0x97,0xf5,0x00,0x00,0x03,
0xf9,0x6f,0x60,0x00,0x00,0x3f,0x94,0xf8,0x00,0x00,0x06,0xf7,0x1e,0xe2,0x00,0x01,0xcf,0x20,0x5f,0xe9,
0x78,0xdf,0x80,0x00,0x4a,0xef,0xeb,0x50,0x00,0x00,0x00,0x9f,0xc0,0x00,0x00,0x00,0x5d,0x2c,0x80,0x00,
0x00,0x07,0x30,0x17,0x10,0x00,0x00,0x00,0x00,0x00,0x00,0x7f,0x50,0x00,0x00,0x3f,0x97,0xf5,0x00,0x00,
0x03,0xf9,0x7f,0x50,0x00,0x00,0x3f,0x97,0xf5,0x00,0x00,0x03,0xf9,0x7f,0x50,0x00,0x00,0x3f,0x97,0xf5,
0x00,0x00,0x03,0xf9,0x7f,0x50,0x00,0x00,0x3f,0x97,0xf5,0x00,0x00,0x03,0xf9,0x6f,0x60,0x00,0x00,0x3f,
0x94,0xf8,0x00,0x00,0x06,0xf7,0x1e,0xe2,0x00,0x01,0xcf,0x20,0x5f,0xe9,0x78,0xdf,0x80,0x00,0x4a,0xef,
0xeb,0x50,0x00,0x00,0x0c,0x90,0x7c,0x20,0x00,0x00,0xfc,0x09,0xf3,0x00,0x00,0x00,0x00,0x00,0x00,0x00,
0x00,0x00,0x00,0x00,0x00,0x7f,0x50,0x00,0x00,0x3f,0x97,0xf5,0x00,0x00,0x03,0xf9,0x7f,0x50,0x00,0x00,
0x3f,0x97,0xf5,0x00,0x00,0x03,0xf9,0x7f,0x50,0x00,0x00,0x3f,0x97,0xf5,0x00,0x00,0x03,0xf9,0x7f,0x50,
0x00,0x00,0x3f,0x97,0xf5,0x00,0x00,0x03,0xf9,0x6f,0x60,0x00,0x00,0x3f,0x94,0xf8,0x00,0x00,0x06,0xf7,
0x1e,0xe2,0x00,0x01,0xcf,0x20,0x5f,0xe9,0x78,0xdf,0x80,0x00,0x4a,0xef,0xeb,0x50,0x00,0x00,0x00,0x00,
0x28,0x30,0x00,0x00,0x00,0x00,0x1c,0x90,0x00,0x00,0x00,0x00,0x04,0x60,0x00,0x00,0x00,0x00,0x00,0x00,
0x00,0x00,0x00,0x0a,0xf3,0x00,0x00,0x03,0xfa,0x00,0x1e,0xd1,0x00,0x01,0xde,0x10,0x00,0x5f,0x90,0x00,
0x8f,0x50,0x00,0x00,0xaf,0x40,0x4f,0xa0,0x00,0x00,0x01,0xed,0x2d,0xd1,0x00,0x00,0x00,0x04,0xfe,0xf4,
0x00,0x00,0x00,0x00,0x09,0xf9,0x00,0x00,0x00,0x00,0x00,0x6f,0x60,0x00,0x00,0x00,0x00,0x06,0xf6,0x00,
0x00,0x00,0x00,0x00,0x6f,0x60,0x00,0x00,0x00,0x00,0x06,0xf6,0x00,0x00,0x00,0x00,0x00,0x6f,0x60,0x00,
0x00,0x00,0x00,0x06,0xf6,0x00,0x00,0x00,0x4f,0x80,0x00,0x00,0x00,0x4f,0x92,0x21,0x00,0x00,0x4f,0xff,
0xff,0xd7,0x00,0x4f,0xa5,0x57,0xdf,0x80,0x4f,0x80,0x00,0x1e,0xf1,0x4f,0x80,0x00,0x0b,0xf3,0x4f,0x80,
0x00,0x0a,0xf3,0x4f,0x80,0x00,0x1e,0xf1,0x4f,0x92,0x24,0xbf,0xa0,0x4f,0xff,0xff,0xfa,0x10,0x4f,0xa5,
0x54,0x10,0x00,0x4f,0x80,0x00,0x00,0x00,0x4f,0x80,0x00,0x00,0x00,0x00,0x7c,0xee,0x91,0x00,0x0b,0xf9,
0x68,0xeb,0x00,0x3f,0x90,0x00,0x6f,0x30,0x5f,0x50,0x04,0xbf,0x50,0x5f,0x40,0x6f,0x82,0x00,0x5f,0x40,
0xdb,0x00,0x00,0x5f,0x40,0xec,0x00,0x00,0x5f,0x40,0x9f,0xb2,0x00,0x5f,0x40,0x08,0xfe,0x40,0x5f,0x40,
0x00,0x3d,0xf3,0x5f,0x40,0x00,0x04,0xf7,0x5f,0x40,0x00,0x04,0xf6,0x5f,0x48,0x86,0x7d,0xe2,0x5f,0x49,
0xef,0xea,0x30,0x04,0x71,0x00,0x00,0x00,0x1c,0xb0,0x00,0x00,0x00,0x1c,0x90,0x00,0x00,0x00,0x17,0x20,
0x00,0x00,0x00,0x00,0x00,0x01,0x8c,0xef,0xd7,0x00,0x3e,0x96,0x6b,0xf9,0x00,0x00,0x00,0x09,0xf2,0x00,
0x00,0x00,0x4f,0x50,0x6c,0xff,0xff,0xf6,0x7f,0xa5,0x43,0x6f,0x6d,0xc0,0x00,0x06,0xf6,0xdd,0x00,0x00,
0xcf,0x68,0xfa,0x67,0xdc,0xf6,0x08,0xdf,0xd7,0x4f,0x60,0x00,0x00,0x06,0x70,0x00,0x00,0x06,0xf4,0x00,
0x00,0x03,0xe4,0x00,0x00,0x00,0x64,0x00,0x00,0x00,0x00,0x00,0x00,0x01,0x8c,0xef,0xd7,0x00,0x3e,0x96,
0x6b,0xf9,0x00,0x00,0x00,0x09,0xf2,0x00,0x00,0x00,0x4f,0x50,0x6c,0xff,0xff,0xf6,0x7f,0xa5,0x43,0x6f,
0x6d,0xc0,0x00,0x06,0xf6,0xdd,0x00,0x00,0xcf,0x68,0xfa,0x67,0xdc,0xf6,0x08,0xdf,0xd7,0x4f,0x60,0x00,
0x05,0x71,0x00,0x00,0x03,0xed,0x90,0x00,0x00,0xc7,0x2e,0x50,0x00,0x36,0x00,0x36,0x00,0x00,0x00,0x00,
0x00,0x01,0x8c,0xef,0xd7,0x00,0x3e,0x96,0x6b,0xf9,0x00,0x00,0x00,0x09,0xf2,0x00,0x00,0x00,0x4f,0x50,
0x6c,0xff,0xff,0xf6,0x7f,0xa5,0x43,0x6f,0x6d,0xc0,0x00,0x06,0xf6,0xdd,0x00,0x00,0xcf,0x68,0xfa,0x67,
0xdc,0xf6,0x08,0xdf,0xd7,0x4f,0x60,0x00,0x22,0x00,0x30,0x00,0x3e,0xe7,0x1f,0x10,0x09,0x82,0xde,0x90,
0x00,0x21,0x00,0x20,0x00,0x18,0xce,0xfd,0x70,0x03,0xe9,0x66,0xbf,0x90,0x00,0x00,0x00,0x9f,0x20,0x00,
0x00,0x04,0xf5,0x06,0xcf,0xff,0xff,0x67,0xfa,0x54,0x36,0xf6,0xdc,0x00,0x00,0x6f,0x6d,0xd0,0x00,0x0c,
0xf6,0x8f,0xa6,0x7d,0xcf,0x60,0x8d,0xfd,0x74,0xf6,0x06,0xf6,0x0e,0xc0,0x00,0x4c,0x40,0xba,0x00,0x00,
0x00,0x00,0x00,0x00,0x00,0x00,0x00,0x00,0x18,0xce,0xfd,0x70,0x03,0xe9,0x66,0xbf,0x90,0x00,0x00,0x00,
0x9f,0x20,0x00,0x00,0x04,0xf5,0x06,0xcf,0xff,0xff,0x67,0xfa,0x54,0x36,0xf6,0xdc,0x00,0x00,0x6f,0x6d,
0xd0,0x00,0x0c,0xf6,0x8f,0xa6,0x7d,0xcf,0x60,0x8d,0xfd,0x74,0xf6,0x00,0x00,0x00,0x00,0x00,0x04,0xef,
0x90,0x00,0x00,0xe5,0x1c,0x60,0x00,0x2e,0x00,0x79,0x00,0x00,0xe5,0x2c,0x50,0x00,0x04,0xde,0x80,0x00,
0x00,0x00,0x00,0x00,0x01,0x8c,0xef,0xd7,0x00,0x3e,0x96,0x6b,0xf9,0x00,0x00,0x00,0x09,0xf2,0x00,0x00,
0x00,0x4f,0x50,0x6c,0xff,0xff,0xf6,0x7f,0xa5,0x43,0x6f,0x6d,0xc0,0x00,0x06,0xf6,0xdd,0x00,0x00,0xcf,
0x68,0xfa,0x67,0xdc,0xf6,0x08,0xdf,0xd7,0x4f,0x60,0x18,0xce,0xfc,0x70,0x29,0xef,0xd8,0x10,0x3e,0x96,
0x6b,0xfb,0xed,0x86,0x9f,0xb0,0x00,0x00,0x00,0x9f,0xd1,0x00,0x05,0xf5,0x00,0x00,0x00,0x4f,0x70,0x00,
0x01,0xf9,0x06,0xcf,0xff,0xff,0xff,0xff,0xff,0xfb,0x7f,0xa5,0x43,0x6f,0x83,0x33,0x33,0x32,0xdc,0x00,
0x00,0x6f,0x90,0x00,0x00,0x00,0xdd,0x00,0x00,0xcf,0xe2,0x00,0x00,0x01,0x8f,0xa6,0x7d,0xd3,0xee,0x96,
0x69,0xe5,0x07,0xdf,0xd9,0x10,0x29,0xdf,0xec,0x82,0x00,0x7c,0xfe,0xc6,0x0b,0xfb,0x76,0x9b,0x7f,0x80,
0x00,0x00,0xce,0x00,0x00,0x00,0xec,0x00,0x00,0x00,0xfc,0x00,0x00,0x00,0xce,0x00,0x00,0x00,0x7f,0x80,
0x00,0x00,0x0c,0xfb,0x76,0x9b,0x00,0x7d,0xff,0xc6,0x00,0x00,0x2d,0x10,0x00,0x00,0x0d,0x60,0x00,0x3f,
0xfe,0x20,0x00,0x01,0x10,0x00,0x01,0x75,0x00,0x00,0x00,0x00,0x5f,0x40,0x00,0x00,0x00,0x06,0xe2,0x00,
0x00,0x00,0x00,0x55,0x00,0x00,0x00,0x00,0x00,0x00,0x00,0x00,0x7d,0xfe,0xb3,0x00,0x0b,0xf9,0x67,0xde,
0x30,0x7f,0x50,0x00,0x1d,0xb0,0xcd,0x00,0x00,0x09,0xf0,0xef,0xff,0xff,0xff,0xf1,0xfc,0x33,0x33,0x33,
0x30,0xce,0x00,0x00,0x00,0x00,0x7f,0x80,0x00,0x00,0x10,0x0b,0xfb,0x76,0x8c,0xb0,0x00,0x6c,0xee,0xda,
0x40,0x00,0x00,0x02,0x83,0x00,0x00,0x00,0x1c,0xb0,0x00,0x00,0x00,0xab,0x00,0x00,0x00,0x02,0x71,0x00,
0x00,0x00,0x00,0x00,0x00,0x00,0x00,0x7d,0xfe,0xb3,0x00,0x0b,0xf9,0x67,0xde,0x30,0x7f,0x50,0x00,0x1d,
0xb0,0xcd,0x00,0x00,0x09,0xf0,0xef,0xff,0xff,0xff,0xf1,0xfc,0x33,0x33,0x33,0x30,0xce,0x00,0x00,0x00,
0x00,0x7f,0x80,0x00,0x00,0x10,0x0b,0xfb,0x76,0x8c,0xb0,0x00,0x6c,0xee,0xda,0x40,0x00,0x01,0x74,0x00,
0x00,0x00,0x0a,0xde,0x20,0x00,0x00,0x5d,0x18,0xc0,0x00,0x00,0x73,0x00,0x73,0x00,0x00,0x00,0x00,0x00,
0x00,0x00,0x7d,0xfe,0xb3,0x00,0x0b,0xf9,0x67,0xde,0x30,0x7f,0x50,0x00,0x1d,0xb0,0xcd,0x00,0x00,0x09,
0xf0,0xef,0xff,0xff,0xff,0xf1,0xfc,0x33,0x33,0x33,0x30,0xce,0x00,0x00,0x00,0x00,0x7f,0x80,0x00,0x00,
0x10,0x0b,0xfb,0x76,0x8c,0xb0,0x00,0x6c,0xee,0xda,0x40,0x00,0xdd,0x07,0xf5,0x00,0x00,0xaa,0x05,0xc4,
0x00,0x00,0x00,0x00,0x00,0x00,0x00,0x00,0x00,0x00,0x00,0x00,0x7d,0xfe,0xb3,0x00,0x0b,0xf9,0x67,0xde,
0x30,0x7f,0x50,0x00,0x1d,0xb0,0xcd,0x00,0x00,0x09,0xf0,0xef,0xff,0xff,0xff,0xf1,0xfc,0x33,0x33,0x33,
0x30,0xce,0x00,0x00,0x00,0x00,0x7f,0x80,0x00,0x00,0x10,0x0b,0xfb,0x76,0x8c,0xb0,0x00,0x6c,0xee,0xda,
0x40,0x28,0x30,0x00,0xad,0x10,0x01,0xca,0x00,0x02,0xe5,0x00,0x00,0x00,0x04,0xf5,0x00,0x4f,0x50,0x04,
0xf5,0x00,0x4f,0x50,0x04,0xf5,0x00,0x4f,0x50,0x04,0xf5,0x00,0x4f,0x50,0x04,0xf5,0x00,0x4f,0x50,0x00,
0x38,0x20,0x1d,0xa0,0x0a,0xc1,0x06,0xe2,0x00,0x00,0x00,0x04,0xf5,0x00,0x4f,0x50,0x04,0xf5,0x00,0x4f,
0x50,0x04,0xf5,0x00,0x4f,0x50,0x04,0xf5,0x00,0x4f,0x50,0x04,0xf5,0x00,0x4f,0x50,0x00,0x00,0x28,0x20,
0x00,0x0b,0xeb,0x00,0x06,0xd2,0xd6,0x01,0xe4,0x04,0xe1,0x00,0x00,0x00,0x00,0x04,0xf5,0x00,0x00,0x4f,
0x50,0x00,0x04,0xf5,0x00,0x00,0x4f,0x50,0x00,0x04,0xf5,0x00,0x00,0x4f,0x50,0x00,0x04,0xf5,0x00,0x00,
0x4f,0x50,0x00,0x04,0xf5,0x00,0x00,0x4f,0x50,0x00,0x2f,0xa0,0xaf,0x21,0xc8,0x08,0xc1,0x00,0x00,0x00,
0x00,0x00,0x00,0x00,0x00,0x4f,0x50,0x00,0x04,0xf5,0x00,0x00,0x4f,0x50,0x00,0x04,0xf5,0x00,0x00,0x4f,
0x50,0x00,0x04,0xf5,0x00,0x00,0x4f,0x50,0x00,0x04,0xf5,0x00,0x00,0x4f,0x50,0x00,0x04,0xf5,0x00,0x01,
0xce,0x30,0x48,0x00,0x00,0x1e,0xed,0xa5,0x00,0x09,0xda,0xed,0x10,0x00,0x04,0x10,0x3e,0xb0,0x00,0x01,
0x9d,0xff,0xf8,0x00,0x1c,0xf9,0x66,0xcf,0x30,0x7f,0x60,0x00,0x3f,0x90,0xce,0x00,0x00,0x0d,0xd0,0xfc,
0x00,0x00,0x0b,0xf0,0xfc,0x00,0x00,0x0b,0xf0,0xce,0x00,0x00,0x0e,0xd0,0x7f,0x60,0x00,0x6f,0x80,0x0c,
0xf9,0x69,0xfc,0x10,0x01,0x8d,0xfd,0x81,0x00,0x00,0x03,0x10,0x13,0x00,0x09,0xed,0x37,0xa0,0x00,0xf2,
0x6e,0xe4,0x00,0x03,0x00,0x22,0x00,0x5f,0x48,0xdf,0xd6,0x05,0xfd,0xa4,0x4a,0xf3,0x5f,0xb0,0x00,0x1e,
0xa5,0xf6,0x00,0x00,0xcc,0x5f,0x40,0x00,0x0b,0xd5,0xf4,0x00,0x00,0xbd,0x5f,0x40,0x00,0x0b,0xd5,0xf4,
0x00,0x00,0xbd,0x5f,0x40,0x00,0x0b,0xd5,0xf4,0x00,0x00,0xbd,0x02,0x83,0x00,0x00,0x00,0x00,0x8e,0x20,
0x00,0x00,0x00,0x09,0xd1,0x00,0x00,0x00,0x00,0x64,0x00,0x00,0x00,0x00,0x00,0x00,0x00,0x01,0x9d,0xfd,
0x91,0x00,0x1d,0xf9,0x69,0xfd,0x10,0x8f,0x60,0x00,0x6f,0x80,0xde,0x00,0x00,0x0e,0xd0,0xfb,0x00,0x00,
0x0b,0xf0,0xfb,0x00,0x00,0x0b,0xf0,0xde,0x00,0x00,0x0e,0xd0,0x8f,0x60,0x00,0x6f,0x80,0x1d,0xf9,0x69,
0xfd,0x10,0x01,0x9d,0xfd,0x91,0x00,0x00,0x00,0x04,0x82,0x00,0x00,0x00,0x2e,0x80,0x00,0x00,0x01,0xd8,
0x00,0x00,0x00,0x04,0x60,0x00,0x00,0x00,0x00,0x00,0x00,0x00,0x01,0x9d,0xfd,0x91,0x00,0x1d,0xf9,0x69,
0xfd,0x10,0x8f,0x60,0x00,0x6f,0x80,0xde,0x00,0x00,0x0e,0xd0,0xfb,0x00,0x00,0x0b,0xf0,0xfb,0x00,0x00,
0x0b,0xf0,0xde,0x00,0x00,0x0e,0xd0,0x8f,0x60,0x00,0x6f,0x80,0x1d,0xf9,0x69,0xfd,0x10,0x01,0x9d,0xfd,
0x91,0x00,0x00,0x02,0x82,0x00,0x00,0x00,0x0c,0xdd,0x10,0x00,0x00,0x9b,0x0b,0x90,0x00,0x01,0x71,0x01,
0x71,0x00,0x00,0x00,0x00,0x00,0x00,0x01,0x9d,0xfd,0x91,0x00,0x1d,0xf9,0x69,0xfd,0x10,0x8f,0x60,0x00,
0x6f,0x80,0xde,0x00,0x00,0x0e,0xd0,0xfb,0x00,0x00,0x0b,0xf0,0xfb,0x00,0x00,0x0b,0xf0,0xde,0x00,0x00,
0x0e,0xd0,0x8f,0x60,0x00,0x6f,0x80,0x1d,0xf9,0x69,0xfd,0x10,0x01,0x9d,0xfd,0x91,0x00,0x00,0x13,0x00,
0x21,0x00,0x01,0xde,0xa1,0xc5,0x00,0x04,0xc1,0xae,0xd1,0x00,0x01,0x20,0x02,0x10,0x00,0x01,0x9d,0xfd,
0x91,0x00,0x1d,0xf9,0x69,0xfd,0x10,0x8f,0x60,0x00,0x6f,0x80,0xde,0x00,0x00,0x0e,0xd0,0xfb,0x00,0x00,
0x0b,0xf0,0xfb,0x00,0x00,0x0b,0xf0,0xde,0x00,0x00,0x0e,0xd0,0x8f,0x60,0x00,0x6f,0x80,0x1d,0xf9,0x69,
0xfd,0x10,0x01,0x9d,0xfd,0x91,0x00,0x01,0xfa,0x0a,0xf2,0x00,0x01,0xc8,0x08,0xc1,0x00,0x00,0x00,0x00,
0x00,0x00,0x00,0x00,0x00,0x00,0x00,0x01,0x9d,0xfd,0x91,0x00,0x1d,0xf9,0x69,0xfd,0x10,0x8f,0x60,0x00,
0x6f,0x80,0xde,0x00,0x00,0x0e,0xd0,0xfb,0x00,0x00,0x0b,0xf0,0xfb,0x00,0x00,0x0b,0xf0,0xde,0x00,0x00,
0x0e,0xd0,0x8f,0x60,0x00,0x6f,0x80,0x1d,0xf9,0x69,0xfd,0x10,0x01,0x9d,0xfd,0x91,0x00,0x00,0x00,0x08,
0xf9,0x00,0x00,0x00,0x00,0x00,0x8f,0x90,0x00,0x00,0x00,0x00,0x01,0x21,0x00,0x00,0x00,0x22,0x22,0x22,
0x22,0x22,0x20,0x1f,0xff,0xff,0xff,0xff,0xff,0x30,0x55,0x55,0x55,0x55,0x55,0x51,0x00,0x00,0x01,0x21,
0x00,0x00,0x00,0x00,0x00,0x8f,0x90,0x00,0x00,0x00,0x00,0x08,0xf9,0x00,0x00,0x00,0x00,0x00,0x00,0x00,
0x05,0x00,0x01,0x9d,0xfd,0x86,0xe2,0x01,0xdf,0x96,0x9f,0xf5,0x00,0x8f,0x60,0x02,0xdf,0x70,0x0d,0xe0,
0x01,0xd6,0xdc,0x00,0xfc,0x00,0xb8,0x0b,0xe0,0x0e,0xb0,0x9b,0x00,0xbf,0x00,0xcd,0x7c,0x10,0x0e,0xd0,
0x07,0xfe,0x20,0x06,0xf8,0x00,0x4f,0xf9,0x69,0xfd,0x10,0x2e,0x68,0xdf,0xd9,0x10,0x00,0x50,0x00,0x00,
0x00,0x00,0x01,0x74,0x00,0x00,0x00,0x07,0xe3,0x00,0x00,0x00,0x08,0xd1,0x00,0x00,0x00,0x06,0x40,0x00,
0x00,0x00,0x00,0x00,0x07,0xf2,0x00,0x00,0xdc,0x7f,0x20,0x00,0x0d,0xc7,0xf2,0x00,0x00,0xdc,0x7f,0x20,
0x00,0x0d,0xc7,0xf2,0x00,0x00,0xdc,0x7f,0x20,0x00,0x0d,0xc6,0xf3,0x00,0x00,0xfc,0x4f,0x70,0x00,0x7f,
0xc0,0xcf,0x97,0xad,0xdc,0x02,0xbe,0xea,0x2d,0xc0,0x00,0x00,0x03,0x82,0x00,0x00,0x02,0xe9,0x00,0x00,
0x01,0xc9,0x00,0x00,0x00,0x37,0x00,0x00,0x00,0x00,0x00,0x00,0x07,0xf2,0x00,0x00,0xdc,0x7f,0x20,0x00,
0x0d,0xc7,0xf2,0x00,0x00,0xdc,0x7f,0x20,0x00,0x0d,0xc7,0xf2,0x00,0x00,0xdc,0x7f,0x20,0x00,0x0d,0xc6,
0xf3,0x00,0x00,0xfc,0x4f,0x70,0x00,0x7f,0xc0,0xcf,0x97,0xad,0xdc,0x02,0xbe,0xea,0x2d,0xc0,0x00,0x02,
0x83,0x00,0x00,0x00,0xcd,0xd1,0x00,0x00,0x8c,0x0a,0xa0,0x00,0x07,0x10,0x17,0x20,0x00,0x00,0x00,0x00,
0x07,0xf2,0x00,0x00,0xdc,0x7f,0x20,0x00,0x0d,0xc7,0xf2,0x00,0x00,0xdc,0x7f,0x20,0x00,0x0d,0xc7,0xf2,
0x00,0x00,0xdc,0x7f,0x20,0x00,0x0d,0xc6,0xf3,0x00,0x00,0xfc,0x4f,0x70,0x00,0x7f,0xc0,0xcf,0x97,0xad,
0xdc,0x02,0xbe,0xea,0x2d,0xc0,0x00,0xfb,0x09,0xf3,0x00,0x0c,0x90,0x7c,0x20,0x00,0x00,0x00,0x00,0x00,
0x00,0x00,0x00,0x00,0x7f,0x20,0x00,0x0d,0xc7,0xf2,0x00,0x00,0xdc,0x7f,0x20,0x00,0x0d,0xc7,0xf2,0x00,
0x00,0xdc,0x7f,0x20,0x00,0x0d,0xc7,0xf2,0x00,0x00,0xdc,0x6f,0x30,0x00,0x0f,0xc4,0xf7,0x00,0x07,0xfc,
0x0c,0xf9,0x7a,0xdd,0xc0,0x2b,0xee,0xa2,0xdc,0x00,0x00,0x00,0x57,0x10,0x00,0x00,0x00,0x3f,0x70,0x00,
0x00,0x00,0x0c,0xa0,0x00,0x00,0x00,0x08,0xc1,0x00,0x00,0x00,0x00,0x00,0x00,0x00,0x04,0xf7,0x00,0x00,
0x0c,0xe0,0x0d,0xc0,0x00,0x03,0xf8,0x00,0x7f,0x30,0x00,0x8f,0x20,0x01,0xf9,0x00,0x0e,0xb0,0x00,0x0a,
0xe1,0x05,0xf5,0x00,0x00,0x4f,0x60,0xbe,0x00,0x00,0x00,0xdb,0x2f,0x90,0x00,0x00,0x07,0xfa,0xf3,0x00,
0x00,0x00,0x2f,0xfc,0x00,0x00,0x00,0x00,0xaf,0x60,0x00,0x00,0x00,0x0a,0xe1,0x00,0x00,0x00,0x02,0xf9,
0x00,0x00,0x00,0x36,0xcf,0x20,0x00,0x00,0x09,0xfd,0x50,0x00,0x00,0x00,0x5f,0x40,0x00,0x00,0x00,0x5f,
0x40,0x00,0x00,0x00,0x5f,0x40,0x00,0x00,0x00,0x5f,0x40,0x00,0x00,0x00,0x5f,0x48,0xdf,0xc5,0x00,0x5f,
0xcd,0x77,0xdf,0x50,0x5f,0xd1,0x00,0x1d,0xe0,0x5f,0x70,0x00,0x07,0xf4,0x5f,0x50,0x00,0x04,0xf6,0x5f,
0x50,0x00,0x04,0xf6,0x5f,0x70,0x00,0x07,0xf4,0x5f,0xd1,0x00,0x1d,0xe0,0x5f,0xcd,0x77,0xcf,0x60,0x5f,
0x48,0xdf,0xc5,0x00,0x5f,0x40,0x00,0x00,0x00,0x5f,0x40,0x00,0x00,0x00,0x5f,0x40,0x00,0x00,0x00,0x5f,
0x40,0x00,0x00,0x00,0x00,0x4f,0x80,0xde,0x00,0x00,0x03,0xc6,0x0a,0xb0,0x00,0x00,0x00,0x00,0x00,0x00,
0x00,0x00,0x00,0x00,0x00,0x00,0x4f,0x70,0x00,0x00,0xce,0x00,0xdc,0x00,0x00,0x3f,0x80,0x07,0xf3,0x00,
0x08,0xf2,0x00,0x1f,0x90,0x00,0xeb,0x00,0x00,0xae,0x10,0x5f,0x50,0x00,0x04,0xf6,0x0b,0xe0,0x00,0x00,
0x0d,0xb2,0xf9,0x00,0x00,0x00,0x7f,0xaf,0x30,0x00,0x00,0x02,0xff,0xc0,0x00,0x00,0x00,0x0a,0xf6,0x00,
0x00,0x00,0x00,0xae,0x10,0x00,0x00,0x00,0x2f,0x90,0x00,0x00,0x03,0x6c,0xf2,0x00,0x00,0x00,0x9f,0xd5,
0x00,0x00,0x00,0x00,0x00,0x11,0x11,0x10,0x00,0x00,0x00,0x7f,0xff,0xfc,0x00,0x00,0x00,0x02,0x44,0x44,
0x30,0x00,0x00,0x00,0x00,0x00,0x00,0x00,0x00,0x00,0x00,0x1f,0xf5,0x00,0x00,0x00,0x00,0x06,0xfd,0xb0,
0x00,0x00,0x00,0x00,0xcb,0x6f,0x20,0x00,0x00,0x00,0x3f,0x61,0xf8,0x00,0x00,0x00,0x09,0xe1,0x0a,0xd0,
0x00,0x00,0x00,0xe9,0x00,0x5f,0x40,0x00,0x00,0x5f,0x40,0x00,0xea,0x00,0x00,0x0b,0xe2,0x22,0x2a,0xf1,
0x00,0x02,0xff,0xff,0xff,0xff,0x70,0x00,0x8f,0x65,0x55,0x55,0xdc,0x00,0x0d,0xc0,0x00,0x00,0x07,0xf3,
0x04,0xf7,0x00,0x00,0x00,0x3f,0x90,0xaf,0x30,0x00,0x00,0x00,0xde,0x10,0x07,0xff,0xff,0xc0,0x00,0x24,
0x44,0x43,0x00,0x00,0x00,0x00,0x00,0x00,0x00,0x00,0x00,0x00,0x18,0xce,0xfd,0x70,0x03,0xe9,0x66,0xbf,
0x90,0x00,0x00,0x00,0x9f,0x20,0x00,0x00,0x04,0xf5,0x06,0xcf,0xff,0xff,0x67,0xfa,0x54,0x36,0xf6,0xdc,
0x00,0x00,0x6f,0x6d,0xd0,0x00,0x0c,0xf6,0x8f,0xa6,0x7d,0xcf,0x60,0x8d,0xfd,0x74,0xf6,0x00,0x05,0xd2,
0x05,0xe0,0x00,0x00,0x00,0x0a,0xff,0xe5,0x00,0x00,0x00,0x00,0x01,0x21,0x00,0x00,0x00,0x00,0x00,0x00,
0x00,0x00,0x00,0x00,0x00,0x1f,0xf5,0x00,0x00,0x00,0x00,0x06,0xfd,0xb0,0x00,0x00,0x00,0x00,0xcb,0x6f,
0x20,0x00,0x00,0x00,0x3f,0x61,0xf8,0x00,0x00,0x00,0x09,0xe1,0x0a,0xd0,0x00,0x00,0x00,0xe9,0x00,0x5f,
0x40,0x00,0x00,0x5f,0x40,0x00,0xea,0x00,0x00,0x0b,0xe2,0x22,0x2a,0xf1,0x00,0x02,0xff,0xff,0xff,0xff,
0x70,0x00,0x8f,0x65,0x55,0x55,0xdc,0x00,0x0d,0xc0,0x00,0x00,0x07,0xf3,0x04,0xf7,0x00,0x00,0x00,0x3f,
0x90,0xaf,0x30,0x00,0x00,0x00,0xde,0x10,0x07,0xb1,0x07,0xc0,0x00,0x1b,0xff,0xe4,0x00,0x00,0x02,0x20,
0x00,0x00,0x00,0x00,0x00,0x00,0x18,0xce,0xfd,0x70,0x03,0xe9,0x66,0xbf,0x90,0x00,0x00,0x00,0x9f,0x20,
0x00,0x00,0x04,0xf5,0x06,0xcf,0xff,0xff,0x67,0xfa,0x54,0x36,0xf6,0xdc,0x00,0x00,0x6f,0x6d,0xd0,0x00,
0x0c,0xf6,0x8f,0xa6,0x7d,0xcf,0x60,0x8d,0xfd,0x74,0xf6,0x00,0x00,0x1f,0xf5,0x00,0x00,0x00,0x00,0x06,
0xfd,0xb0,0x00,0x00,0x00,0x00,0xcb,0x6f,0x20,0x00,0x00,0x00,0x3f,0x61,0xf8,0x00,0x00,0x00,0x09,0xe1,
0x0a,0xd0,0x00,0x00,0x00,0xe9,0x00,0x5f,0x40,0x00,0x00,0x5f,0x40,0x00,0xea,0x00,0x00,0x0b,0xe2,0x22,
0x2a,0xf1,0x00,0x02,0xff,0xff,0xff,0xff,0x70,0x00,0x8f,0x65,0x55,0x55,0xdc,0x00,0x0d,0xc0,0x00,0x00,
0x07,0xf3,0x04,0xf7,0x00,0x00,0x00,0x3f,0x90,0xaf,0x30,0x00,0x00,0x00,0xde,0x10,0x00,0x00,0x00,0x00,
0x2d,0x20,0x00,0x00,0x00,0x00,0x07,0xb0,0x10,0x00,0x00,0x00,0x00,0x4e,0xfa,0x00,0x00,0x00,0x00,0x00,
0x02,0x00,0x18,0xce,0xfd,0x70,0x00,0x3e,0x96,0x6b,0xf9,0x00,0x00,0x00,0x00,0x9f,0x20,0x00,0x00,0x00,
0x4f,0x50,0x06,0xcf,0xff,0xff,0x60,0x7f,0xa5,0x43,0x6f,0x60,0xdc,0x00,0x00,0x6f,0x60,0xdd,0x00,0x00,
0xcf,0x60,0x8f,0xa6,0x7d,0xcf,0x60,0x08,0xdf,0xd7,0x4f,0x60,0x00,0x00,0x00,0x97,0x00,0x00,0x00,0x01,
0xf3,0x00,0x00,0x00,0x00,0xcf,0xf2,0x00,0x00,0x00,0x01,0x10,0x00,0x00,0x00,0xbc,0x10,0x00,0x00,0x00,
0x6e,0x20,0x00,0x00,0x00,0x07,0x30,0x00,0x00,0x00,0x00,0x00,0x00,0x00,0x00,0x16,0xbe,0xfe,0xb5,0x00,
0x2d,0xfc,0x87,0x8c,0xf8,0x0d,0xf6,0x00,0x00,0x04,0x76,0xf9,0x00,0x00,0x00,0x00,0xbf,0x20,0x00,0x00,
0x00,0x0e,0xe0,0x00,0x00,0x00,0x00,0xfe,0x00,0x00,0x00,0x00,0x0e,0xe0,0x00,0x00,0x00,0x00,0xbf,0x20,
0x00,0x00,0x00,0x06,0xf9,0x00,0x00,0x00,0x00,0x0d,0xf6,0x00,0x00,0x04,0x70,0x2d,0xfc,0x87,0x8c,0xf8,
0x00,0x17,0xbe,0xfe,0xb5,0x00,0x00,0x00,0x02,0x83,0x00,0x00,0x1d,0xa0,0x00,0x00,0xbb,0x00,0x00,0x02,
0x71,0x00,0x00,0x00,0x00,0x00,0x00,0x7c,0xfe,0xc6,0x0b,0xfb,0x76,0x9b,0x7f,0x80,0x00,0x00,0xce,0x00,
0x00,0x00,0xec,0x00,0x00,0x00,0xfc,0x00,0x00,0x00,0xce,0x00,0x00,0x00,0x7f,0x80,0x00,0x00,0x0c,0xfb,
0x76,0x9b,0x00,0x7d,0xfe,0xc6,0x00,0x00,0x0b,0xf9,0x00,0x00,0x00,0x08,0xc2,0xd5,0x00,0x00,0x01,0x71,
0x03,0x70,0x00,0x00,0x00,0x00,0x00,0x00,0x00,0x16,0xbe,0xfe,0xb5,0x00,0x2d,0xfc,0x87,0x8c,0xf8,0x0d,
0xf6,0x00,0x00,0x04,0x76,0xf9,0x00,0x00,0x00,0x00,0xbf,0x20,0x00,0x00,0x00,0x0e,0xe0,0x00,0x00,0x00,
0x00,0xfe,0x00,0x00,0x00,0x00,0x0e,0xe0,0x00,0x00,0x00,0x00,0xbf,0x20,0x00,0x00,0x00,0x06,0xf9,0x00,
0x00,0x00,0x00,0x0d,0xf6,0x00,0x00,0x04,0x70,0x2d,0xfc,0x87,0x8c,0xf8,0x00,0x17,0xbe,0xfe,0xb5,0x00,
0x00,0x00,0x76,0x00,0x00,0x06,0xde,0x50,0x00,0x3e,0x34,0xe2,0x00,0x54,0x00,0x54,0x00,0x00,0x00,0x00,
0x00,0x7c,0xfe,0xc6,0x0b,0xfb,0x76,0x9b,0x7f,0x80,0x00,0x00,0xce,0x00,0x00,0x00,0xec,0x00,0x00,0x00,
0xfc,0x00,0x00,0x00,0xce,0x00,0x00,0x00,0x7f,0x80,0x00,0x00,0x0c,0xfb,0x76,0x9b,0x00,0x7d,0xfe,0xc6,
0x00,0x00,0x06,0xc4,0x00,0x00,0x00,0x00,0x7f,0x50,0x00,0x00,0x00,0x00,0x00,0x00,0x00,0x00,0x00,0x00,
0x00,0x00,0x00,0x16,0xbe,0xfe,0xb5,0x00,0x2d,0xfc,0x87,0x8c,0xf8,0x0d,0xf6,0x00,0x00,0x04,0x76,0xf9,
0x00,0x00,0x00,0x00,0xbf,0x20,0x00,0x00,0x00,0x0e,0xe0,0x00,0x00,0x00,0x00,0xfe,0x00,0x00,0x00,0x00,
0x0e,0xe0,0x00,0x00,0x00,0x00,0xbf,0x20,0x00,0x00,0x00,0x06,0xf9,0x00,0x00,0x00,0x00,0x0d,0xf6,0x00,
0x00,0x04,0x70,0x2d,0xfc,0x87,0x8c,0xf8,0x00,0x17,0xbe,0xfe,0xb5,0x00,0x00,0x00,0xdb,0x00,0x00,0x00,
0xdb,0x00,0x00,0x00,0x00,0x00,0x00,0x00,0x00,0x00,0x00,0x7c,0xfe,0xc6,0x0b,0xfb,0x76,0x9b,0x7f,0x80,
0x00,0x00,0xce,0x00,0x00,0x00,0xec,0x00,0x00,0x00,0xfc,0x00,0x00,0x00,0xce,0x00,0x00,0x00,0x7f,0x80,
0x00,0x00,0x0c,0xfb,0x76,0x9b,0x00,0x7d,0xfe,0xc6,0x00,0x03,0xe3,0x1c,0x70,0x00,0x00,0x06,0xdb,0xb0,
0x00,0x00,0x00,0x07,0x71,0x00,0x00,0x00,0x00,0x00,0x00,0x00,0x00,0x16,0xbe,0xfe,0xb5,0x00,0x2d,0xfc,
0x87,0x8c,0xf8,0x0d,0xf6,0x00,0x00,0x04,0x76,0xf9,0x00,0x00,0x00,0x00,0xbf,0x20,0x00,0x00,0x00,0x0e,
0xe0,0x00,0x00,0x00,0x00,0xfe,0x00,0x00,0x00,0x00,0x0e,0xe0,0x00,0x00,0x00,0x00,0xbf,0x20,0x00,0x00,
0x00,0x06,0xf9,0x00,0x00,0x00,0x00,0x0d,0xf6,0x00,0x00,0x04,0x70,0x2d,0xfc,0x87,0x8c,0xf8,0x00,0x17,
0xbe,0xfe,0xb5,0x00,0x00,0x72,0x00,0x72,0x00,0x6d,0x18,0xc0,0x00,0x0a,0xde,0x20,0x00,0x01,0x74,0x00,
0x00,0x00,0x00,0x00,0x00,0x7c,0xfe,0xc6,0x0b,0xfb,0x76,0x9b,0x7f,0x80,0x00,0x00,0xce,0x00,0x00,0x00,
0xec,0x00,0x00,0x00,0xfc,0x00,0x00,0x00,0xce,0x00,0x00,0x00,0x7f,0x80,0x00,0x00,0x0c,0xfb,0x76,0x9b,
0x00,0x7d,0xfe,0xc6,0x00,0x06,0x30,0x27,0x00,0x00,0x00,0x03,0xe6,0xd5,0x00,0x00,0x00,0x00,0x48,0x50,
0x00,0x00,0x00,0x00,0x00,0x00,0x00,0x00,0x4f,0xff,0xfe,0xda,0x50,0x00,0x4f,0xb7,0x77,0x9e,0xfb,0x10,
0x4f,0x80,0x00,0x00,0x9f,0xb0,0x4f,0x80,0x00,0x00,0x0b,0xf4,0x4f,0x80,0x00,0x00,0x05,0xf9,0x4f,0x80,
0x00,0x00,0x02,0xfb,0x4f,0x80,0x00,0x00,0x01,0xfc,0x4f,0x80,0x00,0x00,0x02,0xfb,0x4f,0x80,0x00,0x00,
0x05,0xf9,0x4f,0x80,0x00,0x00,0x0b,0xf4,0x4f,0x80,0x00,0x00,0x9f,0xb0,0x4f,0xb7,0x77,0xae,0xfb,0x10,
0x4f,0xff,0xfe,0xda,0x50,0x00,0x00,0x00,0x00,0x0c,0xc0,0xaf,0x10,0x00,0x00,0x00,0xcc,0x0d,0xb0,0x00,
0x00,0x00,0x0c,0xc1,0xf6,0x00,0x00,0x00,0x00,0xcc,0x14,0x10,0x02,0xae,0xeb,0x2c,0xc0,0x00,0x01,0xdf,
0x86,0xae,0xdc,0x00,0x00,0x8f,0x50,0x00,0x8f,0xc0,0x00,0x0d,0xd0,0x00,0x01,0xfc,0x00,0x00,0xfb,0x00,
0x00,0x0d,0xc0,0x00,0x0f,0xb0,0x00,0x00,0xdc,0x00,0x00,0xdd,0x00,0x00,0x1f,0xc0,0x00,0x08,0xf5,0x00,
0x08,0xfc,0x00,0x00,0x1d,0xf8,0x69,0xee,0xc0,0x00,0x00,0x2a,0xee,0xb2,0xcc,0x00,0x00,0x02,0xff,0xff,
0xed,0xa5,0x00,0x00,0x2f,0xc7,0x77,0x9d,0xfc,0x20,0x02,0xfa,0x00,0x00,0x07,0xfc,0x00,0x2f,0xa0,0x00,
0x00,0x0a,0xf6,0x02,0xfa,0x00,0x00,0x00,0x4f,0xa0,0x2f,0xa0,0x00,0x00,0x01,0xfc,0xef,0xff,0xff,0x90,
0x00,0x0f,0xd3,0x5f,0xb3,0x32,0x00,0x01,0xfc,0x02,0xfa,0x00,0x00,0x00,0x4f,0xa0,0x2f,0xa0,0x00,0x00,
0x0a,0xf6,0x02,0xfa,0x00,0x00,0x08,0xfc,0x00,0x2f,0xc7,0x77,0x9e,0xfc,0x20,0x02,0xff,0xff,0xed,0xa5,
0x00,0x00,0x00,0x00,0x00,0x0c,0xc0,0x00,0x00,0x0a,0xee,0xff,0xe2,0x00,0x00,0x12,0x2d,0xc2,0x00,0x00,
0x00,0x00,0xcc,0x00,0x02,0xae,0xeb,0x2c,0xc0,0x01,0xdf,0x86,0xae,0xdc,0x00,0x8f,0x50,0x00,0x8f,0xc0,
0x0d,0xd0,0x00,0x01,0xfc,0x00,0xfb,0x00,0x00,0x0d,0xc0,0x0f,0xb0,0x00,0x00,0xdc,0x00,0xdd,0x00,0x00,
0x1f,0xc0,0x08,0xf5,0x00,0x08,0xfc,0x00,0x1d,0xf8,0x69,0xee,0xc0,0x00,0x2a,0xee,0xb2,0xcc,0x00,0x00,
0x01,0x11,0x10,0x00,0x00,0xbf,0xff,0xf8,0x00,0x00,0x34,0x44,0x42,0x00,0x00,0x00,0x00,0x00,0x00,0x4f,
0xff,0xff,0xff,0xf1,0x4f,0xc7,0x77,0x77,0x70,0x4f,0x80,0x00,0x00,0x00,0x4f,0x80,0x00,0x00,0x00,0x4f,
0x92,0x22,0x22,0x20,0x4f,0xff,0xff,0xff,0xc0,0x4f,0xa5,0x55,0x55,0x40,0x4f,0x80,0x00,0x00,0x00,0x4f,
0x80,0x00,0x00,0x00,0x4f,0x80,0x00,0x00,0x00,0x4f,0x80,0x00,0x00,0x00,0x4f,0xc7,0x77,0x77,0x72,0x4f,
0xff,0xff,0xff,0xf3,0x00,0xcf,0xff,0xf7,0x00,0x00,0x44,0x44,0x42,0x00,0x00,0x00,0x00,0x00,0x00,0x00,
0x00,0x00,0x00,0x00,0x00,0x7d,0xfe,0xb3,0x00,0x0b,0xf9,0x67,0xde,0x30,0x7f,0x50,0x00,0x1d,0xb0,0xcd,
0x00,0x00,0x09,0xf0,0xef,0xff,0xff,0xff,0xf1,0xfc,0x33,0x33,0x33,0x30,0xce,0x00,0x00,0x00,0x00,0x7f,
0x80,0x00,0x00,0x10,0x0b,0xfb,0x76,0x8c,0xb0,0x00,0x6c,0xee,0xda,0x40,0x00,0x64,0x00,0x54,0x00,0x00,
0x5e,0xff,0xd3,0x00,0x00,0x00,0x22,0x00,0x00,0x00,0x00,0x00,0x00,0x00,0x4f,0xff,0xff,0xff,0xf1,0x4f,
0xc7,0x77,0x77,0x70,0x4f,0x80,0x00,0x00,0x00,0x4f,0x80,0x00,0x00,0x00,0x4f,0x92,0x22,0x22,0x20,0x4f,
0xff,0xff,0xff,0xc0,0x4f,0xa5,0x55,0x55,0x40,0x4f,0x80,0x00,0x00,0x00,0x4f,0x80,0x00,0x00,0x00,0x4f,
0x80,0x00,0x00,0x00,0x4f,0x80,0x00,0x00,0x00,0x4f,0xc7,0x77,0x77,0x72,0x4f,0xff,0xff,0xff,0xf3,0x00,
0x71,0x00,0x44,0x00,0x00,0xb9,0x12,0xd5,0x00,0x00,0x3d,0xff,0xa0,0x00,0x00,0x00,0x21,0x00,0x00,0x00,
0x00,0x00,0x00,0x00,0x00,0x7d,0xfe,0xb3,0x00,0x0b,0xf9,0x67,0xde,0x30,0x7f,0x50,0x00,0x1d,0xb0,0xcd,
0x00,0x00,0x09,0xf0,0xef,0xff,0xff,0xff,0xf1,0xfc,0x33,0x33,0x33,0x30,0xce,0x00,0x00,0x00,0x00,0x7f,
0x80,0x00,0x00,0x10,0x0b,0xfb,0x76,0x8c,0xb0,0x00,0x6c,0xee,0xda,0x40,0x00,0x00,0xfc,0x00,0x00,0x00,
0x00,0xc9,0x00,0x00,0x00,0x00,0x00,0x00,0x00,0x4f,0xff,0xff,0xff,0xf1,0x4f,0xc7,0x77,0x77,0x70,0x4f,
0x80,0x00,0x00,0x00,0x4f,0x80,0x00,0x00,0x00,0x4f,0x92,0x22,0x22,0x20,0x4f,0xff,0xff,0xff,0xc0,0x4f,
0xa5,0x55,0x55,0x40,0x4f,0x80,0x00,0x00,0x00,0x4f,0x80,0x00,0x00,0x00,0x4f,0x80,0x00,0x00,0x00,0x4f,
0x80,0x00,0x00,0x00,0x4f,0xc7,0x77,0x77,0x72,0x4f,0xff,0xff,0xff,0xf3,0x00,0x00,0xf9,0x00,0x00,0x00,
0x00,0xf9,0x00,0x00,0x00,0x00,0x00,0x00,0x00,0x00,0x00,0x00,0x00,0x00,0x00,0x7d,0xfe,0xb3,0x00,0x0b,
0xf9,0x67,0xde,0x30,0x7f,0x50,0x00,0x1d,0xb0,0xcd,0x00,0x00,0x09,0xf0,0xef,0xff,0xff,0xff,0xf1,0xfc,
0x33,0x33,0x33,0x30,0xce,0x00,0x00,0x00,0x00,0x7f,0x80,0x00,0x00,0x10,0x0b,0xfb,0x76,0x8c,0xb0,0x00,
0x6c,0xee,0xda,0x40,0x4f,0xff,0xff,0xff,0xf1,0x4f,0xc7,0x77,0x77,0x70,0x4f,0x80,0x00,0x00,0x00,0x4f,
0x80,0x00,0x00,0x00,0x4f,0x92,0x22,0x22,0x20,0x4f,0xff,0xff,0xff,0xc0,0x4f,0xa5,0x55,0x55,0x40,0x4f,
0x80,0x00,0x00,0x00,0x4f,0x80,0x00,0x00,0x00,0x4f,0x80,0x00,0x00,0x00,0x4f,0x80,0x00,0x00,0x00,0x4f,
0xc7,0x77,0x77,0x72,0x4f,0xff,0xff,0xff,0xf3,0x00,0x00,0x00,0x79,0x00,0x00,0x00,0x00,0xe5,0x00,0x00,
0x00,0x00,0xaf,0xf3,0x00,0x00,0x00,0x01,0x10,0x00,0x7d,0xfe,0xb3,0x00,0x0b,0xf9,0x67,0xde,0x30,0x7f,
0x50,0x00,0x1d,0xb0,0xcd,0x00,0x00,0x09,0xf0,0xef,0xff,0xff,0xff,0xf1,0xfc,0x33,0x33,0x33,0x30,0xce,
0x00,0x00,0x00,0x00,0x7f,0x80,0x00,0x00,0x10,0x0b,0xfb,0x76,0x8c,0xb0,0x00,0x6c,0xee,0xfa,0x40,0x00,
0x00,0x05,0xb0,0x00,0x00,0x00,0x0b,0x90,0x10,0x00,0x00,0x07,0xff,0x70,0x00,0x00,0x00,0x12,0x00,0x00,
0x45,0x00,0x63,0x00,0x00,0x1d,0x67,0xd1,0x00,0x00,0x04,0xfe,0x30,0x00,0x00,0x00,0x00,0x00,0x00,0x4f,
0xff,0xff,0xff,0xf1,0x4f,0xc7,0x77,0x77,0x70,0x4f,0x80,0x00,0x00,0x00,0x4f,0x80,0x00,0x00,0x00,0x4f,
0x92,0x22,0x22,0x20,0x4f,0xff,0xff,0xff,0xc0,0x4f,0xa5,0x55,0x55,0x40,0x4f,0x80,0x00,0x00,0x00,0x4f,
0x80,0x00,0x00,0x00,0x4f,0x80,0x00,0x00,0x00,0x4f,0x80,0x00,0x00,0x00,0x4f,0xc7,0x77,0x77,0x72,0x4f,
0xff,0xff,0xff,0xf3,0x00,0x63,0x00,0x63,0x00,0x00,0x6d,0x15,0xe1,0x00,0x00,0x0b,0xae,0x60,0x00,0x00,
0x03,0xfb,0x00,0x00,0x00,0x00,0x00,0x00,0x00,0x00,0x7d,0xfe,0xb3,0x00,0x0b,0xf9,0x67,0xde,0x30,0x7f,
0x50,0x00,0x1d,0xb0,0xcd,0x00,0x00,0x09,0xf0,0xef,0xff,0xff,0xff,0xf1,0xfc,0x33,0x33,0x33,0x30,0xce,
0x00,0x00,0x00,0x00,0x7f,0x80,0x00,0x00,0x10,0x0b,0xfb,0x76,0x8c,0xb0,0x00,0x6c,0xee,0xda,0x40,0x00,
0x00,0x0a,0xfb,0x00,0x00,0x00,0x00,0x6d,0x2c,0x70,0x00,0x00,0x00,0x72,0x02,0x71,0x00,0x00,0x00,0x00,
0x00,0x00,0x00,0x00,0x06,0xbe,0xfe,0xc8,0x20,0x02,0xcf,0xc8,0x78,0xae,0xf1,0x0c,0xf6,0x00,0x00,0x01,
0x82,0x6f,0x80,0x00,0x00,0x00,0x00,0xbf,0x20,0x00,0x00,0x00,0x00,0xee,0x00,0x00,0x02,0x22,0x21,0xfe,
0x00,0x00,0x3f,0xff,0xf7,0xee,0x00,0x00,0x15,0x58,0xf7,0xbf,0x20,0x00,0x00,0x04,0xf7,0x6f,0x80,0x00,
0x00,0x04,0xf7,0x0d,0xf6,0x00,0x00,0x04,0xf7,0x02,0xcf,0xc8,0x78,0xae,0xf5,0x00,0x06,0xbe,0xfe,0xc8,
0x20,0x00,0x03,0x82,0x00,0x00,0x00,0xce,0xa0,0x00,0x00,0x7d,0x2e,0x40,0x00,0x2e,0x30,0x5d,0x10,0x00,
0x00,0x00,0x00,0x00,0x2a,0xee,0xb2,0xcc,0x1d,0xf8,0x69,0xed,0xc8,0xf5,0x00,0x08,0xfc,0xdd,0x00,0x00,
0x1f,0xcf,0xb0,0x00,0x00,0xdc,0xfb,0x00,0x00,0x0d,0xcd,0xd0,0x00,0x01,0xfc,0x8f,0x50,0x00,0x7f,0xc1,
0xdf,0x86,0x9e,0xdc,0x02,0xae,0xeb,0x2d,0xb0,0x00,0x00,0x01,0xfa,0x00,0x00,0x00,0x7f,0x60,0xc9,0x66,
0xaf,0xc0,0x07,0xce,0xfd,0x81,0x00,0x00,0x0a,0x91,0x19,0x90,0x00,0x00,0x02,0xdf,0xfc,0x20,0x00,0x00,
0x00,0x01,0x10,0x00,0x00,0x00,0x00,0x00,0x00,0x00,0x00,0x00,0x06,0xbe,0xfe,0xc8,0x20,0x02,0xcf,0xc8,
0x78,0xae,0xf1,0x0c,0xf6,0x00,0x00,0x01,0x82,0x6f,0x80,0x00,0x00,0x00,0x00,0xbf,0x20,0x00,0x00,0x00,
0x00,0xee,0x00,0x00,0x02,0x22,0x21,0xfe,0x00,0x00,0x3f,0xff,0xf7,0xee,0x00,0x00,0x15,0x58,0xf7,0xbf,
0x20,0x00,0x00,0x04,0xf7,0x6f,0x80,0x00,0x00,0x04,0xf7,0x0d,0xf6,0x00,0x00,0x04,0xf7,0x02,0xcf,0xc8,
0x78,0xae,0xf5,0x00,0x06,0xbe,0xfe,0xc8,0x20,0x00,0x73,0x01,0x63,0x00,0x07,0xff,0xfc,0x10,0x00,0x01,
0x32,0x00,0x00,0x00,0x00,0x00,0x00,0x02,0xae,0xeb,0x2c,0xc1,0xdf,0x86,0x9e,0xdc,0x8f,0x50,0x00,0x8f,
0xcd,0xd0,0x00,0x01,0xfc,0xfb,0x00,0x00,0x0d,0xcf,0xb0,0x00,0x00,0xdc,0xdd,0x00,0x00,0x1f,0xc8,0xf5,
0x00,0x07,0xfc,0x1d,0xf8,0x69,0xed,0xc0,0x2a,0xee,0xb2,0xdb,0x00,0x00,0x00,0x1f,0xa0,0x00,0x00,0x07,
0xf6,0x0c,0x96,0x6a,0xfc,0x00,0x7c,0xef,0xd8,0x10,0x00,0x00,0x04,0xc5,0x00,0x00,0x00,0x00,0x05,0xf7,
0x00,0x00,0x00,0x00,0x00,0x00,0x00,0x00,0x00,0x00,0x00,0x00,0x00,0x00,0x00,0x06,0xbe,0xfe,0xc8,0x20,
0x02,0xcf,0xc8,0x78,0xae,0xf1,0x0c,0xf6,0x00,0x00,0x01,0x82,0x6f,0x80,0x00,0x00,0x00,0x00,0xbf,0x20,
0x00,0x00,0x00,0x00,0xee,0x00,0x00,0x02,0x22,0x21,0xfe,0x00,0x00,0x3f,0xff,0xf7,0xee,0x00,0x00,0x15,
0x58,0xf7,0xbf,0x20,0x00,0x00,0x04,0xf7,0x6f,0x80,0x00,0x00,0x04,0xf7,0x0d,0xf6,0x00,0x00,0x04,0xf7,
0x02,0xcf,0xc8,0x78,0xae,0xf5,0x00,0x06,0xbe,0xfe,0xc8,0x20,0x00,0x06,0xf3,0x00,0x00,0x00,0x6f,0x30,
0x00,0x00,0x00,0x00,0x00,0x00,0x00,0x00,0x00,0x00,0x02,0xae,0xeb,0x2c,0xc1,0xdf,0x86,0x9e,0xdc,0x8f,
0x50,0x00,0x8f,0xcd,0xd0,0x00,0x01,0xfc,0xfb,0x00,0x00,0x0d,0xcf,0xb0,0x00,0x00,0xdc,0xdd,0x00,0x00,
0x1f,0xc8,0xf5,0x00,0x07,0xfc,0x1d,0xf8,0x69,0xed,0xc0,0x2a,0xee,0xb2,0xdb,0x00,0x00,0x00,0x1f,0xa0,
0x00,0x00,0x07,0xf6,0x0c,0x96,0x6a,0xfc,0x00,0x7c,0xef,0xd8,0x10,0x00,0x06,0xbe,0xfe,0xc8,0x20,0x02,
0xcf,0xc8,0x78,0xae,0xf1,0x0c,0xf6,0x00,0x00,0x01,0x82,0x6f,0x80,0x00,0x00,0x00,0x00,0xbf,0x20,0x00,
0x00,0x00,0x00,0xee,0x00,0x00,0x02,0x22,0x21,0xfe,0x00,0x00,0x3f,0xff,0xf7,0xee,0x00,0x00,0x15,0x58,
0xf7,0xbf,0x20,0x00,0x00,0x04,0xf7,0x6f,0x80,0x00,0x00,0x04,0xf7,0x0d,0xf6,0x00,0x00,0x04,0xf7,0x02,
0xcf,0xc8,0x78,0xae,0xf5,0x00,0x06,0xbe,0xfe,0xc8,0x20,0x00,0x00,0x00,0x00,0x00,0x00,0x00,0x00,0x01,
0xc7,0x00,0x00,0x00,0x00,0x05,0xf3,0x00,0x00,0x00,0x00,0x09,0xa0,0x00,0x00,0x00,0x00,0x5e,0x00,0x00,
0x00,0x0d,0xa0,0x00,0x00,0x04,0xc5,0x00,0x00,0x00,0x00,0x00,0x00,0x02,0xae,0xeb,0x2c,0xc1,0xdf,0x86,
0x9e,0xdc,0x8f,0x50,0x00,0x8f,0xcd,0xd0,0x00,0x01,0xfc,0xfb,0x00,0x00,0x0d,0xcf,0xb0,0x00,0x00,0xdc,
0xdd,0x00,0x00,0x1f,0xc8,0xf5,0x00,0x07,0xfc,0x1d,0xf8,0x69,0xed,0xc0,0x2a,0xee,0xb2,0xdb,0x00,0x00,
0x00,0x1f,0xa0,0x00,0x00,0x07,0xf6,0x0c,0x96,0x6a,0xfc,0x00,0x7c,0xef,0xd8,0x10,0x00,0x00,0x28,0x60,
0x00,0x00,0x00,0x2d,0x7c,0x80,0x00,0x00,0x05,0x40,0x17,0x20,0x00,0x00,0x00,0x00,0x00,0x00,0x4f,0x80,
0x00,0x00,0x0f,0xc4,0xf8,0x00,0x00,0x00,0xfc,0x4f,0x80,0x00,0x00,0x0f,0xc4,0xf8,0x00,0x00,0x00,0xfc,
0x4f,0x92,0x22,0x22,0x2f,0xc4,0xff,0xff,0xff,0xff,0xfc,0x4f,0xa5,0x55,0x55,0x5f,0xc4,0xf8,0x00,0x00,
0x00,0xfc,0x4f,0x80,0x00,0x00,0x0f,0xc4,0xf8,0x00,0x00,0x00,0xfc,0x4f,0x80,0x00,0x00,0x0f,0xc4,0xf8,
0x00,0x00,0x00,0xfc,0x4f,0x80,0x00,0x00,0x0f,0xc0,0x01,0xcd,0xb0,0x00,0x00,0x00,0xb8,0x09,0xa0,0x00,
0x00,0x00,0x00,0x00,0x00,0x00,0x00,0x05,0xf4,0x00,0x00,0x00,0x00,0x5f,0x40,0x00,0x00,0x00,0x05,0xf4,
0x00,0x00,0x00,0x00,0x5f,0x40,0x00,0x00,0x00,0x05,0xf4,0x7d,0xfd,0x60,0x00,0x5f,0xcd,0x77,0xdf,0x30,
0x05,0xfd,0x10,0x02,0xfa,0x00,0x5f,0x60,0x00,0x0c,0xc0,0x05,0xf4,0x00,0x00,0xbd,0x00,0x5f,0x40,0x00,
0x0b,0xd0,0x05,0xf4,0x00,0x00,0xbd,0x00,0x5f,0x40,0x00,0x0b,0xd0,0x05,0xf4,0x00,0x00,0xbd,0x00,0x5f,
0x40,0x00,0x0b,0xd0,0x00,0xbf,0x00,0x00,0x00,0x8f,0x40,0x02,0xcf,0x22,0x22,0x22,0x9f,0x51,0x4f,0xff,
0xff,0xff,0xff,0xff,0xfb,0x14,0xcf,0x54,0x44,0x44,0xaf,0x73,0x00,0xbf,0x22,0x22,0x22,0x9f,0x40,0x00,
0xbf,0xff,0xff,0xff,0xff,0x40,0x00,0xbf,0x55,0x55,0x55,0xaf,0x40,0x00,0xbf,0x00,0x00,0x00,0x8f,0x40,
0x00,0xbf,0x00,0x00,0x00,0x8f,0x40,0x00,0xbf,0x00,0x00,0x00,0x8f,0x40,0x00,0xbf,0x00,0x00,0x00,0x8f,
0x40,0x00,0xbf,0x00,0x00,0x00,0x8f,0x40,0x00,0xbf,0x00,0x00,0x00,0x8f,0x40,0x0d,0xc0,0x00,0x00,0x00,
0x2d,0xc2,0x21,0x00,0x00,0xef,0xff,0xfd,0x00,0x00,0x4d,0xd4,0x44,0x00,0x00,0x0d,0xc2,0xae,0xea,0x20,
0x0d,0xdd,0xa7,0x9f,0xb0,0x0d,0xf6,0x00,0x09,0xf3,0x0d,0xe0,0x00,0x04,0xf5,0x0d,0xc0,0x00,0x03,0xf6,
0x0d,0xc0,0x00,0x03,0xf6,0x0d,0xc0,0x00,0x03,0xf6,0x0d,0xc0,0x00,0x03,0xf6,0x0d,0xc0,0x00,0x03,0xf6,
0x0d,0xc0,0x00,0x03,0xf6,0x00,0x00,0x00,0x00,0xaf,0xa3,0xb7,0x3e,0x38,0xed,0x10,0x00,0x00,0x00,0x00,
0x00,0x00,0x00,0x04,0xf8,0x00,0x00,0x4f,0x80,0x00,0x04,0xf8,0x00,0x00,0x4f,0x80,0x00,0x04,0xf8,0x00,
0x00,0x4f,0x80,0x00,0x04,0xf8,0x00,0x00,0x4f,0x80,0x00,0x04,0xf8,0x00,0x00,0x4f,0x80,0x00,0x04,0xf8,
0x00,0x00,0x4f,0x80,0x00,0x04,0xf8,0x00,0x01,0x30,0x02,0x11,0xde,0xa1,0xc5,0x5c,0x1a,0xed,0x11,0x20,
0x02,0x10,0x00,0x4f,0x50,0x00,0x04,0xf5,0x00,0x00,0x4f,0x50,0x00,0x04,0xf5,0x00,0x00,0x4f,0x50,0x00,
0x04,0xf5,0x00,0x00,0x4f,0x50,0x00,0x04,0xf5,0x00,0x00,0x4f,0x50,0x00,0x04,0xf5,0x00,0x11,0x11,0x10,
0xff,0xff,0xf4,0x34,0x44,0x41,0x00,0x00,0x00,0x04,0xf8,0x00,0x04,0xf8,0x00,0x04,0xf8,0x00,0x04,0xf8,
0x00,0x04,0xf8,0x00,0x04,0xf8,0x00,0x04,0xf8,0x00,0x04,0xf8,0x00,0x04,0xf8,0x00,0x04,0xf8,0x00,0x04,
0xf8,0x00,0x04,0xf8,0x00,0x04,0xf8,0x00,0x2f,0xff,0xff,0x21,0x44,0x44,0x41,0x00,0x00,0x00,0x00,0x00,
0x00,0x00,0x00,0x4f,0x50,0x00,0x04,0xf5,0x00,0x00,0x4f,0x50,0x00,0x04,0xf5,0x00,0x00,0x4f,0x50,0x00,
0x04,0xf5,0x00,0x00,0x4f,0x50,0x00,0x04,0xf5,0x00,0x00,0x4f,0x50,0x00,0x04,0xf5,0x00,0x07,0x20,0x16,
0x20,0x8f,0xff,0xb1,0x00,0x12,0x10,0x00,0x00,0x00,0x00,0x00,0x4f,0x80,0x00,0x04,0xf8,0x00,0x00,0x4f,
0x80,0x00,0x04,0xf8,0x00,0x00,0x4f,0x80,0x00,0x04,0xf8,0x00,0x00,0x4f,0x80,0x00,0x04,0xf8,0x00,0x00,
0x4f,0x80,0x00,0x04,0xf8,0x00,0x00,0x4f,0x80,0x00,0x04,0xf8,0x00,0x00,0x4f,0x80,0x00,0x2e,0x30,0x3e,
0x20,0x8f,0xff,0x80,0x00,0x13,0x10,0x00,0x00,0x00,0x00,0x00,0x4f,0x50,0x00,0x04,0xf5,0x00,0x00,0x4f,
0x50,0x00,0x04,0xf5,0x00,0x00,0x4f,0x50,0x00,0x04,0xf5,0x00,0x00,0x4f,0x50,0x00,0x04,0xf5,0x00,0x00,
0x4f,0x50,0x00,0x04,0xf5,0x00,0x4f,0x80,0x4f,0x80,0x4f,0x80,0x4f,0x80,0x4f,0x80,0x4f,0x80,0x4f,0x80,
0x4f,0x80,0x4f,0x80,0x4f,0x80,0x4f,0x80,0x4f,0x80,0x4f,0x80,0x1c,0x30,0x6d,0x01,0x3e,0xfc,0x00,0x21,
0x4f,0x50,0x4f,0x50,0x00,0x00,0x00,0x00,0x4f,0x50,0x4f,0x50,0x4f,0x50,0x4f,0x50,0x4f,0x50,0x4f,0x50,
0x4f,0x50,0x4f,0x50,0x4f,0x50,0x4f,0x50,0x2d,0x10,0x9a,0x01,0x6f,0xf9,0x01,0x20,0x4f,0x83,0xc7,0x00,
0x04,0xf8,0x4f,0x84,0xf8,0x4f,0x84,0xf8,0x4f,0x84,0xf8,0x4f,0x84,0xf8,0x4f,0x84,0xf8,0x4f,0x84,0xf8,
0x4f,0x54,0xf5,0x4f,0x54,0xf5,0x4f,0x54,0xf5,0x4f,0x54,0xf5,0x4f,0x54,0xf5,0x4f,0x80,0x00,0xed,0x4f,
0x80,0x00,0xed,0x4f,0x80,0x00,0xed,0x4f,0x80,0x00,0xed,0x4f,0x80,0x00,0xed,0x4f,0x80,0x00,0xed,0x4f,
0x80,0x00,0xed,0x4f,0x80,0x00,0xed,0x4f,0x80,0x00,0xed,0x4f,0x80,0x00,0xed,0x4f,0x80,0x00,0xed,0x4f,
0x80,0x00,0xed,0x4f,0x80,0x00,0xed,0x00,0x00,0x00,0xfc,0x00,0x00,0x04,0xf9,0x00,0x05,0x9e,0xf3,0x00,
0x09,0xfc,0x40,0x4f,0x50,0x05,0xf5,0x4f,0x50,0x05,0xf5,0x00,0x00,0x00,0x00,0x00,0x00,0x00,0x00,0x4f,
0x50,0x05,0xf5,0x4f,0x50,0x05,0xf5,0x4f,0x50,0x05,0xf5,0x4f,0x50,0x05,0xf5,0x4f,0x50,0x05,0xf5,0x4f,
0x50,0x05,0xf5,0x4f,0x50,0x05,0xf5,0x4f,0x50,0x05,0xf5,0x4f,0x50,0x05,0xf5,0x4f,0x50,0x05,0xf5,0x00,
0x00,0x05,0xf4,0x00,0x00,0x06,0xf3,0x00,0x02,0x6d,0xe0,0x00,0x05,0xec,0x30,0x00,0x9d,0xd1,0x00,0x9b,
0x17,0xc1,0x00,0x00,0x00,0x00,0x04,0xf8,0x00,0x00,0x4f,0x80,0x00,0x04,0xf8,0x00,0x00,0x4f,0x80,0x00,
0x04,0xf8,0x00,0x00,0x4f,0x80,0x00,0x04,0xf8,0x00,0x00,0x4f,0x80,0x00,0x04,0xf8,0x00,0x00,0x4f,0x80,
0x00,0x04,0xf8,0x00,0x00,0x4f,0x80,0x00,0x04,0xf8,0x00,0x00,0x5f,0x70,0x00,0x09,0xf4,0x00,0x7a,0xfd,
0x00,0x0e,0xea,0x20,0x00,0x00,0x28,0x20,0x00,0x0b,0xeb,0x00,0x06,0xd2,0xd6,0x01,0xe4,0x04,0xe1,0x00,
0x00,0x00,0x00,0x04,0xf5,0x00,0x00,0x4f,0x50,0x00,0x04,0xf5,0x00,0x00,0x4f,0x50,0x00,0x04,0xf5,0x00,
0x00,0x4f,0x50,0x00,0x04,0xf5,0x00,0x00,0x4f,0x50,0x00,0x04,0xf5,0x00,0x00,0x4f,0x50,0x00,0x05,0xf4,
0x00,0x00,0x6f,0x30,0x02,0x6d,0xe0,0x00,0x5e,0xc3,0x00,0x00,0x4f,0x80,0x00,0x03,0xee,0x40,0x4f,0x80,
0x00,0x3e,0xe3,0x00,0x4f,0x80,0x04,0xed,0x20,0x00,0x4f,0x80,0x5f,0xd2,0x00,0x00,0x4f,0x86,0xfc,0x10,
0x00,0x00,0x4f,0xdf,0xb1,0x00,0x00,0x00,0x4f,0xef,0xa0,0x00,0x00,0x00,0x4f,0x8a,0xfa,0x00,0x00,0x00,
0x4f,0x80,0xaf,0xa0,0x00,0x00,0x4f,0x80,0x0a,0xfa,0x00,0x00,0x4f,0x80,0x00,0xaf,0xa0,0x00,0x4f,0x80,
0x00,0x0a,0xfa,0x00,0x4f,0x80,0x00,0x00,0xaf,0xa0,0x00,0x00,0x00,0x00,0x00,0x00,0x00,0x00,0x09,0xc1,
0x00,0x00,0x00,0x00,0x0e,0x90,0x00,0x00,0x00,0x00,0x3e,0x10,0x00,0x00,0x5f,0x40,0x00,0x00,0x00,0x5f,
0x40,0x00,0x00,0x00,0x5f,0x40,0x00,0x00,0x00,0x5f,0x40,0x00,0x00,0x00,0x5f,0x40,0x00,0x7f,0x90,0x5f,
0x40,0x09,0xf7,0x00,0x5f,0x40,0xaf,0x60,0x00,0x5f,0x5b,0xe4,0x00,0x00,0x5f,0xef,0x40,0x00,0x00,0x5f,
0x9f,0xb1,0x00,0x00,0x5f,0x45,0xfb,0x10,0x00,0x5f,0x40,0x5f,0xc1,0x00,0x5f,0x40,0x04,0xfc,0x10,0x5f,
0x40,0x00,0x4f,0xc1,0x00,0x00,0x00,0x00,0x00,0x00,0x00,0x8c,0x10,0x00,0x00,0x00,0xe9,0x00,0x00,0x00,
0x03,0xf2,0x00,0x00,0x5f,0x40,0x00,0x7f,0x90,0x5f,0x40,0x09,0xf7,0x00,0x5f,0x40,0xaf,0x60,0x00,0x5f,
0x5b,0xe5,0x00,0x00,0x5f,0xef,0x40,0x00,0x00,0x5f,0x9f,0xb0,0x00,0x00,0x5f,0x45,0xfb,0x10,0x00,0x5f,
0x40,0x5f,0xb1,0x00,0x5f,0x40,0x05,0xfc,0x10,0x5f,0x40,0x00,0x4f,0xc1,0x00,0x47,0x10,0x00,0x00,0x3e,
0x50,0x00,0x00,0x06,0x40,0x00,0x00,0x00,0x00,0x00,0x00,0x00,0x4f,0x80,0x00,0x00,0x04,0xf8,0x00,0x00,
0x00,0x4f,0x80,0x00,0x00,0x04,0xf8,0x00,0x00,0x00,0x4f,0x80,0x00,0x00,0x04,0xf8,0x00,0x00,0x00,0x4f,
0x80,0x00,0x00,0x04,0xf8,0x00,0x00,0x00,0x4f,0x80,0x00,0x00,0x04,0xf8,0x00,0x00,0x00,0x4f,0x80,0x00,
0x00,0x04,0xfc,0x77,0x77,0x77,0x4f,0xff,0xff,0xff,0xe0,0x01,0xda,0x00,0xba,0x00,0x00,0x00,0x04,0xf5,
0x00,0x4f,0x50,0x04,0xf5,0x00,0x4f,0x50,0x04,0xf5,0x00,0x4f,0x50,0x04,0xf5,0x00,0x4f,0x50,0x04,0xf5,
0x00,0x4f,0x50,0x04,0xf5,0x00,0x4f,0x50,0x04,0xf5,0x00,0x4f,0x50,0x00,0x4f,0x80,0x00,0x00,0x04,0xf8,
0x00,0x00,0x00,0x4f,0x80,0x00,0x00,0x04,0xf8,0x00,0x00,0x00,0x4f,0x80,0x00,0x00,0x04,0xf8,0x00,0x00,
0x00,0x4f,0x80,0x00,0x00,0x04,0xf8,0x00,0x00,0x00,0x4f,0x80,0x00,0x00,0x04,0xf8,0x00,0x00,0x00,0x4f,
0x80,0x00,0x00,0x04,0xfc,0x77,0x77,0x77,0x4f,0xff,0xff,0xff,0xe0,0x00,0x00,0x00,0x00,0x00,0x00,0xab,
0x00,0x00,0x00,0x1f,0x70,0x00,0x00,0x05,0xd1,0x00,0x00,0x4f,0x54,0xf5,0x4f,0x54,0xf5,0x4f,0x54,0xf5,
0x4f,0x54,0xf5,0x4f,0x54,0xf5,0x4f,0x54,0xf5,0x4f,0x54,0xf5,0x00,0x02,0xc7,0x6f,0x2a,0x90,0x4f,0x80,
0x3f,0x70,0x04,0xf8,0x06,0xf3,0x00,0x4f,0x80,0x9d,0x00,0x04,0xf8,0x03,0x30,0x00,0x4f,0x80,0x00,0x00,
0x04,0xf8,0x00,0x00,0x00,0x4f,0x80,0x00,0x00,0x04,0xf8,0x00,0x00,0x00,0x4f,0x80,0x00,0x00,0x04,0xf8,
0x00,0x00,0x00,0x4f,0x80,0x00,0x00,0x04,0xfc,0x77,0x77,0x77,0x4f,0xff,0xff,0xff,0xe0,0x4f,0x51,0xf9,
0x4f,0x54,0xf4,0x4f,0x57,0xe0,0x4f,0x52,0x30,0x4f,0x50,0x00,0x4f,0x50,0x00,0x4f,0x50,0x00,0x4f,0x50,
0x00,0x4f,0x50,0x00,0x4f,0x50,0x00,0x4f,0x50,0x00,0x4f,0x50,0x00,0x4f,0x50,0x00,0x4f,0x50,0x00,0x4f,
0x80,0x00,0x00,0x04,0xf8,0x00,0x00,0x00,0x4f,0x80,0x00,0x00,0x04,0xf8,0x00,0x00,0x00,0x4f,0x80,0x00,
0x32,0x04,0xf8,0x00,0x2f,0xb0,0x4f,0x80,0x02,0xfb,0x04,0xf8,0x00,0x00,0x00,0x4f,0x80,0x00,0x00,0x04,
0xf8,0x00,0x00,0x00,0x4f,0x80,0x00,0x00,0x04,0xfc,0x77,0x77,0x77,0x4f,0xff,0xff,0xff,0xe0,0x4f,0x50,
0x04,0xf5,0x00,0x4f,0x50,0x04,0xf5,0x00,0x4f,0x50,0x04,0xf5,0x32,0x4f,0x8f,0xa4,0xf8,0xfa,0x4f,0x50,
0x04,0xf5,0x00,0x4f,0x50,0x04,0xf5,0x00,0x4f,0x50,0x04,0xf5,0x00,0x00,0x2f,0xa0,0x00,0x00,0x00,0x00,
0x2f,0xa0,0x00,0x00,0x00,0x00,0x2f,0xa0,0x00,0x00,0x00,0x00,0x2f,0xa0,0x14,0x00,0x00,0x00,0x2f,0xa4,
0xdc,0x00,0x00,0x00,0x2f,0xef,0x80,0x00,0x00,0x00,0x4f,0xd3,0x00,0x00,0x00,0x07,0xff,0xa0,0x00,0x00,
0x00,0x0a,0x6f,0xa0,0x00,0x00,0x00,0x00,0x2f,0xa0,0x00,0x00,0x00,0x00,0x2f,0xa0,0x00,0x00,0x00,0x00,
0x2f,0xc7,0x77,0x77,0x70,0x00,0x2f,0xff,0xff,0xff,0xf0,0x04,0xf5,0x00,0x04,0xf5,0x00,0x04,0xf5,0x00,
0x04,0xf5,0x00,0x04,0xf5,0x20,0x04,0xfd,0xd0,0x06,0xfb,0x10,0x7f,0xf5,0x00,0x77,0xf5,0x00,0x04,0xf5,
0x00,0x04,0xf5,0x00,0x04,0xf5,0x00,0x04,0xf5,0x00,0x04,0xf5,0x00,0x00,0x00,0x04,0x71,0x00,0x00,0x00,
0x03,0xe5,0x00,0x00,0x00,0x00,0x64,0x00,0x00,0x00,0x00,0x00,0x00,0x00,0x00,0x4f,0xf6,0x00,0x00,0x0f,
0xb4,0xff,0xe1,0x00,0x00,0xfb,0x4f,0xcf,0x70,0x00,0x0f,0xb4,0xf7,0xce,0x10,0x00,0xfb,0x4f,0x74,0xf8,
0x00,0x0f,0xb4,0xf7,0x0b,0xf2,0x00,0xfb,0x4f,0x70,0x3f,0x90,0x0f,0xb4,0xf7,0x00,0xaf,0x30,0xfb,0x4f,
0x70,0x02,0xfa,0x0f,0xb4,0xf7,0x00,0x08,0xf4,0xfb,0x4f,0x70,0x00,0x1e,0xcf,0xb4,0xf7,0x00,0x00,0x7f,
0xfb,0x4f,0x70,0x00,0x01,0xef,0xb0,0x00,0x00,0x07,0x60,0x00,0x00,0x06,0xf4,0x00,0x00,0x02,0xe6,0x00,
0x00,0x00,0xc9,0x00,0x00,0x00,0x00,0x00,0x00,0x05,0xf4,0x8d,0xfd,0x60,0x5f,0xda,0x44,0xaf,0x35,0xfb,
0x00,0x01,0xea,0x5f,0x60,0x00,0x0c,0xc5,0xf4,0x00,0x00,0xbd,0x5f,0x40,0x00,0x0b,0xd5,0xf4,0x00,0x00,
0xbd,0x5f,0x40,0x00,0x0b,0xd5,0xf4,0x00,0x00,0xbd,0x5f,0x40,0x00,0x0b,0xd0,0x4f,0xf6,0x00,0x00,0x0f,
0xb4,0xff,0xe1,0x00,0x00,0xfb,0x4f,0xcf,0x70,0x00,0x0f,0xb4,0xf7,0xce,0x10,0x00,0xfb,0x4f,0x74,0xf8,
0x00,0x0f,0xb4,0xf7,0x0b,0xf2,0x00,0xfb,0x4f,0x70,0x3f,0x90,0x0f,0xb4,0xf7,0x00,0xaf,0x30,0xfb,0x4f,
0x70,0x02,0xfa,0x0f,0xb4,0xf7,0x00,0x08,0xf4,0xfb,0x4f,0x70,0x00,0x1e,0xcf,0xb4,0xf7,0x00,0x00,0x7f,
0xfb,0x4f,0x70,0x00,0x01,0xef,0xb0,0x00,0x00,0x00,0x00,0x00,0x00,0x00,0x0b,0xa0,0x00,0x00,0x00,0x03,
0xf5,0x00,0x00,0x00,0x00,0x7c,0x00,0x00,0x00,0x5f,0x48,0xdf,0xd6,0x05,0xfd,0xa4,0x4a,0xf3,0x5f,0xb0,
0x00,0x1e,0xa5,0xf6,0x00,0x00,0xcc,0x5f,0x40,0x00,0x0b,0xd5,0xf4,0x00,0x00,0xbd,0x5f,0x40,0x00,0x0b,
0xd5,0xf4,0x00,0x00,0xbd,0x5f,0x40,0x00,0x0b,0xd5,0xf4,0x00,0x00,0xbd,0x00,0x00,0x00,0x00,0x00,0x00,
0x0b,0xa0,0x00,0x00,0x02,0xf5,0x00,0x00,0x00,0x6c,0x00,0x00,0x00,0x06,0x30,0x17,0x10,0x00,0x00,0x4e,
0x2b,0x90,0x00,0x00,0x00,0x8f,0xc0,0x00,0x00,0x00,0x00,0x00,0x00,0x00,0x4f,0xf6,0x00,0x00,0x0f,0xb4,
0xff,0xe1,0x00,0x00,0xfb,0x4f,0xcf,0x70,0x00,0x0f,0xb4,0xf7,0xce,0x10,0x00,0xfb,0x4f,0x74,0xf8,0x00,
0x0f,0xb4,0xf7,0x0b,0xf2,0x00,0xfb,0x4f,0x70,0x3f,0x90,0x0f,0xb4,0xf7,0x00,0xaf,0x30,0xfb,0x4f,0x70,
0x02,0xfa,0x0f,0xb4,0xf7,0x00,0x08,0xf4,0xfb,0x4f,0x70,0x00,0x1e,0xcf,0xb4,0xf7,0x00,0x00,0x7f,0xfb,
0x4f,0x70,0x00,0x01,0xef,0xb0,0x00,0x41,0x00,0x32,0x00,0x08,0xb0,0x4e,0x10,0x00,0x0c,0x9e,0x50,0x00,
0x00,0x3c,0x80,0x00,0x00,0x00,0x00,0x00,0x05,0xf4,0x8d,0xfd,0x60,0x5f,0xda,0x44,0xaf,0x35,0xfb,0x00,
0x01,0xea,0x5f,0x60,0x00,0x0c,0xc5,0xf4,0x00,0x00,0xbd,0x5f,0x40,0x00,0x0b,0xd5,0xf4,0x00,0x00,0xbd,
0x5f,0x40,0x00,0x0b,0xd5,0xf4,0x00,0x00,0xbd,0x5f,0x40,0x00,0x0b,0xd0,0x07,0xf6,0x00,0x00,0x00,0x00,
0x08,0xf3,0x00,0x00,0x00,0x00,0x0c,0xb0,0x00,0x00,0x00,0x00,0x1f,0x46,0xf4,0x8d,0xfd,0x60,0x02,0x06,
0xfd,0xa4,0x4a,0xf3,0x00,0x06,0xfb,0x00,0x01,0xea,0x00,0x06,0xf6,0x00,0x00,0xcc,0x00,0x06,0xf4,0x00,
0x00,0xbd,0x00,0x06,0xf4,0x00,0x00,0xbd,0x00,0x06,0xf4,0x00,0x00,0xbd,0x00,0x06,0xf4,0x00,0x00,0xbd,
0x00,0x06,0xf4,0x00,0x00,0xbd,0x00,0x06,0xf4,0x00,0x00,0xbd,0x4f,0x81,0x9d,0xfd,0x70,0x04,0xf9,0xdc,
0x89,0xef,0x70,0x4f,0xf9,0x00,0x02,0xee,0x14,0xfe,0x10,0x00,0x08,0xf4,0x4f,0xb0,0x00,0x00,0x6f,0x64,
0xf9,0x00,0x00,0x05,0xf7,0x4f,0x80,0x00,0x00,0x4f,0x74,0xf8,0x00,0x00,0x04,0xf7,0x4f,0x80,0x00,0x00,
0x4f,0x74,0xf8,0x00,0x00,0x04,0xf7,0x4f,0x80,0x00,0x00,0x4f,0x74,0xf8,0x00,0x00,0x04,0xf7,0x4f,0x80,
0x00,0x00,0x4f,0x70,0x00,0x00,0x00,0x05,0xf7,0x00,0x00,0x00,0x00,0x6f,0x60,0x00,0x00,0x02,0x6d,0xf2,
0x00,0x00,0x00,0x5f,0xc5,0x00,0x5f,0x48,0xdf,0xd6,0x05,0xfd,0xa4,0x4b,0xf4,0x5f,0xb0,0x00,0x1e,0xa5,
0xf6,0x00,0x00,0xcc,0x5f,0x40,0x00,0x0b,0xd5,0xf4,0x00,0x00,0xbd,0x5f,0x40,0x00,0x0b,0xd5,0xf4,0x00,
0x00,0xbd,0x5f,0x40,0x00,0x0b,0xd5,0xf4,0x00,0x00,0xbd,0x00,0x00,0x00,0x0b,0xd0,0x00,0x00,0x00,0xdc,
0x00,0x02,0x55,0x8f,0x80,0x00,0x6f,0xfe,0x91,0x00,0x00,0x11,0x11,0x00,0x00,0x00,0x00,0x8f,0xff,0xfb,
0x00,0x00,0x00,0x02,0x44,0x44,0x30,0x00,0x00,0x00,0x00,0x00,0x00,0x00,0x00,0x00,0x17,0xce,0xed,0x81,
0x00,0x00,0x2d,0xfb,0x77,0xaf,0xe4,0x00,0x0d,0xf5,0x00,0x00,0x3e,0xe2,0x06,0xf9,0x00,0x00,0x00,0x6f,
0x90,0xbf,0x20,0x00,0x00,0x00,0xee,0x0e,0xe0,0x00,0x00,0x00,0x0c,0xf1,0xfe,0x00,0x00,0x00,0x00,0xbf,
0x2e,0xe0,0x00,0x00,0x00,0x0c,0xf1,0xbf,0x20,0x00,0x00,0x00,0xee,0x06,0xf9,0x00,0x00,0x00,0x6f,0x90,
0x1d,0xf5,0x00,0x00,0x3e,0xe2,0x00,0x2d,0xfb,0x77,0xaf,0xe4,0x00,0x00,0x17,0xce,0xfd,0x82,0x00,0x00,
0x02,0xff,0xff,0xf2,0x00,0x00,0x44,0x44,0x41,0x00,0x00,0x00,0x00,0x00,0x00,0x00,0x00,0x00,0x00,0x00,
0x01,0x9d,0xfd,0x91,0x00,0x1d,0xf9,0x69,0xfd,0x10,0x8f,0x60,0x00,0x6f,0x80,0xde,0x00,0x00,0x0e,0xd0,
0xfb,0x00,0x00,0x0b,0xf0,0xfb,0x00,0x00,0x0b,0xf0,0xde,0x00,0x00,0x0e,0xd0,0x8f,0x60,0x00,0x6f,0x80,
0x1d,0xf9,0x69,0xfd,0x10,0x01,0x9d,0xfd,0x91,0x00,0x00,0x08,0xa1,0x08,0xb0,0x00,0x00,0x00,0x1c,0xff,
0xd3,0x00,0x00,0x00,0x00,0x01,0x20,0x00,0x00,0x00,0x00,0x00,0x00,0x00,0x00,0x00,0x00,0x17,0xce,0xed,
0x81,0x00,0x00,0x2d,0xfb,0x77,0xaf,0xe4,0x00,0x0d,0xf5,0x00,0x00,0x3e,0xe2,0x06,0xf9,0x00,0x00,0x00,
0x6f,0x90,0xbf,0x20,0x00,0x00,0x00,0xee,0x0e,0xe0,0x00,0x00,0x00,0x0c,0xf1,0xfe,0x00,0x00,0x00,0x00,
0xbf,0x2e,0xe0,0x00,0x00,0x00,0x0c,0xf1,0xbf,0x20,0x00,0x00,0x00,0xee,0x06,0xf9,0x00,0x00,0x00,0x6f,
0x90,0x1d,0xf5,0x00,0x00,0x3e,0xe2,0x00,0x2d,0xfb,0x77,0xaf,0xe4,0x00,0x00,0x17,0xce,0xfd,0x82,0x00,
0x00,0x01,0x60,0x00,0x62,0x00,0x01,0xe5,0x05,0xe1,0x00,0x00,0x6f,0xff,0x60,0x00,0x00,0x01,0x21,0x00,
0x00,0x00,0x00,0x00,0x00,0x00,0x01,0x9d,0xfd,0x91,0x00,0x1d,0xf9,0x69,0xfd,0x10,0x8f,0x60,0x00,0x6f,
0x80,0xde,0x00,0x00,0x0e,0xd0,0xfb,0x00,0x00,0x0b,0xf0,0xfb,0x00,0x00,0x0b,0xf0,0xde,0x00,0x00,0x0e,
0xd0,0x8f,0x60,0x00,0x6f,0x80,0x1d,0xf9,0x69,0xfd,0x10,0x01,0x9d,0xfd,0x91,0x00,0x00,0x00,0x2e,0x82,
0xe7,0x00,0x00,0x00,0x0c,0xa1,0xc9,0x00,0x00,0x00,0x01,0x40,0x14,0x00,0x00,0x00,0x00,0x00,0x00,0x00,
0x00,0x00,0x00,0x17,0xce,0xed,0x81,0x00,0x00,0x2d,0xfb,0x77,0xaf,0xe4,0x00,0x0d,0xf5,0x00,0x00,0x3e,
0xe2,0x06,0xf9,0x00,0x00,0x00,0x6f,0x90,0xbf,0x20,0x00,0x00,0x00,0xee,0x0e,0xe0,0x00,0x00,0x00,0x0c,
0xf1,0xfe,0x00,0x00,0x00,0x00,0xbf,0x2e,0xe0,0x00,0x00,0x00,0x0c,0xf1,0xbf,0x20,0x00,0x00,0x00,0xee,
0x06,0xf9,0x00,0x00,0x00,0x6f,0x90,0x1d,0xf5,0x00,0x00,0x3e,0xe2,0x00,0x2d,0xfb,0x77,0xaf,0xe4,0x00,
0x00,0x17,0xce,0xfd,0x82,0x00,0x00,0x00,0x00,0x43,0x04,0x20,0x00,0x03,0xf3,0x5f,0x30,0x00,0x0b,0x90,
0xd7,0x00,0x00,0x3e,0x16,0xc0,0x00,0x00,0x00,0x00,0x00,0x00,0x01,0x9d,0xfd,0x91,0x00,0x1d,0xf9,0x69,
0xfd,0x10,0x8f,0x60,0x00,0x6f,0x80,0xde,0x00,0x00,0x0e,0xd0,0xfb,0x00,0x00,0x0b,0xf0,0xfb,0x00,0x00,
0x0b,0xf0,0xde,0x00,0x00,0x0e,0xd0,0x8f,0x60,0x00,0x6f,0x80,0x1d,0xf9,0x69,0xfd,0x10,0x01,0x9d,0xfd,
0x91,0x00,0x00,0x04,0x9c,0xef,0xff,0xff,0xff,0xff,0xe0,0x01,0xaf,0xeb,0x87,0xaf,0xb7,0x77,0x77,0x70,
0x0c,0xf9,0x10,0x00,0x5f,0x60,0x00,0x00,0x00,0x6f,0xa0,0x00,0x00,0x5f,0x60,0x00,0x00,0x00,0xbf,0x30,
0x00,0x00,0x5f,0x82,0x22,0x22,0x10,0xef,0x00,0x00,0x00,0x5f,0xff,0xff,0xff,0xa0,0xfe,0x00,0x00,0x00,
0x5f,0x95,0x55,0x55,0x30,0xef,0x00,0x00,0x00,0x5f,0x60,0x00,0x00,0x00,0xbf,0x30,0x00,0x00,0x5f,0x60,
0x00,0x00,0x00,0x6f,0xa0,0x00,0x00,0x5f,0x60,0x00,0x00,0x00,0x0c,0xf9,0x10,0x00,0x5f,0x60,0x00,0x00,
0x00,0x01,0xaf,0xeb,0x87,0xaf,0xb7,0x77,0x77,0x71,0x00,0x04,0x9c,0xef,0xff,0xff,0xff,0xff,0xf2,0x01,
0x9d,0xfd,0x81,0x04,0xbe,0xfc,0x60,0x01,0xdf,0x96,0x9f,0xc8,0xfc,0x76,0xbf,0x80,0x8f,0x60,0x00,0x6f,
0xfa,0x00,0x00,0x9f,0x2d,0xe0,0x00,0x00,0xef,0x30,0x00,0x04,0xf6,0xfb,0x00,0x00,0x0b,0xff,0xff,0xff,
0xff,0x7f,0xb0,0x00,0x00,0xbf,0x53,0x33,0x33,0x32,0xde,0x00,0x00,0x0e,0xf5,0x00,0x00,0x00,0x08,0xf6,
0x00,0x06,0xff,0xd1,0x00,0x00,0x10,0x1d,0xf9,0x69,0xfc,0x7f,0xd8,0x67,0xaf,0x10,0x19,0xdf,0xd9,0x10,
0x4a,0xef,0xdb,0x70,0x00,0x00,0x07,0x50,0x00,0x00,0x00,0x09,0xd1,0x00,0x00,0x00,0x02,0x71,0x00,0x00,
0x00,0x00,0x00,0x00,0x00,0x00,0x4f,0xff,0xfe,0xc7,0x00,0x04,0xfb,0x77,0x8d,0xf9,0x00,0x4f,0x80,0x00,
0x1d,0xf1,0x04,0xf8,0x00,0x00,0xaf,0x30,0x4f,0x80,0x00,0x0c,0xf2,0x04,0xf9,0x22,0x39,0xfc,0x00,0x4f,
0xff,0xff,0xfa,0x10,0x04,0xfa,0x55,0x7e,0xc1,0x00,0x4f,0x80,0x00,0x4f,0xa0,0x04,0xf8,0x00,0x00,0x9f,
0x30,0x4f,0x80,0x00,0x02,0xfb,0x04,0xf8,0x00,0x00,0x0a,0xf3,0x4f,0x80,0x00,0x00,0x3f,0xb0,0x00,0x00,
0x08,0x70,0x00,0x00,0x7e,0x30,0x00,0x03,0xf5,0x00,0x00,0x0b,0x70,0x00,0x00,0x00,0x00,0x00,0x5f,0x58,
0xdf,0x60,0x5f,0xdb,0x54,0x30,0x5f,0xc0,0x00,0x00,0x5f,0x60,0x00,0x00,0x5f,0x40,0x00,0x00,0x5f,0x40,
0x00,0x00,0x5f,0x40,0x00,0x00,0x5f,0x40,0x00,0x00,0x5f,0x40,0x00,0x00,0x5f,0x40,0x00,0x00,0x4f,0xff,
0xfe,0xc7,0x00,0x04,0xfb,0x77,0x8d,0xf9,0x00,0x4f,0x80,0x00,0x1d,0xf1,0x04,0xf8,0x00,0x00,0xaf,0x30,
0x4f,0x80,0x00,0x0c,0xf2,0x04,0xf9,0x22,0x39,0xfc,0x00,0x4f,0xff,0xff,0xfa,0x10,0x04,0xfa,0x55,0x7e,
0xc1,0x00,0x4f,0x80,0x00,0x4f,0xa0,0x04,0xf8,0x00,0x00,0x9f,0x30,0x4f,0x80,0x00,0x02,0xfb,0x04,0xf8,
0x00,0x00,0x0a,0xf3,0x4f,0x80,0x00,0x00,0x3f,0xb0,0x00,0x00,0x00,0x00,0x00,0x00,0x00,0x0a,0xb0,0x00,
0x00,0x00,0x01,0xf7,0x00,0x00,0x00,0x00,0x4e,0x10,0x00,0x00,0x00,0x00,0x00,0x15,0xf5,0x8d,0xf6,0x5f,
0xdb,0x54,0x35,0xfc,0x00,0x00,0x5f,0x60,0x00,0x05,0xf4,0x00,0x00,0x5f,0x40,0x00,0x05,0xf4,0x00,0x00,
0x5f,0x40,0x00,0x05,0xf4,0x00,0x00,0x5f,0x40,0x00,0x00,0x00,0x00,0x00,0x3c,0x60,0x00,0x07,0xe1,0x00,
0x00,0xb8,0x00,0x00,0x00,0x00,0x73,0x01,0x71,0x00,0x00,0x05,0xd2,0xc8,0x00,0x00,0x00,0x09,0xfc,0x00,
0x00,0x00,0x00,0x00,0x00,0x00,0x00,0x4f,0xff,0xfe,0xc7,0x00,0x04,0xfb,0x77,0x8d,0xf9,0x00,0x4f,0x80,
0x00,0x1d,0xf1,0x04,0xf8,0x00,0x00,0xaf,0x30,0x4f,0x80,0x00,0x0c,0xf2,0x04,0xf9,0x22,0x39,0xfc,0x00,
0x4f,0xff,0xff,0xfa,0x10,0x04,0xfa,0x55,0x7e,0xc1,0x00,0x4f,0x80,0x00,0x4f,0xa0,0x04,0xf8,0x00,0x00,
0x9f,0x30,0x4f,0x80,0x00,0x02,0xfb,0x04,0xf8,0x00,0x00,0x0a,0xf3,0x4f,0x80,0x00,0x00,0x3f,0xb0,0x08,
0x30,0x08,0x30,0x6d,0x17,0xd0,0x00,0xbb,0xf4,0x00,0x02,0xd9,0x00,0x00,0x00,0x00,0x05,0xf5,0x8d,0xf6,
0x5f,0xdb,0x54,0x35,0xfc,0x00,0x00,0x5f,0x60,0x00,0x05,0xf4,0x00,0x00,0x5f,0x40,0x00,0x05,0xf4,0x00,
0x00,0x5f,0x40,0x00,0x05,0xf4,0x00,0x00,0x5f,0x40,0x00,0x00,0x00,0x00,0x2e,0x80,0x00,0x00,0x00,0xbb,
0x00,0x00,0x00,0x02,0x71,0x00,0x00,0x00,0x00,0x00,0x00,0x00,0x02,0x9d,0xee,0xd9,0x40,0x2e,0xfa,0x77,
0xae,0xa0,0xaf,0x50,0x00,0x00,0x20,0xcf,0x00,0x00,0x00,0x00,0xaf,0x60,0x00,0x00,0x00,0x2e,0xfd,0x96,
0x20,0x00,0x02,0x9d,0xff,0xfb,0x20,0x00,0x00,0x15,0xaf,0xd1,0x00,0x00,0x00,0x0a,0xf4,0x00,0x00,0x00,
0x07,0xf6,0x51,0x00,0x00,0x1c,0xf3,0xce,0xa7,0x78,0xdf,0xa0,0x38,0xce,0xfe,0xb6,0x00,0x00,0x00,0x00,
0x76,0x00,0x00,0x00,0x8e,0x30,0x00,0x00,0x5e,0x30,0x00,0x00,0x07,0x30,0x00,0x00,0x00,0x00,0x00,0x00,
0x07,0xde,0xed,0x90,0x09,0xf9,0x66,0x8c,0x00,0xda,0x00,0x00,0x00,0x0c,0xd3,0x00,0x00,0x00,0x4e,0xfd,
0x95,0x00,0x00,0x15,0x9d,0xfc,0x10,0x00,0x00,0x07,0xf6,0x01,0x00,0x00,0x4f,0x70,0xfa,0x76,0x7d,0xe2,
0x08,0xce,0xfd,0xa2,0x00,0x00,0x06,0xfe,0x10,0x00,0x00,0x3e,0x49,0xb0,0x00,0x00,0x54,0x00,0x72,0x00,
0x00,0x00,0x00,0x00,0x00,0x02,0x9d,0xee,0xd9,0x40,0x2e,0xfa,0x77,0xae,0xa0,0xaf,0x50,0x00,0x00,0x20,
0xcf,0x00,0x00,0x00,0x00,0xaf,0x60,0x00,0x00,0x00,0x2e,0xfd,0x96,0x20,0x00,0x02,0x9d,0xff,0xfb,0x20,
0x00,0x00,0x15,0xaf,0xd1,0x00,0x00,0x00,0x0a,0xf4,0x00,0x00,0x00,0x07,0xf6,0x51,0x00,0x00,0x1c,0xf3,
0xce,0xa7,0x78,0xdf,0xa0,0x38,0xce,0xfe,0xb6,0x00,0x00,0x00,0x75,0x00,0x00,0x00,0x8d,0xe3,0x00,0x00,
0x4e,0x26,0xd1,0x00,0x06,0x30,0x06,0x30,0x00,0x00,0x00,0x00,0x00,0x07,0xde,0xed,0x90,0x09,0xf9,0x66,
0x8c,0x00,0xda,0x00,0x00,0x00,0x0c,0xd3,0x00,0x00,0x00,0x4e,0xfd,0x95,0x00,0x00,0x15,0x9d,0xfc,0x10,
0x00,0x00,0x07,0xf6,0x01,0x00,0x00,0x4f,0x70,0xfa,0x76,0x7d,0xe2,0x08,0xce,0xfd,0xa2,0x00,0x02,0x9d,
0xee,0xd9,0x40,0x2e,0xfa,0x77,0xae,0xa0,0xaf,0x50,0x00,0x00,0x20,0xcf,0x00,0x00,0x00,0x00,0xaf,0x60,
0x00,0x00,0x00,0x2e,0xfd,0x96,0x20,0x00,0x02,0x9d,0xff,0xfb,0x20,0x00,0x00,0x15,0xaf,0xd1,0x00,0x00,
0x00,0x0a,0xf4,0x00,0x00,0x00,0x07,0xf6,0x51,0x00,0x00,0x1c,0xf3,0xce,0xa7,0x78,0xdf,0xa0,0x38,0xce,
0xff,0xb6,0x00,0x00,0x00,0x2d,0x10,0x00,0x00,0x10,0x1e,0x50,0x00,0x00,0x3f,0xfd,0x20,0x00,0x00,0x01,
0x10,0x00,0x00,0x00,0x7d,0xee,0xd9,0x00,0x9f,0x96,0x68,0xc0,0x0d,0xa0,0x00,0x00,0x00,0xcd,0x30,0x00,
0x00,0x04,0xef,0xd9,0x50,0x00,0x01,0x59,0xdf,0xc1,0x00,0x00,0x00,0x7f,0x60,0x10,0x00,0x04,0xf7,0x0f,
0xa7,0x67,0xde,0x20,0x8c,0xef,0xfa,0x20,0x00,0x00,0x2d,0x10,0x00,0x01,0x01,0xe5,0x00,0x00,0x3f,0xfd,
0x20,0x00,0x00,0x11,0x00,0x00,0x00,0x9a,0x04,0xe2,0x00,0x00,0x0c,0xae,0x40,0x00,0x00,0x02,0x85,0x00,
0x00,0x00,0x00,0x00,0x00,0x00,0x02,0x9d,0xee,0xd9,0x40,0x2e,0xfa,0x77,0xae,0xa0,0xaf,0x50,0x00,0x00,
0x20,0xcf,0x00,0x00,0x00,0x00,0xaf,0x60,0x00,0x00,0x00,0x2e,0xfd,0x96,0x20,0x00,0x02,0x9d,0xff,0xfb,
0x20,0x00,0x00,0x15,0xaf,0xd1,0x00,0x00,0x00,0x0a,0xf4,0x00,0x00,0x00,0x07,0xf6,0x51,0x00,0x00,0x1c,
0xf3,0xce,0xa7,0x78,0xdf,0xa0,0x38,0xce,0xfe,0xb6,0x00,0x00,0x64,0x00,0x64,0x00,0x03,0xe2,0x5d,0x10,
0x00,0x07,0xde,0x40,0x00,0x00,0x07,0x50,0x00,0x00,0x00,0x00,0x00,0x00,0x07,0xde,0xed,0x90,0x09,0xf9,
0x66,0x8c,0x00,0xda,0x00,0x00,0x00,0x0c,0xd3,0x00,0x00,0x00,0x4e,0xfd,0x95,0x00,0x00,0x15,0x9d,0xfc,
0x10,0x00,0x00,0x07,0xf6,0x01,0x00,0x00,0x4f,0x70,0xfa,0x76,0x7d,0xe2,0x08,0xce,0xfd,0xa2,0x00,0x1f,
0xff,0xff,0xff,0xff,0xff,0x10,0x77,0x77,0xaf,0xa7,0x77,0x70,0x00,0x00,0x06,0xf6,0x00,0x00,0x00,0x00,
0x00,0x6f,0x60,0x00,0x00,0x00,0x00,0x06,0xf6,0x00,0x00,0x00,0x00,0x00,0x6f,0x60,0x00,0x00,0x00,0x00,
0x06,0xf6,0x00,0x00,0x00,0x00,0x00,0x6f,0x60,0x00,0x00,0x00,0x00,0x06,0xf6,0x00,0x00,0x00,0x00,0x00,
0x6f,0x60,0x00,0x00,0x00,0x00,0x06,0xf6,0x00,0x00,0x00,0x00,0x00,0x6f,0x60,0x00,0x00,0x00,0x00,0x06,
0xf6,0x00,0x00,0x00,0x00,0x00,0x0b,0x50,0x00,0x00,0x00,0x00,0x10,0x7c,0x00,0x00,0x00,0x00,0x0b,0xff,
0x80,0x00,0x00,0x00,0x00,0x02,0x10,0x00,0x00,0x00,0x02,0x82,0x00,0x00,0x5f,0x40,0x00,0x05,0xf4,0x00,
0x08,0xff,0xff,0xf9,0x27,0xf7,0x44,0x20,0x5f,0x40,0x00,0x05,0xf4,0x00,0x00,0x5f,0x40,0x00,0x05,0xf4,
0x00,0x00,0x5f,0x40,0x00,0x04,0xf6,0x00,0x00,0x1f,0xc6,0x53,0x00,0x5d,0xff,0x90,0x00,0x0b,0x50,0x00,
0x10,0x6d,0x00,0x0b,0xef,0x90,0x00,0x02,0x10,0x00,0x00,0x00,0x72,0x02,0x70,0x00,0x00,0x00,0x06,0xd2,
0xd7,0x00,0x00,0x00,0x00,0x0a,0xfb,0x00,0x00,0x00,0x00,0x00,0x00,0x00,0x00,0x00,0x1f,0xff,0xff,0xff,
0xff,0xff,0x10,0x77,0x77,0xaf,0xa7,0x77,0x70,0x00,0x00,0x06,0xf6,0x00,0x00,0x00,0x00,0x00,0x6f,0x60,
0x00,0x00,0x00,0x00,0x06,0xf6,0x00,0x00,0x00,0x00,0x00,0x6f,0x60,0x00,0x00,0x00,0x00,0x06,0xf6,0x00,
0x00,0x00,0x00,0x00,0x6f,0x60,0x00,0x00,0x00,0x00,0x06,0xf6,0x00,0x00,0x00,0x00,0x00,0x6f,0x60,0x00,
0x00,0x00,0x00,0x06,0xf6,0x00,0x00,0x00,0x00,0x00,0x6f,0x60,0x00,0x00,0x00,0x00,0x06,0xf6,0x00,0x00,
0x00,0x00,0x00,0x04,0x30,0x00,0x02,0xf7,0x01,0x41,0x5f,0x30,0x5f,0x48,0xd0,0x05,0xf4,0x00,0x08,0xff,
0xff,0xf9,0x27,0xf7,0x44,0x20,0x5f,0x40,0x00,0x05,0xf4,0x00,0x00,0x5f,0x40,0x00,0x05,0xf4,0x00,0x00,
0x5f,0x40,0x00,0x04,0xf6,0x00,0x00,0x1f,0xc6,0x53,0x00,0x5d,0xff,0x90,0x1f,0xff,0xff,0xff,0xff,0xff,
0x10,0x77,0x77,0xaf,0xa7,0x77,0x70,0x00,0x00,0x06,0xf6,0x00,0x00,0x00,0x00,0x00,0x6f,0x60,0x00,0x00,
0x00,0x00,0x06,0xf6,0x00,0x00,0x00,0x00,0x00,0x6f,0x60,0x00,0x00,0x00,0x01,0x27,0xf7,0x21,0x00,0x00,
0x00,0xbf,0xff,0xff,0xb0,0x00,0x00,0x04,0x59,0xf9,0x54,0x00,0x00,0x00,0x00,0x6f,0x60,0x00,0x00,0x00,
0x00,0x06,0xf6,0x00,0x00,0x00,0x00,0x00,0x6f,0x60,0x00,0x00,0x00,0x00,0x06,0xf6,0x00,0x00,0x00,0x02,
0x82,0x00,0x00,0x5f,0x40,0x00,0x05,0xf4,0x00,0x08,0xff,0xff,0xf9,0x27,0xf7,0x44,0x20,0x5f,0x40,0x00,
0x05,0xf5,0x00,0x08,0xff,0xff,0xf9,0x27,0xf7,0x33,0x20,0x5f,0x40,0x00,0x05,0xf5,0x00,0x00,0x2f,0xc6,
0x53,0x00,0x6d,0xff,0x90,0x00,0x00,0x00,0x00,0x00,0x00,0x00,0xbf,0xa3,0xc6,0x00,0x00,0x4e,0x39,0xec,
0x10,0x00,0x00,0x00,0x00,0x00,0x00,0x00,0x00,0x00,0x00,0x00,0x07,0xf5,0x00,0x00,0x03,0xf9,0x7f,0x50,
0x00,0x00,0x3f,0x97,0xf5,0x00,0x00,0x03,0xf9,0x7f,0x50,0x00,0x00,0x3f,0x97,0xf5,0x00,0x00,0x03,0xf9,
0x7f,0x50,0x00,0x00,0x3f,0x97,0xf5,0x00,0x00,0x03,0xf9,0x7f,0x50,0x00,0x00,0x3f,0x96,0xf6,0x00,0x00,
0x03,0xf9,0x4f,0x80,0x00,0x00,0x6f,0x71,0xee,0x20,0x00,0x1c,0xf2,0x05,0xfe,0x97,0x8d,0xf8,0x00,0x04,
0xae,0xfe,0xb5,0x00,0x00,0x03,0x00,0x22,0x00,0x0b,0xec,0x1a,0x70,0x02,0xe1,0x9e,0xe2,0x00,0x13,0x00,
0x21,0x00,0x7f,0x20,0x00,0x0d,0xc7,0xf2,0x00,0x00,0xdc,0x7f,0x20,0x00,0x0d,0xc7,0xf2,0x00,0x00,0xdc,
0x7f,0x20,0x00,0x0d,0xc7,0xf2,0x00,0x00,0xdc,0x6f,0x30,0x00,0x0f,0xc4,0xf7,0x00,0x07,0xfc,0x0c,0xf9,
0x7a,0xdd,0xc0,0x2b,0xee,0xa2,0xdc,0x00,0x01,0x11,0x11,0x00,0x00,0x00,0xff,0xff,0xf3,0x00,0x00,0x04,
0x44,0x44,0x10,0x00,0x00,0x00,0x00,0x00,0x00,0x7f,0x50,0x00,0x00,0x3f,0x97,0xf5,0x00,0x00,0x03,0xf9,
0x7f,0x50,0x00,0x00,0x3f,0x97,0xf5,0x00,0x00,0x03,0xf9,0x7f,0x50,0x00,0x00,0x3f,0x97,0xf5,0x00,0x00,
0x03,0xf9,0x7f,0x50,0x00,0x00,0x3f,0x97,0xf5,0x00,0x00,0x03,0xf9,0x6f,0x60,0x00,0x00,0x3f,0x94,0xf8,
0x00,0x00,0x06,0xf7,0x1e,0xe2,0x00,0x01,0xcf,0x20,0x5f,0xe9,0x78,0xdf,0x80,0x00,0x4a,0xef,0xeb,0x50,
0x00,0x00,0xff,0xff,0xf4,0x00,0x04,0x44,0x44,0x10,0x00,0x00,0x00,0x00,0x00,0x00,0x00,0x00,0x00,0x7f,
0x20,0x00,0x0d,0xc7,0xf2,0x00,0x00,0xdc,0x7f,0x20,0x00,0x0d,0xc7,0xf2,0x00,0x00,0xdc,0x7f,0x20,0x00,
0x0d,0xc7,0xf2,0x00,0x00,0xdc,0x6f,0x30,0x00,0x0f,0xc4,0xf7,0x00,0x07,0xfc,0x0c,0xf9,0x7a,0xdd,0xc0,
0x2b,0xee,0xa2,0xdc,0x00,0x1e,0x40,0x2e,0x30,0x00,0x00,0x6e,0xff,0x80,0x00,0x00,0x00,0x02,0x10,0x00,
0x00,0x00,0x00,0x00,0x00,0x00,0x7f,0x50,0x00,0x00,0x3f,0x97,0xf5,0x00,0x00,0x03,0xf9,0x7f,0x50,0x00,
0x00,0x3f,0x97,0xf5,0x00,0x00,0x03,0xf9,0x7f,0x50,0x00,0x00,0x3f,0x97,0xf5,0x00,0x00,0x03,0xf9,0x7f,
0x50,0x00,0x00,0x3f,0x97,0xf5,0x00,0x00,0x03,0xf9,0x6f,0x60,0x00,0x00,0x3f,0x94,0xf8,0x00,0x00,0x06,
0xf7,0x1e,0xe2,0x00,0x01,0xcf,0x20,0x5f,0xe9,0x78,0xdf,0x80,0x00,0x4a,0xef,0xeb,0x50,0x00,0x00,0x70,
0x00,0x53,0x00,0x0d,0x71,0x3e,0x30,0x00,0x4e,0xff,0x80,0x00,0x00,0x02,0x10,0x00,0x00,0x00,0x00,0x00,
0x07,0xf2,0x00,0x00,0xdc,0x7f,0x20,0x00,0x0d,0xc7,0xf2,0x00,0x00,0xdc,0x7f,0x20,0x00,0x0d,0xc7,0xf2,
0x00,0x00,0xdc,0x7f,0x20,0x00,0x0d,0xc6,0xf3,0x00,0x00,0xfc,0x4f,0x70,0x00,0x7f,0xc0,0xcf,0x97,0xad,
0xdc,0x02,0xbe,0xea,0x2d,0xc0,0x00,0x01,0x9d,0xb2,0x00,0x00,0x00,0x8b,0x39,0xb0,0x00,0x00,0x0b,0x50,
0x1f,0x00,0x00,0x00,0x9a,0x17,0xc0,0x00,0x7f,0x52,0xdf,0xe4,0x3f,0x97,0xf5,0x00,0x21,0x03,0xf9,0x7f,
0x50,0x00,0x00,0x3f,0x97,0xf5,0x00,0x00,0x03,0xf9,0x7f,0x50,0x00,0x00,0x3f,0x97,0xf5,0x00,0x00,0x03,
0xf9,0x7f,0x50,0x00,0x00,0x3f,0x97,0xf5,0x00,0x00,0x03,0xf9,0x6f,0x60,0x00,0x00,0x3f,0x94,0xf8,0x00,
0x00,0x06,0xf7,0x1e,0xe2,0x00,0x01,0xcf,0x20,0x5f,0xe9,0x78,0xdf,0x80,0x00,0x4a,0xef,0xeb,0x50,0x00,
0x00,0x00,0x00,0x00,0x00,0x02,0xcf,0xd4,0x00,0x00,0xb8,0x15,0xd0,0x00,0x0a,0x81,0x6d,0x00,0x00,0x2b,
0xec,0x30,0x00,0x00,0x00,0x00,0x00,0x7f,0x20,0x00,0x0d,0xc7,0xf2,0x00,0x00,0xdc,0x7f,0x20,0x00,0x0d,
0xc7,0xf2,0x00,0x00,0xdc,0x7f,0x20,0x00,0x0d,0xc7,0xf2,0x00,0x00,0xdc,0x6f,0x30,0x00,0x0f,0xc4,0xf7,
0x00,0x07,0xfc,0x0c,0xf9,0x7a,0xdd,0xc0,0x2b,0xee,0xa2,0xdc,0x00,0x00,0x8e,0x29,0xd1,0x00,0x00,0x4e,
0x35,0xe2,0x00,0x00,0x03,0x30,0x42,0x00,0x00,0x00,0x00,0x00,0x00,0x00,0x7f,0x50,0x00,0x00,0x3f,0x97,
0xf5,0x00,0x00,0x03,0xf9,0x7f,0x50,0x00,0x00,0x3f,0x97,0xf5,0x00,0x00,0x03,0xf9,0x7f,0x50,0x00,0x00,
0x3f,0x97,0xf5,0x00,0x00,0x03,0xf9,0x7f,0x50,0x00,0x00,0x3f,0x97,0xf5,0x00,0x00,0x03,0xf9,0x6f,0x60,
0x00,0x00,0x3f,0x94,0xf8,0x00,0x00,0x06,0xf7,0x1e,0xe2,0x00,0x01,0xcf,0x20,0x5f,0xe9,0x78,0xdf,0x80,
0x00,0x4a,0xef,0xeb,0x50,0x00,0x00,0x00,0x33,0x03,0x30,0x00,0x2f,0x53,0xf5,0x00,0x09,0xb0,0xba,0x00,
0x02,0xe3,0x4e,0x10,0x00,0x00,0x00,0x00,0x07,0xf2,0x00,0x00,0xdc,0x7f,0x20,0x00,0x0d,0xc7,0xf2,0x00,
0x00,0xdc,0x7f,0x20,0x00,0x0d,0xc7,0xf2,0x00,0x00,0xdc,0x7f,0x20,0x00,0x0d,0xc6,0xf3,0x00,0x00,0xfc,
0x4f,0x70,0x00,0x7f,0xc0,0xcf,0x97,0xad,0xdc,0x02,0xbe,0xea,0x2d,0xc0,0x7f,0x50,0x00,0x00,0x3f,0x97,
0xf5,0x00,0x00,0x03,0xf9,0x7f,0x50,0x00,0x00,0x3f,0x97,0xf5,0x00,0x00,0x03,0xf9,0x7f,0x50,0x00,0x00,
0x3f,0x97,0xf5,0x00,0x00,0x03,0xf9,0x7f,0x50,0x00,0x00,0x3f,0x97,0xf5,0x00,0x00,0x03,0xf9,0x6f,0x60,
0x00,0x00,0x3f,0x94,0xf8,0x00,0x00,0x06,0xf7,0x1e,0xe2,0x00,0x01,0xcf,0x20,0x5f,0xe9,0x78,0xdf,0x80,
0x00,0x4a,0xef,0xeb,0x50,0x00,0x00,0x07,0xa0,0x00,0x00,0x00,0x00,0xc7,0x01,0x00,0x00,0x00,0x08,0xff,
0x60,0x00,0x00,0x00,0x01,0x10,0x00,0x00,0x7f,0x20,0x00,0x0d,0xc0,0x07,0xf2,0x00,0x00,0xdc,0x00,0x7f,
0x20,0x00,0x0d,0xc0,0x07,0xf2,0x00,0x00,0xdc,0x00,0x7f,0x20,0x00,0x0d,0xc0,0x07,0xf2,0x00,0x00,0xdc,
0x00,0x6f,0x30,0x00,0x0f,0xc0,0x04,0xf7,0x00,0x07,0xfc,0x00,0x0c,0xf9,0x7a,0xdd,0xc0,0x00,0x2b,0xee,
0xa2,0xdc,0x00,0x00,0x00,0x00,0x0a,0x60,0x00,0x00,0x00,0x02,0xf2,0x10,0x00,0x00,0x00,0x1d,0xff,0x10,
0x00,0x00,0x00,0x01,0x10,0x00,0x00,0x00,0x01,0x77,0x00,0x00,0x00,0x00,0x00,0x00,0x00,0x1c,0x8a,0xa0,
0x00,0x00,0x00,0x00,0x00,0x00,0x45,0x00,0x73,0x00,0x00,0x00,0x00,0x00,0x00,0x00,0x00,0x00,0x00,0x00,
0x00,0x4f,0x80,0x00,0x03,0xff,0x10,0x00,0x0b,0xf1,0x1f,0xc0,0x00,0x07,0xff,0x40,0x00,0x0e,0xc0,0x0c,
0xf1,0x00,0x0b,0xbe,0x80,0x00,0x3f,0x90,0x08,0xf4,0x00,0x0e,0x7a,0xc0,0x00,0x7f,0x50,0x04,0xf8,0x00,
0x3f,0x36,0xf1,0x00,0xbf,0x10,0x01,0xfc,0x00,0x7e,0x02,0xf4,0x00,0xec,0x00,0x00,0xbf,0x10,0xbb,0x00,
0xe8,0x03,0xf8,0x00,0x00,0x8f,0x40,0xe7,0x00,0xac,0x07,0xf4,0x00,0x00,0x4f,0x83,0xf3,0x00,0x6f,0x1b,
0xf1,0x00,0x00,0x0f,0xc7,0xe0,0x00,0x3f,0x4e,0xc0,0x00,0x00,0x0b,0xfc,0xb0,0x00,0x0e,0xbf,0x80,0x00,
0x00,0x07,0xff,0x70,0x00,0x0a,0xff,0x40,0x00,0x00,0x04,0xff,0x40,0x00,0x07,0xff,0x10,0x00,0x00,0x00,
0x00,0x38,0x10,0x00,0x00,0x00,0x00,0x01,0xde,0x90,0x00,0x00,0x00,0x00,0x08,0xc2,0xe4,0x00,0x00,0x00,
0x00,0x2e,0x20,0x6c,0x00,0x00,0x00,0x00,0x00,0x00,0x00,0x00,0x00,0x2f,0x80,0x00,0xbf,0x70,0x00,0xcd,
0x0d,0xb0,0x00,0xef,0xb0,0x01,0xf9,0x09,0xf1,0x04,0xfa,0xe0,0x05,0xf5,0x05,0xf4,0x08,0xe3,0xf3,0x08,
0xf1,0x01,0xf8,0x0b,0xa0,0xe7,0x0c,0xc0,0x00,0xdc,0x1f,0x60,0xab,0x1f,0x80,0x00,0x9f,0x5f,0x20,0x6f,
0x5f,0x40,0x00,0x5f,0xdd,0x00,0x2f,0xdf,0x10,0x00,0x1f,0xf9,0x00,0x0e,0xfc,0x00,0x00,0x0c,0xf5,0x00,
0x0a,0xf8,0x00,0x00,0x00,0x04,0x84,0x00,0x00,0x00,0x00,0x04,0xd6,0xd4,0x00,0x00,0x00,0x00,0x72,0x02,
0x70,0x00,0x00,0x00,0x00,0x00,0x00,0x00,0x00,0x0a,0xf3,0x00,0x00,0x03,0xfa,0x00,0x1e,0xd1,0x00,0x01,
0xde,0x10,0x00,0x5f,0x90,0x00,0x8f,0x50,0x00,0x00,0xaf,0x40,0x4f,0xa0,0x00,0x00,0x01,0xed,0x2d,0xd1,
0x00,0x00,0x00,0x04,0xfe,0xf4,0x00,0x00,0x00,0x00,0x09,0xf9,0x00,0x00,0x00,0x00,0x00,0x6f,0x60,0x00,
0x00,0x00,0x00,0x06,0xf6,0x00,0x00,0x00,0x00,0x00,0x6f,0x60,0x00,0x00,0x00,0x00,0x06,0xf6,0x00,0x00,
0x00,0x00,0x00,0x6f,0x60,0x00,0x00,0x00,0x00,0x06,0xf6,0x00,0x00,0x00,0x00,0x00,0xaf,0x50,0x00,0x00,
0x00,0x6d,0x6e,0x20,0x00,0x00,0x2e,0x30,0x7b,0x00,0x00,0x00,0x00,0x00,0x00,0x00,0x4f,0x70,0x00,0x00,
0xce,0x00,0xdc,0x00,0x00,0x3f,0x80,0x07,0xf3,0x00,0x08,0xf2,0x00,0x1f,0x90,0x00,0xeb,0x00,0x00,0xae,
0x10,0x5f,0x50,0x00,0x04,0xf6,0x0b,0xe0,0x00,0x00,0x0d,0xb2,0xf9,0x00,0x00,0x00,0x7f,0xaf,0x30,0x00,
0x00,0x02,0xff,0xc0,0x00,0x00,0x00,0x0a,0xf6,0x00,0x00,0x00,0x00,0xae,0x10,0x00,0x00,0x00,0x2f,0x90,
0x00,0x00,0x03,0x6c,0xf2,0x00,0x00,0x00,0x9f,0xd5,0x00,0x00,0x00,0x00,0x01,0xfa,0x0a,0xf2,0x00,0x00,
0x00,0x1c,0x80,0x8c,0x10,0x00,0x00,0x00,0x00,0x00,0x00,0x00,0x00,0xaf,0x30,0x00,0x00,0x3f,0xa0,0x01,
0xed,0x10,0x00,0x1d,0xe1,0x00,0x05,0xf9,0x00,0x08,0xf5,0x00,0x00,0x0a,0xf4,0x04,0xfa,0x00,0x00,0x00,
0x1e,0xd2,0xdd,0x10,0x00,0x00,0x00,0x4f,0xef,0x40,0x00,0x00,0x00,0x00,0x9f,0x90,0x00,0x00,0x00,0x00,
0x06,0xf6,0x00,0x00,0x00,0x00,0x00,0x6f,0x60,0x00,0x00,0x00,0x00,0x06,0xf6,0x00,0x00,0x00,0x00,0x00,
0x6f,0x60,0x00,0x00,0x00,0x00,0x06,0xf6,0x00,0x00,0x00,0x00,0x00,0x6f,0x60,0x00,0x00,0x00,0x00,0x00,
0x75,0x00,0x00,0x00,0x00,0x09,0xd1,0x00,0x00,0x00,0x00,0x27,0x10,0x00,0x00,0x00,0x00,0x00,0x00,0x00,
0x00,0x0f,0xff,0xff,0xff,0xff,0xf5,0x07,0x77,0x77,0x77,0x8f,0xf3,0x00,0x00,0x00,0x00,0xbf,0x60,0x00,
0x00,0x00,0x08,0xf9,0x00,0x00,0x00,0x00,0x5f,0xb0,0x00,0x00,0x00,0x03,0xed,0x10,0x00,0x00,0x00,0x1d,
0xe3,0x00,0x00,0x00,0x00,0xcf,0x50,0x00,0x00,0x00,0x09,0xf7,0x00,0x00,0x00,0x00,0x6f,0xa0,0x00,0x00,
0x00,0x04,0xfc,0x10,0x00,0x00,0x00,0x1e,0xf9,0x77,0x77,0x77,0x74,0x3f,0xff,0xff,0xff,0xff,0xf8,0x00,
0x00,0x00,0x76,0x00,0x00,0x00,0x6f,0x40,0x00,0x00,0x2e,0x60,0x00,0x00,0x0c,0x90,0x00,0x00,0x00,0x00,
0x00,0x00,0xff,0xff,0xff,0xfa,0x04,0x44,0x44,0x9f,0x80,0x00,0x00,0x3e,0xc0,0x00,0x00,0x2d,0xd1,0x00,
0x00,0x1c,0xe3,0x00,0x00,0x0a,0xf5,0x00,0x00,0x08,0xf7,0x00,0x00,0x05,0xf9,0x00,0x00,0x02,0xfe,0x54,
0x44,0x43,0x3f,0xff,0xff,0xff,0xa0,0x00,0x00,0x0b,0xf1,0x00,0x00,0x00,0x00,0x09,0xc1,0x00,0x00,0x00,
0x00,0x00,0x00,0x00,0x00,0x0f,0xff,0xff,0xff,0xff,0xf5,0x07,0x77,0x77,0x77,0x8f,0xf3,0x00,0x00,0x00,
0x00,0xbf,0x60,0x00,0x00,0x00,0x08,0xf9,0x00,0x00,0x00,0x00,0x5f,0xb0,0x00,0x00,0x00,0x03,0xed,0x10,
0x00,0x00,0x00,0x1d,0xe3,0x00,0x00,0x00,0x00,0xcf,0x50,0x00,0x00,0x00,0x09,0xf7,0x00,0x00,0x00,0x00,
0x6f,0xa0,0x00,0x00,0x00,0x04,0xfc,0x10,0x00,0x00,0x00,0x1e,0xf9,0x77,0x77,0x77,0x74,0x3f,0xff,0xff,
0xff,0xff,0xf8,0x00,0x02,0xf8,0x00,0x00,0x00,0x2f,0x80,0x00,0x00,0x00,0x00,0x00,0x00,0x00,0x00,0x00,
0x00,0x0f,0xff,0xff,0xff,0xa0,0x44,0x44,0x49,0xf8,0x00,0x00,0x03,0xec,0x00,0x00,0x02,0xdd,0x10,0x00,
0x01,0xce,0x30,0x00,0x00,0xaf,0x50,0x00,0x00,0x8f,0x70,0x00,0x00,0x5f,0x90,0x00,0x00,0x2f,0xe5,0x44,
0x44,0x33,0xff,0xff,0xff,0xfa,0x00,0x02,0x70,0x05,0x50,0x00,0x00,0x00,0x9b,0x7d,0x10,0x00,0x00,0x00,
0x07,0x82,0x00,0x00,0x00,0x00,0x00,0x00,0x00,0x00,0x0f,0xff,0xff,0xff,0xff,0xf5,0x07,0x77,0x77,0x77,
0x8f,0xf3,0x00,0x00,0x00,0x00,0xbf,0x60,0x00,0x00,0x00,0x08,0xf9,0x00,0x00,0x00,0x00,0x5f,0xb0,0x00,
0x00,0x00,0x03,0xed,0x10,0x00,0x00,0x00,0x1d,0xe3,0x00,0x00,0x00,0x00,0xcf,0x50,0x00,0x00,0x00,0x09,
0xf7,0x00,0x00,0x00,0x00,0x6f,0xa0,0x00,0x00,0x00,0x04,0xfc,0x10,0x00,0x00,0x00,0x1e,0xf9,0x77,0x77,
0x77,0x74,0x3f,0xff,0xff,0xff,0xff,0xf8,0x00,0x72,0x00,0x63,0x00,0x07,0xc0,0x6d,0x10,0x00,0x0c,0x9e,
0x50,0x00,0x00,0x3f,0xa0,0x00,0x00,0x00,0x00,0x00,0x00,0xff,0xff,0xff,0xfa,0x04,0x44,0x44,0x9f,0x80,
0x00,0x00,0x3e,0xc0,0x00,0x00,0x2d,0xd1,0x00,0x00,0x1c,0xe3,0x00,0x00,0x0a,0xf5,0x00,0x00,0x08,0xf7,
0x00,0x00,0x05,0xf9,0x00,0x00,0x02,0xfe,0x54,0x44,0x43,0x3f,0xff,0xff,0xff,0xa0,0x00,0x1a,0xef,0xa0,
0x0a,0xe7,0x53,0x00,0xea,0x00,0x00,0x1f,0x90,0x00,0x9f,0xf9,0x00,0x02,0x4f,0x90,0x00,0x01,0xf9,0x00,
0x00,0x1f,0x90,0x00,0x01,0xf9,0x00,0x00,0x1f,0x90,0x00,0x01,0xf9,0x00,0x00,0x1f,0x90,0x00,0x01,0xf9,
0x00,0x00,0x1f,0x90,0x00,0x00,0x00,0x1a,0xef,0xa0,0x00,0x0a,0xe7,0x53,0x00,0x00,0xea,0x00,0x00,0x00,
0x1f,0x90,0x00,0x00,0x9f,0xff,0xff,0x40,0x02,0x4f,0xa4,0x41,0x00,0x01,0xf9,0x00,0x00,0x00,0x1f,0x90,
0x00,0x00,0x01,0xf9,0x00,0x00,0x00,0x1f,0x90,0x00,0x00,0x01,0xf9,0x00,0x00,0x00,0x1f,0x90,0x00,0x00,
0x01,0xf9,0x00,0x00,0x00,0x1f,0x90,0x00,0x00,0x01,0xf9,0x00,0x00,0x00,0x2f,0x70,0x00,0x15,0x5a,0xf3,
0x00,0x02,0xff,0xd6,0x00,0x00,0x02,0x9d,0xee,0xd9,0x40,0x2e,0xfa,0x77,0xae,0xa0,0xaf,0x50,0x00,0x00,
0x20,0xcf,0x00,0x00,0x00,0x00,0xaf,0x60,0x00,0x00,0x00,0x2e,0xfd,0x96,0x20,0x00,0x02,0x9d,0xff,0xfb,
0x20,0x00,0x00,0x15,0xaf,0xd1,0x00,0x00,0x00,0x0a,0xf4,0x00,0x00,0x00,0x07,0xf6,0x51,0x00,0x00,0x1c,
0xf3,0xce,0xa7,0x78,0xdf,0xa0,0x38,0xce,0xfe,0xb6,0x00,0x00,0x00,0x00,0x00,0x00,0x00,0x02,0xc7,0x00,
0x00,0x00,0x06,0xf2,0x00,0x00,0x00,0x0a,0x90,0x00,0x00,0x00,0x7d,0xee,0xd9,0x00,0x9f,0x96,0x68,0xc0,
0x0d,0xa0,0x00,0x00,0x00,0xcd,0x30,0x00,0x00,0x04,0xef,0xd9,0x50,0x00,0x01,0x59,0xdf,0xc1,0x00,0x00,
0x00,0x7f,0x60,0x10,0x00,0x04,0xf7,0x0f,0xa7,0x67,0xde,0x20,0x8c,0xef,0xda,0x20,0x00,0x00,0x00,0x00,
0x00,0x00,0x0a,0xb0,0x00,0x00,0x01,0xf7,0x00,0x00,0x00,0x5e,0x10,0x00,0x1f,0xff,0xff,0xff,0xff,0xff,
0x10,0x77,0x77,0xaf,0xa7,0x77,0x70,0x00,0x00,0x06,0xf6,0x00,0x00,0x00,0x00,0x00,0x6f,0x60,0x00,0x00,
0x00,0x00,0x06,0xf6,0x00,0x00,0x00,0x00,0x00,0x6f,0x60,0x00,0x00,0x00,0x00,0x06,0xf6,0x00,0x00,0x00,
0x00,0x00,0x6f,0x60,0x00,0x00,0x00,0x00,0x06,0xf6,0x00,0x00,0x00,0x00,0x00,0x6f,0x60,0x00,0x00,0x00,
0x00,0x06,0xf6,0x00,0x00,0x00,0x00,0x00,0x6f,0x60,0x00,0x00,0x00,0x00,0x06,0xf6,0x00,0x00,0x00,0x00,
0x00,0x00,0x00,0x00,0x00,0x00,0x00,0x06,0xc3,0x00,0x00,0x00,0x00,0x00,0xbc,0x00,0x00,0x00,0x00,0x00,
0x0e,0x50,0x00,0x00,0x00,0x02,0x82,0x00,0x00,0x5f,0x40,0x00,0x05,0xf4,0x00,0x08,0xff,0xff,0xf9,0x27,
0xf7,0x44,0x20,0x5f,0x40,0x00,0x05,0xf4,0x00,0x00,0x5f,0x40,0x00,0x05,0xf4,0x00,0x00,0x5f,0x40,0x00,
0x04,0xf6,0x00,0x00,0x1f,0xc6,0x53,0x00,0x5d,0xff,0x90,0x00,0x00,0x00,0x00,0x02,0xc7,0x00,0x00,0x6f,
0x20,0x00,0x0a,0x90,0x00,0x00,0x28,0x20,0x00,0x0b,0xeb,0x00,0x06,0xd2,0xd6,0x01,0xe4,0x04,0xe1,0x17,
0x10,0x17,0x10,0xa9,0x09,0xa0,0x02,0xe9,0xe2,0x00,0x07,0xf7,0x00,0x0a,0xe8,0x1c,0x54,0xd2,0xbf,0xd1,
0x11,0x00,0x10,0x00,0x00,0x00,0x1f,0xf5,0x00,0x00,0x00,0x00,0x06,0xfd,0xb0,0x00,0x00,0x00,0x00,0xcb,
0x6f,0x20,0x00,0x00,0x00,0x3f,0x61,0xf8,0x00,0x00,0x00,0x09,0xe1,0x0a,0xd0,0x00,0x00,0x00,0xe9,0x00,
0x5f,0x40,0x00,0x00,0x5f,0x40,0x00,0xea,0x00,0x00,0x0b,0xe2,0x22,0x2a,0xf1,0x00,0x02,0xff,0xff,0xff,
0xff,0x70,0x00,0x8f,0x65,0x55,0x55,0xdc,0x00,0x0d,0xc0,0x00,0x00,0x07,0xf3,0x04,0xf7,0x00,0x00,0x00,
0x3f,0x90,0xaf,0x30,0x00,0x00,0x00,0xde,0x10,0x4f,0xff,0xff,0xd9,0x20,0x04,0xfb,0x77,0x7a,0xfe,0x20,
0x4f,0x80,0x00,0x07,0xf7,0x04,0xf8,0x00,0x00,0x5f,0x70,0x4f,0x92,0x22,0x5d,0xe2,0x04,0xff,0xff,0xff,
0xd2,0x00,0x4f,0xa4,0x45,0x7d,0xd2,0x04,0xf8,0x00,0x00,0x2f,0xb0,0x4f,0x80,0x00,0x00,0xdf,0x04,0xf8,
0x00,0x00,0x0d,0xf1,0x4f,0x80,0x00,0x04,0xfd,0x04,0xfb,0x77,0x79,0xff,0x50,0x4f,0xff,0xff,0xeb,0x40,
0x00,0x4f,0xff,0xff,0xff,0xe4,0xfc,0x77,0x77,0x77,0x4f,0x80,0x00,0x00,0x04,0xf8,0x00,0x00,0x00,0x4f,
0x80,0x00,0x00,0x04,0xf8,0x00,0x00,0x00,0x4f,0x80,0x00,0x00,0x04,0xf8,0x00,0x00,0x00,0x4f,0x80,0x00,
0x00,0x04,0xf8,0x00,0x00,0x00,0x4f,0x80,0x00,0x00,0x04,0xf8,0x00,0x00,0x00,0x4f,0x80,0x00,0x00,0x00,
0x00,0x00,0x1f,0xf5,0x00,0x00,0x00,0x00,0x06,0xff,0xb0,0x00,0x00,0x00,0x00,0xcd,0x8f,0x20,0x00,0x00,
0x00,0x3f,0x83,0xf8,0x00,0x00,0x00,0x09,0xf2,0x0c,0xd0,0x00,0x00,0x00,0xeb,0x00,0x7f,0x40,0x00,0x00,
0x5f,0x60,0x01,0xfa,0x00,0x00,0x0b,0xf1,0x00,0x0b,0xf1,0x00,0x02,0xfa,0x00,0x00,0x5f,0x70,0x00,0x8f,
0x40,0x00,0x01,0xec,0x00,0x0d,0xe0,0x00,0x00,0x09,0xf3,0x04,0xfc,0x77,0x77,0x77,0xaf,0x90,0xaf,0xff,
0xff,0xff,0xff,0xfe,0x10,0x4f,0xff,0xff,0xff,0xf1,0x4f,0xc7,0x77,0x77,0x70,0x4f,0x80,0x00,0x00,0x00,
0x4f,0x80,0x00,0x00,0x00,0x4f,0x92,0x22,0x22,0x20,0x4f,0xff,0xff,0xff,0xc0,0x4f,0xa5,0x55,0x55,0x40,
0x4f,0x80,0x00,0x00,0x00,0x4f,0x80,0x00,0x00,0x00,0x4f,0x80,0x00,0x00,0x00,0x4f,0x80,0x00,0x00,0x00,
0x4f,0xc7,0x77,0x77,0x72,0x4f,0xff,0xff,0xff,0xf3,0x0f,0xff,0xff,0xff,0xff,0xf5,0x07,0x77,0x77,0x77,
0x8f,0xf3,0x00,0x00,0x00,0x00,0xbf,0x60,0x00,0x00,0x00,0x08,0xf9,0x00,0x00,0x00,0x00,0x5f,0xb0,0x00,
0x00,0x00,0x03,0xed,0x10,0x00,0x00,0x00,0x1d,0xe3,0x00,0x00,0x00,0x00,0xcf,0x50,0x00,0x00,0x00,0x09,
0xf7,0x00,0x00,0x00,0x00,0x6f,0xa0,0x00,0x00,0x00,0x04,0xfc,0x10,0x00,0x00,0x00,0x1e,0xf9,0x77,0x77,
0x77,0x74,0x3f,0xff,0xff,0xff,0xff,0xf8,0x4f,0x80,0x00,0x00,0x0f,0xc4,0xf8,0x00,0x00,0x00,0xfc,0x4f,
0x80,0x00,0x00,0x0f,0xc4,0xf8,0x00,0x00,0x00,0xfc,0x4f,0x92,0x22,0x22,0x2f,0xc4,0xff,0xff,0xff,0xff,
0xfc,0x4f,0xa5,0x55,0x55,0x5f,0xc4,0xf8,0x00,0x00,0x00,0xfc,0x4f,0x80,0x00,0x00,0x0f,0xc4,0xf8,0x00,
0x00,0x00,0xfc,0x4f,0x80,0x00,0x00,0x0f,0xc4,0xf8,0x00,0x00,0x00,0xfc,0x4f,0x80,0x00,0x00,0x0f,0xc0,
0x00,0x17,0xce,0xed,0x81,0x00,0x00,0x2d,0xfb,0x77,0xaf,0xe4,0x00,0x0d,0xf5,0x00,0x00,0x3e,0xe2,0x06,
0xf9,0x00,0x00,0x00,0x6f,0x90,0xbf,0x32,0x22,0x22,0x21,0xee,0x0e,0xe0,0xff,0xff,0xff,0x3c,0xf1,0xfe,
0x05,0x55,0x55,0x51,0xbf,0x2e,0xe0,0x00,0x00,0x00,0x0c,0xf1,0xbf,0x20,0x00,0x00,0x00,0xee,0x06,0xf9,
0x00,0x00,0x00,0x6f,0x90,0x1d,0xf5,0x00,0x00,0x3e,0xe2,0x00,0x2d,0xfb,0x77,0xaf,0xe4,0x00,0x00,0x17,
0xce,0xfd,0x81,0x00,0x00,0x4f,0x84,0xf8,0x4f,0x84,0xf8,0x4f,0x84,0xf8,0x4f,0x84,0xf8,0x4f,0x84,0xf8,
0x4f,0x84,0xf8,0x4f,0x80,0x4f,0x80,0x00,0x03,0xee,0x40,0x4f,0x80,0x00,0x3e,0xe3,0x00,0x4f,0x80,0x04,
0xed,0x20,0x00,0x4f,0x80,0x5f,0xd2,0x00,0x00,0x4f,0x86,0xfc,0x10,0x00,0x00,0x4f,0xdf,0xb1,0x00,0x00,
0x00,0x4f,0xef,0xa0,0x00,0x00,0x00,0x4f,0x8a,0xfa,0x00,0x00,0x00,0x4f,0x80,0xaf,0xa0,0x00,0x00,0x4f,
0x80,0x0a,0xfa,0x00,0x00,0x4f,0x80,0x00,0xaf,0xa0,0x00,0x4f,0x80,0x00,0x0a,0xfa,0x00,0x4f,0x80,0x00,
0x00,0xaf,0xa0,0x00,0x00,0x1f,0xf5,0x00,0x00,0x00,0x00,0x06,0xff,0xb0,0x00,0x00,0x00,0x00,0xcd,0x9f,
0x20,0x00,0x00,0x00,0x3f,0x83,0xf8,0x00,0x00,0x00,0x09,0xf2,0x0c,0xd0,0x00,0x00,0x00,0xec,0x00,0x7f,
0x40,0x00,0x00,0x5f,0x60,0x01,0xfa,0x00,0x00,0x0b,0xf1,0x00,0x0b,0xf1,0x00,0x02,0xfa,0x00,0x00,0x5f,
0x70,0x00,0x8f,0x50,0x00,0x01,0xec,0x00,0x0d,0xe0,0x00,0x00,0x09,0xf3,0x04,0xf9,0x00,0x00,0x00,0x4f,
0x90,0xaf,0x30,0x00,0x00,0x00,0xde,0x10,0x4f,0xf9,0x00,0x00,0x01,0xff,0xc4,0xff,0xe1,0x00,0x00,0x7f,
0xfc,0x4f,0xaf,0x50,0x00,0x0c,0xae,0xc4,0xf7,0xcb,0x00,0x03,0xf5,0xec,0x4f,0x76,0xf2,0x00,0x9e,0x0e,
0xc4,0xf7,0x1e,0x70,0x0e,0x80,0xec,0x4f,0x70,0xad,0x05,0xf3,0x0e,0xc4,0xf7,0x04,0xf4,0xbc,0x00,0xec,
0x4f,0x70,0x0d,0xbf,0x60,0x0e,0xc4,0xf7,0x00,0x8f,0xf1,0x00,0xec,0x4f,0x70,0x02,0x86,0x00,0x0e,0xc4,
0xf7,0x00,0x00,0x00,0x00,0xec,0x4f,0x70,0x00,0x00,0x00,0x0e,0xc0,0x4f,0xf6,0x00,0x00,0x0f,0xb4,0xff,
0xe1,0x00,0x00,0xfb,0x4f,0xcf,0x70,0x00,0x0f,0xb4,0xf7,0xce,0x10,0x00,0xfb,0x4f,0x74,0xf8,0x00,0x0f,
0xb4,0xf7,0x0b,0xf2,0x00,0xfb,0x4f,0x70,0x3f,0x90,0x0f,0xb4,0xf7,0x00,0xaf,0x30,0xfb,0x4f,0x70,0x02,
0xfa,0x0f,0xb4,0xf7,0x00,0x08,0xf4,0xfb,0x4f,0x70,0x00,0x1e,0xcf,0xb4,0xf7,0x00,0x00,0x7f,0xfb,0x4f,
0x70,0x00,0x01,0xef,0xb0,0x4f,0xff,0xff,0xff,0xd2,0x77,0x77,0x77,0x76,0x00,0x00,0x00,0x00,0x00,0x00,
0x00,0x00,0x00,0x01,0x22,0x22,0x22,0x00,0x5f,0xff,0xff,0xe0,0x02,0x55,0x55,0x55,0x00,0x00,0x00,0x00,
0x00,0x00,0x00,0x00,0x00,0x00,0x00,0x00,0x00,0x00,0x00,0x00,0x00,0x00,0x02,0x77,0x77,0x77,0x76,0x4f,
0xff,0xff,0xff,0xd0,0x00,0x17,0xce,0xed,0x81,0x00,0x00,0x2d,0xfb,0x77,0xaf,0xe4,0x00,0x0d,0xf5,0x00,
0x00,0x3e,0xe2,0x06,0xf9,0x00,0x00,0x00,0x6f,0x90,0xbf,0x20,0x00,0x00,0x00,0xee,0x0e,0xe0,0x00,0x00,
0x00,0x0c,0xf1,0xfe,0x00,0x00,0x00,0x00,0xbf,0x2e,0xe0,0x00,0x00,0x00,0x0c,0xf1,0xbf,0x20,0x00,0x00,
0x00,0xee,0x06,0xf9,0x00,0x00,0x00,0x6f,0x90,0x1d,0xf5,0x00,0x00,0x3e,0xe2,0x00,0x2d,0xfb,0x77,0xaf,
0xe4,0x00,0x00,0x17,0xce,0xfd,0x82,0x00,0x00,0x4f,0xff,0xff,0xff,0xff,0xc4,0xfc,0x77,0x77,0x77,0xfc,
0x4f,0x80,0x00,0x00,0x0f,0xc4,0xf8,0x00,0x00,0x00,0xfc,0x4f,0x80,0x00,0x00,0x0f,0xc4,0xf8,0x00,0x00,
0x00,0xfc,0x4f,0x80,0x00,0x00,0x0f,0xc4,0xf8,0x00,0x00,0x00,0xfc,0x4f,0x80,0x00,0x00,0x0f,0xc4,0xf8,
0x00,0x00,0x00,0xfc,0x4f,0x80,0x00,0x00,0x0f,0xc4,0xf8,0x00,0x00,0x00,0xfc,0x4f,0x80,0x00,0x00,0x0f,
0xc0,0x4f,0xff,0xfe,0xc7,0x00,0x4f,0xb7,0x78,0xdf,0x90,0x4f,0x80,0x00,0x1e,0xf1,0x4f,0x80,0x00,0x0a,
0xf3,0x4f,0x80,0x00,0x0c,0xf2,0x4f,0x92,0x23,0x9f,0xc0,0x4f,0xff,0xff,0xfb,0x20,0x4f,0xa5,0x54,0x20,
0x00,0x4f,0x80,0x00,0x00,0x00,0x4f,0x80,0x00,0x00,0x00,0x4f,0x80,0x00,0x00,0x00,0x4f,0x80,0x00,0x00,
0x00,0x4f,0x80,0x00,0x00,0x00,0x4f,0xff,0xff,0xff,0xf1,0x2f,0xf8,0x77,0x77,0x70,0x05,0xfb,0x00,0x00,
0x00,0x00,0x6f,0xa0,0x00,0x00,0x00,0x07,0xf9,0x00,0x00,0x00,0x00,0x8f,0x80,0x00,0x00,0x00,0x5f,0xa0,
0x00,0x00,0x02,0xed,0x10,0x00,0x00,0x1d,0xe3,0x00,0x00,0x00,0xaf,0x50,0x00,0x00,0x07,0xf9,0x00,0x00,
0x00,0x2f,0xf8,0x77,0x77,0x72,0x4f,0xff,0xff,0xff,0xf3,0x1f,0xff,0xff,0xff,0xff,0xff,0x10,0x77,0x77,
0xaf,0xa7,0x77,0x70,0x00,0x00,0x06,0xf6,0x00,0x00,0x00,0x00,0x00,0x6f,0x60,0x00,0x00,0x00,0x00,0x06,
0xf6,0x00,0x00,0x00,0x00,0x00,0x6f,0x60,0x00,0x00,0x00,0x00,0x06,0xf6,0x00,0x00,0x00,0x00,0x00,0x6f,
0x60,0x00,0x00,0x00,0x00,0x06,0xf6,0x00,0x00,0x00,0x00,0x00,0x6f,0x60,0x00,0x00,0x00,0x00,0x06,0xf6,
0x00,0x00,0x00,0x00,0x00,0x6f,0x60,0x00,0x00,0x00,0x00,0x06,0xf6,0x00,0x00,0x00,0x0a,0xf3,0x00,0x00,
0x03,0xfa,0x00,0x1e,0xd1,0x00,0x01,0xde,0x10,0x00,0x5f,0x90,0x00,0x8f,0x50,0x00,0x00,0xaf,0x40,0x4f,
0xa0,0x00,0x00,0x01,0xed,0x2d,0xd1,0x00,0x00,0x00,0x04,0xfe,0xf4,0x00,0x00,0x00,0x00,0x09,0xf9,0x00,
0x00,0x00,0x00,0x00,0x6f,0x60,0x00,0x00,0x00,0x00,0x06,0xf6,0x00,0x00,0x00,0x00,0x00,0x6f,0x60,0x00,
0x00,0x00,0x00,0x06,0xf6,0x00,0x00,0x00,0x00,0x00,0x6f,0x60,0x00,0x00,0x00,0x00,0x06,0xf6,0x00,0x00,
0x00,0x00,0x00,0x0c,0xf0,0x00,0x00,0x00,0x00,0x37,0xef,0x74,0x00,0x00,0x02,0xbf,0xff,0xfe,0xfc,0x30,
0x01,0xdf,0x71,0xcf,0x06,0xee,0x30,0x9f,0x70,0x0c,0xf0,0x04,0xfb,0x0d,0xf1,0x00,0xcf,0x00,0x0d,0xf1,
0xee,0x00,0x0c,0xf0,0x00,0xbf,0x2d,0xf1,0x00,0xcf,0x00,0x0d,0xf1,0x9f,0x70,0x0c,0xf0,0x04,0xfc,0x02,
0xef,0x71,0xcf,0x06,0xef,0x30,0x02,0xbf,0xff,0xfe,0xfd,0x40,0x00,0x00,0x47,0xef,0x85,0x00,0x00,0x00,
0x00,0x0c,0xf0,0x00,0x00,0x00,0x08,0xf6,0x00,0x00,0x0b,0xf3,0x00,0xce,0x20,0x00,0x7f,0x70,0x00,0x3f,
0xb0,0x02,0xec,0x00,0x00,0x08,0xf6,0x0c,0xf2,0x00,0x00,0x00,0xce,0x9f,0x70,0x00,0x00,0x00,0x3f,0xfb,
0x00,0x00,0x00,0x00,0x2e,0xf7,0x00,0x00,0x00,0x00,0xbf,0xde,0x20,0x00,0x00,0x06,0xf7,0x3f,0xb0,0x00,
0x00,0x2e,0xc0,0x07,0xf6,0x00,0x00,0xcf,0x20,0x00,0xce,0x20,0x07,0xf7,0x00,0x00,0x3f,0xb0,0x2f,0xc0,
0x00,0x00,0x07,0xf6,0xfd,0x00,0x0c,0xf0,0x00,0xbf,0x3f,0xd0,0x00,0xcf,0x00,0x0b,0xf3,0xfd,0x00,0x0c,
0xf0,0x00,0xbf,0x3f,0xd0,0x00,0xcf,0x00,0x0b,0xf2,0xee,0x00,0x0c,0xf0,0x00,0xcf,0x1b,0xf2,0x00,0xcf,
0x00,0x0e,0xe0,0x7f,0x70,0x0c,0xf0,0x04,0xfa,0x01,0xee,0x20,0xcf,0x01,0xdf,0x30,0x04,0xfe,0x6d,0xf5,
0xdf,0x70,0x00,0x04,0xdf,0xff,0xfe,0x60,0x00,0x00,0x00,0x3d,0xf3,0x00,0x00,0x00,0x00,0x00,0xcf,0x00,
0x00,0x00,0x00,0x00,0x0c,0xf0,0x00,0x00,0x00,0x00,0x02,0x9d,0xfe,0xc7,0x10,0x00,0x00,0x4e,0xfb,0x88,
0xcf,0xd2,0x00,0x02,0xee,0x30,0x00,0x06,0xfd,0x00,0x0a,0xf4,0x00,0x00,0x00,0x8f,0x60,0x0e,0xd0,0x00,
0x00,0x00,0x2f,0xb0,0x2f,0xa0,0x00,0x00,0x00,0x0e,0xd0,0x2f,0xb0,0x00,0x00,0x00,0x0e,0xd0,0x0f,0xd0,
0x00,0x00,0x00,0x2f,0xb0,0x0b,0xf3,0x00,0x00,0x00,0x7f,0x70,0x03,0xfb,0x00,0x00,0x02,0xed,0x10,0x00,
0x7f,0xa0,0x00,0x2c,0xe3,0x00,0x38,0x8d,0xfc,0x02,0xef,0xb8,0x80,0x5f,0xff,0xfe,0x03,0xff,0xff,0xf1,
0x02,0xae,0xeb,0x30,0xe7,0x2e,0xd4,0x3c,0xd5,0xf2,0x9f,0x40,0x03,0xfd,0xc0,0xdd,0x00,0x00,0xef,0x70,
0xfb,0x00,0x00,0xbf,0x20,0xfb,0x00,0x00,0xae,0x00,0xdd,0x00,0x00,0xef,0x10,0x9f,0x20,0x05,0xff,0x40,
0x2e,0xd4,0x3d,0xbe,0xc6,0x03,0xbe,0xfb,0x14,0xdf,0x01,0x9e,0xfd,0x81,0x00,0x0a,0xf9,0x58,0xf9,0x00,
0x2f,0xa0,0x00,0x8f,0x10,0x4f,0x60,0x00,0x5f,0x30,0x5f,0x50,0x00,0x7f,0x30,0x5f,0x50,0x00,0xcf,0x10,
0x5f,0x51,0x4a,0xf9,0x00,0x5f,0x58,0xff,0xe3,0x00,0x5f,0x52,0x57,0xcf,0x70,0x5f,0x50,0x00,0x0b,0xf1,
0x5f,0x50,0x00,0x07,0xf3,0x5f,0x80,0x00,0x0b,0xf1,0x5f,0xfb,0x67,0xbf,0x90,0x5f,0x9c,0xff,0xc7,0x00,
0x5f,0x50,0x00,0x00,0x00,0x5f,0x50,0x00,0x00,0x00,0x5f,0x50,0x00,0x00,0x00,0x5f,0x50,0x00,0x00,0x00,
0xbe,0x60,0x00,0x00,0xcd,0x04,0xbf,0x20,0x00,0x3f,0x80,0x01,0xf7,0x00,0x09,0xf2,0x00,0x0b,0xd0,0x01,
0xeb,0x00,0x00,0x6f,0x30,0x5f,0x50,0x00,0x01,0xf8,0x0b,0xe0,0x00,0x00,0x0b,0xd2,0xf8,0x00,0x00,0x00,
0x6f,0xbf,0x30,0x00,0x00,0x01,0xff,0xc0,0x00,0x00,0x00,0x0a,0xf6,0x00,0x00,0x00,0x00,0x7f,0x20,0x00,
0x00,0x00,0x07,0xf2,0x00,0x00,0x00,0x00,0x7f,0x20,0x00,0x00,0x00,0x07,0xf2,0x00,0x00,0x02,0xad,0xfe,
0xc7,0x00,0x0c,0xe7,0x55,0x79,0x00,0x0f,0xb0,0x00,0x00,0x00,0x08,0xfd,0x95,0x10,0x00,0x04,0xc5,0x6b,
0xe6,0x00,0x3f,0x40,0x00,0x7f,0x50,0xad,0x00,0x00,0x0e,0xc0,0xeb,0x00,0x00,0x0b,0xf0,0xfc,0x00,0x00,
0x0b,0xf0,0xde,0x00,0x00,0x0e,0xd0,0x8f,0x60,0x00,0x6f,0x90,0x1d,0xf9,0x69,0xfd,0x10,0x01,0x9d,0xfe,
0x91,0x00,0x05,0xbe,0xfd,0xb2,0x4f,0xd7,0x68,0xb2,0x8f,0x20,0x00,0x00,0x4f,0x82,0x11,0x00,0x05,0xef,
0xf9,0x00,0x4e,0xb5,0x42,0x00,0xbd,0x00,0x00,0x00,0xbe,0x10,0x00,0x00,0x6f,0xd7,0x56,0x97,0x04,0xbd,
0xfe,0xb4,0x0b,0xff,0xff,0xff,0xe0,0x79,0x99,0xbf,0xfc,0x00,0x00,0x6e,0xe6,0x00,0x00,0x8f,0xc2,0x00,
0x00,0x6f,0xb0,0x00,0x00,0x2f,0xc0,0x00,0x00,0x09,0xf3,0x00,0x00,0x00,0xdc,0x00,0x00,0x00,0x0f,0x90,
0x00,0x00,0x00,0xf9,0x00,0x00,0x00,0x0d,0xc0,0x00,0x00,0x00,0x9f,0x50,0x00,0x00,0x01,0xdf,0xa7,0x51,
0x00,0x01,0x7c,0xef,0xe3,0x00,0x00,0x00,0x1d,0xb0,0x00,0x00,0x00,0xbc,0x00,0x00,0x00,0x8f,0x90,0x00,
0x00,0x0d,0xa1,0x5f,0x48,0xdf,0xd6,0x05,0xfd,0xa4,0x4b,0xf4,0x5f,0xb0,0x00,0x1e,0xa5,0xf6,0x00,0x00,
0xcc,0x5f,0x40,0x00,0x0b,0xd5,0xf4,0x00,0x00,0xbd,0x5f,0x40,0x00,0x0b,0xd5,0xf4,0x00,0x00,0xbd,0x5f,
0x40,0x00,0x0b,0xd5,0xf4,0x00,0x00,0xbd,0x00,0x00,0x00,0x0b,0xd0,0x00,0x00,0x00,0xbd,0x00,0x00,0x00,
0x0b,0xd0,0x00,0x00,0x00,0xbd,0x00,0x6d,0xfd,0x60,0x00,0x08,0xf9,0x59,0xf8,0x00,0x2f,0x80,0x00,0x8f,
0x20,0x8f,0x20,0x00,0x2f,0x80,0xcd,0x00,0x00,0x0e,0xc0,0xec,0x22,0x22,0x2c,0xe0,0xff,0xff,0xff,0xff,
0xf0,0xfc,0x55,0x55,0x5c,0xf0,0xec,0x00,0x00,0x0c,0xe0,0xce,0x00,0x00,0x0e,0xc0,0x8f,0x30,0x00,0x2f,
0x80,0x2f,0xa0,0x00,0x9f,0x20,0x07,0xf9,0x59,0xf8,0x00,0x00,0x6d,0xfd,0x60,0x00,0x8f,0x20,0x08,0xf2,
0x00,0x8f,0x20,0x08,0xf2,0x00,0x8f,0x20,0x08,0xf2,0x00,0x8f,0x20,0x07,0xf3,0x00,0x3f,0xb6,0x30,0x5d,
0xf7,0x5f,0x50,0x01,0xcd,0x20,0x5f,0x50,0x1d,0xd2,0x00,0x5f,0x52,0xdd,0x20,0x00,0x5f,0x7d,0xe2,0x00,
0x00,0x5f,0xff,0xf3,0x00,0x00,0x5f,0xc2,0xed,0x10,0x00,0x5f,0x50,0x4f,0xa0,0x00,0x5f,0x50,0x09,0xf6,
0x00,0x5f,0x50,0x01,0xde,0x20,0x5f,0x50,0x00,0x3f,0xc0,0x00,0xfe,0xa1,0x00,0x00,0x00,0x05,0x9f,0x80,
0x00,0x00,0x00,0x00,0xce,0x00,0x00,0x00,0x00,0x07,0xf4,0x00,0x00,0x00,0x00,0x4f,0xa0,0x00,0x00,0x00,
0x0a,0xfe,0x10,0x00,0x00,0x02,0xfe,0xf6,0x00,0x00,0x00,0x9f,0x4e,0xb0,0x00,0x00,0x1e,0xb0,0x9f,0x20,
0x00,0x07,0xf4,0x04,0xf7,0x00,0x00,0xdc,0x00,0x0d,0xd0,0x00,0x5f,0x60,0x00,0x8f,0x30,0x0c,0xe0,0x00,
0x02,0xf8,0x04,0xf7,0x00,0x00,0x0c,0xe0,0x7f,0x20,0x00,0x0d,0xc0,0x07,0xf2,0x00,0x00,0xdc,0x00,0x7f,
0x20,0x00,0x0d,0xc0,0x07,0xf2,0x00,0x00,0xdc,0x00,0x7f,0x20,0x00,0x0d,0xc0,0x07,0xf2,0x00,0x00,0xdc,
0x00,0x7f,0x30,0x00,0x0e,0xc0,0x07,0xf7,0x00,0x05,0xfc,0x00,0x7f,0xe9,0x69,0xee,0xe8,0x07,0xf5,0xcf,
0xd6,0x5e,0xc0,0x7f,0x20,0x00,0x00,0x00,0x07,0xf2,0x00,0x00,0x00,0x00,0x7f,0x20,0x00,0x00,0x00,0x07,
0xf2,0x00,0x00,0x00,0x00,0x3f,0x80,0x00,0x7f,0x30,0x0d,0xd0,0x00,0x0d,0xa0,0x09,0xf2,0x00,0x09,0xf1,
0x04,0xf7,0x00,0x07,0xf3,0x00,0xeb,0x00,0x09,0xf2,0x00,0xaf,0x10,0x1e,0xc0,0x00,0x6f,0x50,0xaf,0x40,
0x00,0x1f,0xa5,0xf8,0x00,0x00,0x0c,0xee,0xb0,0x00,0x00,0x07,0xfc,0x10,0x00,0x07,0xff,0xff,0xff,0x70,
0x04,0xae,0xfe,0xba,0x40,0x01,0xce,0x50,0x00,0x00,0x06,0xf4,0x00,0x00,0x00,0x08,0xe0,0x00,0x00,0x00,
0x07,0xf2,0x00,0x00,0x00,0x02,0xee,0x74,0x21,0x00,0x00,0x2b,0xff,0xf8,0x00,0x02,0xce,0xa7,0x53,0x00,
0x0c,0xe2,0x00,0x00,0x00,0x0f,0x90,0x00,0x00,0x00,0x0e,0xd1,0x00,0x00,0x00,0x06,0xfe,0x97,0x52,0x00,
0x00,0x4a,0xde,0xff,0x50,0x00,0x00,0x00,0x1c,0xd0,0x00,0x00,0x00,0x09,0xe0,0x00,0x00,0x00,0x7e,0xb0,
0x00,0x00,0x00,0xbb,0x20,0x01,0x9d,0xfd,0x91,0x00,0x1d,0xf9,0x69,0xfd,0x10,0x8f,0x60,0x00,0x6f,0x80,
0xde,0x00,0x00,0x0e,0xd0,0xfb,0x00,0x00,0x0b,0xf0,0xfb,0x00,0x00,0x0b,0xf0,0xde,0x00,0x00,0x0e,0xd0,
0x8f,0x60,0x00,0x6f,0x80,0x1d,0xf9,0x69,0xfd,0x10,0x01,0x9d,0xfd,0x91,0x00,0x5f,0xff,0xff,0xff,0xff,
0x13,0xaf,0xc9,0x99,0xee,0x91,0x01,0xf8,0x00,0x0c,0xd0,0x00,0x1f,0x80,0x00,0xcd,0x00,0x01,0xf8,0x00,
0x0c,0xd0,0x00,0x1f,0x80,0x00,0xcd,0x00,0x01,0xf8,0x00,0x0c,0xd0,0x00,0x1f,0x80,0x00,0xcd,0x00,0x01,
0xf8,0x00,0x0b,0xf6,0x20,0x1f,0x80,0x00,0x4e,0xf5,0x00,0x2b,0xef,0xc5,0x00,0x03,0xed,0x77,0xdf,0x50,
0x0c,0xd1,0x00,0x1d,0xe0,0x2f,0x70,0x00,0x07,0xf4,0x4f,0x50,0x00,0x04,0xf6,0x5f,0x50,0x00,0x04,0xf6,
0x5f,0x70,0x00,0x07,0xf4,0x5f,0xd1,0x00,0x1d,0xe0,0x5f,0xcd,0x77,0xcf,0x60,0x5f,0x48,0xdf,0xc5,0x00,
0x5f,0x40,0x00,0x00,0x00,0x5f,0x40,0x00,0x00,0x00,0x5f,0x40,0x00,0x00,0x00,0x5f,0x40,0x00,0x00,0x00,
0x00,0x7c,0xfe,0xc6,0x0b,0xfb,0x76,0x9b,0x7f,0x80,0x00,0x00,0xce,0x00,0x00,0x00,0xec,0x00,0x00,0x00,
0xfc,0x00,0x00,0x00,0xce,0x00,0x00,0x00,0x7f,0x80,0x00,0x00,0x0c,0xfb,0x74,0x00,0x00,0x7c,0xff,0xc1,
0x00,0x00,0x04,0xf6,0x00,0x00,0x00,0xf8,0x00,0x00,0x2b,0xf4,0x00,0x00,0x3d,0x70,0x03,0xae,0xff,0xff,
0xfd,0x2e,0xf8,0x57,0xff,0xa8,0x9f,0x50,0x00,0x5f,0x80,0xde,0x00,0x00,0x0d,0xd0,0xfb,0x00,0x00,0x0b,
0xf0,0xec,0x00,0x00,0x0b,0xf0,0xce,0x00,0x00,0x0e,0xd0,0x7f,0x60,0x00,0x6f,0x80,0x1c,0xf9,0x69,0xfd,
0x10,0x01,0x9d,0xfd,0x91,0x00,0x2f,0xff,0xff,0xff,0xfe,0x19,0x99,0xcf,0xa9,0x99,0x00,0x00,0x6f,0x30,
0x00,0x00,0x00,0x6f,0x30,0x00,0x00,0x00,0x6f,0x30,0x00,0x00,0x00,0x6f,0x30,0x00,0x00,0x00,0x6f,0x30,
0x00,0x00,0x00,0x5f,0x50,0x00,0x00,0x00,0x1e,0xc6,0x30,0x00,0x00,0x04,0xcf,0x80,0xaf,0x00,0x05,0xf5,
0x0a,0xf0,0x00,0x0b,0xd0,0xaf,0x00,0x00,0x6f,0x2a,0xf0,0x00,0x04,0xf5,0xaf,0x00,0x00,0x5f,0x5a,0xf0,
0x00,0x07,0xf4,0xaf,0x00,0x00,0xce,0x17,0xf3,0x00,0x6f,0x80,0x2e,0xd7,0x8f,0xc1,0x00,0x4c,0xfd,0x81,
0x00,0x00,0x2a,0x73,0xde,0xa1,0x00,0x2e,0xe5,0xbe,0x8f,0xd1,0x09,0xf6,0x0d,0xb0,0x7f,0x70,0xde,0x00,
0xdb,0x01,0xfb,0x0f,0xb0,0x0d,0xb0,0x0e,0xc0,0xfb,0x00,0xdb,0x00,0xec,0x0d,0xe0,0x0d,0xb0,0x1f,0xa0,
0x8f,0x60,0xdb,0x08,0xf5,0x01,0xdf,0x9e,0xda,0xfb,0x00,0x01,0xae,0xff,0xe8,0x10,0x00,0x00,0x0d,0xb0,
0x00,0x00,0x00,0x00,0xdb,0x00,0x00,0x00,0x00,0x0d,0xb0,0x00,0x00,0x00,0x00,0xdb,0x00,0x00,0x7e,0xc3,
0x00,0x05,0xf9,0x26,0xde,0x00,0x0c,0xf2,0x00,0x4f,0x50,0x6f,0x80,0x00,0x0d,0xb0,0xde,0x10,0x00,0x08,
0xf8,0xf7,0x00,0x00,0x02,0xff,0xd1,0x00,0x00,0x00,0xcf,0x60,0x00,0x00,0x01,0xef,0x30,0x00,0x00,0x09,
0xff,0x90,0x00,0x00,0x2f,0xca,0xe0,0x00,0x00,0x9f,0x44,0xf5,0x00,0x03,0xfb,0x00,0xeb,0x00,0x0a,0xf3,
0x00,0x8f,0x95,0x3f,0xa0,0x00,0x19,0xed,0x0f,0x90,0x0d,0xb0,0x0c,0xd0,0xf9,0x00,0xdb,0x00,0xcd,0x0f,
0x90,0x0d,0xb0,0x0c,0xd0,0xf9,0x00,0xdb,0x00,0xcd,0x0f,0x90,0x0d,0xb0,0x0c,0xd0,0xf9,0x00,0xdb,0x00,
0xcd,0x0f,0xb0,0x0d,0xb0,0x0d,0xc0,0xce,0x10,0xdb,0x03,0xf9,0x05,0xfb,0x4e,0xb5,0xdf,0x30,0x06,0xef,
0xff,0xfc,0x40,0x00,0x00,0x4e,0xc2,0x00,0x00,0x00,0x00,0xdb,0x00,0x00,0x00,0x00,0x0d,0xb0,0x00,0x00,
0x00,0x00,0xdb,0x00,0x00,0x0a,0xf2,0x00,0x00,0x01,0xfb,0x02,0xfa,0x00,0x00,0x00,0x0a,0xf2,0x6f,0x60,
0x00,0x00,0x00,0x5f,0x7a,0xf2,0x00,0x00,0x00,0x02,0xfa,0xcf,0x10,0x04,0xf4,0x00,0x0f,0xcc,0xf1,0x00,
0x5f,0x50,0x01,0xfc,0xaf,0x30,0x07,0xf7,0x00,0x2f,0xb7,0xf7,0x00,0xbe,0xb0,0x07,0xf7,0x1e,0xf7,0x8f,
0x5f,0x87,0xee,0x10,0x3b,0xfd,0x60,0x6d,0xfc,0x30,0x00,0x02,0x82,0x00,0x00,0x00,0x00,0x8d,0x10,0x00,
0x00,0x00,0x06,0x40,0x00,0x00,0x00,0x00,0x00,0x00,0x4f,0xff,0xff,0xff,0xf1,0x4f,0xc7,0x77,0x77,0x70,
0x4f,0x80,0x00,0x00,0x00,0x4f,0x80,0x00,0x00,0x00,0x4f,0x92,0x22,0x22,0x20,0x4f,0xff,0xff,0xff,0xc0,
0x4f,0xa5,0x55,0x55,0x40,0x4f,0x80,0x00,0x00,0x00,0x4f,0x80,0x00,0x00,0x00,0x4f,0x80,0x00,0x00,0x00,
0x4f,0x80,0x00,0x00,0x00,0x4f,0xc7,0x77,0x77,0x72,0x4f,0xff,0xff,0xff,0xf3,0x00,0xbf,0x14,0xf7,0x00,
0x00,0x9c,0x13,0xc6,0x00,0x00,0x00,0x00,0x00,0x00,0x4f,0xff,0xff,0xff,0xf1,0x4f,0xc7,0x77,0x77,0x70,
0x4f,0x80,0x00,0x00,0x00,0x4f,0x80,0x00,0x00,0x00,0x4f,0x92,0x22,0x22,0x20,0x4f,0xff,0xff,0xff,0xc0,
0x4f,0xa5,0x55,0x55,0x40,0x4f,0x80,0x00,0x00,0x00,0x4f,0x80,0x00,0x00,0x00,0x4f,0x80,0x00,0x00,0x00,
0x4f,0x80,0x00,0x00,0x00,0x4f,0xc7,0x77,0x77,0x72,0x4f,0xff,0xff,0xff,0xf3,0x1f,0xff,0xff,0xff,0xff,
0xf3,0x00,0x07,0x77,0x9f,0xb7,0x77,0x71,0x00,0x00,0x00,0x4f,0x80,0x00,0x00,0x00,0x00,0x00,0x4f,0x80,
0x00,0x00,0x00,0x00,0x00,0x4f,0x80,0x00,0x00,0x00,0x00,0x00,0x4f,0x92,0x22,0x20,0x00,0x00,0x00,0x4f,
0xff,0xff,0xfe,0x50,0x00,0x00,0x4f,0xa5,0x55,0x7e,0xf3,0x00,0x00,0x4f,0x80,0x00,0x05,0xf9,0x00,0x00,
0x4f,0x80,0x00,0x01,0xfb,0x00,0x00,0x4f,0x80,0x00,0x00,0xfc,0x00,0x00,0x4f,0x80,0x00,0x00,0xfc,0x00,
0x00,0x4f,0x80,0x00,0x00,0xfb,0x00,0x00,0x00,0x00,0x00,0x01,0xfb,0x00,0x00,0x00,0x00,0x00,0x05,0xf8,
0x00,0x00,0x00,0x00,0x05,0x9e,0xf2,0x00,0x00,0x00,0x00,0x0b,0xec,0x40,0x00,0x00,0x05,0x70,0x00,0x00,
0x05,0xe3,0x00,0x00,0x00,0x73,0x00,0x00,0x00,0x00,0x00,0x00,0x4f,0xff,0xff,0xff,0xe4,0xfc,0x77,0x77,
0x77,0x4f,0x80,0x00,0x00,0x04,0xf8,0x00,0x00,0x00,0x4f,0x80,0x00,0x00,0x04,0xf8,0x00,0x00,0x00,0x4f,
0x80,0x00,0x00,0x04,0xf8,0x00,0x00,0x00,0x4f,0x80,0x00,0x00,0x04,0xf8,0x00,0x00,0x00,0x4f,0x80,0x00,
0x00,0x04,0xf8,0x00,0x00,0x00,0x4f,0x80,0x00,0x00,0x00,0x00,0x17,0xbe,0xfe,0xb5,0x00,0x2d,0xfc,0x87,
0x8c,0xf8,0x0d,0xf5,0x00,0x00,0x04,0x76,0xf9,0x00,0x00,0x00,0x00,0xbf,0x30,0x00,0x00,0x00,0x0e,0xf2,
0x22,0x22,0x22,0x00,0xff,0xff,0xff,0xff,0xd0,0x0e,0xf5,0x55,0x55,0x54,0x00,0xbf,0x20,0x00,0x00,0x00,
0x06,0xf8,0x00,0x00,0x00,0x00,0x0d,0xf4,0x00,0x00,0x04,0x70,0x2d,0xfb,0x87,0x8c,0xf8,0x00,0x17,0xce,
0xfe,0xb5,0x00,0x02,0x9d,0xee,0xd9,0x40,0x2e,0xfa,0x77,0xae,0xa0,0xaf,0x50,0x00,0x00,0x20,0xcf,0x00,
0x00,0x00,0x00,0xaf,0x60,0x00,0x00,0x00,0x2e,0xfd,0x96,0x20,0x00,0x02,0x9d,0xff,0xfb,0x20,0x00,0x00,
0x15,0xaf,0xd1,0x00,0x00,0x00,0x0a,0xf4,0x00,0x00,0x00,0x07,0xf6,0x51,0x00,0x00,0x1c,0xf3,0xce,0xa7,
0x78,0xdf,0xa0,0x38,0xce,0xfe,0xb6,0x00,0x4f,0x84,0xf8,0x4f,0x84,0xf8,0x4f,0x84,0xf8,0x4f,0x84,0xf8,
0x4f,0x84,0xf8,0x4f,0x84,0xf8,0x4f,0x80,0xed,0x08,0xf4,0xba,0x06,0xc3,0x00,0x00,0x00,0x04,0xf8,0x00,
0x04,0xf8,0x00,0x04,0xf8,0x00,0x04,0xf8,0x00,0x04,0xf8,0x00,0x04,0xf8,0x00,0x04,0xf8,0x00,0x04,0xf8,
0x00,0x04,0xf8,0x00,0x04,0xf8,0x00,0x04,0xf8,0x00,0x04,0xf8,0x00,0x04,0xf8,0x00,0x00,0x4f,0x80,0x04,
0xf8,0x00,0x4f,0x80,0x04,0xf8,0x00,0x4f,0x80,0x04,0xf8,0x00,0x4f,0x80,0x04,0xf8,0x00,0x4f,0x80,0x04,
0xf8,0x00,0x4f,0x80,0x04,0xf8,0x00,0x4f,0x80,0x05,0xf7,0x00,0x9f,0x47,0xaf,0xd0,0xee,0xa2,0x00,0x00,
0x01,0xff,0xff,0xff,0xfc,0x00,0x00,0x00,0x00,0x00,0x1f,0xd7,0x77,0x7f,0xc0,0x00,0x00,0x00,0x00,0x01,
0xfb,0x00,0x00,0xfc,0x00,0x00,0x00,0x00,0x00,0x1f,0xb0,0x00,0x0f,0xc0,0x00,0x00,0x00,0x00,0x01,0xfa,
0x00,0x00,0xfc,0x22,0x10,0x00,0x00,0x00,0x2f,0xa0,0x00,0x0f,0xff,0xff,0xe8,0x10,0x00,0x03,0xf9,0x00,
0x00,0xfd,0x55,0x6b,0xfb,0x00,0x00,0x5f,0x70,0x00,0x0f,0xc0,0x00,0x0c,0xf3,0x00,0x08,0xf5,0x00,0x00,
0xfc,0x00,0x00,0x8f,0x60,0x00,0xcf,0x10,0x00,0x0f,0xc0,0x00,0x08,0xf5,0x00,0x7f,0xa0,0x00,0x00,0xfc,
0x00,0x01,0xdf,0x22,0xbf,0xd2,0x00,0x00,0x0f,0xd7,0x78,0xdf,0x90,0x4c,0x71,0x00,0x00,0x00,0xff,0xff,
0xec,0x60,0x00,0x4f,0x80,0x00,0x00,0xdd,0x00,0x00,0x00,0x04,0xf8,0x00,0x00,0x0d,0xd0,0x00,0x00,0x00,
0x4f,0x80,0x00,0x00,0xdd,0x00,0x00,0x00,0x04,0xf8,0x00,0x00,0x0d,0xd0,0x00,0x00,0x00,0x4f,0x92,0x22,
0x22,0xee,0x22,0x20,0x00,0x04,0xff,0xff,0xff,0xff,0xff,0xff,0xe9,0x10,0x4f,0xa5,0x55,0x55,0xee,0x55,
0x6b,0xfd,0x04,0xf8,0x00,0x00,0x0d,0xd0,0x00,0x0a,0xf5,0x4f,0x80,0x00,0x00,0xdd,0x00,0x00,0x6f,0x84,
0xf8,0x00,0x00,0x0d,0xd0,0x00,0x06,0xf7,0x4f,0x80,0x00,0x00,0xdd,0x00,0x00,0xbf,0x44,0xf8,0x00,0x00,
0x0d,0xe7,0x78,0xcf,0xb0,0x4f,0x80,0x00,0x00,0xdf,0xff,0xfd,0x71,0x00,0x1f,0xff,0xff,0xff,0xff,0xf3,
0x00,0x07,0x77,0x9f,0xb7,0x77,0x71,0x00,0x00,0x00,0x4f,0x80,0x00,0x00,0x00,0x00,0x00,0x4f,0x80,0x00,
0x00,0x00,0x00,0x00,0x4f,0x92,0x22,0x20,0x00,0x00,0x00,0x4f,0xff,0xff,0xfd,0x50,0x00,0x00,0x4f,0xa5,
0x55,0x7e,0xf3,0x00,0x00,0x4f,0x80,0x00,0x05,0xf8,0x00,0x00,0x4f,0x80,0x00,0x01,0xfb,0x00,0x00,0x4f,
0x80,0x00,0x00,0xfb,0x00,0x00,0x4f,0x80,0x00,0x00,0xfc,0x00,0x00,0x4f,0x80,0x00,0x00,0xfc,0x00,0x00,
0x4f,0x80,0x00,0x00,0xfc,0x00,0x00,0x01,0x73,0x00,0x00,0x00,0x00,0x0b,0xa0,0x00,0x00,0x00,0x00,0x37,
0x00,0x00,0x00,0x00,0x00,0x00,0x00,0x00,0x00,0x4f,0x80,0x00,0x00,0x9f,0xa0,0x4f,0x80,0x00,0x09,0xfa,
0x00,0x4f,0x80,0x00,0x9f,0xa0,0x00,0x4f,0x80,0x08,0xfa,0x00,0x00,0x4f,0x80,0x8f,0xb0,0x00,0x00,0x4f,
0x88,0xff,0x50,0x00,0x00,0x4f,0xef,0xbd,0xe1,0x00,0x00,0x4f,0xfb,0x04,0xfa,0x00,0x00,0x4f,0xc1,0x00,
0x8f,0x60,0x00,0x4f,0x80,0x00,0x1d,0xe2,0x00,0x4f,0x80,0x00,0x03,0xfb,0x00,0x4f,0x80,0x00,0x00,0x8f,
0x60,0x4f,0x80,0x00,0x00,0x0c,0xe2,0x00,0x03,0x82,0x00,0x00,0x00,0x00,0x09,0xc1,0x00,0x00,0x00,0x00,
0x06,0x40,0x00,0x00,0x00,0x00,0x00,0x00,0x00,0x4f,0x70,0x00,0x01,0xef,0xb4,0xf7,0x00,0x00,0x7f,0xfb,
0x4f,0x70,0x00,0x1e,0xcf,0xb4,0xf7,0x00,0x08,0xf4,0xfb,0x4f,0x70,0x02,0xfa,0x0f,0xb4,0xf7,0x00,0xaf,
0x30,0xfb,0x4f,0x70,0x3f,0x90,0x0f,0xb4,0xf7,0x0b,0xf2,0x00,0xfb,0x4f,0x74,0xf8,0x00,0x0f,0xb4,0xf7,
0xce,0x10,0x00,0xfb,0x4f,0xcf,0x70,0x00,0x0f,0xb4,0xff,0xe1,0x00,0x00,0xfb,0x4f,0xf6,0x00,0x00,0x0f,
0xb0,0x00,0x17,0x10,0x17,0x10,0x00,0x00,0xaf,0xff,0xa0,0x00,0x00,0x00,0x12,0x10,0x00,0x00,0x00,0x00,
0x00,0x00,0x00,0x7f,0x60,0x00,0x00,0x7f,0x71,0xfd,0x00,0x00,0x0d,0xe1,0x09,0xf4,0x00,0x05,0xf9,0x00,
0x3f,0xb0,0x00,0xbf,0x20,0x00,0xcf,0x20,0x3f,0xb0,0x00,0x05,0xf8,0x09,0xf4,0x00,0x00,0x0d,0xe2,0xfd,
0x00,0x00,0x00,0x7f,0xdf,0x70,0x00,0x00,0x01,0xff,0xe1,0x00,0x00,0x00,0x0a,0xf9,0x00,0x00,0x00,0x00,
0xcf,0x20,0x00,0x00,0x28,0xaf,0xa0,0x00,0x00,0x04,0xfe,0xa1,0x00,0x00,0x00,0x4f,0x80,0x00,0x00,0x0f,
0xc4,0xf8,0x00,0x00,0x00,0xfc,0x4f,0x80,0x00,0x00,0x0f,0xc4,0xf8,0x00,0x00,0x00,0xfc,0x4f,0x80,0x00,
0x00,0x0f,0xc4,0xf8,0x00,0x00,0x00,0xfc,0x4f,0x80,0x00,0x00,0x0f,0xc4,0xf8,0x00,0x00,0x00,0xfc,0x4f,
0x80,0x00,0x00,0x0f,0xc4,0xf8,0x00,0x00,0x00,0xfc,0x4f,0x80,0x00,0x00,0x0f,0xc4,0xfc,0x77,0x77,0x77,
0xfc,0x4f,0xff,0xff,0xff,0xff,0xc0,0x00,0x00,0xf8,0x00,0x00,0x00,0x00,0x0f,0x80,0x00,0x00,0x00,0x00,
0xf8,0x00,0x00,0x00,0x00,0x1f,0xf5,0x00,0x00,0x00,0x00,0x06,0xfd,0xb0,0x00,0x00,0x00,0x00,0xcb,0x6f,
0x20,0x00,0x00,0x00,0x3f,0x61,0xf8,0x00,0x00,0x00,0x09,0xe1,0x0a,0xd0,0x00,0x00,0x00,0xe9,0x00,0x5f,
0x40,0x00,0x00,0x5f,0x40,0x00,0xea,0x00,0x00,0x0b,0xe2,0x22,0x2a,0xf1,0x00,0x02,0xff,0xff,0xff,0xff,
0x70,0x00,0x8f,0x65,0x55,0x55,0xdc,0x00,0x0d,0xc0,0x00,0x00,0x07,0xf3,0x04,0xf7,0x00,0x00,0x00,0x3f,
0x90,0xaf,0x30,0x00,0x00,0x00,0xde,0x10,0x4f,0xff,0xff,0xff,0xf2,0x04,0xfb,0x77,0x77,0x77,0x10,0x4f,
0x80,0x00,0x00,0x00,0x04,0xf8,0x00,0x00,0x00,0x00,0x4f,0x92,0x22,0x10,0x00,0x04,0xff,0xff,0xff,0xc5,
0x00,0x4f,0xa5,0x55,0x7e,0xf6,0x04,0xf8,0x00,0x00,0x2f,0xd0,0x4f,0x80,0x00,0x00,0xdf,0x14,0xf8,0x00,
0x00,0x0d,0xf1,0x4f,0x80,0x00,0x04,0xfd,0x04,0xfb,0x77,0x79,0xff,0x50,0x4f,0xff,0xff,0xeb,0x40,0x00,
0x4f,0xff,0xff,0xd9,0x20,0x04,0xfb,0x77,0x7a,0xfe,0x20,0x4f,0x80,0x00,0x07,0xf7,0x04,0xf8,0x00,0x00,
0x5f,0x70,0x4f,0x92,0x22,0x5d,0xe2,0x04,0xff,0xff,0xff,0xd2,0x00,0x4f,0xa4,0x45,0x7d,0xd2,0x04,0xf8,
0x00,0x00,0x2f,0xb0,0x4f,0x80,0x00,0x00,0xdf,0x04,0xf8,0x00,0x00,0x0d,0xf1,0x4f,0x80,0x00,0x04,0xfd,
0x04,0xfb,0x77,0x79,0xff,0x50,0x4f,0xff,0xff,0xeb,0x40,0x00,0x4f,0xff,0xff,0xff,0xe4,0xfc,0x77,0x77,
0x77,0x4f,0x80,0x00,0x00,0x04,0xf8,0x00,0x00,0x00,0x4f,0x80,0x00,0x00,0x04,0xf8,0x00,0x00,0x00,0x4f,
0x80,0x00,0x00,0x04,0xf8,0x00,0x00,0x00,0x4f,0x80,0x00,0x00,0x04,0xf8,0x00,0x00,0x00,0x4f,0x80,0x00,
0x00,0x04,0xf8,0x00,0x00,0x00,0x4f,0x80,0x00,0x00,0x00,0x00,0x02,0xff,0xff,0xff,0xfa,0x00,0x00,0x02,
0xfc,0x77,0x78,0xfa,0x00,0x00,0x02,0xfa,0x00,0x01,0xfa,0x00,0x00,0x02,0xf9,0x00,0x01,0xfa,0x00,0x00,
0x03,0xf9,0x00,0x01,0xfa,0x00,0x00,0x04,0xf8,0x00,0x01,0xfa,0x00,0x00,0x05,0xf7,0x00,0x01,0xfa,0x00,
0x00,0x07,0xf5,0x00,0x01,0xfa,0x00,0x00,0x09,0xf3,0x00,0x01,0xfa,0x00,0x00,0x0d,0xe0,0x00,0x01,0xfa,
0x00,0x00,0x5f,0xa0,0x00,0x01,0xfa,0x00,0x18,0xff,0x97,0x77,0x78,0xfd,0x71,0x2f,0xff,0xff,0xff,0xff,
0xff,0xf3,0x2f,0x60,0x00,0x00,0x00,0x05,0xf3,0x2f,0x60,0x00,0x00,0x00,0x05,0xf3,0x1c,0x40,0x00,0x00,
0x00,0x04,0xc2,0x4f,0xff,0xff,0xff,0xf1,0x4f,0xc7,0x77,0x77,0x70,0x4f,0x80,0x00,0x00,0x00,0x4f,0x80,
0x00,0x00,0x00,0x4f,0x92,0x22,0x22,0x20,0x4f,0xff,0xff,0xff,0xc0,0x4f,0xa5,0x55,0x55,0x40,0x4f,0x80,
0x00,0x00,0x00,0x4f,0x80,0x00,0x00,0x00,0x4f,0x80,0x00,0x00,0x00,0x4f,0x80,0x00,0x00,0x00,0x4f,0xc7,
0x77,0x77,0x72,0x4f,0xff,0xff,0xff,0xf3,0x1c,0xf4,0x00,0x00,0x3f,0x90,0x00,0x01,0xcf,0x40,0x01,0xdf,
0x40,0x00,0x3f,0x90,0x00,0x1c,0xf5,0x00,0x00,0x2d,0xe3,0x00,0x3f,0x90,0x00,0xbf,0x60,0x00,0x00,0x02,
0xee,0x20,0x3f,0x90,0x0a,0xf7,0x00,0x00,0x00,0x00,0x3e,0xd2,0x3f,0x90,0x9f,0x80,0x00,0x00,0x00,0x00,
0x0c,0xfd,0x4f,0x98,0xff,0x30,0x00,0x00,0x00,0x00,0x7f,0x9f,0xef,0xef,0xae,0xc0,0x00,0x00,0x00,0x02,
0xeb,0x05,0xff,0xfb,0x06,0xf7,0x00,0x00,0x00,0x0b,0xf2,0x00,0x7f,0xc1,0x00,0xbf,0x20,0x00,0x00,0x6f,
0x70,0x00,0x3f,0x90,0x00,0x2e,0xb0,0x00,0x01,0xec,0x00,0x00,0x3f,0x90,0x00,0x07,0xf6,0x00,0x0a,0xf3,
0x00,0x00,0x3f,0x90,0x00,0x00,0xce,0x20,0x5f,0x80,0x00,0x00,0x3f,0x90,0x00,0x00,0x2f,0xb0,0x5a,0xdf,
0xed,0xa4,0x00,0xad,0x98,0x89,0xdf,0x70,0x10,0x00,0x00,0x1e,0xe0,0x00,0x00,0x00,0x0c,0xe0,0x00,0x12,
0x23,0x9f,0x70,0x00,0x8f,0xff,0xe5,0x00,0x00,0x35,0x57,0xdf,0x60,0x00,0x00,0x00,0x0c,0xf1,0x00,0x00,
0x00,0x07,0xf5,0x00,0x00,0x00,0x08,0xf4,0x61,0x00,0x00,0x2e,0xe1,0xce,0xa8,0x8a,0xff,0x50,0x49,0xde,
0xfd,0x92,0x00,0x4f,0x70,0x00,0x01,0xef,0xb4,0xf7,0x00,0x00,0x7f,0xfb,0x4f,0x70,0x00,0x1e,0xcf,0xb4,
0xf7,0x00,0x08,0xf4,0xfb,0x4f,0x70,0x02,0xfa,0x0f,0xb4,0xf7,0x00,0xaf,0x30,0xfb,0x4f,0x70,0x3f,0x90,
0x0f,0xb4,0xf7,0x0b,0xf2,0x00,0xfb,0x4f,0x74,0xf8,0x00,0x0f,0xb4,0xf7,0xce,0x10,0x00,0xfb,0x4f,0xcf,
0x70,0x00,0x0f,0xb4,0xff,0xe1,0x00,0x00,0xfb,0x4f,0xf6,0x00,0x00,0x0f,0xb0,0x00,0x07,0x20,0x16,0x20,
0x00,0x00,0x8f,0xff,0xb1,0x00,0x00,0x00,0x12,0x10,0x00,0x00,0x00,0x00,0x00,0x00,0x00,0x4f,0x70,0x00,
0x01,0xef,0xb4,0xf7,0x00,0x00,0x7f,0xfb,0x4f,0x70,0x00,0x1e,0xcf,0xb4,0xf7,0x00,0x08,0xf4,0xfb,0x4f,
0x70,0x02,0xfa,0x0f,0xb4,0xf7,0x00,0xaf,0x30,0xfb,0x4f,0x70,0x3f,0x90,0x0f,0xb4,0xf7,0x0b,0xf2,0x00,
0xfb,0x4f,0x74,0xf8,0x00,0x0f,0xb4,0xf7,0xce,0x10,0x00,0xfb,0x4f,0xcf,0x70,0x00,0x0f,0xb4,0xff,0xe1,
0x00,0x00,0xfb,0x4f,0xf6,0x00,0x00,0x0f,0xb0,0x4f,0x80,0x00,0x00,0x9f,0xa0,0x4f,0x80,0x00,0x09,0xfa,
0x00,0x4f,0x80,0x00,0x9f,0xa0,0x00,0x4f,0x80,0x08,0xfa,0x00,0x00,0x4f,0x80,0x8f,0xb0,0x00,0x00,0x4f,
0x88,0xff,0x50,0x00,0x00,0x4f,0xef,0xbd,0xe1,0x00,0x00,0x4f,0xfb,0x04,0xfa,0x00,0x00,0x4f,0xc1,0x00,
0x8f,0x60,0x00,0x4f,0x80,0x00,0x1d,0xe2,0x00,0x4f,0x80,0x00,0x03,0xfb,0x00,0x4f,0x80,0x00,0x00,0x8f,
0x60,0x4f,0x80,0x00,0x00,0x0c,0xe2,0x00,0x01,0xff,0xff,0xff,0xfc,0x00,0x01,0xfd,0x77,0x77,0xfc,0x00,
0x01,0xfb,0x00,0x00,0xfc,0x00,0x01,0xfb,0x00,0x00,0xfc,0x00,0x01,0xfa,0x00,0x00,0xfc,0x00,0x02,0xfa,
0x00,0x00,0xfc,0x00,0x03,0xf8,0x00,0x00,0xfc,0x00,0x05,0xf7,0x00,0x00,0xfc,0x00,0x08,0xf4,0x00,0x00,
0xfc,0x00,0x0c,0xf1,0x00,0x00,0xfc,0x00,0x6f,0xb0,0x00,0x00,0xfc,0x2b,0xfd,0x20,0x00,0x00,0xfc,0x4c,
0x81,0x00,0x00,0x00,0xfc,0x4f,0xf9,0x00,0x00,0x01,0xff,0xc4,0xff,0xe1,0x00,0x00,0x7f,0xfc,0x4f,0xaf,
0x50,0x00,0x0c,0xae,0xc4,0xf7,0xcb,0x00,0x03,0xf5,0xec,0x4f,0x76,0xf2,0x00,0x9e,0x0e,0xc4,0xf7,0x1e,
0x70,0x0e,0x80,0xec,0x4f,0x70,0xad,0x05,0xf3,0x0e,0xc4,0xf7,0x04,0xf4,0xbc,0x00,0xec,0x4f,0x70,0x0d,
0xbf,0x60,0x0e,0xc4,0xf7,0x00,0x8f,0xf1,0x00,0xec,0x4f,0x70,0x02,0x86,0x00,0x0e,0xc4,0xf7,0x00,0x00,
0x00,0x00,0xec,0x4f,0x70,0x00,0x00,0x00,0x0e,0xc0,0x4f,0x80,0x00,0x00,0x0f,0xc4,0xf8,0x00,0x00,0x00,
0xfc,0x4f,0x80,0x00,0x00,0x0f,0xc4,0xf8,0x00,0x00,0x00,0xfc,0x4f,0x92,0x22,0x22,0x2f,0xc4,0xff,0xff,
0xff,0xff,0xfc,0x4f,0xa5,0x55,0x55,0x5f,0xc4,0xf8,0x00,0x00,0x00,0xfc,0x4f,0x80,0x00,0x00,0x0f,0xc4,
0xf8,0x00,0x00,0x00,0xfc,0x4f,0x80,0x00,0x00,0x0f,0xc4,0xf8,0x00,0x00,0x00,0xfc,0x4f,0x80,0x00,0x00,
0x0f,0xc0,0x00,0x17,0xce,0xed,0x81,0x00,0x00,0x2d,0xfb,0x77,0xaf,0xe4,0x00,0x0d,0xf5,0x00,0x00,0x3e,
0xe2,0x06,0xf9,0x00,0x00,0x00,0x6f,0x90,0xbf,0x20,0x00,0x00,0x00,0xee,0x0e,0xe0,0x00,0x00,0x00,0x0c,
0xf1,0xfe,0x00,0x00,0x00,0x00,0xbf,0x2e,0xe0,0x00,0x00,0x00,0x0c,0xf1,0xbf,0x20,0x00,0x00,0x00,0xee,
0x06,0xf9,0x00,0x00,0x00,0x6f,0x90,0x1d,0xf5,0x00,0x00,0x3e,0xe2,0x00,0x2d,0xfb,0x77,0xaf,0xe4,0x00,
0x00,0x17,0xce,0xfd,0x82,0x00,0x00,0x4f,0xff,0xff,0xff,0xff,0xc4,0xfc,0x77,0x77,0x77,0xfc,0x4f,0x80,
0x00,0x00,0x0f,0xc4,0xf8,0x00,0x00,0x00,0xfc,0x4f,0x80,0x00,0x00,0x0f,0xc4,0xf8,0x00,0x00,0x00,0xfc,
0x4f,0x80,0x00,0x00,0x0f,0xc4,0xf8,0x00,0x00,0x00,0xfc,0x4f,0x80,0x00,0x00,0x0f,0xc4,0xf8,0x00,0x00,
0x00,0xfc,0x4f,0x80,0x00,0x00,0x0f,0xc4,0xf8,0x00,0x00,0x00,0xfc,0x4f,0x80,0x00,0x00,0x0f,0xc0,0x4f,
0xff,0xfe,0xc7,0x00,0x4f,0xb7,0x78,0xdf,0x90,0x4f,0x80,0x00,0x1e,0xf1,0x4f,0x80,0x00,0x0a,0xf3,0x4f,
0x80,0x00,0x0c,0xf2,0x4f,0x92,0x23,0x9f,0xc0,0x4f,0xff,0xff,0xfb,0x20,0x4f,0xa5,0x54,0x20,0x00,0x4f,
0x80,0x00,0x00,0x00,0x4f,0x80,0x00,0x00,0x00,0x4f,0x80,0x00,0x00,0x00,0x4f,0x80,0x00,0x00,0x00,0x4f,
0x80,0x00,0x00,0x00,0x00,0x16,0xbe,0xfe,0xb5,0x00,0x2d,0xfc,0x87,0x8c,0xf8,0x0d,0xf6,0x00,0x00,0x04,
0x76,0xf9,0x00,0x00,0x00,0x00,0xbf,0x20,0x00,0x00,0x00,0x0e,0xe0,0x00,0x00,0x00,0x00,0xfe,0x00,0x00,
0x00,0x00,0x0e,0xe0,0x00,0x00,0x00,0x00,0xbf,0x20,0x00,0x00,0x00,0x06,0xf9,0x00,0x00,0x00,0x00,0x0d,
0xf6,0x00,0x00,0x04,0x70,0x2d,0xfc,0x87,0x8c,0xf8,0x00,0x17,0xbe,0xfe,0xb5,0x00,0x1f,0xff,0xff,0xff,
0xff,0xff,0x10,0x77,0x77,0xaf,0xa7,0x77,0x70,0x00,0x00,0x06,0xf6,0x00,0x00,0x00,0x00,0x00,0x6f,0x60,
0x00,0x00,0x00,0x00,0x06,0xf6,0x00,0x00,0x00,0x00,0x00,0x6f,0x60,0x00,0x00,0x00,0x00,0x06,0xf6,0x00,
0x00,0x00,0x00,0x00,0x6f,0x60,0x00,0x00,0x00,0x00,0x06,0xf6,0x00,0x00,0x00,0x00,0x00,0x6f,0x60,0x00,
0x00,0x00,0x00,0x06,0xf6,0x00,0x00,0x00,0x00,0x00,0x6f,0x60,0x00,0x00,0x00,0x00,0x06,0xf6,0x00,0x00,
0x00,0x7f,0x60,0x00,0x00,0x7f,0x71,0xfd,0x00,0x00,0x0d,0xe1,0x09,0xf4,0x00,0x05,0xf9,0x00,0x3f,0xb0,
0x00,0xbf,0x20,0x00,0xcf,0x20,0x3f,0xb0,0x00,0x05,0xf8,0x09,0xf4,0x00,0x00,0x0d,0xe2,0xfd,0x00,0x00,
0x00,0x7f,0xdf,0x70,0x00,0x00,0x01,0xff,0xe1,0x00,0x00,0x00,0x0a,0xf9,0x00,0x00,0x00,0x00,0xcf,0x20,
0x00,0x00,0x28,0xaf,0xa0,0x00,0x00,0x04,0xfe,0xa1,0x00,0x00,0x00,0x00,0x00,0x02,0xfa,0x00,0x00,0x00,
0x00,0x05,0x9c,0xfe,0xa7,0x20,0x00,0x03,0xdf,0xec,0xfe,0xdf,0xf9,0x00,0x2e,0xe6,0x02,0xfa,0x02,0xbf,
0x90,0x9f,0x60,0x02,0xfa,0x00,0x1d,0xf2,0xdf,0x10,0x02,0xfa,0x00,0x09,0xf5,0xef,0x00,0x02,0xfa,0x00,
0x07,0xf6,0xcf,0x20,0x02,0xfa,0x00,0x0a,0xf5,0x7f,0x90,0x02,0xfa,0x00,0x2f,0xe1,0x1c,0xfb,0x43,0xfa,
0x37,0xef,0x50,0x01,0x8e,0xff,0xff,0xff,0xc4,0x00,0x00,0x01,0x47,0xfc,0x52,0x00,0x00,0x00,0x00,0x02,
0xfa,0x00,0x00,0x00,0x08,0xf6,0x00,0x00,0x0b,0xf3,0x00,0xce,0x20,0x00,0x7f,0x70,0x00,0x3f,0xb0,0x02,
0xec,0x00,0x00,0x08,0xf6,0x0c,0xf2,0x00,0x00,0x00,0xce,0x9f,0x70,0x00,0x00,0x00,0x3f,0xfb,0x00,0x00,
0x00,0x00,0x2e,0xf7,0x00,0x00,0x00,0x00,0xbf,0xde,0x20,0x00,0x00,0x06,0xf7,0x3f,0xb0,0x00,0x00,0x2e,
0xc0,0x07,0xf6,0x00,0x00,0xcf,0x20,0x00,0xce,0x20,0x07,0xf7,0x00,0x00,0x3f,0xb0,0x2f,0xc0,0x00,0x00,
0x07,0xf6,0x4f,0x80,0x00,0x00,0x0f,0xc0,0x04,0xf8,0x00,0x00,0x00,0xfc,0x00,0x4f,0x80,0x00,0x00,0x0f,
0xc0,0x04,0xf8,0x00,0x00,0x00,0xfc,0x00,0x4f,0x80,0x00,0x00,0x0f,0xc0,0x04,0xf8,0x00,0x00,0x00,0xfc,
0x00,0x4f,0x80,0x00,0x00,0x0f,0xc0,0x04,0xf8,0x00,0x00,0x00,0xfc,0x00,0x4f,0x80,0x00,0x00,0x0f,0xc0,
0x04,0xf8,0x00,0x00,0x00,0xfc,0x00,0x4f,0x80,0x00,0x00,0x0f,0xc0,0x04,0xfc,0x77,0x77,0x77,0xfd,0x72,
0x4f,0xff,0xff,0xff,0xff,0xff,0x40,0x00,0x00,0x00,0x00,0x04,0xf4,0x00,0x00,0x00,0x00,0x00,0x4f,0x40,
0x00,0x00,0x00,0x00,0x03,0xc3,0x7f,0x50,0x00,0x03,0xf9,0x7f,0x50,0x00,0x03,0xf9,0x7f,0x50,0x00,0x03,
0xf9,0x7f,0x50,0x00,0x03,0xf9,0x5f,0x80,0x00,0x03,0xf9,0x1e,0xe6,0x22,0x25,0xf9,0x04,0xef,0xff,0xff,
0xf9,0x00,0x13,0x55,0x57,0xf9,0x00,0x00,0x00,0x03,0xf9,0x00,0x00,0x00,0x03,0xf9,0x00,0x00,0x00,0x03,
0xf9,0x00,0x00,0x00,0x03,0xf9,0x00,0x00,0x00,0x03,0xf9,0x4f,0x80,0x00,0x04,0xf8,0x00,0x00,0x4f,0x74,
0xf8,0x00,0x00,0x4f,0x80,0x00,0x04,0xf7,0x4f,0x80,0x00,0x04,0xf8,0x00,0x00,0x4f,0x74,0xf8,0x00,0x00,
0x4f,0x80,0x00,0x04,0xf7,0x4f,0x80,0x00,0x04,0xf8,0x00,0x00,0x4f,0x74,0xf8,0x00,0x00,0x4f,0x80,0x00,
0x04,0xf7,0x4f,0x80,0x00,0x04,0xf8,0x00,0x00,0x4f,0x74,0xf8,0x00,0x00,0x4f,0x80,0x00,0x04,0xf7,0x4f,
0x80,0x00,0x04,0xf8,0x00,0x00,0x4f,0x74,0xf8,0x00,0x00,0x4f,0x80,0x00,0x04,0xf7,0x4f,0x80,0x00,0x04,
0xf8,0x00,0x00,0x4f,0x74,0xfc,0x77,0x77,0x9f,0xb7,0x77,0x7a,0xf7,0x4f,0xff,0xff,0xff,0xff,0xff,0xff,
0xff,0x70,0x4f,0x80,0x00,0x04,0xf8,0x00,0x00,0x4f,0x70,0x4f,0x80,0x00,0x04,0xf8,0x00,0x00,0x4f,0x70,
0x4f,0x80,0x00,0x04,0xf8,0x00,0x00,0x4f,0x70,0x4f,0x80,0x00,0x04,0xf8,0x00,0x00,0x4f,0x70,0x4f,0x80,
0x00,0x04,0xf8,0x00,0x00,0x4f,0x70,0x4f,0x80,0x00,0x04,0xf8,0x00,0x00,0x4f,0x70,0x4f,0x80,0x00,0x04,
0xf8,0x00,0x00,0x4f,0x70,0x4f,0x80,0x00,0x04,0xf8,0x00,0x00,0x4f,0x70,0x4f,0x80,0x00,0x04,0xf8,0x00,
0x00,0x4f,0x70,0x4f,0x80,0x00,0x04,0xf8,0x00,0x00,0x4f,0x70,0x4f,0x80,0x00,0x04,0xf8,0x00,0x00,0x4f,
0x70,0x4f,0xc7,0x77,0x79,0xfb,0x77,0x77,0xaf,0xb7,0x4f,0xff,0xff,0xff,0xff,0xff,0xff,0xff,0xff,0x00,
0x00,0x00,0x00,0x00,0x00,0x00,0x00,0x8f,0x00,0x00,0x00,0x00,0x00,0x00,0x00,0x00,0x8f,0x00,0x00,0x00,
0x00,0x00,0x00,0x00,0x00,0x6c,0x7f,0xff,0xff,0x30,0x00,0x00,0x00,0x37,0x77,0xcf,0x30,0x00,0x00,0x00,
0x00,0x00,0x9f,0x30,0x00,0x00,0x00,0x00,0x00,0x9f,0x30,0x00,0x00,0x00,0x00,0x00,0x9f,0x42,0x21,0x00,
0x00,0x00,0x00,0x9f,0xff,0xff,0xfa,0x20,0x00,0x00,0x9f,0x65,0x56,0x9f,0xe1,0x00,0x00,0x9f,0x30,0x00,
0x08,0xf8,0x00,0x00,0x9f,0x30,0x00,0x03,0xfa,0x00,0x00,0x9f,0x30,0x00,0x04,0xfa,0x00,0x00,0x9f,0x30,
0x00,0x09,0xf7,0x00,0x00,0x9f,0x87,0x78,0xbf,0xd1,0x00,0x00,0x9f,0xff,0xff,0xd9,0x10,0x4f,0x80,0x00,
0x00,0x00,0x0a,0xf2,0x4f,0x80,0x00,0x00,0x00,0x0a,0xf2,0x4f,0x80,0x00,0x00,0x00,0x0a,0xf2,0x4f,0x80,
0x00,0x00,0x00,0x0a,0xf2,0x4f,0x92,0x22,0x10,0x00,0x0a,0xf2,0x4f,0xff,0xff,0xfc,0x50,0x0a,0xf2,0x4f,
0xa5,0x55,0x7e,0xf6,0x0a,0xf2,0x4f,0x80,0x00,0x02,0xfd,0x0a,0xf2,0x4f,0x80,0x00,0x00,0xdf,0x1a,0xf2,
0x4f,0x80,0x00,0x00,0xdf,0x0a,0xf2,0x4f,0x80,0x00,0x04,0xfc,0x0a,0xf2,0x4f,0xb7,0x77,0x9f,0xf5,0x0a,
0xf2,0x4f,0xff,0xff,0xeb,0x40,0x0a,0xf2,0x4f,0x80,0x00,0x00,0x00,0x04,0xf8,0x00,0x00,0x00,0x00,0x4f,
0x80,0x00,0x00,0x00,0x04,0xf8,0x00,0x00,0x00,0x00,0x4f,0x92,0x22,0x10,0x00,0x04,0xff,0xff,0xff,0xc5,
0x00,0x4f,0xa5,0x55,0x7e,0xf6,0x04,0xf8,0x00,0x00,0x2f,0xd0,0x4f,0x80,0x00,0x00,0xdf,0x14,0xf8,0x00,
0x00,0x0d,0xf0,0x4f,0x80,0x00,0x04,0xfc,0x04,0xfb,0x77,0x79,0xff,0x50,0x4f,0xff,0xff,0xeb,0x40,0x00,
0x02,0x8c,0xef,0xda,0x30,0x00,0x0e,0xea,0x77,0x9e,0xf8,0x00,0x0a,0x10,0x00,0x01,0xbf,0x60,0x00,0x00,
0x00,0x00,0x1e,0xe1,0x00,0x00,0x00,0x00,0x09,0xf5,0x00,0x12,0x22,0x22,0x27,0xf7,0x00,0x5f,0xff,0xff,
0xff,0xf8,0x00,0x25,0x55,0x55,0x59,0xf7,0x00,0x00,0x00,0x00,0x09,0xf5,0x00,0x00,0x00,0x00,0x1e,0xe1,
0x09,0x10,0x00,0x00,0xaf,0x70,0x0e,0xea,0x77,0x9d,0xf8,0x00,0x01,0x8c,0xef,0xda,0x30,0x00,0x2f,0x90,
0x00,0x00,0x5b,0xef,0xda,0x30,0x00,0x2f,0x90,0x00,0x0b,0xfd,0x87,0x9e,0xf7,0x00,0x2f,0x90,0x00,0x9f,
0x90,0x00,0x01,0xcf,0x50,0x2f,0x90,0x02,0xfc,0x00,0x00,0x00,0x2f,0xd0,0x2f,0x90,0x07,0xf6,0x00,0x00,
0x00,0x0b,0xf3,0x2f,0xa2,0x2a,0xf3,0x00,0x00,0x00,0x08,0xf5,0x2f,0xff,0xff,0xf2,0x00,0x00,0x00,0x07,
0xf6,0x2f,0xb5,0x5c,0xf3,0x00,0x00,0x00,0x08,0xf5,0x2f,0x90,0x08,0xf6,0x00,0x00,0x00,0x0b,0xf3,0x2f,
0x90,0x03,0xfc,0x00,0x00,0x00,0x2f,0xd0,0x2f,0x90,0x00,0x9f,0x90,0x00,0x01,0xcf,0x50,0x2f,0x90,0x00,
0x1b,0xfd,0x87,0x9e,0xf7,0x00,0x2f,0x90,0x00,0x00,0x6b,0xef,0xda,0x30,0x00,0x00,0x7c,0xef,0xff,0xfb,
0x0a,0xfd,0x87,0x77,0xfb,0x3f,0xd1,0x00,0x00,0xfb,0x5f,0xa0,0x00,0x00,0xfb,0x4f,0xc0,0x00,0x00,0xfb,
0x0c,0xf9,0x32,0x22,0xfb,0x01,0x9e,0xff,0xff,0xfb,0x00,0x07,0xf9,0x55,0xfb,0x00,0x2e,0xd0,0x00,0xfb,
0x00,0xaf,0x40,0x00,0xfb,0x04,0xfa,0x00,0x00,0xfb,0x0d,0xe1,0x00,0x00,0xfb,0x7f,0x60,0x00,0x00,0xfb,
0x18,0xce,0xfd,0x70,0x03,0xe9,0x66,0xbf,0x90,0x00,0x00,0x00,0x9f,0x20,0x00,0x00,0x04,0xf5,0x06,0xcf,
0xff,0xff,0x67,0xfa,0x54,0x36,0xf6,0xdc,0x00,0x00,0x6f,0x6d,0xd0,0x00,0x0c,0xf6,0x8f,0xa6,0x7d,0xcf,
0x60,0x8d,0xfd,0x74,0xf6,0x00,0x00,0x00,0x01,0x20,0x00,0x00,0x3a,0xef,0xff,0x30,0x00,0x6f,0xd7,0x44,
0x40,0x00,0x3f,0xb1,0x00,0x00,0x00,0x0a,0xe1,0x00,0x00,0x00,0x00,0xeb,0x8d,0xfe,0x92,0x00,0x0f,0xff,
0xa6,0x9f,0xe2,0x00,0xff,0x70,0x00,0x5f,0x90,0x0e,0xf1,0x00,0x00,0xce,0x00,0xed,0x00,0x00,0x0a,0xf1,
0x0d,0xd0,0x00,0x00,0xaf,0x10,0xbf,0x10,0x00,0x0c,0xe0,0x06,0xf7,0x00,0x05,0xf9,0x00,0x0c,0xfa,0x68,
0xfe,0x20,0x00,0x18,0xdf,0xe9,0x20,0x00,0x5f,0xff,0xfd,0xa2,0x05,0xf7,0x45,0x7e,0xc0,0x5f,0x40,0x00,
0x9f,0x05,0xf4,0x11,0x4d,0xb0,0x5f,0xff,0xff,0xc2,0x05,0xf6,0x44,0x6d,0xd1,0x5f,0x40,0x00,0x4f,0x75,
0xf4,0x00,0x04,0xf7,0x5f,0x74,0x46,0xdf,0x35,0xff,0xff,0xeb,0x30,0x5f,0xff,0xff,0xf9,0x5f,0x74,0x44,
0x42,0x5f,0x40,0x00,0x00,0x5f,0x40,0x00,0x00,0x5f,0x40,0x00,0x00,0x5f,0x40,0x00,0x00,0x5f,0x40,0x00,
0x00,0x5f,0x40,0x00,0x00,0x5f,0x40,0x00,0x00,0x5f,0x40,0x00,0x00,0x00,0x07,0xff,0xff,0xff,0x30,0x00,
0x07,0xf6,0x44,0x9f,0x30,0x00,0x07,0xf3,0x00,0x6f,0x30,0x00,0x07,0xf2,0x00,0x6f,0x30,0x00,0x09,0xf1,
0x00,0x6f,0x30,0x00,0x0b,0xe0,0x00,0x6f,0x30,0x00,0x0e,0xb0,0x00,0x6f,0x30,0x00,0x4f,0x70,0x00,0x6f,
0x30,0x05,0xdf,0x54,0x44,0x9f,0x72,0x1f,0xff,0xff,0xff,0xff,0xf8,0x1f,0x40,0x00,0x00,0x00,0xc8,0x1f,
0x40,0x00,0x00,0x00,0xc8,0x07,0x20,0x00,0x00,0x00,0x54,0x00,0x7d,0xfe,0xb3,0x00,0x0b,0xf9,0x67,0xde,
0x30,0x7f,0x50,0x00,0x1d,0xb0,0xcd,0x00,0x00,0x09,0xf0,0xef,0xff,0xff,0xff,0xf1,0xfc,0x33,0x33,0x33,
0x30,0xce,0x00,0x00,0x00,0x00,0x7f,0x80,0x00,0x00,0x10,0x0b,0xfb,0x76,0x8c,0xb0,0x00,0x6c,0xee,0xda,
0x40,0x06,0xf7,0x00,0x0b,0xe0,0x00,0x4f,0x90,0x00,0x7f,0x60,0x0b,0xe0,0x03,0xea,0x00,0x00,0x09,0xf4,
0x0b,0xe0,0x2e,0xb1,0x00,0x00,0x00,0xae,0x3b,0xe2,0xdd,0x10,0x00,0x00,0x00,0xcf,0xed,0xed,0xfe,0x10,
0x00,0x00,0x07,0xf5,0xcf,0xfe,0x4e,0xa0,0x00,0x00,0x2e,0xa0,0x1d,0xf3,0x06,0xf5,0x00,0x00,0xbe,0x10,
0x0b,0xe0,0x00,0xbd,0x10,0x06,0xf5,0x00,0x0b,0xe0,0x00,0x2e,0x90,0x2e,0xa0,0x00,0x0b,0xe0,0x00,0x07,
0xf4,0x5c,0xef,0xda,0x20,0x6a,0x76,0x9e,0xd0,0x00,0x00,0x07,0xf3,0x00,0x11,0x3c,0xd1,0x00,0xef,0xfc,
0x20,0x00,0x34,0x6d,0xc1,0x00,0x00,0x03,0xf6,0x00,0x00,0x04,0xf7,0xa8,0x66,0x8e,0xe2,0x8d,0xee,0xd9,
0x20,0x5f,0x40,0x00,0x5f,0xf1,0x5f,0x40,0x00,0xdf,0xf1,0x5f,0x40,0x07,0xfb,0xf1,0x5f,0x40,0x2e,0x88,
0xf1,0x5f,0x40,0xae,0x18,0xf1,0x5f,0x44,0xf5,0x08,0xf1,0x5f,0x4d,0xc0,0x08,0xf1,0x5f,0xaf,0x30,0x08,
0xf1,0x5f,0xf9,0x00,0x08,0xf1,0x5f,0xe1,0x00,0x08,0xf1,0x00,0x92,0x00,0x66,0x00,0x00,0x9b,0x45,0xe4,
0x00,0x00,0x1a,0xee,0x80,0x00,0x00,0x00,0x00,0x00,0x00,0x5f,0x40,0x00,0x5f,0xf1,0x5f,0x40,0x00,0xdf,
0xf1,0x5f,0x40,0x07,0xfb,0xf1,0x5f,0x40,0x2e,0x88,0xf1,0x5f,0x40,0xae,0x18,0xf1,0x5f,0x44,0xf5,0x08,
0xf1,0x5f,0x4d,0xc0,0x08,0xf1,0x5f,0xaf,0x30,0x08,0xf1,0x5f,0xf9,0x00,0x08,0xf1,0x5f,0xe1,0x00,0x08,
0xf1,0x5f,0x40,0x00,0xaf,0x50,0x5f,0x40,0x0a,0xf5,0x00,0x5f,0x40,0x9f,0x50,0x00,0x5f,0x49,0xf6,0x00,
0x00,0x5f,0xbf,0xf7,0x00,0x00,0x5f,0xf7,0xaf,0x30,0x00,0x5f,0x80,0x1d,0xc0,0x00,0x5f,0x40,0x04,0xf8,
0x00,0x5f,0x40,0x00,0x9f,0x40,0x5f,0x40,0x00,0x1d,0xd1,0x00,0x0a,0xff,0xff,0xff,0x00,0x00,0xaf,0x44,
0x4b,0xf0,0x00,0x0a,0xe0,0x00,0x9f,0x00,0x00,0xae,0x00,0x09,0xf0,0x00,0x0b,0xd0,0x00,0x9f,0x00,0x00,
0xdc,0x00,0x09,0xf0,0x00,0x1f,0x90,0x00,0x9f,0x00,0x06,0xf5,0x00,0x09,0xf0,0x29,0xfc,0x00,0x00,0x9f,
0x05,0xd8,0x10,0x00,0x09,0xf0,0x5f,0xf3,0x00,0x00,0x9f,0xe5,0xfe,0x90,0x00,0x1e,0xee,0x5f,0x9f,0x10,
0x07,0xeb,0xe5,0xf4,0xe7,0x00,0xd8,0xae,0x5f,0x48,0xd0,0x4f,0x2a,0xe5,0xf4,0x2f,0x4b,0xa0,0xae,0x5f,
0x40,0xac,0xf4,0x0a,0xe5,0xf4,0x04,0xfd,0x00,0xae,0x5f,0x40,0x01,0x10,0x0a,0xe5,0xf4,0x00,0x00,0x00,
0xae,0x5f,0x40,0x00,0x07,0xf2,0x5f,0x40,0x00,0x07,0xf2,0x5f,0x40,0x00,0x07,0xf2,0x5f,0x41,0x11,0x18,
0xf2,0x5f,0xff,0xff,0xff,0xf2,0x5f,0x74,0x44,0x49,0xf2,0x5f,0x40,0x00,0x07,0xf2,0x5f,0x40,0x00,0x07,
0xf2,0x5f,0x40,0x00,0x07,0xf2,0x5f,0x40,0x00,0x07,0xf2,0x01,0x9d,0xfd,0x91,0x00,0x1d,0xf9,0x69,0xfd,
0x10,0x8f,0x60,0x00,0x6f,0x80,0xde,0x00,0x00,0x0e,0xd0,0xfb,0x00,0x00,0x0b,0xf0,0xfb,0x00,0x00,0x0b,
0xf0,0xde,0x00,0x00,0x0e,0xd0,0x8f,0x60,0x00,0x6f,0x80,0x1d,0xf9,0x69,0xfd,0x10,0x01,0x9d,0xfd,0x91,
0x00,0x5f,0xff,0xff,0xff,0xf2,0x5f,0x74,0x44,0x49,0xf2,0x5f,0x40,0x00,0x07,0xf2,0x5f,0x40,0x00,0x07,
0xf2,0x5f,0x40,0x00,0x07,0xf2,0x5f,0x40,0x00,0x07,0xf2,0x5f,0x40,0x00,0x07,0xf2,0x5f,0x40,0x00,0x07,
0xf2,0x5f,0x40,0x00,0x07,0xf2,0x5f,0x40,0x00,0x07,0xf2,0x5f,0x58,0xdf,0xc5,0x00,0x5f,0xda,0x33,0x9f,
0x50,0x5f,0xc0,0x00,0x0c,0xe0,0x5f,0x70,0x00,0x06,0xf4,0x5f,0x50,0x00,0x04,0xf6,0x5f,0x50,0x00,0x05,
0xf6,0x5f,0x80,0x00,0x07,0xf4,0x5f,0xe1,0x00,0x1d,0xe0,0x5f,0xcd,0x77,0xdf,0x60,0x5f,0x48,0xdf,0xc5,
0x00,0x5f,0x40,0x00,0x00,0x00,0x5f,0x40,0x00,0x00,0x00,0x5f,0x40,0x00,0x00,0x00,0x5f,0x40,0x00,0x00,
0x00,0x00,0x7c,0xfe,0xc6,0x0b,0xfb,0x76,0x9b,0x7f,0x80,0x00,0x00,0xce,0x00,0x00,0x00,0xec,0x00,0x00,
0x00,0xfc,0x00,0x00,0x00,0xce,0x00,0x00,0x00,0x7f,0x80,0x00,0x00,0x0c,0xfb,0x76,0x9b,0x00,0x7d,0xfe,
0xc6,0x7f,0xff,0xff,0xff,0xfe,0x24,0x44,0xaf,0x54,0x44,0x00,0x00,0x8f,0x00,0x00,0x00,0x00,0x8f,0x00,
0x00,0x00,0x00,0x8f,0x00,0x00,0x00,0x00,0x8f,0x00,0x00,0x00,0x00,0x8f,0x00,0x00,0x00,0x00,0x8f,0x00,
0x00,0x00,0x00,0x8f,0x00,0x00,0x00,0x00,0x8f,0x00,0x00,0x4f,0x70,0x00,0x00,0xce,0x00,0xdc,0x00,0x00,
0x3f,0x80,0x07,0xf3,0x00,0x08,0xf2,0x00,0x1f,0x90,0x00,0xeb,0x00,0x00,0xae,0x10,0x5f,0x50,0x00,0x04,
0xf6,0x0b,0xe0,0x00,0x00,0x0d,0xb2,0xf9,0x00,0x00,0x00,0x7f,0xaf,0x30,0x00,0x00,0x02,0xff,0xc0,0x00,
0x00,0x00,0x0a,0xf6,0x00,0x00,0x00,0x00,0xae,0x10,0x00,0x00,0x00,0x2f,0x90,0x00,0x00,0x03,0x6c,0xf2,
0x00,0x00,0x00,0x9f,0xd5,0x00,0x00,0x00,0x00,0x00,0x00,0x2f,0x80,0x00,0x00,0x00,0x00,0x00,0x02,0xf8,
0x00,0x00,0x00,0x00,0x00,0x00,0x2f,0x80,0x00,0x00,0x00,0x03,0xcf,0xc4,0xf8,0x9e,0xe7,0x00,0x02,0xee,
0x78,0xdf,0xeb,0x6b,0xf7,0x00,0x9f,0x20,0x05,0xfb,0x00,0x0b,0xe1,0x0d,0xc0,0x00,0x2f,0x80,0x00,0x6f,
0x40,0xfa,0x00,0x02,0xf8,0x00,0x04,0xf6,0x0f,0xa0,0x00,0x2f,0x80,0x00,0x4f,0x60,0xdc,0x00,0x02,0xf8,
0x00,0x06,0xf4,0x09,0xf2,0x00,0x5f,0xb0,0x00,0xbe,0x10,0x2e,0xd7,0x7d,0xfe,0xb6,0xbf,0x70,0x00,0x3c,
0xfc,0x4f,0x88,0xee,0x70,0x00,0x00,0x00,0x02,0xf8,0x00,0x00,0x00,0x00,0x00,0x00,0x2f,0x80,0x00,0x00,
0x00,0x00,0x00,0x02,0xf8,0x00,0x00,0x00,0x00,0x00,0x00,0x2f,0x80,0x00,0x00,0x00,0x0c,0xe2,0x00,0x06,
0xf8,0x00,0x2e,0xc0,0x03,0xeb,0x00,0x00,0x5f,0x91,0xce,0x20,0x00,0x00,0x9f,0xcf,0x50,0x00,0x00,0x00,
0xdf,0x90,0x00,0x00,0x00,0x3f,0xfb,0x00,0x00,0x00,0x1d,0xe7,0xf8,0x00,0x00,0x0a,0xf4,0x0a,0xf4,0x00,
0x06,0xf8,0x00,0x1d,0xd1,0x02,0xec,0x00,0x00,0x3f,0xa0,0x5f,0x40,0x00,0x07,0xf2,0x05,0xf4,0x00,0x00,
0x7f,0x20,0x5f,0x40,0x00,0x07,0xf2,0x05,0xf4,0x00,0x00,0x7f,0x20,0x5f,0x40,0x00,0x07,0xf2,0x05,0xf4,
0x00,0x00,0x7f,0x20,0x5f,0x40,0x00,0x07,0xf2,0x05,0xf4,0x00,0x00,0x7f,0x20,0x5f,0x74,0x44,0x49,0xf6,
0x25,0xff,0xff,0xff,0xff,0xf6,0x00,0x00,0x00,0x00,0x0d,0x60,0x00,0x00,0x00,0x00,0xd6,0x00,0x00,0x00,
0x00,0x06,0x30,0xae,0x00,0x00,0x9f,0xae,0x00,0x00,0x9f,0xae,0x00,0x00,0x9f,0x9f,0x10,0x00,0x9f,0x5f,
0x91,0x11,0x9f,0x09,0xff,0xff,0xff,0x00,0x13,0x44,0xbf,0x00,0x00,0x00,0x9f,0x00,0x00,0x00,0x9f,0x00,
0x00,0x00,0x9f,0x5f,0x40,0x00,0x9f,0x10,0x00,0xcd,0x5f,0x40,0x00,0x9f,0x10,0x00,0xcd,0x5f,0x40,0x00,
0x9f,0x10,0x00,0xcd,0x5f,0x40,0x00,0x9f,0x10,0x00,0xcd,0x5f,0x40,0x00,0x9f,0x10,0x00,0xcd,0x5f,0x40,
0x00,0x9f,0x10,0x00,0xcd,0x5f,0x40,0x00,0x9f,0x10,0x00,0xcd,0x5f,0x40,0x00,0x9f,0x10,0x00,0xcd,0x5f,
0x74,0x44,0xaf,0x54,0x44,0xdd,0x5f,0xff,0xff,0xff,0xff,0xff,0xfd,0x5f,0x40,0x00,0x9f,0x10,0x00,0xcd,
0x00,0x5f,0x40,0x00,0x9f,0x10,0x00,0xcd,0x00,0x5f,0x40,0x00,0x9f,0x10,0x00,0xcd,0x00,0x5f,0x40,0x00,
0x9f,0x10,0x00,0xcd,0x00,0x5f,0x40,0x00,0x9f,0x10,0x00,0xcd,0x00,0x5f,0x40,0x00,0x9f,0x10,0x00,0xcd,
0x00,0x5f,0x40,0x00,0x9f,0x10,0x00,0xcd,0x00,0x5f,0x40,0x00,0x9f,0x10,0x00,0xcd,0x00,0x5f,0x74,0x44,
0xaf,0x54,0x44,0xdd,0x41,0x5f,0xff,0xff,0xff,0xff,0xff,0xff,0xf2,0x00,0x00,0x00,0x00,0x00,0x00,0x02,
0xf2,0x00,0x00,0x00,0x00,0x00,0x00,0x02,0xf2,0x00,0x00,0x00,0x00,0x00,0x00,0x01,0x71,0x7f,0xff,0xf5,
0x00,0x00,0x00,0x24,0x47,0xf5,0x00,0x00,0x00,0x00,0x04,0xf5,0x00,0x00,0x00,0x00,0x04,0xf6,0x11,0x00,
0x00,0x00,0x04,0xff,0xff,0xec,0x50,0x00,0x04,0xf8,0x44,0x5c,0xf4,0x00,0x04,0xf5,0x00,0x03,0xf9,0x00,
0x04,0xf5,0x00,0x03,0xf9,0x00,0x04,0xf8,0x44,0x6d,0xf4,0x00,0x04,0xff,0xff,0xeb,0x40,0x5f,0x40,0x00,
0x00,0x00,0xf9,0x5f,0x40,0x00,0x00,0x00,0xf9,0x5f,0x40,0x00,0x00,0x00,0xf9,0x5f,0x41,0x10,0x00,0x00,
0xf9,0x5f,0xff,0xfe,0xb4,0x00,0xf9,0x5f,0x74,0x46,0xdf,0x30,0xf9,0x5f,0x40,0x00,0x4f,0x70,0xf9,0x5f,
0x40,0x00,0x4f,0x70,0xf9,0x5f,0x74,0x46,0xdf,0x30,0xf9,0x5f,0xff,0xfe,0xb3,0x00,0xf9,0x5f,0x40,0x00,
0x00,0x05,0xf4,0x00,0x00,0x00,0x5f,0x40,0x00,0x00,0x05,0xf4,0x11,0x00,0x00,0x5f,0xff,0xfe,0xb4,0x05,
0xf7,0x44,0x6d,0xf3,0x5f,0x40,0x00,0x4f,0x75,0xf4,0x00,0x04,0xf7,0x5f,0x74,0x46,0xdf,0x35,0xff,0xff,
0xeb,0x30,0x8d,0xee,0xb5,0x00,0xd8,0x66,0xbf,0x80,0x00,0x00,0x0a,0xf3,0x01,0x11,0x13,0xf9,0x0e,0xff,
0xff,0xfb,0x03,0x44,0x44,0xfb,0x00,0x00,0x03,0xf9,0x00,0x00,0x0a,0xf4,0xd8,0x67,0xcf,0x90,0x8d,0xee,
0xc6,0x00,0x4f,0x50,0x01,0x8d,0xfe,0xa2,0x00,0x4f,0x50,0x0b,0xfa,0x68,0xfe,0x20,0x4f,0x50,0x6f,0x80,
0x00,0x4f,0xa0,0x4f,0x51,0xbf,0x10,0x00,0x0c,0xf0,0x4f,0xff,0xfe,0x00,0x00,0x09,0xf2,0x4f,0x74,0xde,
0x00,0x00,0x09,0xf2,0x4f,0x50,0xaf,0x10,0x00,0x0c,0xf0,0x4f,0x50,0x5f,0x80,0x00,0x4f,0xa0,0x4f,0x50,
0x0b,0xfa,0x68,0xfe,0x20,0x4f,0x50,0x01,0x8d,0xfe,0xa2,0x00,0x02,0xad,0xff,0xff,0x41,0xde,0x74,0x48,
0xf4,0x4f,0x70,0x00,0x5f,0x44,0xf6,0x00,0x05,0xf4,0x1e,0xd4,0x11,0x5f,0x40,0x4d,0xff,0xff,0xf4,0x00,
0x5f,0x84,0x7f,0x40,0x2e,0xa0,0x05,0xf4,0x0c,0xd1,0x00,0x5f,0x49,0xe3,0x00,0x05,0xf4,0x04,0x82,0x00,
0x00,0x00,0x00,0xbc,0x10,0x00,0x00,0x00,0x1b,0xa0,0x00,0x00,0x00,0x01,0x72,0x00,0x00,0x00,0x00,0x00,
0x00,0x00,0x00,0x7d,0xfe,0xb3,0x00,0x0b,0xf9,0x67,0xde,0x30,0x7f,0x50,0x00,0x1d,0xb0,0xcd,0x00,0x00,
0x09,0xf0,0xef,0xff,0xff,0xff,0xf1,0xfc,0x33,0x33,0x33,0x30,0xce,0x00,0x00,0x00,0x00,0x7f,0x80,0x00,
0x00,0x10,0x0b,0xfb,0x76,0x8c,0xb0,0x00,0x6c,0xee,0xda,0x40,0x00,0x9c,0x04,0xc5,0x00,0x00,0xcf,0x05,
0xf6,0x00,0x00,0x00,0x00,0x00,0x00,0x00,0x00,0x00,0x00,0x00,0x00,0x7d,0xfe,0xb3,0x00,0x0b,0xf9,0x67,
0xde,0x30,0x7f,0x50,0x00,0x1d,0xb0,0xcd,0x00,0x00,0x09,0xf0,0xef,0xff,0xff,0xff,0xf1,0xfc,0x33,0x33,
0x33,0x30,0xce,0x00,0x00,0x00,0x00,0x7f,0x80,0x00,0x00,0x10,0x0b,0xfb,0x76,0x8c,0xb0,0x00,0x6c,0xee,
0xda,0x40,0x00,0x85,0x00,0x00,0x00,0x00,0x1f,0x90,0x00,0x00,0x00,0x01,0xf9,0x00,0x00,0x00,0x00,0x1f,
0x90,0x00,0x00,0x00,0x9f,0xff,0xff,0xff,0x50,0x02,0x4f,0xa4,0x44,0x41,0x00,0x01,0xf9,0x00,0x11,0x00,
0x00,0x1f,0x95,0xdf,0xfa,0x10,0x01,0xfc,0xe7,0x59,0xfa,0x00,0x1f,0xf3,0x00,0x0b,0xf1,0x01,0xfb,0x00,
0x00,0x7f,0x30,0x1f,0x90,0x00,0x06,0xf4,0x01,0xf9,0x00,0x00,0x7f,0x20,0x1f,0x90,0x00,0x0b,0xd0,0x00,
0x00,0x00,0x03,0xf6,0x00,0x00,0x00,0x02,0xda,0x00,0x00,0x00,0x06,0xea,0x00,0x00,0x00,0x00,0x65,0x00,
0x00,0x00,0x00,0x02,0x83,0x00,0x00,0x0c,0xc1,0x00,0x00,0x8e,0x20,0x00,0x03,0xe3,0x00,0x00,0x00,0x00,
0x00,0x5f,0xff,0xff,0xf9,0x5f,0x74,0x44,0x42,0x5f,0x40,0x00,0x00,0x5f,0x40,0x00,0x00,0x5f,0x40,0x00,
0x00,0x5f,0x40,0x00,0x00,0x5f,0x40,0x00,0x00,0x5f,0x40,0x00,0x00,0x5f,0x40,0x00,0x00,0x5f,0x40,0x00,
0x00,0x00,0x7c,0xfe,0xc6,0x0b,0xf9,0x66,0x9b,0x7f,0x60,0x00,0x00,0xce,0x11,0x11,0x00,0xef,0xff,0xff,
0xb0,0xfc,0x44,0x44,0x20,0xce,0x00,0x00,0x00,0x7f,0x70,0x00,0x00,0x0c,0xfb,0x76,0x9b,0x01,0x8d,0xfe,
0xc6,0x00,0x7d,0xee,0xd9,0x00,0x9f,0x96,0x68,0xc0,0x0d,0xa0,0x00,0x00,0x00,0xcd,0x30,0x00,0x00,0x04,
0xef,0xd9,0x50,0x00,0x01,0x59,0xdf,0xc1,0x00,0x00,0x00,0x7f,0x60,0x10,0x00,0x04,0xf7,0x0f,0xa7,0x67,
0xde,0x20,0x8c,0xef,0xda,0x20,0x4f,0x54,0xf5,0x00,0x00,0x00,0x4f,0x54,0xf5,0x4f,0x54,0xf5,0x4f,0x54,
0xf5,0x4f,0x54,0xf5,0x4f,0x54,0xf5,0x1c,0x80,0x8c,0x12,0xfa,0x0a,0xf2,0x00,0x00,0x00,0x00,0x00,0x00,
0x00,0x00,0x4f,0x50,0x00,0x04,0xf5,0x00,0x00,0x4f,0x50,0x00,0x04,0xf5,0x00,0x00,0x4f,0x50,0x00,0x04,
0xf5,0x00,0x00,0x4f,0x50,0x00,0x04,0xf5,0x00,0x00,0x4f,0x50,0x00,0x04,0xf5,0x00,0x00,0x00,0x00,0x04,
0xf5,0x00,0x4f,0x50,0x00,0x00,0x00,0x4f,0x50,0x04,0xf5,0x00,0x4f,0x50,0x04,0xf5,0x00,0x4f,0x50,0x04,
0xf5,0x00,0x4f,0x50,0x04,0xf5,0x00,0x4f,0x50,0x04,0xf5,0x00,0x5f,0x40,0x06,0xf3,0x26,0xde,0x05,0xec,
0x30,0x00,0x0a,0xff,0xff,0xfb,0x00,0x00,0x00,0x00,0x0a,0xf4,0x44,0xeb,0x00,0x00,0x00,0x00,0x0a,0xf0,
0x00,0xdb,0x00,0x00,0x00,0x00,0x0a,0xe0,0x00,0xdb,0x10,0x00,0x00,0x00,0x0b,0xd0,0x00,0xdf,0xff,0xe9,
0x10,0x00,0x0d,0xc0,0x00,0xdc,0x44,0x8f,0xc0,0x00,0x1f,0x90,0x00,0xdb,0x00,0x0a,0xf2,0x00,0x6f,0x50,
0x00,0xdb,0x00,0x0a,0xf2,0x29,0xfc,0x00,0x00,0xdc,0x45,0x8f,0xc0,0x5d,0x81,0x00,0x00,0xdf,0xff,0xd8,
0x10,0x5f,0x40,0x00,0x0e,0xa0,0x00,0x00,0x05,0xf4,0x00,0x00,0xea,0x00,0x00,0x00,0x5f,0x40,0x00,0x0e,
0xa0,0x00,0x00,0x05,0xf4,0x11,0x11,0xeb,0x10,0x00,0x00,0x5f,0xff,0xff,0xff,0xff,0xfd,0x81,0x05,0xf7,
0x44,0x44,0xeb,0x44,0x8f,0xb0,0x5f,0x40,0x00,0x0e,0xa0,0x00,0xbf,0x15,0xf4,0x00,0x00,0xea,0x00,0x0b,
0xf1,0x5f,0x40,0x00,0x0e,0xc4,0x59,0xfb,0x05,0xf4,0x00,0x00,0xef,0xfe,0xd8,0x10,0x00,0x85,0x00,0x00,
0x00,0x00,0x1f,0x90,0x00,0x00,0x00,0x01,0xf9,0x00,0x00,0x00,0x00,0x1f,0x90,0x00,0x00,0x00,0x9f,0xff,
0xff,0xff,0x50,0x02,0x4f,0xa4,0x44,0x41,0x00,0x01,0xf9,0x00,0x11,0x00,0x00,0x1f,0x95,0xdf,0xfa,0x10,
0x01,0xfc,0xe7,0x59,0xf9,0x00,0x1f,0xf3,0x00,0x0b,0xf0,0x01,0xfb,0x00,0x00,0x7f,0x20,0x1f,0x90,0x00,
0x06,0xf3,0x01,0xf9,0x00,0x00,0x6f,0x30,0x1f,0x90,0x00,0x06,0xf3,0x00,0x00,0x04,0x82,0x00,0x00,0x00,
0x1e,0x90,0x00,0x00,0x00,0xbc,0x00,0x00,0x00,0x06,0xd1,0x00,0x00,0x00,0x00,0x00,0x00,0x00,0x5f,0x40,
0x00,0xaf,0x50,0x5f,0x40,0x0a,0xf5,0x00,0x5f,0x40,0x9f,0x50,0x00,0x5f,0x49,0xf6,0x00,0x00,0x5f,0xbf,
0xf7,0x00,0x00,0x5f,0xf7,0xaf,0x30,0x00,0x5f,0x80,0x1d,0xc0,0x00,0x5f,0x40,0x04,0xf8,0x00,0x5f,0x40,
0x00,0x9f,0x40,0x5f,0x40,0x00,0x1d,0xd1,0x04,0x82,0x00,0x00,0x00,0x01,0xcb,0x00,0x00,0x00,0x00,0x2e,
0x70,0x00,0x00,0x00,0x04,0xe3,0x00,0x00,0x00,0x00,0x00,0x00,0x00,0x5f,0x40,0x00,0x5f,0xf1,0x5f,0x40,
0x00,0xdf,0xf1,0x5f,0x40,0x07,0xfb,0xf1,0x5f,0x40,0x2e,0x88,0xf1,0x5f,0x40,0xae,0x18,0xf1,0x5f,0x44,
0xf5,0x08,0xf1,0x5f,0x4d,0xc0,0x08,0xf1,0x5f,0xaf,0x30,0x08,0xf1,0x5f,0xf9,0x00,0x08,0xf1,0x5f,0xe1,
0x00,0x08,0xf1,0x00,0x47,0x00,0x1a,0x00,0x00,0x02,0xe6,0x39,0xc0,0x00,0x00,0x06,0xde,0xb2,0x00,0x00,
0x00,0x00,0x00,0x00,0x00,0x4f,0x70,0x00,0x00,0xce,0x00,0xdc,0x00,0x00,0x3f,0x80,0x07,0xf3,0x00,0x08,
0xf2,0x00,0x1f,0x90,0x00,0xeb,0x00,0x00,0xae,0x10,0x5f,0x50,0x00,0x04,0xf6,0x0b,0xe0,0x00,0x00,0x0d,
0xb2,0xf9,0x00,0x00,0x00,0x7f,0xaf,0x30,0x00,0x00,0x02,0xff,0xc0,0x00,0x00,0x00,0x0a,0xf6,0x00,0x00,
0x00,0x00,0xae,0x10,0x00,0x00,0x00,0x2f,0x90,0x00,0x00,0x03,0x6c,0xf2,0x00,0x00,0x00,0x9f,0xd5,0x00,
0x00,0x00,0x5f,0x40,0x00,0x07,0xf2,0x5f,0x40,0x00,0x07,0xf2,0x5f,0x40,0x00,0x07,0xf2,0x5f,0x40,0x00,
0x07,0xf2,0x5f,0x40,0x00,0x07,0xf2,0x5f,0x40,0x00,0x07,0xf2,0x5f,0x40,0x00,0x07,0xf2,0x5f,0x40,0x00,
0x07,0xf2,0x5f,0x74,0x44,0x49,0xf2,0x5f,0xff,0xff,0xff,0xf2,0x00,0x00,0xc8,0x00,0x00,0x00,0x00,0xc8,
0x00,0x00,0x00,0x00,0x64,0x00,0x00,0x02,0x22,0x21,0x2f,0xff,0xf9,0x15,0x55,0x53,0x02,0x22,0x21,0x2f,
0xff,0xf9,0x15,0x55,0x53,0x00,0x00,0x00,0x00,0x00,0x02,0xff,0xff,0xff,0xff,0xf9,0x03,0x33,0x33,0x33,
0x33,0x20,0x00,0x00,0x00,0x00,0x02,0xff,0xff,0xff,0xf2,0x03,0x33,0x33,0x33,0x00,0x00,0x00,0x00,0x00,
0x00,0x00,0x00,0x00,0x00,0x2f,0xff,0xff,0xff,0xff,0xff,0xff,0xff,0xf2,0x03,0x33,0x33,0x33,0x33,0x33,
0x33,0x33,0x30,0x00,0x00,0x00,0x00,0x00,0x00,0x00,0x00,0x00,0xff,0xff,0xff,0xff,0xff,0xff,0xff,0xff,
0xff,0x33,0x33,0x33,0x33,0x33,0x33,0x33,0x33,0x33,0x04,0xe0,0x0c,0xb0,0x5f,0x70,0x7f,0x60,0x24,0x20,
0x0b,0xf2,0x0c,0xe1,0x1f,0x80,0x4e,0x10,0x11,0x00,0x03,0x40,0x0b,0xf2,0x0d,0xe0,0x1f,0x70,0x5d,0x00,
0x7f,0x60,0x5f,0x70,0x0c,0xb0,0x05,0xe0,0x00,0x20,0x04,0xe0,0x0a,0x90,0xcb,0x03,0xf5,0x5f,0x70,0xbf,
0x17,0xf6,0x0d,0xf0,0x24,0x20,0x44,0x00,0x0b,0xf2,0x2f,0xb0,0xcf,0x13,0xfa,0x1f,0x90,0x6f,0x34,0xe1,
0x0a,0xa0,0x23,0x00,0x31,0x00,0x03,0x40,0x14,0x30,0xbf,0x22,0xfb,0x0d,0xe0,0x3f,0x81,0xf7,0x07,0xe1,
0x5d,0x00,0xb8,0x00,0x7f,0x60,0xdf,0x06,0xf6,0x0c,0xf0,0x1e,0xa0,0x5f,0x40,0x7e,0x00,0xc8,0x00,0x40,
0x02,0x30,0x00,0x04,0xf4,0x00,0x00,0x00,0x4f,0x40,0x00,0x00,0x04,0xf4,0x00,0x08,0xff,0xff,0xff,0xf8,
0x35,0x58,0xf8,0x55,0x30,0x00,0x4f,0x40,0x00,0x00,0x04,0xf4,0x00,0x00,0x00,0x4f,0x40,0x00,0x00,0x04,
0xf4,0x00,0x00,0x00,0x4f,0x40,0x00,0x00,0x04,0xf4,0x00,0x00,0x00,0x4f,0x40,0x00,0x00,0x04,0xf4,0x00,
0x00,0x00,0x3d,0x40,0x00,0x00,0x04,0xf4,0x00,0x00,0x00,0x4f,0x40,0x00,0x00,0x04,0xf4,0x00,0x08,0xff,
0xff,0xff,0xf8,0x35,0x58,0xf8,0x55,0x30,0x00,0x4f,0x40,0x00,0x00,0x04,0xf4,0x00,0x00,0x00,0x4f,0x40,
0x00,0x11,0x15,0xf5,0x11,0x18,0xff,0xff,0xff,0xf8,0x24,0x47,0xf7,0x44,0x20,0x00,0x4f,0x40,0x00,0x00,
0x04,0xf4,0x00,0x00,0x00,0x3d,0x40,0x00,0x00,0x02,0x00,0x06,0xef,0xc2,0x2f,0xff,0xfb,0x4f,0xff,0xfd,
0x1e,0xff,0xf9,0x04,0xce,0xa1,0x33,0x00,0x00,0x33,0x00,0x00,0x33,0xee,0x00,0x00,0xee,0x00,0x00,0xee,
0xee,0x00,0x00,0xee,0x00,0x00,0xee,0x19,0xee,0x91,0x00,0x00,0x5e,0x10,0x00,0x00,0x00,0x00,0x09,0xd4,
0x3d,0xa0,0x00,0x1e,0x60,0x00,0x00,0x00,0x00,0x00,0xe7,0x00,0x7e,0x00,0x09,0xc0,0x00,0x00,0x00,0x00,
0x00,0x0e,0x70,0x06,0xf0,0x04,0xf3,0x00,0x00,0x00,0x00,0x00,0x00,0xac,0x11,0xcb,0x00,0xd8,0x00,0x00,
0x00,0x00,0x00,0x00,0x01,0xbf,0xfc,0x20,0x8d,0x00,0x00,0x00,0x00,0x00,0x00,0x00,0x00,0x11,0x00,0x3f,
0x40,0x7d,0xd8,0x00,0x06,0xcd,0x91,0x00,0x00,0x00,0x0c,0x90,0x6e,0x54,0xe8,0x05,0xf5,0x4d,0x90,0x00,
0x00,0x06,0xe1,0x0c,0x90,0x07,0xe0,0xba,0x00,0x6f,0x00,0x00,0x01,0xe5,0x00,0xe7,0x00,0x5f,0x1d,0x80,
0x04,0xf2,0x00,0x00,0xab,0x00,0x0c,0x90,0x07,0xe0,0xba,0x00,0x6f,0x10,0x00,0x5e,0x20,0x00,0x7e,0x43,
0xd9,0x06,0xf5,0x3d,0xa0,0x00,0x1d,0x70,0x00,0x00,0x8d,0xe9,0x10,0x07,0xde,0xa1,0x00,0x00,0x00,0x00,
0x00,0x57,0x00,0x7f,0x50,0x9f,0x50,0x8f,0x40,0x04,0xea,0x00,0x03,0xdb,0x10,0x02,0xc8,0x00,0x01,0x40,
0x00,0x00,0x04,0x80,0x00,0x3e,0xa0,0x00,0x3e,0xb1,0x00,0x2e,0xb0,0x07,0xf6,0x09,0xe5,0x04,0xe3,0x00,
0x32,0x00,0x00,0x00,0x00,0x7c,0xee,0xb4,0x00,0x01,0xcf,0xb7,0x6a,0xf3,0x00,0x9f,0x70,0x00,0x03,0x20,
0x0e,0xd0,0x00,0x00,0x00,0xae,0xff,0xee,0xee,0x70,0x02,0x6f,0x82,0x22,0x20,0x00,0x04,0xf7,0x00,0x00,
0x00,0x0a,0xef,0xfe,0xee,0x30,0x00,0x23,0xfc,0x22,0x20,0x00,0x00,0x0c,0xf1,0x00,0x00,0x00,0x00,0x5f,
0xa0,0x00,0x06,0x40,0x00,0x9f,0xc7,0x7b,0xf3,0x00,0x00,0x6c,0xee,0xb4,0x00,0x00,0x22,0x10,0x00,0x00,
0x00,0x10,0x00,0x00,0x01,0xff,0x90,0x00,0x00,0x3d,0xf1,0x00,0x00,0x01,0xff,0xf2,0x00,0x00,0xbf,0x71,
0x00,0x00,0x01,0xfc,0xfa,0x00,0x00,0xec,0x00,0x00,0x00,0x01,0xfa,0x9f,0x30,0x00,0xec,0x00,0x00,0x00,
0x01,0xfa,0x1e,0xb0,0x00,0xec,0x00,0x14,0x10,0x01,0xfa,0x08,0xf4,0x00,0xec,0x02,0xef,0xd1,0x01,0xfa,
0x01,0xec,0x00,0xec,0x09,0xb1,0xd6,0x01,0xfa,0x00,0x7f,0x50,0xec,0x0b,0x80,0xb8,0x01,0xfa,0x00,0x1e,
0xc0,0xec,0x09,0xb0,0xd6,0x01,0xfa,0x00,0x06,0xf6,0xec,0x03,0xee,0xd1,0x01,0xf9,0x00,0x00,0xdd,0xec,
0x00,0x25,0x10,0x3b,0xf6,0x00,0x00,0x6f,0xfc,0x01,0x11,0x11,0x5e,0x90,0x00,0x00,0x0c,0xfc,0x0c,0xff,
0xf9,0x12,0x22,0x20,0x21,0x00,0x12,0x05,0xbe,0xcb,0x1e,0xd1,0x0c,0xf1,0x00,0xb4,0x00,0xe7,0xa7,0x8e,
0x10,0x0b,0x40,0x0e,0x1b,0xd1,0xe1,0x00,0xb4,0x00,0xe1,0x12,0x0e,0x10,0x0a,0x40,0x0d,0x10,0x00,0xd1,
0x00,0x00,0x40,0x00,0x00,0x00,0x00,0x00,0x00,0xbf,0x20,0x00,0x00,0x00,0x00,0x00,0xbf,0x60,0x00,0x00,
0x00,0x00,0x00,0xaf,0xc7,0x77,0x77,0x77,0x77,0x70,0x1f,0xff,0xff,0xff,0xff,0xff,0xff,0x10,0x5f,0xc1,
0x11,0x11,0x11,0x11,0x10,0x00,0x5f,0xb1,0x00,0x00,0x00,0x00,0x00,0x00,0x5d,0x20,0x00,0x00,0x00,0x00,
0x00,0x00,0x00,0x00,0x00,0x00,0x00,0x00,0x00,0x00,0x30,0x00,0x00,0x00,0x8f,0x90,0x00,0x00,0x8f,0xff,
0x90,0x00,0x8f,0xbf,0xbf,0x90,0x1e,0x83,0xf4,0x8e,0x20,0x20,0x3f,0x40,0x20,0x00,0x03,0xf4,0x00,0x00,
0x00,0x3f,0x40,0x00,0x00,0x03,0xf4,0x00,0x00,0x00,0x3f,0x40,0x00,0x00,0x03,0xf4,0x00,0x00,0x00,0x3f,
0x40,0x00,0x00,0x03,0xf4,0x00,0x00,0x00,0x3f,0x40,0x00,0x00,0x00,0x00,0x00,0x04,0x10,0x00,0x00,0x00,
0x00,0x00,0x1e,0xb1,0x00,0x00,0x00,0x00,0x00,0x05,0xfb,0x10,0x77,0x77,0x77,0x77,0x77,0xbf,0xb1,0xff,
0xff,0xff,0xff,0xff,0xff,0xf2,0x11,0x11,0x11,0x11,0x11,0xbf,0x60,0x00,0x00,0x00,0x00,0x0a,0xf6,0x00,
0x00,0x00,0x00,0x00,0x1c,0x60,0x00,0x00,0x00,0x00,0x00,0x00,0x00,0x00,0x00,0x00,0x21,0x00,0x00,0x00,
0x3f,0x40,0x00,0x00,0x03,0xf4,0x00,0x00,0x00,0x3f,0x40,0x00,0x00,0x03,0xf4,0x00,0x00,0x00,0x3f,0x40,
0x00,0x00,0x03,0xf4,0x00,0x00,0x00,0x3f,0x40,0x00,0x00,0x03,0xf4,0x00,0x00,0x30,0x3f,0x40,0x30,0x1e,
0xa3,0xf4,0x9f,0x20,0x6f,0xcf,0xcf,0x70,0x00,0x6f,0xff,0x70,0x00,0x00,0x6f,0x70,0x00,0x00,0x00,0x10,
0x00,0x00,0x17,0x77,0x77,0x77,0x77,0x77,0x11,0xff,0xff,0xff,0xff,0xff,0xf3,0x01,0x11,0x11,0x11,0x11,
0x11,0x00,0x00,0x00,0x00,0x21,0x00,0x00,0x00,0x00,0x00,0x00,0x97,0x00,0x00,0x00,0x00,0x00,0x02,0xfe,
0x10,0x00,0x00,0x00,0x00,0x09,0xff,0x70,0x00,0x00,0x00,0x00,0x2f,0xff,0xe1,0x00,0x00,0x00,0x00,0x9f,
0xff,0xf7,0x00,0x00,0x00,0x02,0xff,0xff,0xfe,0x10,0x00,0x00,0x09,0xff,0xff,0xff,0x70,0x00,0x00,0x2f,
0xff,0xff,0xff,0xe1,0x00,0x00,0x9f,0xff,0xff,0xff,0xf7,0x00,0x02,0xff,0xff,0xff,0xff,0xfe,0x10,0x09,
0xff,0xff,0xff,0xff,0xff,0x70,0x2f,0xff,0xff,0xff,0xff,0xff,0xe1,0x9f,0xff,0xff,0xff,0xff,0xff,0xf7,
0x33,0x33,0x33,0x33,0x33,0x33,0x32,0x50,0x00,0x00,0x00,0x00,0x00,0x00,0xec,0x50,0x00,0x00,0x00,0x00,
0x00,0xef,0xfc,0x50,0x00,0x00,0x00,0x00,0xef,0xff,0xfc,0x50,0x00,0x00,0x00,0xef,0xff,0xff,0xfc,0x50,
0x00,0x00,0xef,0xff,0xff,0xff,0xfc,0x50,0x00,0xef,0xff,0xff,0xff,0xff,0xfc,0x50,0xef,0xff,0xff,0xff,
0xff,0xff,0xe5,0xef,0xff,0xff,0xff,0xff,0xe7,0x10,0xef,0xff,0xff,0xff,0xe7,0x10,0x00,0xef,0xff,0xff,
0xe7,0x10,0x00,0x00,0xef,0xff,0xe7,0x10,0x00,0x00,0x00,0xef,0xe7,0x10,0x00,0x00,0x00,0x00,0xd7,0x10,
0x00,0x00,0x00,0x00,0x00,0x10,0x00,0x00,0x00,0x00,0x00,0x00,0x78,0x88,0x88,0x88,0x88,0x88,0x86,0x6f,
0xff,0xff,0xff,0xff,0xff,0xf4,0x0d,0xff,0xff,0xff,0xff,0xff,0xc0,0x06,0xff,0xff,0xff,0xff,0xff,0x40,
0x00,0xdf,0xff,0xff,0xff,0xfc,0x00,0x00,0x6f,0xff,0xff,0xff,0xf4,0x00,0x00,0x0d,0xff,0xff,0xff,0xc0,
0x00,0x00,0x06,0xff,0xff,0xff,0x40,0x00,0x00,0x00,0xef,0xff,0xfc,0x00,0x00,0x00,0x00,0x7f,0xff,0xf4,
0x00,0x00,0x00,0x00,0x0e,0xff,0xc0,0x00,0x00,0x00,0x00,0x07,0xff,0x40,0x00,0x00,0x00,0x00,0x00,0xec,
0x00,0x00,0x00,0x00,0x00,0x00,0x74,0x00,0x00,0x00,0x00,0x00,0x00,0x00,0x00,0x00,0x00,0x00,0x00,0x00,
0x00,0x00,0x00,0x04,0x00,0x00,0x00,0x00,0x00,0x06,0xdc,0x00,0x00,0x00,0x00,0x06,0xdf,0xfc,0x00,0x00,
0x00,0x06,0xdf,0xff,0xfc,0x00,0x00,0x06,0xdf,0xff,0xff,0xfc,0x00,0x06,0xdf,0xff,0xff,0xff,0xfc,0x06,
0xdf,0xff,0xff,0xff,0xff,0xfc,0x7e,0xff,0xff,0xff,0xff,0xff,0xfc,0x01,0x8e,0xff,0xff,0xff,0xff,0xfc,
0x00,0x01,0x8f,0xff,0xff,0xff,0xfc,0x00,0x00,0x01,0x8f,0xff,0xff,0xfc,0x00,0x00,0x00,0x01,0x9f,0xff,
0xfc,0x00,0x00,0x00,0x00,0x01,0x9f,0xfc,0x00,0x00,0x00,0x00,0x00,0x02,0x9b,0x00,0x00,0x00,0x00,0x00,
0x00,0x01,0x00,0x00,0x02,0x68,0x86,0x10,0x00,0x00,0x00,0x1a,0xff,0xff,0xfe,0x80,0x00,0x00,0x2d,0xff,
0xff,0xff,0xff,0xb0,0x00,0x0c,0xff,0xff,0xff,0xff,0xff,0x80,0x06,0xff,0xff,0xff,0xff,0xff,0xff,0x10,
0xbf,0xff,0xff,0xff,0xff,0xff,0xf7,0x0e,0xff,0xff,0xff,0xff,0xff,0xff,0x90,0xff,0xff,0xff,0xff,0xff,
0xff,0xfa,0x0d,0xff,0xff,0xff,0xff,0xff,0xff,0x80,0x9f,0xff,0xff,0xff,0xff,0xff,0xf4,0x03,0xff,0xff,
0xff,0xff,0xff,0xfd,0x00,0x07,0xff,0xff,0xff,0xff,0xff,0x30,0x00,0x08,0xff,0xff,0xff,0xfe,0x40,0x00,
0x00,0x03,0xae,0xff,0xe8,0x20,0x00,0x00,0x00,0x00,0x01,0x10,0x00,0x00,0x00,0x00,0x00,0x00,0x00,0x24,
0x00,0x00,0x00,0x00,0x5f,0x90,0x00,0x00,0x00,0x3f,0xc0,0x00,0x00,0x00,0x1d,0xe2,0x00,0x00,0x00,0x0a,
0xf4,0x00,0x00,0x00,0x05,0xf7,0x00,0x00,0x19,0x41,0xec,0x00,0x00,0x03,0xfc,0xae,0x20,0x00,0x00,0x0e,
0xff,0x60,0x00,0x00,0x00,0x9f,0xb0,0x00,0x00,0x00,0x01,0x41,0x00,0x00,0x00,0x00,0x18,0x10,0x00,0x00,
0x19,0x17,0xfc,0x10,0x00,0x1b,0xf8,0x0a,0xfc,0x10,0x1b,0xfb,0x00,0x0a,0xfc,0x1b,0xfb,0x00,0x00,0x0a,
0xff,0xfa,0x00,0x00,0x00,0x1e,0xfe,0x10,0x00,0x00,0x1b,0xfe,0xfc,0x10,0x00,0x1b,0xfb,0x1a,0xfc,0x10,
0x1b,0xfb,0x00,0x0a,0xfc,0x17,0xfb,0x00,0x00,0x0a,0xf8,0x07,0x00,0x00,0x00,0x07,0x00,0x00,0x00,0x00,
0x00,0x01,0x00,0x00,0x00,0x00,0x00,0x00,0x00,0x00,0x07,0xd2,0x00,0x00,0x00,0x00,0x00,0x00,0x00,0x07,
0xff,0xd2,0x00,0x00,0x00,0x00,0x00,0x00,0x07,0xff,0xde,0xd2,0x00,0x00,0x00,0x00,0x00,0x07,0xa3,0x00,
0x04,0xb2,0x00,0x00,0x00,0x00,0x07,0xf3,0x49,0xa6,0x03,0xd2,0x00,0x00,0x00,0x07,0xff,0xcf,0xff,0xf4,
0x0e,0xd2,0x00,0x00,0x07,0xff,0xff,0xff,0xff,0x40,0xef,0xd2,0x00,0x07,0xff,0xff,0xff,0xff,0xa0,0x5f,
0xff,0xd2,0x06,0xff,0xff,0xff,0xff,0xa0,0x3e,0xff,0xff,0xd1,0x2d,0xff,0xff,0xff,0xc0,0x3e,0xff,0xff,
0xf6,0x00,0x2d,0xff,0xff,0xf7,0x0c,0xff,0xff,0xf6,0x00,0x00,0x2d,0xff,0xff,0x60,0xef,0xff,0xf6,0x00,
0x00,0x00,0x2d,0xff,0xf9,0x5e,0xff,0xf6,0x00,0x00,0x00,0x00,0x2d,0xff,0xfe,0xff,0xf6,0x00,0x00,0x00,
0x00,0x00,0x2d,0xf5,0x0d,0xf6,0x00,0x00,0x00,0x00,0x00,0x00,0x2d,0x50,0xd6,0x00,0x00,0x00,0x00,0x00,
0x00,0x00,0x2b,0xc6,0x00,0x00,0x00,0x00,0x00,0x00,0x00,0x00,0x26,0x00,0x00,0x00,0x00,0x00,
};

static const font_glyph_t s_glyphs[509] = {
{0x0020,0,0,0,0,6,0,0},
{0x0021,3,13,2,13,7,0,0},
{0x0022,6,5,1,13,8,0,20},
{0x0023,13,13,1,13,15,0,35},
{0x0024,9,17,1,14,11,0,120},
{0x0025,16,13,1,13,17,0,197},
{0x0026,13,13,1,13,14,0,301},
{0x0027,3,5,1,13,5,0,386},
{0x0028,5,16,1,14,7,0,394},
{0x0029,5,16,1,14,7,0,434},
{0x002a,9,9,0,13,9,0,474},
{0x002b,13,12,1,12,15,0,515},
{0x002c,3,5,1,3,6,0,593},
{0x002d,6,3,0,6,7,0,601},
{0x002e,3,3,1,3,6,0,610},
{0x002f,7,15,0,13,6,0,615},
{0x0030,10,13,1,13,11,0,668},
{0x0031,9,13,1,13,11,0,733},
{0x0032,9,13,1,13,11,0,792},
{0x0033,10,13,1,13,11,0,851},
{0x0034,11,13,0,13,11,0,916},
{0x0035,9,13,1,13,11,0,988},
{0x0036,10,13,1,13,11,0,1047},
{0x0037,9,13,1,13,11,0,1112},
{0x0038,10,13,1,13,11,0,1171},
{0x0039,10,13,1,13,11,0,1236},
{0x003a,2,10,2,10,6,0,1301},
{0x003b,3,12,1,10,6,0,1311},
{0x003c,13,11,1,11,15,0,1329},
{0x003d,13,7,1,9,15,0,1401},
{0x003e,13,11,1,11,15,0,1447},
{0x003f,8,13,1,13,10,0,1519},
{0x0040,16,17,1,13,18,0,1571},
{0x0041,13,13,0,13,12,0,1707},
{0x0042,11,13,1,13,12,0,1792},
{0x0043,11,13,1,13,13,0,1864},
{0x0044,12,13,1,13,14,0,1936},
{0x0045,10,13,1,13,11,0,2014},
{0x0046,9,13,1,13,10,0,2079},
{0x0047,12,13,1,13,14,0,2138},
{0x0048,11,13,1,13,14,0,2216},
{0x0049,3,13,1,13,5,0,2288},
{0x004a,5,17,-1,13,5,0,2308},
{0x004b,12,13,1,13,12,0,2351},
{0x004c,9,13,1,13,10,0,2429},
{0x004d,13,13,1,13,16,0,2488},
{0x004e,11,13,1,13,13,0,2573},
{0x004f,13,13,1,13,14,0,2645},
{0x0050,10,13,1,13,11,0,2730},
{0x0051,13,15,1,13,14,0,2795},
{0x0052,11,13,1,13,13,0,2893},
{0x0053,10,13,1,13,11,0,2965},
{0x0054,13,13,-1,13,11,0,3030},
{0x0055,11,13,1,13,13,0,3115},
{0x0056,13,13,0,13,12,0,3187},
{0x0057,18,13,0,13,18,0,3272},
{0x0058,12,13,0,13,12,0,3389},
{0x0059,13,13,-1,13,11,0,3467},
{0x005a,12,13,0,13,12,0,3552},
{0x005b,5,17,1,14,7,0,3630},
{0x005c,7,15,0,13,6,0,3673},
{0x005d,5,17,1,14,7,0,3726},
{0x005e,13,5,1,13,15,0,3769},
{0x005f,11,3,-1,-2,9,0,3802},
{0x0060,5,4,1,15,9,0,3819},
{0x0061,9,10,1,10,11,0,3829},
{0x0062,10,14,1,14,11,0,3874},
{0x0063,8,10,1,10,10,0,3944},
{0x0064,9,14,1,14,11,0,3984},
{0x0065,10,10,1,10,11,0,4047},
{0x0066,7,14,0,14,6,0,4097},
{0x0067,9,14,1,10,11,0,4146},
{0x0068,9,14,1,14,11,0,4209},
{0x0069,3,14,1,14,5,0,4272},
{0x006a,5,18,-1,14,5,0,4293},
{0x006b,10,14,1,14,10,0,4338},
{0x006c,3,14,1,14,5,0,4408},
{0x006d,15,10,1,10,18,0,4429},
{0x006e,9,10,1,10,11,0,4504},
{0x006f,10,10,1,10,11,0,4549},
{0x0070,10,14,1,10,11,0,4599},
{0x0071,9,14,1,10,11,0,4669},
{0x0072,7,11,1,11,7,0,4732},
{0x0073,9,10,0,10,9,0,4771},
{0x0074,7,13,0,13,7,0,4816},
{0x0075,9,10,1,10,11,0,4862},
{0x0076,11,10,0,10,11,0,4907},
{0x0077,14,10,0,10,15,0,4962},
{0x0078,11,10,0,10,11,0,5032},
{0x0079,11,14,0,10,11,0,5087},
{0x007a,9,10,0,10,9,0,5164},
{0x007b,8,17,2,14,11,0,5209},
{0x007c,2,18,2,14,6,0,5277},
{0x007d,8,17,2,14,11,0,5295},
{0x007e,13,4,1,8,15,0,5363},
{0x00a0,0,0,0,0,6,0,5389},
{0x00a1,3,13,2,10,7,0,5389},
{0x00a2,9,16,1,13,11,0,5409},
{0x00a3,9,13,1,13,11,0,5481},
{0x00a4,11,11,0,11,11,0,5540},
{0x00a5,11,13,0,13,11,0,5601},
{0x00a6,2,16,2,13,6,0,5673},
{0x00a7,9,16,0,13,9,0,5689},
{0x00a8,7,2,1,14,9,0,5761},
{0x00a9,14,13,2,13,18,0,5768},
{0x00aa,7,10,1,14,8,0,5859},
{0x00ab,9,9,1,10,11,0,5894},
{0x00ac,13,6,1,8,15,0,5935},
{0x00ad,6,3,0,6,7,0,5974},
{0x00ae,14,13,2,13,18,0,5983},
{0x00af,7,3,1,14,9,0,6074},
{0x00b0,7,6,1,13,9,0,6085},
{0x00b1,13,12,1,12,15,0,6106},
{0x00b2,7,8,0,14,7,0,6184},
{0x00b3,7,8,0,14,7,0,6212},
{0x00b4,5,4,3,15,9,0,6240},
{0x00b5,11,14,1,10,11,0,6250},
{0x00b6,9,15,1,13,11,0,6327},
{0x00b7,3,3,1,8,6,0,6395},
{0x00b8,5,5,2,1,9,0,6400},
{0x00b9,6,8,1,14,7,0,6413},
{0x00ba,8,10,0,14,8,0,6437},
{0x00bb,9,9,1,10,11,0,6477},
{0x00bc,16,14,1,14,17,0,6518},
{0x00bd,16,13,1,13,17,0,6630},
{0x00be,17,14,0,14,17,0,6734},
{0x00bf,8,14,1,10,10,0,6853},
{0x00c0,13,17,0,17,12,0,6909},
{0x00c1,13,17,0,17,12,0,7020},
{0x00c2,13,17,0,17,12,0,7131},
{0x00c3,13,18,0,18,12,0,7242},
{0x00c4,13,16,0,16,12,0,7359},
{0x00c5,13,17,0,17,12,0,7463},
{0x00c6,17,13,0,13,18,0,7574},
{0x00c7,11,17,1,13,13,0,7685},
{0x00c8,10,17,1,17,11,0,7779},
{0x00c9,10,17,1,17,11,0,7864},
{0x00ca,10,17,1,17,11,0,7949},
{0x00cb,10,16,1,16,11,0,8034},
{0x00cc,4,17,0,17,5,0,8114},
{0x00cd,4,17,1,17,5,0,8148},
{0x00ce,7,17,-1,17,5,0,8182},
{0x00cf,6,16,0,16,5,0,8242},
{0x00d0,13,13,0,13,14,0,8290},
{0x00d1,11,18,1,18,13,0,8375},
{0x00d2,13,17,1,17,14,0,8474},
{0x00d3,13,17,1,17,14,0,8585},
{0x00d4,13,17,1,17,14,0,8696},
{0x00d5,13,18,1,18,14,0,8807},
{0x00d6,13,17,1,17,14,0,8924},
{0x00d7,11,11,2,11,15,0,9035},
{0x00d8,14,15,0,14,14,0,9096},
{0x00d9,11,17,1,17,13,0,9201},
{0x00da,11,17,1,17,13,0,9295},
{0x00db,11,17,1,17,13,0,9389},
{0x00dc,11,17,1,17,13,0,9483},
{0x00dd,13,17,-1,17,11,0,9577},
{0x00de,10,13,1,13,11,0,9688},
{0x00df,10,14,1,14,11,0,9753},
{0x00e0,9,15,1,15,11,0,9823},
{0x00e1,9,15,1,15,11,0,9891},
{0x00e2,9,15,1,15,11,0,9959},
{0x00e3,9,14,1,14,11,0,10027},
{0x00e4,9,14,1,14,11,0,10090},
{0x00e5,9,17,1,17,11,0,10153},
{0x00e6,16,10,1,10,18,0,10230},
{0x00e7,8,14,1,10,10,0,10310},
{0x00e8,10,15,1,15,11,0,10366},
{0x00e9,10,15,1,15,11,0,10441},
{0x00ea,10,15,1,15,11,0,10516},
{0x00eb,10,14,1,14,11,0,10591},
{0x00ec,5,15,-1,15,5,0,10661},
{0x00ed,5,15,1,15,5,0,10699},
{0x00ee,7,15,-1,15,5,0,10737},
{0x00ef,7,14,-1,14,5,0,10790},
{0x00f0,10,14,1,14,11,0,10839},
{0x00f1,9,14,1,14,11,0,10909},
{0x00f2,10,15,1,15,11,0,10972},
{0x00f3,10,15,1,15,11,0,11047},
{0x00f4,10,15,1,15,11,0,11122},
{0x00f5,10,14,1,14,11,0,11197},
{0x00f6,10,14,1,14,11,0,11267},
{0x00f7,13,9,1,10,15,0,11337},
{0x00f8,11,12,0,11,11,0,11396},
{0x00f9,9,15,1,15,11,0,11462},
{0x00fa,9,15,1,15,11,0,11530},
{0x00fb,9,15,1,15,11,0,11598},
{0x00fc,9,14,1,14,11,0,11666},
{0x00fd,11,19,0,15,11,0,11729},
{0x00fe,10,18,1,14,11,0,11834},
{0x00ff,11,18,0,14,11,0,11924},
{0x0100,13,17,0,17,12,0,12023},
{0x0101,9,14,1,14,11,0,12134},
{0x0102,13,17,0,17,12,0,12197},
{0x0103,9,14,1,14,11,0,12308},
{0x0104,13,17,0,13,12,0,12371},
{0x0105,10,14,1,10,11,0,12482},
{0x0106,11,17,1,17,13,0,12552},
{0x0107,8,15,1,15,10,0,12646},
{0x0108,11,17,1,17,13,0,12706},
{0x0109,8,15,1,15,10,0,12800},
{0x010a,11,17,1,17,13,0,12860},
{0x010b,8,14,1,14,10,0,12954},
{0x010c,11,17,1,17,13,0,13010},
{0x010d,8,15,1,15,10,0,13104},
{0x010e,12,17,1,17,14,0,13164},
{0x010f,13,14,1,14,11,0,13266},
{0x0110,13,13,0,13,14,0,13357},
{0x0111,11,14,1,14,11,0,13442},
{0x0112,10,17,1,17,11,0,13519},
{0x0113,10,14,1,14,11,0,13604},
{0x0114,10,17,1,17,11,0,13674},
{0x0115,10,15,1,15,11,0,13759},
{0x0116,10,16,1,16,11,0,13834},
{0x0117,10,14,1,14,11,0,13914},
{0x0118,10,17,1,13,11,0,13984},
{0x0119,10,14,1,10,11,0,14069},
{0x011a,10,17,1,17,11,0,14139},
{0x011b,10,15,1,15,11,0,14224},
{0x011c,12,17,1,17,14,0,14299},
{0x011d,9,19,1,15,11,0,14401},
{0x011e,12,17,1,17,14,0,14487},
{0x011f,9,18,1,14,11,0,14589},
{0x0120,12,17,1,17,14,0,14670},
{0x0121,9,18,1,14,11,0,14772},
{0x0122,12,17,1,13,14,0,14853},
{0x0123,9,18,1,14,11,0,14955},
{0x0124,11,17,1,17,14,0,15036},
{0x0125,11,17,-1,17,11,0,15130},
{0x0126,14,13,1,13,16,0,15224},
{0x0127,10,14,1,14,13,0,15315},
{0x0128,7,18,-1,18,5,0,15385},
{0x0129,7,14,-1,14,5,0,15448},
{0x012a,6,17,0,17,5,0,15497},
{0x012b,7,14,-1,14,5,0,15548},
{0x012c,7,17,-1,17,5,0,15597},
{0x012d,7,14,-1,14,5,0,15657},
{0x012e,4,17,1,13,5,0,15706},
{0x012f,4,18,1,14,5,0,15740},
{0x0130,3,16,1,16,5,0,15776},
{0x0131,3,10,1,10,5,0,15800},
{0x0132,8,17,1,13,11,0,15815},
{0x0133,8,18,1,14,10,0,15883},
{0x0134,7,20,-1,16,5,0,15955},
{0x0135,7,19,-1,15,5,0,16025},
{0x0136,12,17,1,13,12,0,16092},
{0x0137,10,18,1,14,10,0,16194},
{0x0138,10,10,1,10,10,0,16284},
{0x0139,9,17,1,17,10,0,16334},
{0x013a,5,17,1,17,5,0,16411},
{0x013b,9,17,1,13,10,0,16454},
{0x013c,3,18,1,14,5,0,16531},
{0x013d,9,13,1,13,10,0,16558},
{0x013e,6,14,1,14,7,0,16617},
{0x013f,9,13,1,13,10,0,16659},
{0x0140,5,14,1,14,6,0,16718},
{0x0141,12,13,-1,13,10,0,16753},
{0x0142,6,14,0,14,5,0,16831},
{0x0143,11,17,1,17,13,0,16873},
{0x0144,9,15,1,15,11,0,16967},
{0x0145,11,17,1,13,13,0,17035},
{0x0146,9,14,1,10,11,0,17129},
{0x0147,11,17,1,17,13,0,17192},
{0x0148,9,15,1,15,11,0,17286},
{0x0149,12,13,1,13,15,0,17354},
{0x014a,11,17,1,13,13,0,17432},
{0x014b,9,14,1,10,11,0,17526},
{0x014c,13,17,1,17,14,0,17589},
{0x014d,10,14,1,14,11,0,17700},
{0x014e,13,17,1,17,14,0,17770},
{0x014f,10,15,1,15,11,0,17881},
{0x0150,13,17,1,17,14,0,17956},
{0x0151,10,15,1,15,11,0,18067},
{0x0152,18,13,1,13,19,0,18142},
{0x0153,17,10,1,10,18,0,18259},
{0x0154,11,17,1,17,13,0,18344},
{0x0155,8,15,1,15,7,0,18438},
{0x0156,11,17,1,13,13,0,18498},
{0x0157,7,15,1,11,7,0,18592},
{0x0158,11,17,1,17,13,0,18645},
{0x0159,7,15,1,15,7,0,18739},
{0x015a,10,17,1,17,11,0,18792},
{0x015b,9,15,0,15,9,0,18877},
{0x015c,10,17,1,17,11,0,18945},
{0x015d,9,15,0,15,9,0,19030},
{0x015e,10,17,1,13,11,0,19098},
{0x015f,9,14,0,10,9,0,19183},
{0x0160,10,17,1,17,11,0,19246},
{0x0161,9,15,0,15,9,0,19331},
{0x0162,13,17,-1,13,11,0,19399},
{0x0163,7,17,0,13,7,0,19510},
{0x0164,13,17,-1,17,11,0,19570},
{0x0165,7,15,0,15,7,0,19681},
{0x0166,13,13,-1,13,11,0,19734},
{0x0167,7,13,0,13,7,0,19819},
{0x0168,11,18,1,18,13,0,19865},
{0x0169,9,14,1,14,11,0,19964},
{0x016a,11,17,1,17,13,0,20027},
{0x016b,9,14,1,14,11,0,20121},
{0x016c,11,17,1,17,13,0,20184},
{0x016d,9,15,1,15,11,0,20278},
{0x016e,11,17,1,17,13,0,20346},
{0x016f,9,16,1,16,11,0,20440},
{0x0170,11,17,1,17,13,0,20512},
{0x0171,9,15,1,15,11,0,20606},
{0x0172,11,17,1,13,13,0,20674},
{0x0173,11,14,1,10,11,0,20768},
{0x0174,18,17,0,17,18,0,20845},
{0x0175,14,15,0,15,15,0,20998},
{0x0176,13,17,-1,17,11,0,21103},
{0x0177,11,18,0,14,11,0,21214},
{0x0178,13,16,-1,16,11,0,21313},
{0x0179,12,17,0,17,12,0,21417},
{0x017a,9,15,0,15,9,0,21519},
{0x017b,12,16,0,16,12,0,21587},
{0x017c,9,14,0,14,9,0,21683},
{0x017d,12,17,0,17,12,0,21746},
{0x017e,9,15,0,15,9,0,21848},
{0x017f,7,14,0,14,6,0,21916},
{0x0192,9,18,-2,14,6,0,21965},
{0x0218,10,17,1,13,11,0,22046},
{0x0219,9,14,0,10,9,0,22131},
{0x021a,13,17,-1,13,11,0,22194},
{0x021b,7,17,0,13,7,0,22305},
{0x02c6,7,4,1,15,9,0,22365},
{0x02c7,7,4,1,15,9,0,22379},
{0x02dc,7,3,1,14,9,0,22393},
{0x0391,13,13,0,13,12,0,22404},
{0x0392,11,13,1,13,12,0,22489},
{0x0393,9,13,1,13,10,0,22561},
{0x0394,13,13,0,13,12,0,22620},
{0x0395,10,13,1,13,11,0,22705},
{0x0396,12,13,0,13,12,0,22770},
{0x0397,11,13,1,13,14,0,22848},
{0x0398,13,13,1,13,14,0,22920},
{0x0399,3,13,1,13,5,0,23005},
{0x039a,12,13,1,13,12,0,23025},
{0x039b,13,13,0,13,12,0,23103},
{0x039c,13,13,1,13,16,0,23188},
{0x039d,11,13,1,13,13,0,23273},
{0x039e,9,13,1,13,11,0,23345},
{0x039f,13,13,1,13,14,0,23404},
{0x03a0,11,13,1,13,14,0,23489},
{0x03a1,10,13,1,13,11,0,23561},
{0x03a3,10,13,1,13,11,0,23626},
{0x03a4,13,13,-1,13,11,0,23691},
{0x03a5,13,13,-1,13,11,0,23776},
{0x03a6,13,13,1,13,14,0,23861},
{0x03a7,12,13,0,13,12,0,23946},
{0x03a8,13,13,1,13,14,0,24024},
{0x03a9,14,13,0,13,14,0,24109},
{0x03b1,10,10,1,10,12,0,24200},
{0x03b2,10,18,1,14,11,0,24250},
{0x03b3,11,14,0,10,11,0,24340},
{0x03b4,10,13,1,13,11,0,24417},
{0x03b5,8,10,1,10,10,0,24482},
{0x03b6,9,18,0,14,10,0,24522},
{0x03b7,9,14,1,10,11,0,24603},
{0x03b8,10,14,1,14,11,0,24666},
{0x03b9,5,10,1,10,6,0,24736},
{0x03ba,10,10,1,10,11,0,24761},
{0x03bb,11,14,0,14,11,0,24811},
{0x03bc,11,14,1,10,11,0,24888},
{0x03bd,10,10,0,10,10,0,24965},
{0x03be,10,18,0,14,10,0,25015},
{0x03bf,10,10,1,10,11,0,25105},
{0x03c0,11,10,0,10,11,0,25155},
{0x03c1,10,14,1,10,11,0,25210},
{0x03c2,8,14,1,10,11,0,25280},
{0x03c3,10,10,1,10,11,0,25336},
{0x03c4,10,10,0,10,11,0,25386},
{0x03c5,9,10,1,10,10,0,25436},
{0x03c6,11,14,0,10,12,0,25481},
{0x03c7,10,14,0,10,10,0,25558},
{0x03c8,11,14,0,10,12,0,25628},
{0x03c9,13,10,1,10,15,0,25705},
{0x0400,10,17,1,17,11,0,25770},
{0x0401,10,16,1,16,11,0,25855},
{0x0402,14,17,-1,13,14,0,25935},
{0x0403,9,17,1,17,11,0,26054},
{0x0404,11,13,1,13,13,0,26131},
{0x0405,10,13,1,13,11,0,26203},
{0x0406,3,13,1,13,5,0,26268},
{0x0407,6,16,0,16,5,0,26288},
{0x0408,5,17,-1,13,5,0,26336},
{0x0409,19,13,0,13,20,0,26379},
{0x040a,17,13,1,13,19,0,26503},
{0x040b,14,13,-1,13,14,0,26614},
{0x040c,12,17,1,17,13,0,26705},
{0x040d,11,17,1,17,13,0,26807},
{0x040e,11,17,0,17,11,0,26901},
{0x040f,11,16,1,13,14,0,26995},
{0x0410,13,13,0,13,12,0,27083},
{0x0411,11,13,1,13,12,0,27168},
{0x0412,11,13,1,13,12,0,27240},
{0x0413,9,13,1,13,11,0,27312},
{0x0414,14,16,0,13,14,0,27371},
{0x0415,10,13,1,13,11,0,27483},
{0x0416,20,13,0,13,19,0,27548},
{0x0417,10,13,1,13,12,0,27678},
{0x0418,11,13,1,13,13,0,27743},
{0x0419,11,17,1,17,13,0,27815},
{0x041a,12,13,1,13,13,0,27909},
{0x041b,12,13,0,13,14,0,27987},
{0x041c,13,13,1,13,16,0,28065},
{0x041d,11,13,1,13,14,0,28150},
{0x041e,13,13,1,13,14,0,28222},
{0x041f,11,13,1,13,14,0,28307},
{0x0420,10,13,1,13,11,0,28379},
{0x0421,11,13,1,13,13,0,28444},
{0x0422,13,13,-1,13,11,0,28516},
{0x0423,11,13,0,13,11,0,28601},
{0x0424,14,13,1,13,16,0,28673},
{0x0425,12,13,0,13,12,0,28764},
{0x0426,13,16,1,13,14,0,28842},
{0x0427,10,13,1,13,12,0,28946},
{0x0428,17,13,1,13,19,0,29011},
{0x0429,18,16,1,13,20,0,29122},
{0x042a,14,13,0,13,15,0,29266},
{0x042b,14,13,1,13,16,0,29357},
{0x042c,11,13,1,13,12,0,29448},
{0x042d,12,13,0,13,13,0,29520},
{0x042e,18,13,1,13,19,0,29598},
{0x042f,10,13,1,13,13,0,29715},
{0x0430,9,10,1,10,11,0,29780},
{0x0431,11,15,0,15,11,0,29825},
{0x0432,9,10,1,10,11,0,29908},
{0x0433,8,10,1,10,9,0,29953},
{0x0434,12,13,0,10,12,0,29993},
{0x0435,10,10,1,10,11,0,30071},
{0x0436,16,10,0,10,16,0,30121},
{0x0437,8,10,1,10,10,0,30201},
{0x0438,10,10,1,10,12,0,30241},
{0x0439,10,14,1,14,12,0,30291},
{0x043a,10,10,1,10,11,0,30361},
{0x043b,11,10,0,10,12,0,30411},
{0x043c,11,10,1,10,14,0,30466},
{0x043d,10,10,1,10,12,0,30521},
{0x043e,10,10,1,10,11,0,30571},
{0x043f,10,10,1,10,12,0,30621},
{0x0440,10,14,1,10,11,0,30671},
{0x0441,8,10,1,10,10,0,30741},
{0x0442,10,10,0,10,10,0,30781},
{0x0443,11,14,0,10,11,0,30831},
{0x0444,15,17,0,13,15,0,30908},
{0x0445,11,10,0,10,11,0,31036},
{0x0446,11,13,1,10,12,0,31091},
{0x0447,8,10,1,10,11,0,31163},
{0x0448,14,10,1,10,16,0,31203},
{0x0449,16,13,1,10,17,0,31273},
{0x044a,12,10,0,10,13,0,31377},
{0x044b,12,10,1,10,14,0,31437},
{0x044c,9,10,1,10,11,0,31497},
{0x044d,8,10,1,10,10,0,31542},
{0x044e,14,10,1,10,15,0,31582},
{0x044f,9,10,1,10,11,0,31652},
{0x0450,10,15,1,15,11,0,31697},
{0x0451,10,14,1,14,11,0,31772},
{0x0452,11,18,0,14,11,0,31842},
{0x0453,8,15,1,15,9,0,31941},
{0x0454,8,10,1,10,10,0,32001},
{0x0455,9,10,0,10,9,0,32041},
{0x0456,3,14,1,14,5,0,32086},
{0x0457,7,14,-1,14,5,0,32107},
{0x0458,5,18,-1,14,5,0,32156},
{0x0459,16,10,0,10,16,0,32201},
{0x045a,15,10,1,10,16,0,32281},
{0x045b,11,14,0,14,12,0,32356},
{0x045c,10,15,1,15,11,0,32433},
{0x045d,10,15,1,15,12,0,32508},
{0x045e,11,18,0,14,11,0,32583},
{0x045f,10,13,1,10,12,0,32682},
{0x2010,6,3,0,6,7,0,32747},
{0x2011,6,3,0,6,7,0,32756},
{0x2012,11,3,0,6,11,0,32765},
{0x2013,9,3,0,6,9,0,32782},
{0x2014,18,3,0,6,18,0,32796},
{0x2015,18,3,0,6,18,0,32823},
{0x2018,4,5,1,13,6,0,32850},
{0x2019,4,5,1,13,6,0,32860},
{0x201a,4,5,1,3,6,0,32870},
{0x201b,4,5,1,13,6,0,32880},
{0x201c,7,5,1,13,9,0,32890},
{0x201d,7,5,1,13,9,0,32908},
{0x201e,7,5,1,3,9,0,32926},
{0x201f,7,5,1,13,9,0,32944},
{0x2020,9,14,0,13,9,0,32962},
{0x2021,9,14,0,13,9,0,33025},
{0x2022,6,6,2,10,11,0,33088},
{0x2026,14,3,2,3,18,0,33106},
{0x2030,23,13,1,13,24,0,33127},
{0x2039,5,9,1,10,7,0,33277},
{0x203a,5,9,1,10,7,0,33300},
{0x20ac,11,13,0,13,11,0,33323},
{0x2116,18,14,0,14,19,0,33395},
{0x2122,13,6,2,14,18,0,33521},
{0x2190,15,9,0,10,15,0,33560},
{0x2191,9,14,3,14,15,0,33628},
{0x2192,14,9,1,10,15,0,33691},
{0x2193,9,15,3,14,15,0,33754},
{0x2212,13,3,1,7,15,0,33822},
{0x25b2,14,15,0,12,14,0,33842},
{0x25b6,14,15,0,12,14,0,33947},
{0x25bc,14,15,0,12,14,0,34052},
{0x25c0,14,15,0,12,14,0,34157},
{0x25cf,15,15,0,12,16,0,34262},
{0x2713,11,11,2,12,15,0,34375},
{0x2715,11,11,2,12,15,0,34436},
{0xfffd,19,19,0,17,18,0,34497},
};

const font_t font_sans_18 = {
    .px = 18, .line_h = 22, .ascent = 17, .descent = 5,
    .count = 509, .glyphs = s_glyphs, .bitmap = s_bits,
};
