/* Generated by tools/fontgen.c from DejaVuSans.ttf at 24px - do not edit.
 * DejaVu fonts: Bitstream Vera license (see tools/LICENSE). */
#include "font.h"

static const uint8_t s_bits[60963] = {
0x6f,0xf6,0xff,0x6f,0xf6,0xff,0x6f,0xf6,0xff,0x6f,0xf6,0xff,0x5f,0xf4,0xfe,0x3f,0xd3,0xfc,0x15,0x40,
0x00,0x11,0x16,0xff,0x6f,0xf6,0xff,0xaf,0x40,0x4f,0xba,0xf4,0x04,0xfb,0xaf,0x40,0x4f,0xba,0xf4,0x04,
0xfb,0xaf,0x40,0x4f,0xba,0xf4,0x04,0xfb,0x8c,0x30,0x3c,0x90,0x00,0x00,0x00,0x08,0xf6,0x00,0x3f,0xb0,
0x00,0x00,0x00,0x00,0x0b,0xf2,0x00,0x6f,0x70,0x00,0x00,0x00,0x00,0x0e,0xe0,0x00,0xaf,0x30,0x00,0x00,
0x00,0x00,0x3f,0xa0,0x00,0xdf,0x00,0x00,0x00,0x00,0x00,0x7f,0x70,0x02,0xfb,0x00,0x00,0x00,0xbd,0xdd,
0xef,0xed,0xde,0xfe,0xdd,0xd3,0x00,0xcf,0xff,0xff,0xff,0xff,0xff,0xff,0xf4,0x00,0x00,0x02,0xfb,0x00,
0x0d,0xf1,0x00,0x00,0x00,0x00,0x06,0xf8,0x00,0x1f,0xc0,0x00,0x00,0x00,0x00,0x09,0xf4,0x00,0x5f,0x90,
0x00,0x00,0x00,0x00,0x0d,0xf1,0x00,0x8f,0x50,0x00,0x00,0x2d,0xdd,0xdf,0xfd,0xdd,0xef,0xdd,0xdc,0x00,
0x2f,0xff,0xff,0xff,0xff,0xff,0xff,0xfe,0x00,0x00,0x00,0x9f,0x40,0x04,0xf9,0x00,0x00,0x00,0x00,0x00,
0xcf,0x10,0x08,0xf6,0x00,0x00,0x00,0x00,0x01,0xfc,0x00,0x0b,0xf2,0x00,0x00,0x00,0x00,0x05,0xf9,0x00,
0x0f,0xd0,0x00,0x00,0x00,0x00,0x08,0xf5,0x00,0x4f,0xa0,0x00,0x00,0x00,0x00,0x00,0x1f,0x20,0x00,0x00,
0x00,0x00,0x1f,0x20,0x00,0x00,0x00,0x00,0x1f,0x20,0x00,0x00,0x01,0x9d,0xff,0xfd,0xb8,0x10,0x2e,0xff,
0xcf,0xbc,0xff,0x30,0xaf,0xc2,0x1f,0x20,0x27,0x20,0xef,0x40,0x1f,0x20,0x00,0x00,0xff,0x30,0x1f,0x20,
0x00,0x00,0xdf,0x90,0x1f,0x20,0x00,0x00,0x6f,0xfc,0x8f,0x20,0x00,0x00,0x07,0xef,0xff,0xfc,0x71,0x00,
0x00,0x16,0xaf,0xff,0xfd,0x30,0x00,0x00,0x1f,0x36,0xef,0xc0,0x00,0x00,0x1f,0x20,0x3f,0xf2,0x00,0x00,
0x1f,0x20,0x0e,0xf4,0x10,0x00,0x1f,0x20,0x2f,0xf2,0xe7,0x20,0x1f,0x22,0xcf,0xd0,0xff,0xfd,0xcf,0xdf,
0xfe,0x30,0x27,0xbd,0xff,0xfd,0x92,0x00,0x00,0x00,0x1f,0x20,0x00,0x00,0x00,0x00,0x1f,0x20,0x00,0x00,
0x00,0x00,0x1f,0x20,0x00,0x00,0x00,0x00,0x08,0x10,0x00,0x00,0x01,0x9e,0xfd,0x60,0x00,0x00,0x00,0x6f,
0x80,0x00,0x00,0xcf,0xc9,0xef,0x70,0x00,0x00,0x1e,0xd0,0x00,0x00,0x5f,0xb0,0x01,0xef,0x10,0x00,0x09,
0xf4,0x00,0x00,0x09,0xf5,0x00,0x09,0xf5,0x00,0x03,0xfa,0x00,0x00,0x00,0xaf,0x30,0x00,0x7f,0x60,0x00,
0xce,0x20,0x00,0x00,0x09,0xf5,0x00,0x09,0xf5,0x00,0x6f,0x70,0x00,0x00,0x00,0x5f,0xb0,0x01,0xef,0x10,
0x1e,0xd0,0x00,0x00,0x00,0x00,0xcf,0xc9,0xdf,0x80,0x09,0xf4,0x00,0x00,0x00,0x00,0x01,0x9e,0xfd,0x60,
0x03,0xfa,0x00,0x7d,0xfd,0x60,0x00,0x00,0x00,0x00,0x00,0xce,0x10,0x9f,0xd9,0xdf,0x70,0x00,0x00,0x00,
0x00,0x7f,0x60,0x2f,0xd1,0x02,0xee,0x10,0x00,0x00,0x00,0x2e,0xc0,0x07,0xf7,0x00,0x09,0xf5,0x00,0x00,
0x00,0x0a,0xf3,0x00,0x9f,0x50,0x00,0x7f,0x70,0x00,0x00,0x04,0xf9,0x00,0x09,0xf5,0x00,0x07,0xf7,0x00,
0x00,0x00,0xde,0x10,0x00,0x7f,0x70,0x00,0x9f,0x50,0x00,0x00,0x7f,0x60,0x00,0x02,0xfd,0x10,0x1e,0xf1,
0x00,0x00,0x2e,0xc0,0x00,0x00,0x09,0xfd,0x9d,0xf7,0x00,0x00,0x0a,0xf3,0x00,0x00,0x00,0x07,0xdf,0xd6,
0x00,0x00,0x00,0x5b,0xef,0xda,0x50,0x00,0x00,0x00,0x00,0x8f,0xff,0xff,0xff,0x30,0x00,0x00,0x00,0x3f,
0xfa,0x20,0x15,0xb2,0x00,0x00,0x00,0x07,0xfd,0x00,0x00,0x00,0x00,0x00,0x00,0x00,0x7f,0xc0,0x00,0x00,
0x00,0x00,0x00,0x00,0x03,0xff,0x30,0x00,0x00,0x00,0x00,0x00,0x00,0x0a,0xfd,0x20,0x00,0x00,0x00,0x00,
0x00,0x02,0xdf,0xfd,0x20,0x00,0x00,0x00,0x00,0x01,0xdf,0x59,0xfd,0x20,0x00,0x01,0xcc,0x10,0xaf,0x80,
0x0a,0xfd,0x20,0x00,0x3f,0xe0,0x2f,0xf1,0x00,0x0b,0xfd,0x20,0x06,0xfa,0x06,0xfc,0x00,0x00,0x1b,0xfd,
0x20,0xcf,0x40,0x7f,0xd0,0x00,0x00,0x1c,0xfd,0x6f,0xc0,0x05,0xff,0x20,0x00,0x00,0x1d,0xff,0xf3,0x00,
0x1e,0xfa,0x00,0x00,0x00,0x4f,0xfd,0x10,0x00,0x7f,0xfc,0x41,0x02,0x7e,0xff,0xfc,0x00,0x00,0x8f,0xff,
0xff,0xff,0xf7,0x3e,0xfa,0x00,0x00,0x39,0xdf,0xec,0x82,0x00,0x5f,0xf8,0xaf,0x4a,0xf4,0xaf,0x4a,0xf4,
0xaf,0x4a,0xf4,0x8c,0x30,0x00,0x0b,0xf3,0x00,0x4f,0xb0,0x00,0xcf,0x30,0x03,0xfd,0x00,0x09,0xf7,0x00,
0x1e,0xf2,0x00,0x4f,0xe0,0x00,0x7f,0xb0,0x00,0xbf,0x80,0x00,0xcf,0x70,0x00,0xdf,0x60,0x00,0xef,0x50,
0x00,0xdf,0x60,0x00,0xbf,0x70,0x00,0x9f,0x90,0x00,0x6f,0xc0,0x00,0x2f,0xf1,0x00,0x0c,0xf5,0x00,0x06,
0xfa,0x00,0x01,0xef,0x10,0x00,0x8f,0x70,0x00,0x1e,0xe1,0x00,0x04,0x82,0x0c,0xe1,0x00,0x00,0x5f,0x90,
0x00,0x00,0xdf,0x20,0x00,0x07,0xf9,0x00,0x00,0x2f,0xe0,0x00,0x00,0xcf,0x50,0x00,0x09,0xf9,0x00,0x00,
0x5f,0xd0,0x00,0x03,0xff,0x10,0x00,0x2f,0xf2,0x00,0x01,0xff,0x40,0x00,0x0f,0xf4,0x00,0x01,0xff,0x30,
0x00,0x2f,0xf2,0x00,0x04,0xfe,0x00,0x00,0x7f,0xb0,0x00,0x0a,0xf7,0x00,0x00,0xef,0x20,0x00,0x5f,0xc0,
0x00,0x0a,0xf6,0x00,0x02,0xfd,0x00,0x00,0x9f,0x50,0x00,0x07,0x70,0x00,0x00,0x00,0x00,0x0a,0xa0,0x00,
0x00,0x00,0x00,0x0a,0xa0,0x00,0x00,0x09,0x30,0x0a,0xa0,0x03,0x90,0x1c,0xf8,0x1a,0xa1,0x8f,0xc1,0x00,
0x5d,0xdd,0xdd,0xd5,0x00,0x00,0x00,0x8f,0xf8,0x00,0x00,0x00,0x17,0xef,0xfe,0x71,0x00,0x05,0xdd,0x5a,
0xa5,0xdd,0x50,0x1e,0x91,0x0a,0xa0,0x19,0xe1,0x01,0x00,0x0a,0xa0,0x00,0x10,0x00,0x00,0x0a,0xa0,0x00,
0x00,0x00,0x00,0x04,0x40,0x00,0x00,0x00,0x00,0x00,0x09,0xa0,0x00,0x00,0x00,0x00,0x00,0x00,0x0e,0xf1,
0x00,0x00,0x00,0x00,0x00,0x00,0x0e,0xf1,0x00,0x00,0x00,0x00,0x00,0x00,0x0e,0xf1,0x00,0x00,0x00,0x00,
0x00,0x00,0x0e,0xf1,0x00,0x00,0x00,0x00,0x00,0x00,0x0e,0xf1,0x00,0x00,0x00,0x00,0x00,0x00,0x0e,0xf1,
0x00,0x00,0x00,0x7f,0xff,0xff,0xff,0xff,0xff,0xff,0xf8,0x7f,0xff,0xff,0xff,0xff,0xff,0xff,0xf8,0x11,
0x11,0x11,0x1e,0xf2,0x11,0x11,0x11,0x00,0x00,0x00,0x0e,0xf1,0x00,0x00,0x00,0x00,0x00,0x00,0x0e,0xf1,
0x00,0x00,0x00,0x00,0x00,0x00,0x0e,0xf1,0x00,0x00,0x00,0x00,0x00,0x00,0x0e,0xf1,0x00,0x00,0x00,0x00,
0x00,0x00,0x0e,0xf1,0x00,0x00,0x00,0x00,0x00,0x00,0x0e,0xf1,0x00,0x00,0x00,0x03,0xff,0x40,0x3f,0xf4,
0x04,0xff,0x20,0x8f,0x90,0x0c,0xf2,0x01,0xf9,0x00,0xcf,0xff,0xff,0x7c,0xff,0xff,0xf7,0x11,0x10,0x7f,
0xf1,0x7f,0xf1,0x7f,0xf1,0x00,0x00,0x01,0xfe,0x00,0x00,0x00,0x5f,0xa0,0x00,0x00,0x0a,0xf5,0x00,0x00,
0x00,0xef,0x10,0x00,0x00,0x4f,0xb0,0x00,0x00,0x08,0xf7,0x00,0x00,0x00,0xdf,0x20,0x00,0x00,0x2f,0xd0,
0x00,0x00,0x07,0xf9,0x00,0x00,0x00,0xbf,0x40,0x00,0x00,0x1f,0xe0,0x00,0x00,0x05,0xfa,0x00,0x00,0x00,
0x9f,0x60,0x00,0x00,0x0e,0xf1,0x00,0x00,0x03,0xfc,0x00,0x00,0x00,0x8f,0x70,0x00,0x00,0x0c,0xf3,0x00,
0x00,0x02,0xfd,0x00,0x00,0x00,0x6f,0x90,0x00,0x00,0x0b,0xf4,0x00,0x00,0x00,0x78,0x10,0x00,0x00,0x00,
0x00,0x02,0x9d,0xfe,0xa3,0x00,0x00,0x03,0xef,0xff,0xff,0xf6,0x00,0x01,0xef,0xc3,0x02,0xaf,0xf3,0x00,
0x7f,0xe1,0x00,0x00,0xbf,0xb0,0x0d,0xf8,0x00,0x00,0x04,0xff,0x11,0xff,0x40,0x00,0x00,0x1f,0xf5,0x4f,
0xf2,0x00,0x00,0x00,0xdf,0x85,0xff,0x00,0x00,0x00,0x0b,0xf9,0x6f,0xf0,0x00,0x00,0x00,0xbf,0xa6,0xff,
0x00,0x00,0x00,0x0b,0xfa,0x5f,0xf0,0x00,0x00,0x00,0xbf,0x94,0xff,0x20,0x00,0x00,0x0d,0xf8,0x1f,0xf4,
0x00,0x00,0x01,0xff,0x50,0xdf,0x80,0x00,0x00,0x4f,0xf1,0x07,0xfe,0x10,0x00,0x0b,0xfb,0x00,0x1e,0xfc,
0x30,0x29,0xff,0x30,0x00,0x3e,0xff,0xff,0xff,0x60,0x00,0x00,0x29,0xdf,0xea,0x30,0x00,0x15,0x8b,0xef,
0xf3,0x00,0x00,0x5f,0xff,0xff,0xf3,0x00,0x00,0x5e,0xb7,0x6f,0xf3,0x00,0x00,0x00,0x00,0x2f,0xf3,0x00,
0x00,0x00,0x00,0x2f,0xf3,0x00,0x00,0x00,0x00,0x2f,0xf3,0x00,0x00,0x00,0x00,0x2f,0xf3,0x00,0x00,0x00,
0x00,0x2f,0xf3,0x00,0x00,0x00,0x00,0x2f,0xf3,0x00,0x00,0x00,0x00,0x2f,0xf3,0x00,0x00,0x00,0x00,0x2f,
0xf3,0x00,0x00,0x00,0x00,0x2f,0xf3,0x00,0x00,0x00,0x00,0x2f,0xf3,0x00,0x00,0x00,0x00,0x2f,0xf3,0x00,
0x00,0x00,0x00,0x2f,0xf3,0x00,0x00,0x01,0x11,0x3f,0xf4,0x11,0x10,0x0f,0xff,0xff,0xff,0xff,0xf1,0x0f,
0xff,0xff,0xff,0xff,0xf1,0x01,0x6a,0xdf,0xec,0x82,0x00,0x2f,0xff,0xff,0xff,0xfe,0x40,0x2f,0xd7,0x42,
0x37,0xef,0xe2,0x15,0x00,0x00,0x00,0x3f,0xf8,0x00,0x00,0x00,0x00,0x0b,0xfb,0x00,0x00,0x00,0x00,0x0a,
0xfb,0x00,0x00,0x00,0x00,0x0d,0xf8,0x00,0x00,0x00,0x00,0x6f,0xf2,0x00,0x00,0x00,0x02,0xef,0x80,0x00,
0x00,0x00,0x1d,0xfb,0x00,0x00,0x00,0x01,0xcf,0xc1,0x00,0x00,0x00,0x1c,0xfc,0x10,0x00,0x00,0x01,0xcf,
0xd1,0x00,0x00,0x00,0x1c,0xfd,0x20,0x00,0x00,0x01,0xcf,0xd2,0x00,0x00,0x00,0x1c,0xfe,0x31,0x11,0x11,
0x11,0x4f,0xff,0xff,0xff,0xff,0xfd,0x4f,0xff,0xff,0xff,0xff,0xfd,0x03,0x7b,0xde,0xfd,0xa4,0x00,0x00,
0xaf,0xff,0xff,0xff,0xf9,0x00,0x08,0x95,0x32,0x24,0xbf,0xf6,0x00,0x00,0x00,0x00,0x00,0xbf,0xc0,0x00,
0x00,0x00,0x00,0x07,0xfe,0x00,0x00,0x00,0x00,0x00,0xaf,0xc0,0x00,0x00,0x00,0x13,0x9f,0xf5,0x00,0x00,
0x2f,0xff,0xff,0xe7,0x00,0x00,0x02,0xff,0xff,0xf7,0x10,0x00,0x00,0x00,0x01,0x4a,0xfd,0x20,0x00,0x00,
0x00,0x00,0x09,0xfc,0x00,0x00,0x00,0x00,0x00,0x2f,0xf3,0x00,0x00,0x00,0x00,0x00,0xff,0x50,0x00,0x00,
0x00,0x00,0x3f,0xf4,0x10,0x00,0x00,0x00,0x0a,0xff,0x13,0xd8,0x42,0x12,0x5c,0xff,0x80,0x3f,0xff,0xff,
0xff,0xff,0x90,0x00,0x49,0xce,0xfe,0xc9,0x30,0x00,0x00,0x00,0x00,0x0d,0xff,0x60,0x00,0x00,0x00,0x07,
0xff,0xf6,0x00,0x00,0x00,0x02,0xfd,0xef,0x60,0x00,0x00,0x00,0xbf,0x4e,0xf6,0x00,0x00,0x00,0x6f,0xa0,
0xef,0x60,0x00,0x00,0x1e,0xe1,0x0e,0xf6,0x00,0x00,0x09,0xf6,0x00,0xef,0x60,0x00,0x04,0xfc,0x00,0x0e,
0xf6,0x00,0x00,0xdf,0x30,0x00,0xef,0x60,0x00,0x8f,0x90,0x00,0x0e,0xf6,0x00,0x2f,0xe1,0x00,0x00,0xef,
0x60,0x0b,0xf6,0x11,0x11,0x1e,0xf7,0x11,0xcf,0xff,0xff,0xff,0xff,0xff,0xec,0xff,0xff,0xff,0xff,0xff,
0xfe,0x00,0x00,0x00,0x00,0xef,0x60,0x00,0x00,0x00,0x00,0x0e,0xf6,0x00,0x00,0x00,0x00,0x00,0xef,0x60,
0x00,0x00,0x00,0x00,0x0e,0xf6,0x00,0x06,0xff,0xff,0xff,0xff,0xd0,0x00,0x6f,0xff,0xff,0xff,0xfd,0x00,
0x06,0xfc,0x11,0x11,0x11,0x10,0x00,0x6f,0xc0,0x00,0x00,0x00,0x00,0x06,0xfc,0x00,0x00,0x00,0x00,0x00,
0x6f,0xc0,0x10,0x00,0x00,0x00,0x06,0xfe,0xef,0xfe,0x92,0x00,0x00,0x6f,0xff,0xff,0xff,0xf6,0x00,0x05,
0x84,0x20,0x26,0xdf,0xf3,0x00,0x00,0x00,0x00,0x02,0xef,0xb0,0x00,0x00,0x00,0x00,0x07,0xff,0x00,0x00,
0x00,0x00,0x00,0x3f,0xf2,0x00,0x00,0x00,0x00,0x04,0xff,0x20,0x00,0x00,0x00,0x00,0x7f,0xf0,0x00,0x00,
0x00,0x00,0x2e,0xfb,0x02,0xd8,0x42,0x13,0x7e,0xff,0x30,0x2f,0xff,0xff,0xff,0xfe,0x50,0x00,0x6a,0xde,
0xfe,0xc8,0x10,0x00,0x00,0x00,0x28,0xde,0xec,0x93,0x00,0x00,0x6f,0xff,0xff,0xff,0x90,0x00,0x5f,0xfb,
0x52,0x24,0x87,0x00,0x1e,0xf9,0x00,0x00,0x00,0x00,0x08,0xfd,0x00,0x00,0x00,0x00,0x00,0xdf,0x70,0x00,
0x00,0x00,0x00,0x1f,0xf4,0x4b,0xee,0xd8,0x10,0x04,0xff,0x7f,0xff,0xff,0xfd,0x30,0x4f,0xff,0xd4,0x00,
0x5e,0xfd,0x05,0xff,0xf2,0x00,0x00,0x5f,0xf5,0x4f,0xfa,0x00,0x00,0x00,0xdf,0x92,0xff,0x80,0x00,0x00,
0x0a,0xfb,0x0f,0xf8,0x00,0x00,0x00,0xaf,0xb0,0xbf,0xa0,0x00,0x00,0x0d,0xf9,0x05,0xff,0x20,0x00,0x05,
0xff,0x50,0x0c,0xfd,0x40,0x05,0xef,0xc0,0x00,0x2d,0xff,0xff,0xff,0xd2,0x00,0x00,0x18,0xce,0xec,0x71,
0x00,0x0f,0xff,0xff,0xff,0xff,0xff,0x30,0xff,0xff,0xff,0xff,0xff,0xf1,0x01,0x11,0x11,0x11,0x1c,0xfa,
0x00,0x00,0x00,0x00,0x02,0xff,0x40,0x00,0x00,0x00,0x00,0x8f,0xe0,0x00,0x00,0x00,0x00,0x0e,0xf8,0x00,
0x00,0x00,0x00,0x04,0xff,0x30,0x00,0x00,0x00,0x00,0xaf,0xc0,0x00,0x00,0x00,0x00,0x1f,0xf6,0x00,0x00,
0x00,0x00,0x06,0xff,0x10,0x00,0x00,0x00,0x00,0xcf,0xa0,0x00,0x00,0x00,0x00,0x2f,0xf5,0x00,0x00,0x00,
0x00,0x08,0xfe,0x00,0x00,0x00,0x00,0x00,0xef,0x80,0x00,0x00,0x00,0x00,0x4f,0xf3,0x00,0x00,0x00,0x00,
0x0a,0xfc,0x00,0x00,0x00,0x00,0x01,0xff,0x70,0x00,0x00,0x00,0x00,0x6f,0xf1,0x00,0x00,0x00,0x00,0x05,
0xbe,0xfe,0xc8,0x10,0x00,0x0b,0xff,0xff,0xff,0xfe,0x30,0x07,0xff,0x82,0x01,0x6e,0xfc,0x00,0xdf,0xa0,
0x00,0x00,0x6f,0xf2,0x0e,0xf7,0x00,0x00,0x03,0xff,0x30,0xcf,0xa0,0x00,0x00,0x6f,0xe0,0x06,0xff,0x71,
0x01,0x5e,0xf6,0x00,0x08,0xff,0xff,0xff,0xc5,0x00,0x00,0x06,0xff,0xff,0xfd,0x60,0x00,0x1c,0xf9,0x31,
0x27,0xef,0x80,0x0b,0xf9,0x00,0x00,0x05,0xff,0x32,0xff,0x30,0x00,0x00,0x0e,0xf7,0x5f,0xf1,0x00,0x00,
0x00,0xcf,0x95,0xff,0x30,0x00,0x00,0x0e,0xf8,0x2f,0xf9,0x00,0x00,0x05,0xff,0x50,0xbf,0xf8,0x20,0x16,
0xef,0xd0,0x01,0xdf,0xff,0xff,0xff,0xe3,0x00,0x01,0x7b,0xef,0xec,0x81,0x00,0x00,0x05,0xbe,0xfd,0x92,
0x00,0x00,0x0a,0xff,0xff,0xff,0xe4,0x00,0x08,0xff,0x71,0x02,0xaf,0xe2,0x01,0xff,0x80,0x00,0x00,0xdf,
0x90,0x5f,0xf2,0x00,0x00,0x06,0xfe,0x07,0xfe,0x00,0x00,0x00,0x4f,0xf4,0x7f,0xe0,0x00,0x00,0x04,0xff,
0x65,0xff,0x20,0x00,0x00,0x6f,0xf8,0x1f,0xf9,0x00,0x00,0x0d,0xff,0x80,0x9f,0xf8,0x20,0x3b,0xff,0xf8,
0x00,0xbf,0xff,0xff,0xf9,0xdf,0x70,0x00,0x5b,0xde,0xb5,0x0f,0xf5,0x00,0x00,0x00,0x00,0x04,0xff,0x20,
0x00,0x00,0x00,0x00,0xaf,0xb0,0x00,0x00,0x00,0x00,0x5f,0xf4,0x00,0x49,0x42,0x23,0x9f,0xf9,0x00,0x05,
0xff,0xff,0xff,0xf9,0x00,0x00,0x28,0xce,0xfd,0xa4,0x00,0x00,0x3f,0xf4,0x3f,0xf4,0x3f,0xf4,0x02,0x20,
0x00,0x00,0x00,0x00,0x00,0x00,0x00,0x00,0x00,0x00,0x01,0x10,0x3f,0xf4,0x3f,0xf4,0x3f,0xf4,0x03,0xff,
0x40,0x3f,0xf4,0x03,0xff,0x40,0x02,0x20,0x00,0x00,0x00,0x00,0x00,0x00,0x00,0x00,0x00,0x00,0x00,0x00,
0x00,0x00,0x00,0x03,0xff,0x40,0x3f,0xf4,0x04,0xff,0x20,0x8f,0x90,0x0c,0xf2,0x01,0xf9,0x00,0x00,0x00,
0x00,0x00,0x00,0x00,0x00,0x24,0x00,0x00,0x00,0x00,0x00,0x01,0x6b,0xf8,0x00,0x00,0x00,0x00,0x04,0x9e,
0xff,0xf7,0x00,0x00,0x00,0x27,0xdf,0xff,0xc7,0x10,0x00,0x00,0x5b,0xff,0xfe,0x93,0x00,0x00,0x03,0x9e,
0xff,0xfa,0x50,0x00,0x00,0x00,0x6f,0xff,0xc6,0x10,0x00,0x00,0x00,0x00,0x7f,0xfd,0x71,0x00,0x00,0x00,
0x00,0x00,0x28,0xef,0xff,0xb5,0x00,0x00,0x00,0x00,0x00,0x04,0xaf,0xff,0xe9,0x40,0x00,0x00,0x00,0x00,
0x01,0x6c,0xff,0xfd,0x82,0x00,0x00,0x00,0x00,0x00,0x38,0xef,0xff,0xc4,0x00,0x00,0x00,0x00,0x00,0x05,
0xbf,0xf8,0x00,0x00,0x00,0x00,0x00,0x00,0x01,0x76,0x01,0x11,0x11,0x11,0x11,0x11,0x11,0x11,0x7f,0xff,
0xff,0xff,0xff,0xff,0xff,0xf8,0x7f,0xff,0xff,0xff,0xff,0xff,0xff,0xf8,0x00,0x00,0x00,0x00,0x00,0x00,
0x00,0x00,0x00,0x00,0x00,0x00,0x00,0x00,0x00,0x00,0x11,0x11,0x11,0x11,0x11,0x11,0x11,0x11,0x7f,0xff,
0xff,0xff,0xff,0xff,0xff,0xf8,0x7f,0xff,0xff,0xff,0xff,0xff,0xff,0xf8,0x33,0x00,0x00,0x00,0x00,0x00,
0x00,0x00,0x7f,0xc6,0x10,0x00,0x00,0x00,0x00,0x00,0x5f,0xff,0xfa,0x40,0x00,0x00,0x00,0x00,0x01,0x6c,
0xff,0xfd,0x82,0x00,0x00,0x00,0x00,0x00,0x28,0xdf,0xff,0xc6,0x10,0x00,0x00,0x00,0x00,0x04,0xae,0xff,
0xea,0x40,0x00,0x00,0x00,0x00,0x01,0x6b,0xff,0xf8,0x00,0x00,0x00,0x00,0x00,0x16,0xdf,0xf8,0x00,0x00,
0x00,0x00,0x5a,0xff,0xfe,0x92,0x00,0x00,0x03,0x9e,0xff,0xfb,0x50,0x00,0x00,0x27,0xdf,0xff,0xd7,0x20,
0x00,0x00,0x3b,0xff,0xfe,0x93,0x00,0x00,0x00,0x00,0x7f,0xfb,0x51,0x00,0x00,0x00,0x00,0x00,0x58,0x20,
0x00,0x00,0x00,0x00,0x00,0x00,0x01,0x7c,0xef,0xd9,0x10,0x03,0xef,0xff,0xff,0xfe,0x20,0x4f,0x94,0x11,
0x6f,0xfb,0x02,0x20,0x00,0x00,0x8f,0xf0,0x00,0x00,0x00,0x05,0xff,0x00,0x00,0x00,0x00,0xaf,0xc0,0x00,
0x00,0x00,0x7f,0xf3,0x00,0x00,0x00,0x7f,0xf5,0x00,0x00,0x00,0x6f,0xf5,0x00,0x00,0x00,0x1e,0xf6,0x00,
0x00,0x00,0x04,0xfe,0x00,0x00,0x00,0x00,0x5f,0xd0,0x00,0x00,0x00,0x05,0xfd,0x00,0x00,0x00,0x00,0x13,
0x20,0x00,0x00,0x00,0x01,0x11,0x00,0x00,0x00,0x00,0x6f,0xf0,0x00,0x00,0x00,0x06,0xff,0x00,0x00,0x00,
0x00,0x6f,0xf0,0x00,0x00,0x00,0x00,0x00,0x04,0x9c,0xef,0xec,0x72,0x00,0x00,0x00,0x00,0x00,0x04,0xcf,
0xfe,0xcc,0xdf,0xff,0x81,0x00,0x00,0x00,0x00,0x8f,0xf9,0x30,0x00,0x01,0x6c,0xfd,0x20,0x00,0x00,0x09,
0xfd,0x20,0x00,0x00,0x00,0x00,0x7f,0xd1,0x00,0x00,0x5f,0xc1,0x00,0x00,0x00,0x00,0x00,0x06,0xfb,0x00,
0x01,0xee,0x10,0x00,0x39,0xba,0x60,0x00,0x00,0x9f,0x50,0x07,0xf5,0x00,0x05,0xff,0xff,0xfb,0xbf,0x00,
0x1f,0xb0,0x0d,0xd0,0x00,0x2e,0xf7,0x11,0x6f,0xff,0x00,0x0a,0xf1,0x2f,0x80,0x00,0x8f,0x80,0x00,0x07,
0xff,0x00,0x07,0xf3,0x4f,0x50,0x00,0xcf,0x20,0x00,0x01,0xff,0x00,0x06,0xf5,0x6f,0x40,0x00,0xef,0x00,
0x00,0x00,0xef,0x00,0x07,0xf4,0x6f,0x40,0x00,0xef,0x00,0x00,0x00,0xef,0x00,0x09,0xf2,0x4f,0x60,0x00,
0xcf,0x20,0x00,0x01,0xff,0x00,0x0e,0xd0,0x2f,0x90,0x00,0x8f,0x80,0x00,0x07,0xff,0x00,0x7f,0x70,0x0d,
0xd0,0x00,0x2f,0xf7,0x11,0x6f,0xff,0x28,0xfb,0x00,0x08,0xf5,0x00,0x05,0xff,0xff,0xfb,0xbf,0xff,0x91,
0x00,0x01,0xed,0x10,0x00,0x39,0xba,0x50,0x7a,0x72,0x00,0x00,0x00,0x7f,0xb0,0x00,0x00,0x00,0x00,0x00,
0x00,0x00,0x00,0x00,0x0a,0xfc,0x20,0x00,0x00,0x00,0x00,0x71,0x00,0x00,0x00,0x00,0x9f,0xe8,0x30,0x00,
0x01,0x6d,0xf9,0x00,0x00,0x00,0x00,0x05,0xdf,0xfe,0xcc,0xdf,0xfe,0x80,0x00,0x00,0x00,0x00,0x00,0x05,
0xad,0xef,0xdb,0x61,0x00,0x00,0x00,0x00,0x00,0x00,0x5f,0xfb,0x00,0x00,0x00,0x00,0x00,0x00,0x0a,0xff,
0xf2,0x00,0x00,0x00,0x00,0x00,0x01,0xfe,0xaf,0x70,0x00,0x00,0x00,0x00,0x00,0x6f,0xa4,0xfd,0x00,0x00,
0x00,0x00,0x00,0x0c,0xf4,0x0d,0xf3,0x00,0x00,0x00,0x00,0x03,0xfe,0x00,0x8f,0x90,0x00,0x00,0x00,0x00,
0x8f,0x90,0x03,0xfe,0x00,0x00,0x00,0x00,0x0e,0xf4,0x00,0x0c,0xf5,0x00,0x00,0x00,0x04,0xfd,0x00,0x00,
0x7f,0xa0,0x00,0x00,0x00,0xaf,0x80,0x00,0x02,0xff,0x10,0x00,0x00,0x1f,0xf3,0x00,0x00,0x0b,0xf7,0x00,
0x00,0x06,0xff,0xff,0xff,0xff,0xff,0xc0,0x00,0x00,0xcf,0xff,0xff,0xff,0xff,0xff,0x30,0x00,0x2f,0xf3,
0x11,0x11,0x11,0x1a,0xf8,0x00,0x08,0xfc,0x00,0x00,0x00,0x00,0x5f,0xe0,0x00,0xdf,0x70,0x00,0x00,0x00,
0x01,0xff,0x40,0x4f,0xf3,0x00,0x00,0x00,0x00,0x0b,0xfa,0x09,0xfd,0x00,0x00,0x00,0x00,0x00,0x6f,0xf1,
0xaf,0xff,0xff,0xfe,0xc7,0x10,0x0a,0xff,0xff,0xff,0xff,0xfd,0x20,0xaf,0xb0,0x00,0x13,0x8f,0xfa,0x0a,
0xfb,0x00,0x00,0x00,0x9f,0xe0,0xaf,0xb0,0x00,0x00,0x06,0xff,0x0a,0xfb,0x00,0x00,0x00,0x9f,0xd0,0xaf,
0xb0,0x00,0x02,0x7f,0xf6,0x0a,0xff,0xff,0xff,0xff,0xc5,0x00,0xaf,0xff,0xff,0xff,0xfe,0x80,0x0a,0xfb,
0x00,0x00,0x15,0xef,0xa0,0xaf,0xb0,0x00,0x00,0x04,0xff,0x4a,0xfb,0x00,0x00,0x00,0x0d,0xf9,0xaf,0xb0,
0x00,0x00,0x00,0xcf,0xba,0xfb,0x00,0x00,0x00,0x0d,0xfb,0xaf,0xb0,0x00,0x00,0x04,0xff,0x8a,0xfb,0x00,
0x01,0x26,0xef,0xe2,0xaf,0xff,0xff,0xff,0xff,0xe5,0x0a,0xff,0xff,0xff,0xec,0x82,0x00,0x00,0x00,0x16,
0xbd,0xfe,0xda,0x40,0x00,0x00,0x5e,0xff,0xff,0xff,0xff,0xc3,0x00,0x6f,0xfe,0x73,0x11,0x37,0xdf,0x70,
0x3f,0xfb,0x10,0x00,0x00,0x00,0x77,0x0b,0xfe,0x10,0x00,0x00,0x00,0x00,0x02,0xff,0x70,0x00,0x00,0x00,
0x00,0x00,0x6f,0xf2,0x00,0x00,0x00,0x00,0x00,0x08,0xfe,0x00,0x00,0x00,0x00,0x00,0x00,0x9f,0xd0,0x00,
0x00,0x00,0x00,0x00,0x09,0xfd,0x00,0x00,0x00,0x00,0x00,0x00,0x8f,0xe0,0x00,0x00,0x00,0x00,0x00,0x06,
0xff,0x20,0x00,0x00,0x00,0x00,0x00,0x2f,0xf7,0x00,0x00,0x00,0x00,0x00,0x00,0xbf,0xd1,0x00,0x00,0x00,
0x00,0x00,0x03,0xff,0xb1,0x00,0x00,0x00,0x07,0x70,0x06,0xff,0xe7,0x31,0x13,0x7d,0xf7,0x00,0x05,0xef,
0xff,0xff,0xff,0xfc,0x30,0x00,0x01,0x6b,0xdf,0xed,0xa4,0x00,0xaf,0xff,0xff,0xed,0xa7,0x20,0x00,0x00,
0xaf,0xff,0xff,0xff,0xff,0xfa,0x10,0x00,0xaf,0xb0,0x01,0x13,0x6c,0xff,0xd1,0x00,0xaf,0xb0,0x00,0x00,
0x00,0x6f,0xfb,0x00,0xaf,0xb0,0x00,0x00,0x00,0x08,0xff,0x40,0xaf,0xb0,0x00,0x00,0x00,0x01,0xef,0x90,
0xaf,0xb0,0x00,0x00,0x00,0x00,0xbf,0xd0,0xaf,0xb0,0x00,0x00,0x00,0x00,0x8f,0xe0,0xaf,0xb0,0x00,0x00,
0x00,0x00,0x7f,0xf0,0xaf,0xb0,0x00,0x00,0x00,0x00,0x7f,0xf0,0xaf,0xb0,0x00,0x00,0x00,0x00,0x8f,0xe0,
0xaf,0xb0,0x00,0x00,0x00,0x00,0xbf,0xc0,0xaf,0xb0,0x00,0x00,0x00,0x01,0xef,0x90,0xaf,0xb0,0x00,0x00,
0x00,0x08,0xff,0x40,0xaf,0xb0,0x00,0x00,0x00,0x6f,0xfb,0x00,0xaf,0xb0,0x01,0x13,0x6c,0xff,0xd1,0x00,
0xaf,0xff,0xff,0xff,0xff,0xfa,0x10,0x00,0xaf,0xff,0xff,0xed,0xa7,0x20,0x00,0x00,0xaf,0xff,0xff,0xff,
0xff,0xf6,0xaf,0xff,0xff,0xff,0xff,0xf6,0xaf,0xb1,0x11,0x11,0x11,0x10,0xaf,0xb0,0x00,0x00,0x00,0x00,
0xaf,0xb0,0x00,0x00,0x00,0x00,0xaf,0xb0,0x00,0x00,0x00,0x00,0xaf,0xb0,0x00,0x00,0x00,0x00,0xaf,0xff,
0xff,0xff,0xff,0xf1,0xaf,0xff,0xff,0xff,0xff,0xf1,0xaf,0xb1,0x11,0x11,0x11,0x10,0xaf,0xb0,0x00,0x00,
0x00,0x00,0xaf,0xb0,0x00,0x00,0x00,0x00,0xaf,0xb0,0x00,0x00,0x00,0x00,0xaf,0xb0,0x00,0x00,0x00,0x00,
0xaf,0xb0,0x00,0x00,0x00,0x00,0xaf,0xb1,0x11,0x11,0x11,0x11,0xaf,0xff,0xff,0xff,0xff,0xf9,0xaf,0xff,
0xff,0xff,0xff,0xf9,0xaf,0xff,0xff,0xff,0xff,0x6a,0xff,0xff,0xff,0xff,0xf6,0xaf,0xb1,0x11,0x11,0x11,
0x0a,0xfb,0x00,0x00,0x00,0x00,0xaf,0xb0,0x00,0x00,0x00,0x0a,0xfb,0x00,0x00,0x00,0x00,0xaf,0xb0,0x00,
0x00,0x00,0x0a,0xff,0xff,0xff,0xff,0xa0,0xaf,0xff,0xff,0xff,0xfa,0x0a,0xfb,0x11,0x11,0x11,0x10,0xaf,
0xb0,0x00,0x00,0x00,0x0a,0xfb,0x00,0x00,0x00,0x00,0xaf,0xb0,0x00,0x00,0x00,0x0a,0xfb,0x00,0x00,0x00,
0x00,0xaf,0xb0,0x00,0x00,0x00,0x0a,0xfb,0x00,0x00,0x00,0x00,0xaf,0xb0,0x00,0x00,0x00,0x0a,0xfb,0x00,
0x00,0x00,0x00,0x00,0x00,0x16,0xad,0xef,0xeb,0x72,0x00,0x00,0x05,0xef,0xff,0xff,0xff,0xff,0x91,0x00,
0x6f,0xfe,0x73,0x11,0x25,0x9e,0xf3,0x03,0xff,0xb1,0x00,0x00,0x00,0x01,0x92,0x0b,0xfd,0x10,0x00,0x00,
0x00,0x00,0x00,0x2f,0xf7,0x00,0x00,0x00,0x00,0x00,0x00,0x6f,0xf2,0x00,0x00,0x00,0x00,0x00,0x00,0x8f,
0xe0,0x00,0x00,0x00,0x00,0x00,0x00,0x9f,0xd0,0x00,0x00,0x09,0xff,0xff,0xf9,0x9f,0xd0,0x00,0x00,0x09,
0xff,0xff,0xf9,0x8f,0xe0,0x00,0x00,0x00,0x00,0x0b,0xf9,0x6f,0xf2,0x00,0x00,0x00,0x00,0x0b,0xf9,0x2f,
0xf7,0x00,0x00,0x00,0x00,0x0b,0xf9,0x0b,0xfd,0x10,0x00,0x00,0x00,0x0b,0xf9,0x03,0xff,0xb1,0x00,0x00,
0x00,0x0b,0xf9,0x00,0x6f,0xfe,0x73,0x11,0x24,0xaf,0xf9,0x00,0x05,0xef,0xff,0xff,0xff,0xff,0xa1,0x00,
0x00,0x16,0xad,0xef,0xeb,0x72,0x00,0xaf,0xb0,0x00,0x00,0x00,0x0a,0xfa,0xaf,0xb0,0x00,0x00,0x00,0x0a,
0xfa,0xaf,0xb0,0x00,0x00,0x00,0x0a,0xfa,0xaf,0xb0,0x00,0x00,0x00,0x0a,0xfa,0xaf,0xb0,0x00,0x00,0x00,
0x0a,0xfa,0xaf,0xb0,0x00,0x00,0x00,0x0a,0xfa,0xaf,0xb0,0x00,0x00,0x00,0x0a,0xfa,0xaf,0xff,0xff,0xff,
0xff,0xff,0xfa,0xaf,0xff,0xff,0xff,0xff,0xff,0xfa,0xaf,0xb1,0x11,0x11,0x11,0x1a,0xfa,0xaf,0xb0,0x00,
0x00,0x00,0x0a,0xfa,0xaf,0xb0,0x00,0x00,0x00,0x0a,0xfa,0xaf,0xb0,0x00,0x00,0x00,0x0a,0xfa,0xaf,0xb0,
0x00,0x00,0x00,0x0a,0xfa,0xaf,0xb0,0x00,0x00,0x00,0x0a,0xfa,0xaf,0xb0,0x00,0x00,0x00,0x0a,0xfa,0xaf,
0xb0,0x00,0x00,0x00,0x0a,0xfa,0xaf,0xb0,0x00,0x00,0x00,0x0a,0xfa,0xaf,0xba,0xfb,0xaf,0xba,0xfb,0xaf,
0xba,0xfb,0xaf,0xba,0xfb,0xaf,0xba,0xfb,0xaf,0xba,0xfb,0xaf,0xba,0xfb,0xaf,0xba,0xfb,0xaf,0xba,0xfb,
0x00,0x00,0xaf,0xb0,0x00,0x0a,0xfb,0x00,0x00,0xaf,0xb0,0x00,0x0a,0xfb,0x00,0x00,0xaf,0xb0,0x00,0x0a,
0xfb,0x00,0x00,0xaf,0xb0,0x00,0x0a,0xfb,0x00,0x00,0xaf,0xb0,0x00,0x0a,0xfb,0x00,0x00,0xaf,0xb0,0x00,
0x0a,0xfb,0x00,0x00,0xaf,0xb0,0x00,0x0a,0xfb,0x00,0x00,0xaf,0xb0,0x00,0x0a,0xfb,0x00,0x00,0xaf,0xb0,
0x00,0x0a,0xfa,0x00,0x00,0xcf,0x90,0x00,0x1f,0xf6,0x01,0x4c,0xff,0x24,0xff,0xff,0x70,0x4f,0xeb,0x50,
0x00,0xaf,0xb0,0x00,0x00,0x01,0xdf,0xe3,0x0a,0xfb,0x00,0x00,0x02,0xdf,0xe2,0x00,0xaf,0xb0,0x00,0x02,
0xdf,0xd2,0x00,0x0a,0xfb,0x00,0x02,0xdf,0xd2,0x00,0x00,0xaf,0xb0,0x02,0xef,0xd2,0x00,0x00,0x0a,0xfb,
0x03,0xef,0xd1,0x00,0x00,0x00,0xaf,0xb3,0xef,0xc1,0x00,0x00,0x00,0x0a,0xfd,0xef,0xc1,0x00,0x00,0x00,
0x00,0xaf,0xff,0xf3,0x00,0x00,0x00,0x00,0x0a,0xfd,0xef,0xd2,0x00,0x00,0x00,0x00,0xaf,0xb3,0xef,0xd2,
0x00,0x00,0x00,0x0a,0xfb,0x03,0xef,0xd1,0x00,0x00,0x00,0xaf,0xb0,0x04,0xef,0xd1,0x00,0x00,0x0a,0xfb,
0x00,0x04,0xff,0xc1,0x00,0x00,0xaf,0xb0,0x00,0x04,0xff,0xc1,0x00,0x0a,0xfb,0x00,0x00,0x05,0xff,0xc1,
0x00,0xaf,0xb0,0x00,0x00,0x05,0xff,0xb1,0x0a,0xfb,0x00,0x00,0x00,0x06,0xff,0xb0,0xaf,0xb0,0x00,0x00,
0x00,0x00,0xaf,0xb0,0x00,0x00,0x00,0x00,0xaf,0xb0,0x00,0x00,0x00,0x00,0xaf,0xb0,0x00,0x00,0x00,0x00,
0xaf,0xb0,0x00,0x00,0x00,0x00,0xaf,0xb0,0x00,0x00,0x00,0x00,0xaf,0xb0,0x00,0x00,0x00,0x00,0xaf,0xb0,
0x00,0x00,0x00,0x00,0xaf,0xb0,0x00,0x00,0x00,0x00,0xaf,0xb0,0x00,0x00,0x00,0x00,0xaf,0xb0,0x00,0x00,
0x00,0x00,0xaf,0xb0,0x00,0x00,0x00,0x00,0xaf,0xb0,0x00,0x00,0x00,0x00,0xaf,0xb0,0x00,0x00,0x00,0x00,
0xaf,0xb0,0x00,0x00,0x00,0x00,0xaf,0xb1,0x11,0x11,0x11,0x10,0xaf,0xff,0xff,0xff,0xff,0xf4,0xaf,0xff,
0xff,0xff,0xff,0xf4,0xaf,0xff,0x10,0x00,0x00,0x00,0x5f,0xff,0x5a,0xff,0xf7,0x00,0x00,0x00,0x0b,0xff,
0xf5,0xaf,0xdf,0xc0,0x00,0x00,0x01,0xfe,0xef,0x5a,0xfa,0xdf,0x20,0x00,0x00,0x7f,0x9e,0xf5,0xaf,0xa8,
0xf8,0x00,0x00,0x0c,0xf3,0xef,0x5a,0xfa,0x2f,0xd0,0x00,0x03,0xfd,0x0e,0xf5,0xaf,0xa0,0xcf,0x40,0x00,
0x8f,0x70,0xef,0x5a,0xfa,0x06,0xf9,0x00,0x0e,0xf2,0x0e,0xf5,0xaf,0xa0,0x1f,0xe1,0x04,0xfb,0x00,0xef,
0x5a,0xfa,0x00,0xaf,0x50,0xaf,0x60,0x0e,0xf5,0xaf,0xa0,0x05,0xfb,0x1e,0xf1,0x00,0xef,0x5a,0xfa,0x00,
0x0e,0xf7,0xfa,0x00,0x0e,0xf5,0xaf,0xa0,0x00,0x9f,0xff,0x40,0x00,0xef,0x5a,0xfa,0x00,0x03,0xff,0xe0,
0x00,0x0e,0xf5,0xaf,0xa0,0x00,0x08,0x85,0x00,0x00,0xef,0x5a,0xfa,0x00,0x00,0x00,0x00,0x00,0x0e,0xf5,
0xaf,0xa0,0x00,0x00,0x00,0x00,0x00,0xef,0x5a,0xfa,0x00,0x00,0x00,0x00,0x00,0x0e,0xf5,0xaf,0xfc,0x00,
0x00,0x00,0x0b,0xf9,0xaf,0xff,0x50,0x00,0x00,0x0b,0xf9,0xaf,0xff,0xc0,0x00,0x00,0x0b,0xf9,0xaf,0xbe,
0xf5,0x00,0x00,0x0b,0xf9,0xaf,0xa8,0xfd,0x00,0x00,0x0b,0xf9,0xaf,0xa1,0xef,0x60,0x00,0x0b,0xf9,0xaf,
0xa0,0x8f,0xd0,0x00,0x0b,0xf9,0xaf,0xa0,0x1e,0xf6,0x00,0x0b,0xf9,0xaf,0xa0,0x07,0xfd,0x00,0x0b,0xf9,
0xaf,0xa0,0x01,0xef,0x70,0x0b,0xf9,0xaf,0xa0,0x00,0x7f,0xe1,0x0b,0xf9,0xaf,0xa0,0x00,0x1e,0xf7,0x0b,
0xf9,0xaf,0xa0,0x00,0x06,0xfe,0x1b,0xf9,0xaf,0xa0,0x00,0x00,0xdf,0x7b,0xf9,0xaf,0xa0,0x00,0x00,0x6f,
0xec,0xf9,0xaf,0xa0,0x00,0x00,0x0d,0xff,0xf9,0xaf,0xa0,0x00,0x00,0x06,0xff,0xf9,0xaf,0xa0,0x00,0x00,
0x00,0xdf,0xf9,0x00,0x00,0x17,0xce,0xfe,0xb7,0x10,0x00,0x00,0x00,0x6e,0xff,0xff,0xff,0xfe,0x50,0x00,
0x00,0x7f,0xfd,0x51,0x02,0x6d,0xff,0x50,0x00,0x3f,0xfb,0x00,0x00,0x00,0x1c,0xfe,0x20,0x0b,0xfe,0x10,
0x00,0x00,0x00,0x2e,0xf9,0x02,0xff,0x70,0x00,0x00,0x00,0x00,0x9f,0xf1,0x6f,0xf2,0x00,0x00,0x00,0x00,
0x04,0xff,0x48,0xfe,0x00,0x00,0x00,0x00,0x00,0x1f,0xf7,0x9f,0xd0,0x00,0x00,0x00,0x00,0x00,0xff,0x89,
0xfd,0x00,0x00,0x00,0x00,0x00,0x0f,0xf8,0x8f,0xe0,0x00,0x00,0x00,0x00,0x01,0xff,0x76,0xff,0x20,0x00,
0x00,0x00,0x00,0x4f,0xf4,0x2f,0xf7,0x00,0x00,0x00,0x00,0x09,0xff,0x10,0xbf,0xd1,0x00,0x00,0x00,0x02,
0xef,0x90,0x03,0xff,0xb0,0x00,0x00,0x01,0xcf,0xe2,0x00,0x07,0xff,0xd5,0x10,0x26,0xdf,0xf5,0x00,0x00,
0x06,0xef,0xff,0xff,0xff,0xe5,0x00,0x00,0x00,0x01,0x7c,0xef,0xeb,0x71,0x00,0x00,0xaf,0xff,0xff,0xec,
0x82,0x00,0xaf,0xff,0xff,0xff,0xfe,0x40,0xaf,0xb0,0x01,0x27,0xef,0xe1,0xaf,0xb0,0x00,0x00,0x6f,0xf6,
0xaf,0xb0,0x00,0x00,0x0f,0xf9,0xaf,0xb0,0x00,0x00,0x0d,0xfa,0xaf,0xb0,0x00,0x00,0x0f,0xf9,0xaf,0xb0,
0x00,0x00,0x6f,0xf6,0xaf,0xb0,0x01,0x27,0xef,0xe1,0xaf,0xff,0xff,0xff,0xfe,0x40,0xaf,0xff,0xff,0xec,
0x82,0x00,0xaf,0xb0,0x00,0x00,0x00,0x00,0xaf,0xb0,0x00,0x00,0x00,0x00,0xaf,0xb0,0x00,0x00,0x00,0x00,
0xaf,0xb0,0x00,0x00,0x00,0x00,0xaf,0xb0,0x00,0x00,0x00,0x00,0xaf,0xb0,0x00,0x00,0x00,0x00,0xaf,0xb0,
0x00,0x00,0x00,0x00,0x00,0x00,0x17,0xce,0xfe,0xb7,0x10,0x00,0x00,0x00,0x6e,0xff,0xff,0xff,0xfe,0x40,
0x00,0x00,0x7f,0xfd,0x51,0x02,0x6d,0xff,0x50,0x00,0x3f,0xfb,0x00,0x00,0x00,0x1c,0xfe,0x20,0x0b,0xfe,
0x10,0x00,0x00,0x00,0x2e,0xf9,0x02,0xff,0x70,0x00,0x00,0x00,0x00,0x9f,0xf1,0x6f,0xf2,0x00,0x00,0x00,
0x00,0x04,0xff,0x48,0xfe,0x00,0x00,0x00,0x00,0x00,0x1f,0xf6,0x9f,0xd0,0x00,0x00,0x00,0x00,0x00,0xff,
0x89,0xfd,0x00,0x00,0x00,0x00,0x00,0x0f,0xf8,0x8f,0xe0,0x00,0x00,0x00,0x00,0x01,0xff,0x76,0xff,0x20,
0x00,0x00,0x00,0x00,0x4f,0xf5,0x2f,0xf7,0x00,0x00,0x00,0x00,0x09,0xff,0x10,0xbf,0xd1,0x00,0x00,0x00,
0x02,0xef,0xb0,0x03,0xff,0xa0,0x00,0x00,0x01,0xcf,0xf3,0x00,0x07,0xff,0xc5,0x10,0x15,0xdf,0xf8,0x00,
0x00,0x06,0xef,0xff,0xff,0xff,0xf8,0x00,0x00,0x00,0x01,0x7c,0xef,0xff,0xe3,0x00,0x00,0x00,0x00,0x00,
0x00,0x03,0xef,0x90,0x00,0x00,0x00,0x00,0x00,0x00,0x04,0xff,0x80,0x00,0x00,0x00,0x00,0x00,0x00,0x06,
0xff,0x70,0x00,0xaf,0xff,0xff,0xed,0x92,0x00,0x00,0xaf,0xff,0xff,0xff,0xff,0x50,0x00,0xaf,0xb0,0x01,
0x26,0xef,0xe2,0x00,0xaf,0xb0,0x00,0x00,0x4f,0xf7,0x00,0xaf,0xb0,0x00,0x00,0x0e,0xf9,0x00,0xaf,0xb0,
0x00,0x00,0x0e,0xf9,0x00,0xaf,0xb0,0x00,0x00,0x3f,0xf7,0x00,0xaf,0xb0,0x00,0x15,0xdf,0xf2,0x00,0xaf,
0xff,0xff,0xff,0xff,0x60,0x00,0xaf,0xff,0xff,0xff,0xe3,0x00,0x00,0xaf,0xb0,0x01,0x3a,0xfd,0x10,0x00,
0xaf,0xb0,0x00,0x00,0xbf,0xa0,0x00,0xaf,0xb0,0x00,0x00,0x2f,0xf4,0x00,0xaf,0xb0,0x00,0x00,0x0a,0xfc,
0x00,0xaf,0xb0,0x00,0x00,0x03,0xff,0x40,0xaf,0xb0,0x00,0x00,0x00,0xbf,0xb0,0xaf,0xb0,0x00,0x00,0x00,
0x4f,0xf4,0xaf,0xb0,0x00,0x00,0x00,0x0c,0xfb,0x00,0x06,0xbe,0xfe,0xda,0x62,0x00,0x2c,0xff,0xff,0xff,
0xff,0xd0,0x0c,0xff,0x83,0x11,0x26,0xbc,0x03,0xff,0x50,0x00,0x00,0x00,0x10,0x6f,0xf0,0x00,0x00,0x00,
0x00,0x06,0xff,0x10,0x00,0x00,0x00,0x00,0x2f,0xfa,0x10,0x00,0x00,0x00,0x00,0xaf,0xfe,0xa7,0x30,0x00,
0x00,0x00,0x8e,0xff,0xff,0xfb,0x40,0x00,0x00,0x15,0x9c,0xff,0xff,0x80,0x00,0x00,0x00,0x01,0x5d,0xff,
0x50,0x00,0x00,0x00,0x00,0x1e,0xfb,0x00,0x00,0x00,0x00,0x00,0xaf,0xd0,0x00,0x00,0x00,0x00,0x0a,0xfd,
0x33,0x00,0x00,0x00,0x02,0xef,0xa5,0xfb,0x63,0x11,0x26,0xdf,0xf4,0x5f,0xff,0xff,0xff,0xff,0xf6,0x00,
0x27,0xad,0xff,0xec,0x82,0x00,0x1f,0xff,0xff,0xff,0xff,0xff,0xff,0xfb,0x1f,0xff,0xff,0xff,0xff,0xff,
0xff,0xfb,0x01,0x11,0x11,0x1d,0xf8,0x11,0x11,0x11,0x00,0x00,0x00,0x0d,0xf8,0x00,0x00,0x00,0x00,0x00,
0x00,0x0d,0xf8,0x00,0x00,0x00,0x00,0x00,0x00,0x0d,0xf8,0x00,0x00,0x00,0x00,0x00,0x00,0x0d,0xf8,0x00,
0x00,0x00,0x00,0x00,0x00,0x0d,0xf8,0x00,0x00,0x00,0x00,0x00,0x00,0x0d,0xf8,0x00,0x00,0x00,0x00,0x00,
0x00,0x0d,0xf8,0x00,0x00,0x00,0x00,0x00,0x00,0x0d,0xf8,0x00,0x00,0x00,0x00,0x00,0x00,0x0d,0xf8,0x00,
0x00,0x00,0x00,0x00,0x00,0x0d,0xf8,0x00,0x00,0x00,0x00,0x00,0x00,0x0d,0xf8,0x00,0x00,0x00,0x00,0x00,
0x00,0x0d,0xf8,0x00,0x00,0x00,0x00,0x00,0x00,0x0d,0xf8,0x00,0x00,0x00,0x00,0x00,0x00,0x0d,0xf8,0x00,
0x00,0x00,0x00,0x00,0x00,0x0d,0xf8,0x00,0x00,0x00,0xef,0x70,0x00,0x00,0x00,0x0d,0xf7,0xef,0x70,0x00,
0x00,0x00,0x0d,0xf7,0xef,0x70,0x00,0x00,0x00,0x0d,0xf7,0xef,0x70,0x00,0x00,0x00,0x0d,0xf7,0xef,0x70,
0x00,0x00,0x00,0x0d,0xf7,0xef,0x70,0x00,0x00,0x00,0x0d,0xf7,0xef,0x70,0x00,0x00,0x00,0x0d,0xf7,0xef,
0x70,0x00,0x00,0x00,0x0d,0xf7,0xef,0x70,0x00,0x00,0x00,0x0d,0xf7,0xef,0x70,0x00,0x00,0x00,0x0d,0xf7,
0xef,0x70,0x00,0x00,0x00,0x0d,0xf7,0xdf,0x80,0x00,0x00,0x00,0x0e,0xf7,0xcf,0x90,0x00,0x00,0x00,0x1f,
0xf6,0x9f,0xd0,0x00,0x00,0x00,0x4f,0xf3,0x4f,0xf5,0x00,0x00,0x00,0xbf,0xd0,0x0b,0xff,0x72,0x01,0x4b,
0xff,0x50,0x01,0xcf,0xff,0xff,0xff,0xf7,0x00,0x00,0x06,0xbe,0xfe,0xd9,0x30,0x00,0x9f,0xd0,0x00,0x00,
0x00,0x00,0x06,0xff,0x14,0xff,0x30,0x00,0x00,0x00,0x00,0xcf,0xa0,0x0d,0xf9,0x00,0x00,0x00,0x00,0x2f,
0xf4,0x00,0x8f,0xe0,0x00,0x00,0x00,0x08,0xfe,0x00,0x02,0xff,0x50,0x00,0x00,0x00,0xdf,0x80,0x00,0x0c,
0xfa,0x00,0x00,0x00,0x4f,0xf3,0x00,0x00,0x6f,0xf1,0x00,0x00,0x09,0xfc,0x00,0x00,0x01,0xff,0x60,0x00,
0x01,0xef,0x70,0x00,0x00,0x0a,0xfc,0x00,0x00,0x5f,0xf1,0x00,0x00,0x00,0x4f,0xf2,0x00,0x0b,0xfa,0x00,
0x00,0x00,0x00,0xef,0x70,0x01,0xff,0x50,0x00,0x00,0x00,0x08,0xfd,0x00,0x7f,0xe0,0x00,0x00,0x00,0x00,
0x3f,0xf3,0x0c,0xf9,0x00,0x00,0x00,0x00,0x00,0xcf,0x93,0xff,0x30,0x00,0x00,0x00,0x00,0x06,0xfe,0x9f,
0xd0,0x00,0x00,0x00,0x00,0x00,0x1f,0xff,0xf7,0x00,0x00,0x00,0x00,0x00,0x00,0xaf,0xff,0x20,0x00,0x00,
0x00,0x00,0x00,0x05,0xff,0xb0,0x00,0x00,0x00,0x1f,0xf5,0x00,0x00,0x00,0x9f,0xf5,0x00,0x00,0x00,0x9f,
0xc0,0xdf,0x80,0x00,0x00,0x0d,0xff,0x80,0x00,0x00,0x0c,0xf9,0x09,0xfc,0x00,0x00,0x01,0xfe,0xfc,0x00,
0x00,0x01,0xff,0x50,0x5f,0xf1,0x00,0x00,0x5f,0x9d,0xf1,0x00,0x00,0x5f,0xf1,0x02,0xff,0x40,0x00,0x08,
0xf6,0x9f,0x40,0x00,0x08,0xfd,0x00,0x0d,0xf8,0x00,0x00,0xcf,0x26,0xf8,0x00,0x00,0xcf,0x90,0x00,0x9f,
0xb0,0x00,0x1f,0xe0,0x2f,0xc0,0x00,0x1f,0xf5,0x00,0x06,0xff,0x00,0x04,0xfa,0x00,0xef,0x10,0x04,0xff,
0x20,0x00,0x2f,0xf4,0x00,0x8f,0x60,0x0a,0xf4,0x00,0x8f,0xd0,0x00,0x00,0xdf,0x70,0x0b,0xf3,0x00,0x6f,
0x70,0x0b,0xf9,0x00,0x00,0x0a,0xfb,0x00,0xfe,0x00,0x03,0xfb,0x00,0xef,0x60,0x00,0x00,0x6f,0xe0,0x4f,
0xb0,0x00,0x0e,0xe0,0x3f,0xf2,0x00,0x00,0x02,0xff,0x37,0xf7,0x00,0x00,0xbf,0x37,0xfd,0x00,0x00,0x00,
0x0e,0xf7,0xbf,0x30,0x00,0x07,0xf7,0xbf,0xa0,0x00,0x00,0x00,0xaf,0xbe,0xf0,0x00,0x00,0x4f,0xbe,0xf6,
0x00,0x00,0x00,0x06,0xff,0xfb,0x00,0x00,0x01,0xff,0xff,0x20,0x00,0x00,0x00,0x3f,0xff,0x80,0x00,0x00,
0x0c,0xff,0xe0,0x00,0x00,0x00,0x00,0xef,0xf4,0x00,0x00,0x00,0x8f,0xfa,0x00,0x00,0x03,0xff,0x60,0x00,
0x00,0x00,0x8f,0xe1,0x00,0x8f,0xe1,0x00,0x00,0x03,0xff,0x50,0x00,0x0d,0xfa,0x00,0x00,0x0c,0xfa,0x00,
0x00,0x03,0xff,0x50,0x00,0x8f,0xe1,0x00,0x00,0x00,0x8f,0xe1,0x03,0xff,0x60,0x00,0x00,0x00,0x1d,0xfa,
0x0c,0xfb,0x00,0x00,0x00,0x00,0x04,0xff,0xaf,0xe2,0x00,0x00,0x00,0x00,0x00,0x9f,0xff,0x60,0x00,0x00,
0x00,0x00,0x00,0x3f,0xfd,0x00,0x00,0x00,0x00,0x00,0x00,0xbf,0xff,0x40,0x00,0x00,0x00,0x00,0x06,0xff,
0xbf,0xd0,0x00,0x00,0x00,0x00,0x2e,0xf7,0x1e,0xf8,0x00,0x00,0x00,0x00,0xbf,0xc0,0x06,0xff,0x30,0x00,
0x00,0x05,0xff,0x30,0x00,0xbf,0xc0,0x00,0x00,0x1e,0xf8,0x00,0x00,0x2e,0xf7,0x00,0x00,0xaf,0xd0,0x00,
0x00,0x07,0xfe,0x20,0x05,0xff,0x40,0x00,0x00,0x00,0xcf,0xb0,0x1d,0xf9,0x00,0x00,0x00,0x00,0x3f,0xf5,
0x0b,0xfc,0x00,0x00,0x00,0x00,0x3f,0xf6,0x02,0xef,0x70,0x00,0x00,0x00,0xcf,0xb0,0x00,0x6f,0xf2,0x00,
0x00,0x07,0xfe,0x20,0x00,0x0b,0xfc,0x00,0x00,0x2e,0xf6,0x00,0x00,0x02,0xef,0x70,0x00,0xbf,0xb0,0x00,
0x00,0x00,0x7f,0xe2,0x06,0xfe,0x20,0x00,0x00,0x00,0x0c,0xfb,0x2e,0xf7,0x00,0x00,0x00,0x00,0x02,0xff,
0xdf,0xc0,0x00,0x00,0x00,0x00,0x00,0x7f,0xff,0x20,0x00,0x00,0x00,0x00,0x00,0x0e,0xf9,0x00,0x00,0x00,
0x00,0x00,0x00,0x0d,0xf8,0x00,0x00,0x00,0x00,0x00,0x00,0x0d,0xf8,0x00,0x00,0x00,0x00,0x00,0x00,0x0d,
0xf8,0x00,0x00,0x00,0x00,0x00,0x00,0x0d,0xf8,0x00,0x00,0x00,0x00,0x00,0x00,0x0d,0xf8,0x00,0x00,0x00,
0x00,0x00,0x00,0x0d,0xf8,0x00,0x00,0x00,0x00,0x00,0x00,0x0d,0xf8,0x00,0x00,0x00,0x00,0x00,0x00,0x0d,
0xf8,0x00,0x00,0x00,0xaf,0xff,0xff,0xff,0xff,0xff,0xff,0x1a,0xff,0xff,0xff,0xff,0xff,0xff,0xf1,0x11,
0x11,0x11,0x11,0x11,0x4f,0xf9,0x00,0x00,0x00,0x00,0x00,0x1d,0xfc,0x00,0x00,0x00,0x00,0x00,0x0b,0xfe,
0x20,0x00,0x00,0x00,0x00,0x08,0xff,0x40,0x00,0x00,0x00,0x00,0x05,0xff,0x70,0x00,0x00,0x00,0x00,0x03,
0xef,0xa0,0x00,0x00,0x00,0x00,0x01,0xdf,0xc1,0x00,0x00,0x00,0x00,0x00,0xaf,0xe2,0x00,0x00,0x00,0x00,
0x00,0x7f,0xf5,0x00,0x00,0x00,0x00,0x00,0x4f,0xf8,0x00,0x00,0x00,0x00,0x00,0x2e,0xfb,0x00,0x00,0x00,
0x00,0x00,0x1c,0xfd,0x10,0x00,0x00,0x00,0x00,0x0a,0xfe,0x30,0x00,0x00,0x00,0x00,0x06,0xff,0x71,0x11,
0x11,0x11,0x11,0x10,0xef,0xff,0xff,0xff,0xff,0xff,0xff,0x5e,0xff,0xff,0xff,0xff,0xff,0xff,0xf5,0xef,
0xff,0xf0,0xef,0xcb,0xb0,0xef,0x30,0x00,0xef,0x30,0x00,0xef,0x30,0x00,0xef,0x30,0x00,0xef,0x30,0x00,
0xef,0x30,0x00,0xef,0x30,0x00,0xef,0x30,0x00,0xef,0x30,0x00,0xef,0x30,0x00,0xef,0x30,0x00,0xef,0x30,
0x00,0xef,0x30,0x00,0xef,0x30,0x00,0xef,0x30,0x00,0xef,0x30,0x00,0xef,0x30,0x00,0xef,0x30,0x00,0xef,
0xcb,0xb0,0xef,0xff,0xf0,0xdf,0x20,0x00,0x00,0x08,0xf7,0x00,0x00,0x00,0x4f,0xb0,0x00,0x00,0x00,0xef,
0x10,0x00,0x00,0x0a,0xf5,0x00,0x00,0x00,0x6f,0xa0,0x00,0x00,0x01,0xfe,0x00,0x00,0x00,0x0c,0xf3,0x00,
0x00,0x00,0x7f,0x80,0x00,0x00,0x03,0xfc,0x00,0x00,0x00,0x0d,0xf2,0x00,0x00,0x00,0x9f,0x60,0x00,0x00,
0x04,0xfb,0x00,0x00,0x00,0x0e,0xf1,0x00,0x00,0x00,0xaf,0x50,0x00,0x00,0x06,0xf9,0x00,0x00,0x00,0x1f,
0xe0,0x00,0x00,0x00,0xcf,0x30,0x00,0x00,0x08,0xf7,0x00,0x00,0x00,0x3f,0xc0,0x00,0x00,0x00,0x77,0x00,
0xaf,0xff,0xf4,0x8b,0xbf,0xf4,0x00,0x0d,0xf4,0x00,0x0d,0xf4,0x00,0x0d,0xf4,0x00,0x0d,0xf4,0x00,0x0d,
0xf4,0x00,0x0d,0xf4,0x00,0x0d,0xf4,0x00,0x0d,0xf4,0x00,0x0d,0xf4,0x00,0x0d,0xf4,0x00,0x0d,0xf4,0x00,
0x0d,0xf4,0x00,0x0d,0xf4,0x00,0x0d,0xf4,0x00,0x0d,0xf4,0x00,0x0d,0xf4,0x00,0x0d,0xf4,0x00,0x0d,0xf4,
0x8b,0xbf,0xf4,0xaf,0xff,0xf4,0x00,0x00,0x00,0x8f,0xfa,0x00,0x00,0x00,0x00,0x00,0x07,0xff,0xff,0x80,
0x00,0x00,0x00,0x00,0x6f,0xf9,0x7f,0xf7,0x00,0x00,0x00,0x04,0xff,0x80,0x06,0xff,0x60,0x00,0x00,0x3e,
0xf8,0x00,0x00,0x6f,0xf5,0x00,0x02,0xef,0x70,0x00,0x00,0x05,0xfe,0x40,0x2d,0xf6,0x00,0x00,0x00,0x00,
0x5f,0xe3,0x3b,0xbb,0xbb,0xbb,0xbb,0xbb,0xb3,0x4f,0xff,0xff,0xff,0xff,0xff,0xf4,0x68,0x40,0x00,0x3e,
0xe2,0x00,0x05,0xfb,0x00,0x00,0x7f,0x80,0x00,0x09,0xf4,0x01,0x6a,0xde,0xec,0x81,0x00,0x09,0xff,0xfe,
0xff,0xfd,0x20,0x07,0x83,0x10,0x04,0xcf,0xb0,0x00,0x00,0x00,0x00,0x1e,0xf2,0x00,0x00,0x00,0x00,0x0a,
0xf6,0x00,0x39,0xde,0xff,0xff,0xf7,0x06,0xff,0xfd,0xcb,0xbe,0xf8,0x2f,0xf8,0x10,0x00,0x0a,0xf8,0x6f,
0xc0,0x00,0x00,0x0b,0xf8,0x8f,0xa0,0x00,0x00,0x1e,0xf8,0x7f,0xc0,0x00,0x00,0x8f,0xf8,0x3f,0xf8,0x10,
0x18,0xfe,0xf8,0x09,0xff,0xfe,0xff,0x99,0xf8,0x00,0x7c,0xfe,0xc6,0x09,0xf8,0xcf,0x50,0x00,0x00,0x00,
0x00,0xcf,0x50,0x00,0x00,0x00,0x00,0xcf,0x50,0x00,0x00,0x00,0x00,0xcf,0x50,0x00,0x00,0x00,0x00,0xcf,
0x50,0x00,0x00,0x00,0x00,0xcf,0x51,0x9d,0xfd,0x91,0x00,0xcf,0x7d,0xfe,0xef,0xfd,0x20,0xcf,0xed,0x40,
0x04,0xdf,0xc0,0xcf,0xf3,0x00,0x00,0x3f,0xf4,0xcf,0xb0,0x00,0x00,0x0a,0xf9,0xcf,0x70,0x00,0x00,0x07,
0xfc,0xcf,0x60,0x00,0x00,0x05,0xfd,0xcf,0x60,0x00,0x00,0x05,0xfd,0xcf,0x70,0x00,0x00,0x07,0xfc,0xcf,
0xb0,0x00,0x00,0x0a,0xf9,0xcf,0xf3,0x00,0x00,0x3f,0xf4,0xcf,0xed,0x40,0x04,0xdf,0xc0,0xcf,0x7d,0xfe,
0xef,0xfd,0x20,0xcf,0x51,0x9d,0xfd,0x91,0x00,0x00,0x03,0x9d,0xee,0xc8,0x30,0x07,0xff,0xfe,0xff,0xfb,
0x06,0xff,0x92,0x00,0x26,0x81,0xef,0x90,0x00,0x00,0x00,0x5f,0xe1,0x00,0x00,0x00,0x08,0xfb,0x00,0x00,
0x00,0x00,0xaf,0x90,0x00,0x00,0x00,0x0a,0xf9,0x00,0x00,0x00,0x00,0x8f,0xb0,0x00,0x00,0x00,0x05,0xfe,
0x10,0x00,0x00,0x00,0x1e,0xf9,0x00,0x00,0x00,0x00,0x6f,0xf9,0x20,0x02,0x68,0x00,0x7f,0xff,0xef,0xff,
0xb0,0x00,0x3a,0xdf,0xec,0x83,0x00,0x00,0x00,0x00,0x01,0xff,0x10,0x00,0x00,0x00,0x00,0x1f,0xf1,0x00,
0x00,0x00,0x00,0x01,0xff,0x10,0x00,0x00,0x00,0x00,0x1f,0xf1,0x00,0x00,0x00,0x00,0x01,0xff,0x10,0x00,
0x7d,0xfe,0xa3,0x1f,0xf1,0x00,0xbf,0xfe,0xef,0xf5,0xff,0x10,0x8f,0xf6,0x00,0x2b,0xef,0xf1,0x1f,0xf6,
0x00,0x00,0x1d,0xff,0x16,0xfe,0x00,0x00,0x00,0x7f,0xf1,0x8f,0xa0,0x00,0x00,0x03,0xff,0x1a,0xf9,0x00,
0x00,0x00,0x2f,0xf1,0xaf,0x90,0x00,0x00,0x02,0xff,0x18,0xfa,0x00,0x00,0x00,0x3f,0xf1,0x6f,0xe0,0x00,
0x00,0x07,0xff,0x11,0xff,0x60,0x00,0x01,0xdf,0xf1,0x08,0xff,0x60,0x02,0xbe,0xff,0x10,0x0b,0xff,0xee,
0xfe,0x5f,0xf1,0x00,0x07,0xdf,0xea,0x31,0xff,0x10,0x00,0x03,0x9d,0xfe,0xc6,0x00,0x00,0x07,0xff,0xfe,
0xff,0xfb,0x10,0x05,0xfe,0x71,0x00,0x5d,0xf9,0x00,0xef,0x50,0x00,0x00,0x3f,0xf1,0x5f,0xd0,0x00,0x00,
0x00,0xcf,0x58,0xfe,0xbb,0xbb,0xbb,0xbe,0xf7,0xaf,0xff,0xff,0xff,0xff,0xff,0x7a,0xfa,0x00,0x00,0x00,
0x00,0x00,0x8f,0xc0,0x00,0x00,0x00,0x00,0x05,0xff,0x20,0x00,0x00,0x00,0x00,0x1e,0xfb,0x00,0x00,0x00,
0x01,0x00,0x5f,0xfb,0x30,0x00,0x38,0xe0,0x00,0x6f,0xff,0xfe,0xff,0xff,0x00,0x00,0x29,0xde,0xfe,0xb7,
0x20,0x00,0x01,0x8d,0xff,0xe0,0x00,0xbf,0xfe,0xdc,0x00,0x3f,0xf3,0x00,0x00,0x05,0xfc,0x00,0x00,0x00,
0x6f,0xc0,0x00,0x07,0xff,0xff,0xff,0xf5,0x5b,0xdf,0xeb,0xbb,0x40,0x06,0xfc,0x00,0x00,0x00,0x6f,0xc0,
0x00,0x00,0x06,0xfc,0x00,0x00,0x00,0x6f,0xc0,0x00,0x00,0x06,0xfc,0x00,0x00,0x00,0x6f,0xc0,0x00,0x00,
0x06,0xfc,0x00,0x00,0x00,0x6f,0xc0,0x00,0x00,0x06,0xfc,0x00,0x00,0x00,0x6f,0xc0,0x00,0x00,0x06,0xfc,
0x00,0x00,0x00,0x6f,0xc0,0x00,0x00,0x00,0x07,0xdf,0xea,0x31,0xff,0x10,0x1b,0xff,0xee,0xff,0x5f,0xf1,
0x08,0xfe,0x50,0x02,0xbe,0xff,0x11,0xff,0x50,0x00,0x01,0xdf,0xf1,0x6f,0xd0,0x00,0x00,0x07,0xff,0x18,
0xfa,0x00,0x00,0x00,0x3f,0xf1,0xaf,0x90,0x00,0x00,0x02,0xff,0x1a,0xf9,0x00,0x00,0x00,0x2f,0xf1,0x8f,
0xa0,0x00,0x00,0x03,0xff,0x16,0xfd,0x00,0x00,0x00,0x7f,0xf1,0x1f,0xf5,0x00,0x00,0x1d,0xff,0x10,0x9f,
0xe5,0x00,0x2b,0xef,0xf1,0x01,0xcf,0xfe,0xef,0xe5,0xff,0x10,0x00,0x7d,0xfe,0xa3,0x2f,0xf0,0x00,0x00,
0x00,0x00,0x05,0xfc,0x00,0x00,0x00,0x00,0x00,0xcf,0x80,0x01,0x93,0x00,0x02,0xaf,0xe2,0x00,0x1f,0xff,
0xde,0xff,0xf5,0x00,0x00,0x7b,0xde,0xfd,0x92,0x00,0x00,0xcf,0x50,0x00,0x00,0x00,0x00,0xcf,0x50,0x00,
0x00,0x00,0x00,0xcf,0x50,0x00,0x00,0x00,0x00,0xcf,0x50,0x00,0x00,0x00,0x00,0xcf,0x50,0x00,0x00,0x00,
0x00,0xcf,0x51,0x8d,0xfe,0xa2,0x00,0xcf,0x6c,0xff,0xff,0xfe,0x10,0xcf,0xed,0x40,0x15,0xef,0x90,0xcf,
0xf2,0x00,0x00,0x7f,0xe0,0xcf,0xa0,0x00,0x00,0x2f,0xf1,0xcf,0x70,0x00,0x00,0x0f,0xf2,0xcf,0x50,0x00,
0x00,0x0f,0xf3,0xcf,0x50,0x00,0x00,0x0f,0xf3,0xcf,0x50,0x00,0x00,0x0f,0xf3,0xcf,0x50,0x00,0x00,0x0f,
0xf3,0xcf,0x50,0x00,0x00,0x0f,0xf3,0xcf,0x50,0x00,0x00,0x0f,0xf3,0xcf,0x50,0x00,0x00,0x0f,0xf3,0xcf,
0x50,0x00,0x00,0x0f,0xf3,0xbf,0x6b,0xf6,0x9d,0x50,0x00,0x00,0x0b,0xf6,0xbf,0x6b,0xf6,0xbf,0x6b,0xf6,
0xbf,0x6b,0xf6,0xbf,0x6b,0xf6,0xbf,0x6b,0xf6,0xbf,0x6b,0xf6,0xbf,0x60,0x00,0x0b,0xf6,0x00,0x0b,0xf6,
0x00,0x09,0xd5,0x00,0x00,0x00,0x00,0x00,0x00,0x00,0x0b,0xf6,0x00,0x0b,0xf6,0x00,0x0b,0xf6,0x00,0x0b,
0xf6,0x00,0x0b,0xf6,0x00,0x0b,0xf6,0x00,0x0b,0xf6,0x00,0x0b,0xf6,0x00,0x0b,0xf6,0x00,0x0b,0xf6,0x00,
0x0b,0xf6,0x00,0x0b,0xf6,0x00,0x0b,0xf6,0x00,0x0b,0xf6,0x00,0x0b,0xf6,0x00,0x0d,0xf5,0x00,0x5f,0xf2,
0x6e,0xff,0xa0,0x7f,0xd8,0x10,0xcf,0x50,0x00,0x00,0x00,0x00,0xcf,0x50,0x00,0x00,0x00,0x00,0xcf,0x50,
0x00,0x00,0x00,0x00,0xcf,0x50,0x00,0x00,0x00,0x00,0xcf,0x50,0x00,0x00,0x00,0x00,0xcf,0x50,0x00,0x01,
0xbf,0xd2,0xcf,0x50,0x00,0x1b,0xfd,0x20,0xcf,0x50,0x01,0xcf,0xc1,0x00,0xcf,0x50,0x2d,0xfb,0x10,0x00,
0xcf,0x52,0xdf,0xb1,0x00,0x00,0xcf,0x8e,0xfa,0x00,0x00,0x00,0xcf,0xff,0xc0,0x00,0x00,0x00,0xcf,0xaf,
0xf8,0x00,0x00,0x00,0xcf,0x55,0xff,0x70,0x00,0x00,0xcf,0x50,0x6f,0xf7,0x00,0x00,0xcf,0x50,0x06,0xff,
0x60,0x00,0xcf,0x50,0x00,0x6f,0xf6,0x00,0xcf,0x50,0x00,0x07,0xff,0x60,0xcf,0x50,0x00,0x00,0x7f,0xf5,
0xbf,0x6b,0xf6,0xbf,0x6b,0xf6,0xbf,0x6b,0xf6,0xbf,0x6b,0xf6,0xbf,0x6b,0xf6,0xbf,0x6b,0xf6,0xbf,0x6b,
0xf6,0xbf,0x6b,0xf6,0xbf,0x6b,0xf6,0xbf,0x60,0xcf,0x51,0x8d,0xfd,0x70,0x00,0x4b,0xee,0xb3,0x00,0xcf,
0x6d,0xff,0xff,0xfa,0x07,0xff,0xff,0xff,0x30,0xcf,0xed,0x40,0x17,0xff,0x7f,0x81,0x03,0xdf,0xb0,0xcf,
0xf2,0x00,0x00,0xbf,0xf9,0x00,0x00,0x4f,0xf1,0xcf,0x90,0x00,0x00,0x7f,0xf2,0x00,0x00,0x0e,0xf4,0xcf,
0x70,0x00,0x00,0x5f,0xe0,0x00,0x00,0x0d,0xf5,0xcf,0x50,0x00,0x00,0x5f,0xd0,0x00,0x00,0x0c,0xf5,0xcf,
0x50,0x00,0x00,0x5f,0xd0,0x00,0x00,0x0c,0xf5,0xcf,0x50,0x00,0x00,0x5f,0xd0,0x00,0x00,0x0c,0xf5,0xcf,
0x50,0x00,0x00,0x5f,0xd0,0x00,0x00,0x0c,0xf5,0xcf,0x50,0x00,0x00,0x5f,0xd0,0x00,0x00,0x0c,0xf5,0xcf,
0x50,0x00,0x00,0x5f,0xd0,0x00,0x00,0x0c,0xf5,0xcf,0x50,0x00,0x00,0x5f,0xd0,0x00,0x00,0x0c,0xf5,0xcf,
0x50,0x00,0x00,0x5f,0xd0,0x00,0x00,0x0c,0xf5,0xcf,0x51,0x8d,0xfe,0xa2,0x00,0xcf,0x6c,0xff,0xff,0xfe,
0x10,0xcf,0xed,0x40,0x15,0xef,0x90,0xcf,0xf2,0x00,0x00,0x7f,0xe0,0xcf,0xa0,0x00,0x00,0x2f,0xf1,0xcf,
0x70,0x00,0x00,0x0f,0xf2,0xcf,0x50,0x00,0x00,0x0f,0xf3,0xcf,0x50,0x00,0x00,0x0f,0xf3,0xcf,0x50,0x00,
0x00,0x0f,0xf3,0xcf,0x50,0x00,0x00,0x0f,0xf3,0xcf,0x50,0x00,0x00,0x0f,0xf3,0xcf,0x50,0x00,0x00,0x0f,
0xf3,0xcf,0x50,0x00,0x00,0x0f,0xf3,0xcf,0x50,0x00,0x00,0x0f,0xf3,0x00,0x05,0xbe,0xfd,0xa3,0x00,0x00,
0x0a,0xff,0xfe,0xff,0xf6,0x00,0x08,0xff,0x71,0x02,0xaf,0xf3,0x01,0xef,0x70,0x00,0x00,0xcf,0xb0,0x5f,
0xe1,0x00,0x00,0x05,0xff,0x18,0xfb,0x00,0x00,0x00,0x1f,0xf4,0xaf,0x90,0x00,0x00,0x00,0xef,0x5a,0xfa,
0x00,0x00,0x00,0x0e,0xf5,0x8f,0xc0,0x00,0x00,0x01,0xff,0x45,0xfe,0x10,0x00,0x00,0x5f,0xf1,0x1e,0xf8,
0x00,0x00,0x0c,0xfb,0x00,0x8f,0xf7,0x10,0x2a,0xff,0x30,0x00,0xaf,0xff,0xef,0xff,0x60,0x00,0x00,0x5b,
0xef,0xda,0x30,0x00,0xcf,0x51,0x9d,0xfd,0x91,0x00,0xcf,0x7d,0xfe,0xef,0xfd,0x20,0xcf,0xed,0x40,0x04,
0xdf,0xc0,0xcf,0xf3,0x00,0x00,0x3f,0xf4,0xcf,0xb0,0x00,0x00,0x0a,0xf9,0xcf,0x70,0x00,0x00,0x07,0xfc,
0xcf,0x60,0x00,0x00,0x05,0xfd,0xcf,0x60,0x00,0x00,0x05,0xfd,0xcf,0x70,0x00,0x00,0x07,0xfc,0xcf,0xb0,
0x00,0x00,0x0a,0xf9,0xcf,0xf3,0x00,0x00,0x3f,0xf4,0xcf,0xed,0x40,0x04,0xdf,0xc0,0xcf,0x7d,0xfe,0xef,
0xfd,0x20,0xcf,0x51,0x9d,0xfd,0x91,0x00,0xcf,0x50,0x00,0x00,0x00,0x00,0xcf,0x50,0x00,0x00,0x00,0x00,
0xcf,0x50,0x00,0x00,0x00,0x00,0xcf,0x50,0x00,0x00,0x00,0x00,0xcf,0x50,0x00,0x00,0x00,0x00,0x00,0x07,
0xdf,0xea,0x31,0xff,0x10,0x0b,0xff,0xee,0xff,0x5f,0xf1,0x08,0xff,0x60,0x02,0xbe,0xff,0x11,0xff,0x60,
0x00,0x01,0xdf,0xf1,0x6f,0xe0,0x00,0x00,0x07,0xff,0x18,0xfa,0x00,0x00,0x00,0x3f,0xf1,0xaf,0x90,0x00,
0x00,0x02,0xff,0x1a,0xf9,0x00,0x00,0x00,0x2f,0xf1,0x8f,0xa0,0x00,0x00,0x03,0xff,0x16,0xfe,0x00,0x00,
0x00,0x7f,0xf1,0x1f,0xf6,0x00,0x00,0x1d,0xff,0x10,0x8f,0xf6,0x00,0x2b,0xef,0xf1,0x00,0xbf,0xfe,0xef,
0xe5,0xff,0x10,0x00,0x7d,0xfe,0xa3,0x1f,0xf1,0x00,0x00,0x00,0x00,0x01,0xff,0x10,0x00,0x00,0x00,0x00,
0x1f,0xf1,0x00,0x00,0x00,0x00,0x01,0xff,0x10,0x00,0x00,0x00,0x00,0x1f,0xf1,0x00,0x00,0x00,0x00,0x01,
0xff,0x10,0xcf,0x51,0x8d,0xfd,0xcf,0x6d,0xff,0xfd,0xcf,0xee,0x51,0x13,0xcf,0xf3,0x00,0x00,0xcf,0xa0,
0x00,0x00,0xcf,0x70,0x00,0x00,0xcf,0x50,0x00,0x00,0xcf,0x50,0x00,0x00,0xcf,0x50,0x00,0x00,0xcf,0x50,
0x00,0x00,0xcf,0x50,0x00,0x00,0xcf,0x50,0x00,0x00,0xcf,0x50,0x00,0x00,0xcf,0x50,0x00,0x00,0x00,0x6c,
0xef,0xec,0x93,0x00,0xbf,0xff,0xef,0xff,0x90,0x5f,0xe5,0x00,0x01,0x67,0x09,0xf9,0x00,0x00,0x00,0x00,
0x8f,0xa0,0x00,0x00,0x00,0x04,0xff,0xb5,0x10,0x00,0x00,0x07,0xff,0xff,0xd8,0x20,0x00,0x02,0x7b,0xef,
0xff,0x50,0x00,0x00,0x00,0x4b,0xfe,0x10,0x00,0x00,0x00,0x1f,0xf4,0x00,0x00,0x00,0x00,0xef,0x4a,0x94,
0x10,0x02,0xaf,0xe1,0xbf,0xff,0xee,0xff,0xf5,0x02,0x7b,0xde,0xfd,0x92,0x00,0x00,0x68,0x30,0x00,0x00,
0x0c,0xf6,0x00,0x00,0x00,0xcf,0x60,0x00,0x00,0x0c,0xf6,0x00,0x00,0x5f,0xff,0xff,0xff,0xd4,0xbe,0xfd,
0xbb,0xba,0x00,0xcf,0x60,0x00,0x00,0x0c,0xf6,0x00,0x00,0x00,0xcf,0x60,0x00,0x00,0x0c,0xf6,0x00,0x00,
0x00,0xcf,0x60,0x00,0x00,0x0c,0xf6,0x00,0x00,0x00,0xcf,0x60,0x00,0x00,0x0b,0xf6,0x00,0x00,0x00,0xbf,
0x70,0x00,0x00,0x08,0xfc,0x10,0x00,0x00,0x3f,0xff,0xdd,0xb0,0x00,0x4b,0xef,0xfd,0xef,0x30,0x00,0x00,
0x2f,0xf0,0xef,0x30,0x00,0x00,0x2f,0xf0,0xef,0x30,0x00,0x00,0x2f,0xf0,0xef,0x30,0x00,0x00,0x2f,0xf0,
0xef,0x30,0x00,0x00,0x2f,0xf0,0xef,0x30,0x00,0x00,0x2f,0xf0,0xef,0x30,0x00,0x00,0x2f,0xf0,0xef,0x30,
0x00,0x00,0x2f,0xf0,0xef,0x40,0x00,0x00,0x3f,0xf0,0xdf,0x50,0x00,0x00,0x6f,0xf0,0xbf,0xa0,0x00,0x01,
0xdf,0xf0,0x5f,0xf7,0x10,0x3c,0xef,0xf0,0x0b,0xff,0xff,0xfe,0x4f,0xf0,0x01,0x8d,0xfe,0x92,0x2f,0xf0,
0x2f,0xf3,0x00,0x00,0x00,0x0e,0xf5,0x0b,0xf8,0x00,0x00,0x00,0x5f,0xe0,0x06,0xfd,0x00,0x00,0x00,0xaf,
0x90,0x01,0xff,0x30,0x00,0x01,0xef,0x40,0x00,0xbf,0x90,0x00,0x05,0xfd,0x00,0x00,0x5f,0xe0,0x00,0x0b,
0xf8,0x00,0x00,0x1e,0xf4,0x00,0x1f,0xf3,0x00,0x00,0x0a,0xf9,0x00,0x6f,0xd0,0x00,0x00,0x04,0xfe,0x00,
0xbf,0x70,0x00,0x00,0x00,0xef,0x52,0xff,0x20,0x00,0x00,0x00,0x9f,0xa7,0xfc,0x00,0x00,0x00,0x00,0x4f,
0xfd,0xf7,0x00,0x00,0x00,0x00,0x0d,0xff,0xf1,0x00,0x00,0x00,0x00,0x08,0xff,0xb0,0x00,0x00,0xdf,0x40,
0x00,0x09,0xff,0x30,0x00,0x0a,0xf8,0x9f,0x80,0x00,0x0c,0xff,0x70,0x00,0x0e,0xf4,0x6f,0xc0,0x00,0x1f,
0xef,0xb0,0x00,0x2f,0xf1,0x2f,0xf1,0x00,0x5f,0x9e,0xe0,0x00,0x6f,0xb0,0x0d,0xf4,0x00,0x8f,0x5a,0xf3,
0x00,0xaf,0x80,0x0a,0xf8,0x00,0xcf,0x17,0xf7,0x00,0xdf,0x40,0x06,0xfc,0x01,0xfd,0x03,0xfa,0x02,0xff,
0x10,0x02,0xff,0x14,0xf9,0x00,0xee,0x06,0xfc,0x00,0x00,0xef,0x48,0xf5,0x00,0xbf,0x39,0xf8,0x00,0x00,
0xaf,0x8c,0xf1,0x00,0x7f,0x6d,0xf4,0x00,0x00,0x6f,0xcf,0xd0,0x00,0x3f,0xcf,0xf1,0x00,0x00,0x3f,0xff,
0x90,0x00,0x0e,0xff,0xc0,0x00,0x00,0x0e,0xff,0x50,0x00,0x0b,0xff,0x80,0x00,0x00,0x0a,0xff,0x20,0x00,
0x07,0xff,0x50,0x00,0x08,0xfe,0x10,0x00,0x00,0xbf,0xc0,0x00,0xcf,0xb0,0x00,0x06,0xfe,0x20,0x00,0x2e,
0xf6,0x00,0x2e,0xf6,0x00,0x00,0x06,0xfe,0x20,0xcf,0xb0,0x00,0x00,0x00,0xbf,0xc8,0xfe,0x20,0x00,0x00,
0x00,0x1e,0xff,0xf5,0x00,0x00,0x00,0x00,0x06,0xff,0xa0,0x00,0x00,0x00,0x00,0x0c,0xff,0xd1,0x00,0x00,
0x00,0x00,0x7f,0xed,0xf9,0x00,0x00,0x00,0x03,0xff,0x54,0xff,0x40,0x00,0x00,0x1d,0xfa,0x00,0x8f,0xe1,
0x00,0x00,0x9f,0xe1,0x00,0x0c,0xfa,0x00,0x04,0xff,0x40,0x00,0x03,0xff,0x60,0x1d,0xf9,0x00,0x00,0x00,
0x7f,0xe2,0x2f,0xf3,0x00,0x00,0x00,0x1e,0xf4,0x0a,0xf9,0x00,0x00,0x00,0x6f,0xd0,0x05,0xfe,0x00,0x00,
0x00,0xbf,0x80,0x00,0xdf,0x50,0x00,0x02,0xff,0x20,0x00,0x8f,0xb0,0x00,0x08,0xfb,0x00,0x00,0x2f,0xf2,
0x00,0x0d,0xf6,0x00,0x00,0x0b,0xf7,0x00,0x4f,0xe1,0x00,0x00,0x05,0xfd,0x00,0xaf,0x90,0x00,0x00,0x00,
0xef,0x41,0xef,0x30,0x00,0x00,0x00,0x8f,0x96,0xfd,0x00,0x00,0x00,0x00,0x3f,0xec,0xf7,0x00,0x00,0x00,
0x00,0x0c,0xff,0xf1,0x00,0x00,0x00,0x00,0x06,0xff,0xa0,0x00,0x00,0x00,0x00,0x01,0xff,0x50,0x00,0x00,
0x00,0x00,0x05,0xfe,0x00,0x00,0x00,0x00,0x00,0x0b,0xf8,0x00,0x00,0x00,0x00,0x00,0x5f,0xf2,0x00,0x00,
0x00,0x01,0xde,0xff,0x80,0x00,0x00,0x00,0x01,0xff,0xd7,0x00,0x00,0x00,0x00,0xaf,0xff,0xff,0xff,0xff,
0x88,0xcc,0xcc,0xcc,0xcf,0xf8,0x00,0x00,0x00,0x06,0xff,0x30,0x00,0x00,0x04,0xff,0x60,0x00,0x00,0x02,
0xef,0x90,0x00,0x00,0x00,0xcf,0xc0,0x00,0x00,0x00,0x9f,0xe2,0x00,0x00,0x00,0x6f,0xf4,0x00,0x00,0x00,
0x4f,0xf6,0x00,0x00,0x00,0x2e,0xf9,0x00,0x00,0x00,0x0c,0xfc,0x00,0x00,0x00,0x09,0xfe,0x20,0x00,0x00,
0x00,0xff,0xec,0xcc,0xcc,0xcc,0x7f,0xff,0xff,0xff,0xff,0xf8,0x00,0x00,0x18,0xce,0xf4,0x00,0x00,0xbf,
0xfc,0xb3,0x00,0x02,0xff,0x40,0x00,0x00,0x04,0xfd,0x00,0x00,0x00,0x05,0xfc,0x00,0x00,0x00,0x05,0xfc,
0x00,0x00,0x00,0x05,0xfc,0x00,0x00,0x00,0x05,0xfc,0x00,0x00,0x00,0x06,0xfc,0x00,0x00,0x00,0x09,0xfa,
0x00,0x00,0x01,0x6f,0xf5,0x00,0x00,0xff,0xfd,0x60,0x00,0x00,0xbc,0xff,0xa0,0x00,0x00,0x00,0x2d,0xf7,
0x00,0x00,0x00,0x08,0xfb,0x00,0x00,0x00,0x06,0xfc,0x00,0x00,0x00,0x05,0xfc,0x00,0x00,0x00,0x05,0xfc,
0x00,0x00,0x00,0x05,0xfc,0x00,0x00,0x00,0x05,0xfd,0x00,0x00,0x00,0x03,0xff,0x30,0x00,0x00,0x00,0xcf,
0xfd,0xc3,0x00,0x00,0x29,0xde,0xf4,0xef,0x1e,0xf1,0xef,0x1e,0xf1,0xef,0x1e,0xf1,0xef,0x1e,0xf1,0xef,
0x1e,0xf1,0xef,0x1e,0xf1,0xef,0x1e,0xf1,0xef,0x1e,0xf1,0xef,0x1e,0xf1,0xef,0x1e,0xf1,0xef,0x1e,0xf1,
0xef,0x1e,0xf1,0xef,0x10,0xff,0xda,0x30,0x00,0x00,0xbc,0xef,0xe1,0x00,0x00,0x00,0x1d,0xf6,0x00,0x00,
0x00,0x09,0xf8,0x00,0x00,0x00,0x08,0xf9,0x00,0x00,0x00,0x08,0xf9,0x00,0x00,0x00,0x08,0xf9,0x00,0x00,
0x00,0x08,0xf9,0x00,0x00,0x00,0x08,0xfa,0x00,0x00,0x00,0x06,0xfd,0x00,0x00,0x00,0x02,0xef,0x82,0x00,
0x00,0x00,0x3c,0xff,0xf4,0x00,0x00,0x7e,0xfd,0xb3,0x00,0x03,0xff,0x40,0x00,0x00,0x07,0xfb,0x00,0x00,
0x00,0x08,0xf9,0x00,0x00,0x00,0x08,0xf9,0x00,0x00,0x00,0x08,0xf9,0x00,0x00,0x00,0x08,0xf9,0x00,0x00,
0x00,0x09,0xf8,0x00,0x00,0x00,0x1d,0xf6,0x00,0x00,0xcc,0xef,0xe2,0x00,0x00,0xff,0xda,0x30,0x00,0x00,
0x00,0x00,0x00,0x00,0x00,0x00,0x00,0x01,0x00,0x5b,0xee,0xb5,0x00,0x00,0x00,0x58,0x1b,0xff,0xff,0xff,
0xd7,0x31,0x3a,0xf8,0x7f,0xb4,0x13,0x7d,0xff,0xff,0xff,0xc2,0x77,0x00,0x00,0x00,0x4a,0xee,0xc6,0x00,
0x10,0x00,0x00,0x00,0x00,0x00,0x00,0x00,0x6f,0xf6,0xff,0x6f,0xf1,0x11,0x00,0x00,0x00,0x2f,0xc3,0xfd,
0x4f,0xe5,0xfe,0x6f,0xf6,0xff,0x6f,0xf6,0xff,0x6f,0xf6,0xff,0x6f,0xf6,0xff,0x25,0x50,0x00,0x00,0x00,
0x91,0x00,0x00,0x00,0x00,0x1f,0x20,0x00,0x00,0x00,0x01,0xf2,0x00,0x00,0x00,0x00,0x1f,0x20,0x00,0x00,
0x05,0xbe,0xfe,0xc8,0x20,0x1b,0xff,0xff,0xef,0xf6,0x0a,0xfe,0x61,0xf2,0x17,0x54,0xff,0x50,0x1f,0x20,
0x00,0x9f,0xc0,0x01,0xf2,0x00,0x0d,0xf7,0x00,0x1f,0x20,0x00,0xef,0x60,0x01,0xf2,0x00,0x0e,0xf5,0x00,
0x1f,0x20,0x00,0xdf,0x70,0x01,0xf2,0x00,0x0b,0xfa,0x00,0x1f,0x20,0x00,0x6f,0xf2,0x01,0xf2,0x00,0x01,
0xdf,0xc2,0x1f,0x20,0x33,0x03,0xef,0xeb,0xfa,0xcf,0x60,0x02,0xaf,0xff,0xff,0xd4,0x00,0x00,0x14,0xf6,
0x20,0x00,0x00,0x00,0x1f,0x20,0x00,0x00,0x00,0x01,0xf2,0x00,0x00,0x00,0x00,0x1d,0x20,0x00,0x00,0x00,
0x05,0xbe,0xfd,0xa6,0x00,0x00,0x08,0xff,0xff,0xff,0xe0,0x00,0x03,0xff,0xa2,0x01,0x49,0x00,0x00,0x7f,
0xe0,0x00,0x00,0x00,0x00,0x0a,0xfb,0x00,0x00,0x00,0x00,0x00,0xbf,0xa0,0x00,0x00,0x00,0x00,0x0b,0xf9,
0x00,0x00,0x00,0x00,0x00,0xbf,0x90,0x00,0x00,0x00,0x1b,0xbe,0xfe,0xbb,0xbb,0x20,0x01,0xff,0xff,0xff,
0xff,0xf3,0x00,0x00,0x0b,0xf9,0x00,0x00,0x00,0x00,0x00,0xbf,0x90,0x00,0x00,0x00,0x00,0x0b,0xf9,0x00,
0x00,0x00,0x00,0x00,0xbf,0x90,0x00,0x00,0x00,0x00,0x0b,0xf9,0x00,0x00,0x00,0x01,0x11,0xbf,0xa1,0x11,
0x11,0x10,0x7f,0xff,0xff,0xff,0xff,0xff,0x27,0xff,0xff,0xff,0xff,0xff,0xf2,0x05,0x00,0x00,0x00,0x00,
0x04,0x20,0x8f,0x80,0x00,0x00,0x00,0x4e,0xd1,0x4e,0xf7,0x6c,0xed,0x85,0xef,0x70,0x04,0xff,0xff,0xff,
0xff,0xf8,0x00,0x00,0x9f,0xc3,0x01,0x9f,0xe0,0x00,0x01,0xfd,0x10,0x00,0x0a,0xf5,0x00,0x04,0xf9,0x00,
0x00,0x04,0xf8,0x00,0x04,0xf9,0x00,0x00,0x04,0xf8,0x00,0x01,0xed,0x10,0x00,0x0a,0xf5,0x00,0x00,0x9f,
0xb3,0x01,0x8f,0xd0,0x00,0x04,0xef,0xff,0xff,0xff,0xf8,0x00,0x4e,0xf7,0x6c,0xed,0x84,0xef,0x70,0x9f,
0x80,0x00,0x00,0x00,0x3e,0xc1,0x05,0x00,0x00,0x00,0x00,0x04,0x10,0x0c,0xf7,0x00,0x00,0x00,0x03,0xfe,
0x10,0x4f,0xe1,0x00,0x00,0x00,0xbf,0x70,0x00,0xbf,0x80,0x00,0x00,0x4f,0xe1,0x00,0x03,0xfe,0x10,0x00,
0x0c,0xf6,0x00,0x00,0x0a,0xf8,0x00,0x05,0xfd,0x00,0x00,0x00,0x2f,0xf2,0x00,0xdf,0x50,0x00,0x00,0x00,
0x9f,0x90,0x6f,0xc0,0x00,0x00,0x6f,0xff,0xff,0x3d,0xff,0xff,0xa0,0x03,0x88,0x8b,0xfe,0xfc,0x88,0x85,
0x00,0x00,0x00,0x1e,0xff,0x40,0x00,0x00,0x00,0x00,0x00,0x9f,0xd0,0x00,0x00,0x00,0x6f,0xff,0xff,0xff,
0xff,0xff,0xa0,0x03,0x88,0x88,0xcf,0xe8,0x88,0x85,0x00,0x00,0x00,0x08,0xfc,0x00,0x00,0x00,0x00,0x00,
0x00,0x8f,0xc0,0x00,0x00,0x00,0x00,0x00,0x08,0xfc,0x00,0x00,0x00,0x00,0x00,0x00,0x8f,0xc0,0x00,0x00,
0x00,0x00,0x00,0x08,0xfc,0x00,0x00,0x00,0xef,0x1e,0xf1,0xef,0x1e,0xf1,0xef,0x1e,0xf1,0xef,0x1e,0xf1,
0xef,0x14,0x40,0x00,0x00,0x00,0x44,0x0e,0xf1,0xef,0x1e,0xf1,0xef,0x1e,0xf1,0xef,0x1e,0xf1,0xef,0x1e,
0xf1,0x00,0x4b,0xee,0xda,0x40,0x06,0xff,0xdc,0xef,0xb0,0x0e,0xf7,0x00,0x04,0x60,0x2f,0xf1,0x00,0x00,
0x00,0x0e,0xf6,0x00,0x00,0x00,0x08,0xff,0x70,0x00,0x00,0x03,0xef,0xfc,0x30,0x00,0x3e,0xe5,0xcf,0xf8,
0x00,0xaf,0x40,0x06,0xef,0xb1,0xdf,0x10,0x00,0x2d,0xf8,0xcf,0x50,0x00,0x04,0xfc,0x6f,0xe4,0x00,0x01,
0xfd,0x09,0xff,0x91,0x06,0xf8,0x00,0x5e,0xfe,0x8f,0xc1,0x00,0x01,0x9f,0xfe,0x10,0x00,0x00,0x04,0xef,
0x90,0x00,0x00,0x00,0x5f,0xf1,0x00,0x00,0x00,0x1f,0xf1,0x08,0x20,0x00,0x8f,0xd0,0x0f,0xfd,0xce,0xff,
0x50,0x06,0xbd,0xfe,0xb4,0x00,0x37,0x60,0x06,0x73,0x7f,0xe0,0x0d,0xf7,0x7f,0xe0,0x0d,0xf7,0x00,0x00,
0x00,0x00,0x00,0x00,0x00,0x00,0x00,0x00,0x00,0x03,0x9d,0xff,0xd9,0x30,0x00,0x00,0x00,0x01,0xaf,0xa6,
0x44,0x6a,0xfa,0x10,0x00,0x00,0x2d,0xc3,0x00,0x00,0x00,0x3c,0xd2,0x00,0x00,0xcb,0x10,0x00,0x11,0x00,
0x01,0xbc,0x00,0x07,0xd1,0x01,0x8d,0xff,0xfc,0x40,0x1d,0x70,0x1e,0x50,0x1c,0xfc,0x75,0x7a,0x70,0x05,
0xe1,0x5e,0x00,0x9f,0x90,0x00,0x00,0x00,0x00,0xe4,0x8a,0x00,0xef,0x10,0x00,0x00,0x00,0x00,0xa8,0xa8,
0x02,0xfc,0x00,0x00,0x00,0x00,0x00,0x9a,0xa8,0x02,0xfc,0x00,0x00,0x00,0x00,0x00,0x8a,0x99,0x00,0xfe,
0x00,0x00,0x00,0x00,0x00,0xa8,0x6d,0x00,0xaf,0x70,0x00,0x00,0x00,0x00,0xd5,0x1f,0x40,0x2e,0xfa,0x42,
0x47,0x60,0x04,0xf1,0x09,0xc0,0x02,0xbf,0xff,0xfe,0x50,0x0c,0x90,0x01,0xd9,0x00,0x01,0x44,0x30,0x00,
0x9d,0x10,0x00,0x3e,0xa1,0x00,0x00,0x00,0x1a,0xe3,0x00,0x00,0x02,0xde,0x73,0x11,0x37,0xed,0x20,0x00,
0x00,0x00,0x07,0xcf,0xff,0xfc,0x60,0x00,0x00,0x00,0x00,0x00,0x01,0x33,0x10,0x00,0x00,0x00,0x07,0xbe,
0xfe,0xa2,0x00,0xb8,0x65,0x7d,0xe2,0x00,0x00,0x11,0x4f,0x70,0x4b,0xef,0xff,0xfa,0x3f,0xd6,0x44,0x5f,
0xa9,0xf3,0x00,0x03,0xfa,0x9f,0x30,0x00,0xaf,0xa4,0xfd,0x76,0xbd,0xfa,0x05,0xcf,0xe9,0x2c,0x80,0x00,
0x00,0x00,0x00,0x26,0x66,0x66,0x66,0x46,0xff,0xff,0xff,0xfa,0x00,0x00,0x03,0x40,0x00,0x25,0x00,0x00,
0x4e,0x50,0x03,0xe7,0x00,0x05,0xfe,0x30,0x4e,0xf4,0x00,0x5f,0xe3,0x04,0xee,0x40,0x06,0xfe,0x30,0x5f,
0xe4,0x00,0x2f,0xf2,0x01,0xff,0x30,0x00,0x0b,0xfa,0x00,0xaf,0xb1,0x00,0x00,0xaf,0xb1,0x09,0xfc,0x10,
0x00,0x09,0xfc,0x10,0x8f,0xd2,0x00,0x00,0x9f,0x50,0x07,0xf7,0x00,0x00,0x07,0x50,0x00,0x66,0x00,0x00,
0x00,0x10,0x00,0x01,0x11,0x11,0x11,0x11,0x11,0x11,0x11,0x11,0x7f,0xff,0xff,0xff,0xff,0xff,0xff,0xf8,
0x7f,0xff,0xff,0xff,0xff,0xff,0xff,0xf8,0x00,0x00,0x00,0x00,0x00,0x00,0x06,0xf8,0x00,0x00,0x00,0x00,
0x00,0x00,0x06,0xf8,0x00,0x00,0x00,0x00,0x00,0x00,0x06,0xf8,0x00,0x00,0x00,0x00,0x00,0x00,0x06,0xf8,
0x00,0x00,0x00,0x00,0x00,0x00,0x06,0xf8,0xcf,0xff,0xff,0x7c,0xff,0xff,0xf7,0x00,0x00,0x00,0x00,0x00,
0x00,0x00,0x00,0x00,0x00,0x00,0x03,0x9d,0xff,0xd9,0x30,0x00,0x00,0x00,0x01,0xaf,0xa6,0x44,0x6a,0xfa,
0x10,0x00,0x00,0x2d,0xc3,0x00,0x00,0x00,0x3c,0xd2,0x00,0x00,0xcb,0x10,0x00,0x00,0x00,0x01,0xbc,0x00,
0x07,0xd1,0x09,0xff,0xff,0xc7,0x00,0x1d,0x70,0x1e,0x50,0x09,0xf6,0x35,0xbf,0x70,0x05,0xe1,0x5e,0x00,
0x09,0xf4,0x00,0x2f,0xc0,0x00,0xe4,0x8a,0x00,0x09,0xf4,0x00,0x1f,0xc0,0x00,0xa8,0xa8,0x00,0x09,0xf4,
0x02,0x9f,0x80,0x00,0x9a,0xa8,0x00,0x09,0xff,0xff,0xe8,0x00,0x00,0x8a,0x99,0x00,0x09,0xf6,0x4d,0xe4,
0x00,0x00,0xa8,0x6d,0x00,0x09,0xf4,0x02,0xed,0x10,0x00,0xd5,0x1f,0x40,0x09,0xf4,0x00,0x6f,0x90,0x04,
0xf1,0x09,0xc0,0x09,0xf4,0x00,0x0c,0xf3,0x0c,0x90,0x01,0xd9,0x02,0x41,0x00,0x02,0x43,0x9d,0x10,0x00,
0x3e,0xa1,0x00,0x00,0x00,0x1a,0xe3,0x00,0x00,0x02,0xde,0x73,0x11,0x37,0xed,0x20,0x00,0x00,0x00,0x07,
0xcf,0xff,0xfc,0x60,0x00,0x00,0x00,0x00,0x00,0x01,0x33,0x10,0x00,0x00,0x00,0x6c,0xcc,0xcc,0xc6,0x8f,
0xff,0xff,0xf8,0x00,0x48,0x83,0x00,0x08,0xff,0xff,0x80,0x4f,0xa1,0x2a,0xf4,0x9e,0x00,0x00,0xe9,0xad,
0x00,0x00,0xca,0x8f,0x40,0x03,0xf7,0x1e,0xfa,0xaf,0xd1,0x02,0xae,0xea,0x20,0x00,0x00,0x00,0x07,0x80,
0x00,0x00,0x00,0x00,0x00,0x00,0x0e,0xf1,0x00,0x00,0x00,0x00,0x00,0x00,0x0e,0xf1,0x00,0x00,0x00,0x00,
0x00,0x00,0x0e,0xf1,0x00,0x00,0x00,0x00,0x00,0x00,0x0e,0xf1,0x00,0x00,0x00,0x7f,0xff,0xff,0xff,0xff,
0xff,0xff,0xf8,0x7f,0xff,0xff,0xff,0xff,0xff,0xff,0xf8,0x11,0x11,0x11,0x1e,0xf2,0x11,0x11,0x11,0x00,
0x00,0x00,0x0e,0xf1,0x00,0x00,0x00,0x00,0x00,0x00,0x0e,0xf1,0x00,0x00,0x00,0x00,0x00,0x00,0x0e,0xf1,
0x00,0x00,0x00,0x00,0x00,0x00,0x0e,0xf1,0x00,0x00,0x00,0x00,0x00,0x00,0x00,0x00,0x00,0x00,0x00,0x11,
0x11,0x11,0x11,0x11,0x11,0x11,0x11,0x7f,0xff,0xff,0xff,0xff,0xff,0xff,0xf8,0x7f,0xff,0xff,0xff,0xff,
0xff,0xff,0xf8,0x6b,0xef,0xd8,0x10,0xa8,0x55,0xaf,0xb0,0x00,0x00,0x0c,0xf0,0x00,0x00,0x2f,0xa0,0x00,
0x02,0xdc,0x10,0x00,0x3e,0xc1,0x00,0x06,0xf9,0x00,0x00,0x8f,0xb5,0x55,0x50,0xdf,0xff,0xff,0xf2,0x5c,
0xef,0xda,0x20,0x46,0x44,0x6e,0xd0,0x00,0x01,0x3c,0xf1,0x00,0xef,0xff,0x80,0x00,0x34,0x7b,0x40,0x00,
0x00,0x07,0xf3,0x00,0x00,0x08,0xf6,0x96,0x45,0x8f,0xe2,0x8c,0xee,0xd9,0x20,0x00,0x04,0x86,0x00,0x2e,
0xe3,0x00,0xcf,0x40,0x08,0xf6,0x00,0x4f,0x80,0x00,0xef,0x30,0x00,0x00,0x2f,0xf0,0x0e,0xf3,0x00,0x00,
0x02,0xff,0x00,0xef,0x30,0x00,0x00,0x2f,0xf0,0x0e,0xf3,0x00,0x00,0x02,0xff,0x00,0xef,0x30,0x00,0x00,
0x2f,0xf0,0x0e,0xf3,0x00,0x00,0x02,0xff,0x00,0xef,0x30,0x00,0x00,0x2f,0xf0,0x0e,0xf3,0x00,0x00,0x02,
0xff,0x00,0xef,0x30,0x00,0x00,0x3f,0xf0,0x0e,0xf5,0x00,0x00,0x05,0xff,0x00,0xef,0xa0,0x00,0x00,0xbf,
0xf1,0x0e,0xff,0x81,0x02,0x9f,0xff,0x32,0xef,0xbf,0xff,0xff,0xad,0xff,0xae,0xf3,0x7d,0xfd,0x80,0x5e,
0xd6,0xef,0x30,0x00,0x00,0x00,0x00,0x0e,0xf3,0x00,0x00,0x00,0x00,0x00,0xef,0x30,0x00,0x00,0x00,0x00,
0x0e,0xf3,0x00,0x00,0x00,0x00,0x00,0xef,0x30,0x00,0x00,0x00,0x00,0x00,0x00,0x05,0xbe,0xff,0xff,0xfa,
0x00,0xaf,0xff,0xfe,0x88,0xfa,0x07,0xff,0xff,0xfc,0x00,0xfa,0x0d,0xff,0xff,0xfc,0x00,0xfa,0x1f,0xff,
0xff,0xfc,0x00,0xfa,0x2f,0xff,0xff,0xfc,0x00,0xfa,0x0e,0xff,0xff,0xfc,0x00,0xfa,0x09,0xff,0xff,0xfc,
0x00,0xfa,0x01,0xdf,0xff,0xfc,0x00,0xfa,0x00,0x18,0xef,0xfc,0x00,0xfa,0x00,0x00,0x02,0xec,0x00,0xfa,
0x00,0x00,0x00,0xdc,0x00,0xfa,0x00,0x00,0x00,0xdc,0x00,0xfa,0x00,0x00,0x00,0xdc,0x00,0xfa,0x00,0x00,
0x00,0xdc,0x00,0xfa,0x00,0x00,0x00,0xdc,0x00,0xfa,0x00,0x00,0x00,0xdc,0x00,0xfa,0x00,0x00,0x00,0xdc,
0x00,0xfa,0x00,0x00,0x00,0xdc,0x00,0xfa,0x00,0x00,0x00,0xdc,0x00,0xfa,0x00,0x00,0x00,0x76,0x00,0x75,
0x12,0x20,0x7f,0xf1,0x7f,0xf1,0x7f,0xf1,0x00,0x2e,0x50,0x00,0x09,0xe0,0x00,0x07,0xf3,0x79,0x8e,0xf2,
0x7e,0xfd,0x60,0x4b,0xdf,0xe0,0x00,0x48,0x5d,0xe0,0x00,0x00,0x0c,0xe0,0x00,0x00,0x0c,0xe0,0x00,0x00,
0x0c,0xe0,0x00,0x00,0x0c,0xe0,0x00,0x00,0x0c,0xe0,0x00,0x14,0x4d,0xe4,0x41,0x3f,0xff,0xff,0xf5,0x01,
0x8d,0xfe,0xa3,0x00,0x1c,0xf9,0x67,0xee,0x30,0x7f,0x80,0x00,0x3f,0xc0,0xcf,0x10,0x00,0x0c,0xf1,0xdf,
0x00,0x00,0x0a,0xf2,0xcf,0x20,0x00,0x0c,0xf1,0x7f,0x80,0x00,0x3f,0xc0,0x1d,0xfa,0x68,0xef,0x30,0x01,
0x8d,0xfe,0xa3,0x00,0x00,0x00,0x00,0x00,0x00,0x26,0x66,0x66,0x66,0x40,0x6f,0xff,0xff,0xff,0xa0,0x70,
0x00,0x06,0x10,0x00,0x0b,0xb1,0x00,0xac,0x10,0x00,0x8f,0xc1,0x07,0xfd,0x20,0x00,0x8f,0xd2,0x07,0xfd,
0x20,0x00,0x7f,0xd2,0x06,0xfe,0x30,0x00,0x8f,0xb0,0x06,0xfc,0x00,0x3e,0xf6,0x02,0xdf,0x70,0x3e,0xf5,
0x03,0xef,0x60,0x4e,0xe4,0x03,0xef,0x50,0x0b,0xe4,0x00,0xae,0x40,0x00,0xa3,0x00,0x09,0x40,0x00,0x01,
0x00,0x00,0x10,0x00,0x00,0x26,0x9b,0xa0,0x00,0x00,0x00,0x00,0x1b,0x90,0x00,0x00,0x6e,0xbe,0xe0,0x00,
0x00,0x00,0x00,0x9f,0x50,0x00,0x00,0x00,0x0c,0xe0,0x00,0x00,0x00,0x03,0xfb,0x00,0x00,0x00,0x00,0x0c,
0xe0,0x00,0x00,0x00,0x0b,0xf2,0x00,0x00,0x00,0x00,0x0c,0xe0,0x00,0x00,0x00,0x5f,0x80,0x00,0x00,0x00,
0x00,0x0c,0xe0,0x00,0x00,0x01,0xdd,0x10,0x00,0x00,0x00,0x00,0x0c,0xe0,0x00,0x00,0x08,0xf5,0x00,0x00,
0x00,0x00,0x00,0x0c,0xe0,0x00,0x00,0x2f,0xb0,0x00,0x00,0x00,0x00,0x01,0x1c,0xe1,0x10,0x00,0xbf,0x30,
0x00,0x03,0xba,0x00,0x3f,0xff,0xff,0xf5,0x04,0xf9,0x00,0x00,0x1d,0xfe,0x00,0x14,0x44,0x44,0x41,0x0d,
0xe1,0x00,0x00,0x9a,0xce,0x00,0x00,0x00,0x00,0x00,0x7f,0x60,0x00,0x05,0xd1,0xce,0x00,0x00,0x00,0x00,
0x02,0xec,0x00,0x00,0x1e,0x40,0xce,0x00,0x00,0x00,0x00,0x0a,0xf3,0x00,0x00,0xb9,0x00,0xce,0x00,0x00,
0x00,0x00,0x4f,0x90,0x00,0x06,0xd2,0x11,0xce,0x11,0x00,0x00,0x00,0xce,0x10,0x00,0x09,0xff,0xff,0xff,
0xf7,0x00,0x00,0x06,0xf7,0x00,0x00,0x02,0x44,0x44,0xde,0x42,0x00,0x00,0x1e,0xd0,0x00,0x00,0x00,0x00,
0x00,0xce,0x00,0x00,0x00,0x6c,0x40,0x00,0x00,0x00,0x00,0x00,0x56,0x00,0x00,0x13,0x30,0x00,0x00,0x00,
0x00,0x03,0x30,0x00,0x04,0xdf,0xfe,0x00,0x00,0x00,0x00,0x04,0xf9,0x00,0x00,0x48,0x5c,0xe0,0x00,0x00,
0x00,0x00,0xce,0x10,0x00,0x00,0x00,0xce,0x00,0x00,0x00,0x00,0x6f,0x70,0x00,0x00,0x00,0x0c,0xe0,0x00,
0x00,0x00,0x1e,0xd0,0x00,0x00,0x00,0x00,0xce,0x00,0x00,0x00,0x08,0xf5,0x00,0x00,0x00,0x00,0x0c,0xe0,
0x00,0x00,0x02,0xfb,0x00,0x00,0x00,0x00,0x00,0xce,0x00,0x00,0x00,0xbf,0x30,0x00,0x00,0x00,0x00,0x0c,
0xe0,0x00,0x00,0x4f,0x90,0x00,0x00,0x00,0x00,0x11,0xce,0x11,0x00,0x0d,0xe1,0x18,0xdf,0xfc,0x50,0x3f,
0xff,0xff,0xf5,0x06,0xf7,0x03,0xd7,0x56,0xdf,0x41,0x44,0x44,0x44,0x11,0xed,0x00,0x00,0x00,0x04,0xf9,
0x00,0x00,0x00,0x00,0x9f,0x40,0x00,0x00,0x00,0x4f,0x80,0x00,0x00,0x00,0x3f,0xb0,0x00,0x00,0x00,0x1d,
0xe1,0x00,0x00,0x00,0x0b,0xf2,0x00,0x00,0x00,0x0b,0xf4,0x00,0x00,0x00,0x05,0xf9,0x00,0x00,0x00,0x0a,
0xf5,0x00,0x00,0x00,0x00,0xde,0x10,0x00,0x00,0x0b,0xf5,0x00,0x00,0x00,0x00,0x7f,0x60,0x00,0x00,0x1b,
0xf6,0x22,0x21,0x00,0x00,0x1e,0xc0,0x00,0x00,0x04,0xff,0xff,0xff,0xb0,0x00,0x06,0xc4,0x00,0x00,0x00,
0x14,0x44,0x44,0x43,0x00,0x01,0x00,0x00,0x00,0x00,0x00,0x01,0x10,0x00,0x00,0x5d,0xff,0xea,0x20,0x00,
0x00,0x00,0x3f,0xb0,0x00,0x00,0x57,0x54,0x7f,0xd0,0x00,0x00,0x00,0xbf,0x20,0x00,0x00,0x00,0x00,0x0a,
0xf2,0x00,0x00,0x05,0xf8,0x00,0x00,0x00,0x00,0x11,0x5e,0xd0,0x00,0x00,0x0d,0xe1,0x00,0x00,0x00,0x00,
0xef,0xfb,0x20,0x00,0x00,0x7f,0x60,0x00,0x00,0x00,0x00,0x44,0x8f,0xa0,0x00,0x02,0xec,0x00,0x00,0x00,
0x00,0x00,0x00,0x08,0xf4,0x00,0x0a,0xf3,0x00,0x00,0x00,0x00,0x00,0x00,0x07,0xf5,0x00,0x3f,0xa0,0x00,
0x00,0x00,0x00,0x74,0x22,0x6e,0xe2,0x00,0xce,0x20,0x00,0x05,0xed,0x00,0xbf,0xff,0xfc,0x40,0x06,0xf7,
0x00,0x00,0x1e,0xee,0x00,0x01,0x33,0x10,0x00,0x1e,0xd0,0x00,0x00,0xb8,0xce,0x00,0x00,0x00,0x00,0x00,
0x8f,0x50,0x00,0x06,0xd1,0xce,0x00,0x00,0x00,0x00,0x02,0xfb,0x00,0x00,0x2e,0x30,0xce,0x00,0x00,0x00,
0x00,0x0b,0xf3,0x00,0x00,0xb8,0x00,0xce,0x00,0x00,0x00,0x00,0x4f,0x90,0x00,0x06,0xd2,0x11,0xce,0x11,
0x00,0x00,0x00,0xde,0x10,0x00,0x09,0xff,0xff,0xff,0xf7,0x00,0x00,0x07,0xf6,0x00,0x00,0x02,0x44,0x44,
0xde,0x42,0x00,0x00,0x1e,0xc0,0x00,0x00,0x00,0x00,0x00,0xce,0x00,0x00,0x00,0x6c,0x40,0x00,0x00,0x00,
0x00,0x00,0x56,0x00,0x00,0x00,0x3f,0xf2,0x00,0x00,0x00,0x03,0xff,0x20,0x00,0x00,0x00,0x3f,0xf2,0x00,
0x00,0x00,0x00,0x11,0x00,0x00,0x00,0x00,0x01,0x10,0x00,0x00,0x00,0x02,0xff,0x10,0x00,0x00,0x00,0x2f,
0xf1,0x00,0x00,0x00,0x03,0xff,0x10,0x00,0x00,0x00,0x7f,0xe0,0x00,0x00,0x00,0x3e,0xf7,0x00,0x00,0x00,
0x3e,0xfb,0x00,0x00,0x00,0x2d,0xfc,0x10,0x00,0x00,0x0b,0xfd,0x10,0x00,0x00,0x02,0xff,0x40,0x00,0x00,
0x00,0x5f,0xf1,0x00,0x00,0x00,0x03,0xff,0x50,0x00,0x00,0x60,0x0d,0xfe,0x51,0x15,0xcf,0x00,0x4f,0xff,
0xff,0xff,0xd0,0x00,0x3a,0xef,0xeb,0x60,0x00,0x00,0x00,0x04,0xfd,0x10,0x00,0x00,0x00,0x00,0x00,0x00,
0x05,0xfa,0x00,0x00,0x00,0x00,0x00,0x00,0x00,0x06,0xf7,0x00,0x00,0x00,0x00,0x00,0x00,0x00,0x00,0x00,
0x00,0x00,0x00,0x00,0x00,0x00,0x00,0x00,0x00,0x00,0x00,0x00,0x00,0x00,0x05,0xff,0xb0,0x00,0x00,0x00,
0x00,0x00,0x00,0xaf,0xff,0x20,0x00,0x00,0x00,0x00,0x00,0x1f,0xea,0xf7,0x00,0x00,0x00,0x00,0x00,0x06,
0xfa,0x4f,0xd0,0x00,0x00,0x00,0x00,0x00,0xcf,0x40,0xdf,0x30,0x00,0x00,0x00,0x00,0x3f,0xe0,0x08,0xf9,
0x00,0x00,0x00,0x00,0x08,0xf9,0x00,0x3f,0xe0,0x00,0x00,0x00,0x00,0xef,0x40,0x00,0xcf,0x50,0x00,0x00,
0x00,0x4f,0xd0,0x00,0x07,0xfa,0x00,0x00,0x00,0x0a,0xf8,0x00,0x00,0x2f,0xf1,0x00,0x00,0x01,0xff,0x30,
0x00,0x00,0xbf,0x70,0x00,0x00,0x6f,0xff,0xff,0xff,0xff,0xfc,0x00,0x00,0x0c,0xff,0xff,0xff,0xff,0xff,
0xf3,0x00,0x02,0xff,0x31,0x11,0x11,0x11,0xaf,0x80,0x00,0x8f,0xc0,0x00,0x00,0x00,0x05,0xfe,0x00,0x0d,
0xf7,0x00,0x00,0x00,0x00,0x1f,0xf4,0x04,0xff,0x30,0x00,0x00,0x00,0x00,0xbf,0xa0,0x9f,0xd0,0x00,0x00,
0x00,0x00,0x06,0xff,0x10,0x00,0x00,0x00,0x00,0x8f,0x90,0x00,0x00,0x00,0x00,0x00,0x00,0x5f,0xa0,0x00,
0x00,0x00,0x00,0x00,0x00,0x2e,0xb0,0x00,0x00,0x00,0x00,0x00,0x00,0x00,0x00,0x00,0x00,0x00,0x00,0x00,
0x00,0x00,0x00,0x00,0x00,0x00,0x00,0x00,0x00,0x00,0x05,0xff,0xb0,0x00,0x00,0x00,0x00,0x00,0x00,0xaf,
0xff,0x20,0x00,0x00,0x00,0x00,0x00,0x1f,0xea,0xf7,0x00,0x00,0x00,0x00,0x00,0x06,0xfa,0x4f,0xd0,0x00,
0x00,0x00,0x00,0x00,0xcf,0x40,0xdf,0x30,0x00,0x00,0x00,0x00,0x3f,0xe0,0x08,0xf9,0x00,0x00,0x00,0x00,
0x08,0xf9,0x00,0x3f,0xe0,0x00,0x00,0x00,0x00,0xef,0x40,0x00,0xcf,0x50,0x00,0x00,0x00,0x4f,0xd0,0x00,
0x07,0xfa,0x00,0x00,0x00,0x0a,0xf8,0x00,0x00,0x2f,0xf1,0x00,0x00,0x01,0xff,0x30,0x00,0x00,0xbf,0x70,
0x00,0x00,0x6f,0xff,0xff,0xff,0xff,0xfc,0x00,0x00,0x0c,0xff,0xff,0xff,0xff,0xff,0xf3,0x00,0x02,0xff,
0x31,0x11,0x11,0x11,0xaf,0x80,0x00,0x8f,0xc0,0x00,0x00,0x00,0x05,0xfe,0x00,0x0d,0xf7,0x00,0x00,0x00,
0x00,0x1f,0xf4,0x04,0xff,0x30,0x00,0x00,0x00,0x00,0xbf,0xa0,0x9f,0xd0,0x00,0x00,0x00,0x00,0x06,0xff,
0x10,0x00,0x00,0x00,0x5f,0xfb,0x00,0x00,0x00,0x00,0x00,0x00,0x3e,0xa5,0xf8,0x00,0x00,0x00,0x00,0x00,
0x1d,0xb0,0x05,0xf6,0x00,0x00,0x00,0x00,0x00,0x00,0x00,0x00,0x00,0x00,0x00,0x00,0x00,0x00,0x00,0x00,
0x00,0x00,0x00,0x00,0x00,0x00,0x05,0xff,0xb0,0x00,0x00,0x00,0x00,0x00,0x00,0xaf,0xff,0x20,0x00,0x00,
0x00,0x00,0x00,0x1f,0xea,0xf7,0x00,0x00,0x00,0x00,0x00,0x06,0xfa,0x4f,0xd0,0x00,0x00,0x00,0x00,0x00,
0xcf,0x40,0xdf,0x30,0x00,0x00,0x00,0x00,0x3f,0xe0,0x08,0xf9,0x00,0x00,0x00,0x00,0x08,0xf9,0x00,0x3f,
0xe0,0x00,0x00,0x00,0x00,0xef,0x40,0x00,0xcf,0x50,0x00,0x00,0x00,0x4f,0xd0,0x00,0x07,0xfa,0x00,0x00,
0x00,0x0a,0xf8,0x00,0x00,0x2f,0xf1,0x00,0x00,0x01,0xff,0x30,0x00,0x00,0xbf,0x70,0x00,0x00,0x6f,0xff,
0xff,0xff,0xff,0xfc,0x00,0x00,0x0c,0xff,0xff,0xff,0xff,0xff,0xf3,0x00,0x02,0xff,0x31,0x11,0x11,0x11,
0xaf,0x80,0x00,0x8f,0xc0,0x00,0x00,0x00,0x05,0xfe,0x00,0x0d,0xf7,0x00,0x00,0x00,0x00,0x1f,0xf4,0x04,
0xff,0x30,0x00,0x00,0x00,0x00,0xbf,0xa0,0x9f,0xd0,0x00,0x00,0x00,0x00,0x06,0xff,0x10,0x00,0x00,0x08,
0xc9,0x30,0x6c,0x00,0x00,0x00,0x00,0x06,0xfb,0xef,0xbe,0xb0,0x00,0x00,0x00,0x00,0x8b,0x01,0x7c,0xa2,
0x00,0x00,0x00,0x00,0x00,0x00,0x00,0x00,0x00,0x00,0x00,0x00,0x00,0x00,0x00,0x00,0x00,0x00,0x00,0x00,
0x00,0x00,0x05,0xff,0xb0,0x00,0x00,0x00,0x00,0x00,0x00,0xaf,0xff,0x20,0x00,0x00,0x00,0x00,0x00,0x1f,
0xea,0xf7,0x00,0x00,0x00,0x00,0x00,0x06,0xfa,0x4f,0xd0,0x00,0x00,0x00,0x00,0x00,0xcf,0x40,0xdf,0x30,
0x00,0x00,0x00,0x00,0x3f,0xe0,0x08,0xf9,0x00,0x00,0x00,0x00,0x08,0xf9,0x00,0x3f,0xe0,0x00,0x00,0x00,
0x00,0xef,0x40,0x00,0xcf,0x50,0x00,0x00,0x00,0x4f,0xd0,0x00,0x07,0xfa,0x00,0x00,0x00,0x0a,0xf8,0x00,
0x00,0x2f,0xf1,0x00,0x00,0x01,0xff,0x30,0x00,0x00,0xbf,0x70,0x00,0x00,0x6f,0xff,0xff,0xff,0xff,0xfc,
0x00,0x00,0x0c,0xff,0xff,0xff,0xff,0xff,0xf3,0x00,0x02,0xff,0x31,0x11,0x11,0x11,0xaf,0x80,0x00,0x8f,
0xc0,0x00,0x00,0x00,0x05,0xfe,0x00,0x0d,0xf7,0x00,0x00,0x00,0x00,0x1f,0xf4,0x04,0xff,0x30,0x00,0x00,
0x00,0x00,0xbf,0xa0,0x9f,0xd0,0x00,0x00,0x00,0x00,0x06,0xff,0x10,0x00,0x00,0x4f,0xf2,0x0a,0xfa,0x00,
0x00,0x00,0x00,0x04,0xff,0x20,0xaf,0xa0,0x00,0x00,0x00,0x00,0x27,0x71,0x05,0x75,0x00,0x00,0x00,0x00,
0x00,0x00,0x00,0x00,0x00,0x00,0x00,0x00,0x00,0x00,0x00,0x00,0x00,0x00,0x00,0x00,0x00,0x00,0x05,0xff,
0xb0,0x00,0x00,0x00,0x00,0x00,0x00,0xaf,0xff,0x20,0x00,0x00,0x00,0x00,0x00,0x1f,0xea,0xf7,0x00,0x00,
0x00,0x00,0x00,0x06,0xfa,0x4f,0xd0,0x00,0x00,0x00,0x00,0x00,0xcf,0x40,0xdf,0x30,0x00,0x00,0x00,0x00,
0x3f,0xe0,0x08,0xf9,0x00,0x00,0x00,0x00,0x08,0xf9,0x00,0x3f,0xe0,0x00,0x00,0x00,0x00,0xef,0x40,0x00,
0xcf,0x50,0x00,0x00,0x00,0x4f,0xd0,0x00,0x07,0xfa,0x00,0x00,0x00,0x0a,0xf8,0x00,0x00,0x2f,0xf1,0x00,
0x00,0x01,0xff,0x30,0x00,0x00,0xbf,0x70,0x00,0x00,0x6f,0xff,0xff,0xff,0xff,0xfc,0x00,0x00,0x0c,0xff,
0xff,0xff,0xff,0xff,0xf3,0x00,0x02,0xff,0x31,0x11,0x11,0x11,0xaf,0x80,0x00,0x8f,0xc0,0x00,0x00,0x00,
0x05,0xfe,0x00,0x0d,0xf7,0x00,0x00,0x00,0x00,0x1f,0xf4,0x04,0xff,0x30,0x00,0x00,0x00,0x00,0xbf,0xa0,
0x9f,0xd0,0x00,0x00,0x00,0x00,0x06,0xff,0x10,0x00,0x00,0x00,0x6d,0xea,0x10,0x00,0x00,0x00,0x00,0x00,
0x6f,0xa9,0xec,0x00,0x00,0x00,0x00,0x00,0x0d,0xa0,0x04,0xf4,0x00,0x00,0x00,0x00,0x00,0xf7,0x00,0x1f,
0x60,0x00,0x00,0x00,0x00,0x0c,0xd3,0x19,0xf3,0x00,0x00,0x00,0x00,0x00,0x3e,0xff,0xf9,0x00,0x00,0x00,
0x00,0x00,0x00,0xbf,0xff,0x20,0x00,0x00,0x00,0x00,0x00,0x1f,0xea,0xf8,0x00,0x00,0x00,0x00,0x00,0x07,
0xfa,0x4f,0xd0,0x00,0x00,0x00,0x00,0x00,0xcf,0x50,0xdf,0x40,0x00,0x00,0x00,0x00,0x3f,0xe0,0x08,0xf9,
0x00,0x00,0x00,0x00,0x08,0xf9,0x00,0x3f,0xe0,0x00,0x00,0x00,0x00,0xef,0x40,0x00,0xdf,0x50,0x00,0x00,
0x00,0x5f,0xd0,0x00,0x07,0xfb,0x00,0x00,0x00,0x0a,0xf8,0x00,0x00,0x2f,0xf1,0x00,0x00,0x01,0xff,0x30,
0x00,0x00,0xcf,0x70,0x00,0x00,0x6f,0xff,0xff,0xff,0xff,0xfc,0x00,0x00,0x0c,0xff,0xff,0xff,0xff,0xff,
0xf3,0x00,0x02,0xff,0x31,0x11,0x11,0x11,0xaf,0x80,0x00,0x8f,0xc0,0x00,0x00,0x00,0x05,0xfe,0x00,0x0d,
0xf7,0x00,0x00,0x00,0x00,0x1f,0xf4,0x04,0xff,0x30,0x00,0x00,0x00,0x00,0xbf,0xa0,0x9f,0xd0,0x00,0x00,
0x00,0x00,0x06,0xff,0x10,0x00,0x00,0x00,0x0c,0xff,0xff,0xff,0xff,0xff,0xff,0xf9,0x00,0x00,0x00,0x3f,
0xff,0xff,0xff,0xff,0xff,0xff,0xf9,0x00,0x00,0x00,0x9f,0xd1,0x7f,0xe1,0x11,0x11,0x11,0x11,0x00,0x00,
0x01,0xef,0x60,0x7f,0xe0,0x00,0x00,0x00,0x00,0x00,0x00,0x06,0xfe,0x10,0x7f,0xe0,0x00,0x00,0x00,0x00,
0x00,0x00,0x0c,0xf8,0x00,0x7f,0xe0,0x00,0x00,0x00,0x00,0x00,0x00,0x3f,0xf2,0x00,0x7f,0xe0,0x00,0x00,
0x00,0x00,0x00,0x00,0xaf,0xb0,0x00,0x7f,0xff,0xff,0xff,0xff,0xf4,0x00,0x01,0xff,0x40,0x00,0x7f,0xff,
0xff,0xff,0xff,0xf4,0x00,0x07,0xfd,0x00,0x00,0x7f,0xe1,0x11,0x11,0x11,0x10,0x00,0x0d,0xf6,0x00,0x00,
0x7f,0xe0,0x00,0x00,0x00,0x00,0x00,0x4f,0xff,0xff,0xff,0xff,0xe0,0x00,0x00,0x00,0x00,0x00,0xaf,0xff,
0xff,0xff,0xff,0xe0,0x00,0x00,0x00,0x00,0x01,0xff,0x41,0x11,0x11,0x7f,0xe0,0x00,0x00,0x00,0x00,0x07,
0xfc,0x00,0x00,0x00,0x7f,0xe0,0x00,0x00,0x00,0x00,0x0d,0xf7,0x00,0x00,0x00,0x7f,0xe1,0x11,0x11,0x11,
0x11,0x4f,0xf1,0x00,0x00,0x00,0x7f,0xff,0xff,0xff,0xff,0xfd,0xbf,0xa0,0x00,0x00,0x00,0x7f,0xff,0xff,
0xff,0xff,0xfd,0x00,0x00,0x16,0xbd,0xfe,0xda,0x40,0x00,0x00,0x5e,0xff,0xff,0xff,0xff,0xc3,0x00,0x6f,
0xfe,0x73,0x11,0x37,0xdf,0x70,0x3f,0xfb,0x10,0x00,0x00,0x00,0x77,0x0b,0xfe,0x10,0x00,0x00,0x00,0x00,
0x02,0xff,0x70,0x00,0x00,0x00,0x00,0x00,0x6f,0xf2,0x00,0x00,0x00,0x00,0x00,0x08,0xfe,0x00,0x00,0x00,
0x00,0x00,0x00,0x9f,0xd0,0x00,0x00,0x00,0x00,0x00,0x09,0xfd,0x00,0x00,0x00,0x00,0x00,0x00,0x8f,0xe0,
0x00,0x00,0x00,0x00,0x00,0x06,0xff,0x20,0x00,0x00,0x00,0x00,0x00,0x2f,0xf7,0x00,0x00,0x00,0x00,0x00,
0x00,0xbf,0xd1,0x00,0x00,0x00,0x00,0x00,0x03,0xff,0xb1,0x00,0x00,0x00,0x07,0x70,0x06,0xff,0xe7,0x31,
0x13,0x7d,0xf7,0x00,0x05,0xef,0xff,0xff,0xff,0xfc,0x30,0x00,0x01,0x6b,0xdf,0xfd,0xa4,0x00,0x00,0x00,
0x00,0x00,0x5f,0x20,0x00,0x00,0x00,0x00,0x00,0x00,0xe9,0x00,0x00,0x00,0x00,0x00,0x30,0x3e,0xb0,0x00,
0x00,0x00,0x00,0x1f,0xff,0xf6,0x00,0x00,0x00,0x00,0x00,0x57,0x73,0x00,0x00,0x00,0x00,0x08,0xf9,0x00,
0x00,0x00,0x00,0x00,0xaf,0x50,0x00,0x00,0x00,0x00,0x0b,0xe2,0x00,0x00,0x00,0x00,0x00,0x00,0x00,0x00,
0x00,0x00,0x00,0x00,0x00,0x00,0xaf,0xff,0xff,0xff,0xff,0xf6,0xaf,0xff,0xff,0xff,0xff,0xf6,0xaf,0xb1,
0x11,0x11,0x11,0x10,0xaf,0xb0,0x00,0x00,0x00,0x00,0xaf,0xb0,0x00,0x00,0x00,0x00,0xaf,0xb0,0x00,0x00,
0x00,0x00,0xaf,0xb0,0x00,0x00,0x00,0x00,0xaf,0xff,0xff,0xff,0xff,0xf1,0xaf,0xff,0xff,0xff,0xff,0xf1,
0xaf,0xb1,0x11,0x11,0x11,0x10,0xaf,0xb0,0x00,0x00,0x00,0x00,0xaf,0xb0,0x00,0x00,0x00,0x00,0xaf,0xb0,
0x00,0x00,0x00,0x00,0xaf,0xb0,0x00,0x00,0x00,0x00,0xaf,0xb0,0x00,0x00,0x00,0x00,0xaf,0xb1,0x11,0x11,
0x11,0x11,0xaf,0xff,0xff,0xff,0xff,0xf9,0xaf,0xff,0xff,0xff,0xff,0xf9,0x00,0x00,0x01,0xdf,0x40,0x00,
0x00,0x00,0x0a,0xf5,0x00,0x00,0x00,0x00,0x6f,0x70,0x00,0x00,0x00,0x00,0x00,0x00,0x00,0x00,0x00,0x00,
0x00,0x00,0x00,0x00,0xaf,0xff,0xff,0xff,0xff,0xf6,0xaf,0xff,0xff,0xff,0xff,0xf6,0xaf,0xb1,0x11,0x11,
0x11,0x10,0xaf,0xb0,0x00,0x00,0x00,0x00,0xaf,0xb0,0x00,0x00,0x00,0x00,0xaf,0xb0,0x00,0x00,0x00,0x00,
0xaf,0xb0,0x00,0x00,0x00,0x00,0xaf,0xff,0xff,0xff,0xff,0xf1,0xaf,0xff,0xff,0xff,0xff,0xf1,0xaf,0xb1,
0x11,0x11,0x11,0x10,0xaf,0xb0,0x00,0x00,0x00,0x00,0xaf,0xb0,0x00,0x00,0x00,0x00,0xaf,0xb0,0x00,0x00,
0x00,0x00,0xaf,0xb0,0x00,0x00,0x00,0x00,0xaf,0xb0,0x00,0x00,0x00,0x00,0xaf,0xb1,0x11,0x11,0x11,0x11,
0xaf,0xff,0xff,0xff,0xff,0xf9,0xaf,0xff,0xff,0xff,0xff,0xf9,0x00,0x00,0xaf,0xf5,0x00,0x00,0x00,0x07,
0xf6,0xaf,0x30,0x00,0x00,0x5f,0x60,0x0a,0xe2,0x00,0x00,0x00,0x00,0x00,0x00,0x00,0x00,0x00,0x00,0x00,
0x00,0x00,0xaf,0xff,0xff,0xff,0xff,0xf6,0xaf,0xff,0xff,0xff,0xff,0xf6,0xaf,0xb1,0x11,0x11,0x11,0x10,
0xaf,0xb0,0x00,0x00,0x00,0x00,0xaf,0xb0,0x00,0x00,0x00,0x00,0xaf,0xb0,0x00,0x00,0x00,0x00,0xaf,0xb0,
0x00,0x00,0x00,0x00,0xaf,0xff,0xff,0xff,0xff,0xf1,0xaf,0xff,0xff,0xff,0xff,0xf1,0xaf,0xb1,0x11,0x11,
0x11,0x10,0xaf,0xb0,0x00,0x00,0x00,0x00,0xaf,0xb0,0x00,0x00,0x00,0x00,0xaf,0xb0,0x00,0x00,0x00,0x00,
0xaf,0xb0,0x00,0x00,0x00,0x00,0xaf,0xb0,0x00,0x00,0x00,0x00,0xaf,0xb1,0x11,0x11,0x11,0x11,0xaf,0xff,
0xff,0xff,0xff,0xf9,0xaf,0xff,0xff,0xff,0xff,0xf9,0x00,0x9f,0xb0,0x1f,0xf5,0x00,0x00,0x9f,0xb0,0x1f,
0xf5,0x00,0x00,0x47,0x50,0x07,0x72,0x00,0x00,0x00,0x00,0x00,0x00,0x00,0x00,0x00,0x00,0x00,0x00,0x00,
0xaf,0xff,0xff,0xff,0xff,0xf6,0xaf,0xff,0xff,0xff,0xff,0xf6,0xaf,0xb1,0x11,0x11,0x11,0x10,0xaf,0xb0,
0x00,0x00,0x00,0x00,0xaf,0xb0,0x00,0x00,0x00,0x00,0xaf,0xb0,0x00,0x00,0x00,0x00,0xaf,0xb0,0x00,0x00,
0x00,0x00,0xaf,0xff,0xff,0xff,0xff,0xf1,0xaf,0xff,0xff,0xff,0xff,0xf1,0xaf,0xb1,0x11,0x11,0x11,0x10,
0xaf,0xb0,0x00,0x00,0x00,0x00,0xaf,0xb0,0x00,0x00,0x00,0x00,0xaf,0xb0,0x00,0x00,0x00,0x00,0xaf,0xb0,
0x00,0x00,0x00,0x00,0xaf,0xb0,0x00,0x00,0x00,0x00,0xaf,0xb1,0x11,0x11,0x11,0x11,0xaf,0xff,0xff,0xff,
0xff,0xf9,0xaf,0xff,0xff,0xff,0xff,0xf9,0x1c,0xf4,0x00,0x01,0xde,0x20,0x00,0x2e,0xc0,0x00,0x00,0x00,
0x00,0x00,0x00,0x00,0xaf,0xb0,0x00,0xaf,0xb0,0x00,0xaf,0xb0,0x00,0xaf,0xb0,0x00,0xaf,0xb0,0x00,0xaf,
0xb0,0x00,0xaf,0xb0,0x00,0xaf,0xb0,0x00,0xaf,0xb0,0x00,0xaf,0xb0,0x00,0xaf,0xb0,0x00,0xaf,0xb0,0x00,
0xaf,0xb0,0x00,0xaf,0xb0,0x00,0xaf,0xb0,0x00,0xaf,0xb0,0x00,0xaf,0xb0,0x00,0xaf,0xb0,0x00,0x3f,0xd1,
0x01,0xde,0x20,0x0b,0xe3,0x00,0x00,0x00,0x00,0x00,0x00,0x00,0x0a,0xfb,0x00,0x0a,0xfb,0x00,0x0a,0xfb,
0x00,0x0a,0xfb,0x00,0x0a,0xfb,0x00,0x0a,0xfb,0x00,0x0a,0xfb,0x00,0x0a,0xfb,0x00,0x0a,0xfb,0x00,0x0a,
0xfb,0x00,0x0a,0xfb,0x00,0x0a,0xfb,0x00,0x0a,0xfb,0x00,0x0a,0xfb,0x00,0x0a,0xfb,0x00,0x0a,0xfb,0x00,
0x0a,0xfb,0x00,0x0a,0xfb,0x00,0x00,0x1d,0xfe,0x20,0x00,0x0b,0xe4,0xdd,0x10,0x09,0xe3,0x02,0xdb,0x00,
0x00,0x00,0x00,0x00,0x00,0x00,0x00,0x00,0x00,0x00,0xaf,0xb0,0x00,0x00,0x0a,0xfb,0x00,0x00,0x00,0xaf,
0xb0,0x00,0x00,0x0a,0xfb,0x00,0x00,0x00,0xaf,0xb0,0x00,0x00,0x0a,0xfb,0x00,0x00,0x00,0xaf,0xb0,0x00,
0x00,0x0a,0xfb,0x00,0x00,0x00,0xaf,0xb0,0x00,0x00,0x0a,0xfb,0x00,0x00,0x00,0xaf,0xb0,0x00,0x00,0x0a,
0xfb,0x00,0x00,0x00,0xaf,0xb0,0x00,0x00,0x0a,0xfb,0x00,0x00,0x00,0xaf,0xb0,0x00,0x00,0x0a,0xfb,0x00,
0x00,0x00,0xaf,0xb0,0x00,0x00,0x0a,0xfb,0x00,0x00,0xef,0x70,0x5f,0xf0,0xef,0x70,0x5f,0xf0,0x67,0x30,
0x27,0x70,0x00,0x00,0x00,0x00,0x00,0x00,0x00,0x00,0x00,0xaf,0xb0,0x00,0x00,0xaf,0xb0,0x00,0x00,0xaf,
0xb0,0x00,0x00,0xaf,0xb0,0x00,0x00,0xaf,0xb0,0x00,0x00,0xaf,0xb0,0x00,0x00,0xaf,0xb0,0x00,0x00,0xaf,
0xb0,0x00,0x00,0xaf,0xb0,0x00,0x00,0xaf,0xb0,0x00,0x00,0xaf,0xb0,0x00,0x00,0xaf,0xb0,0x00,0x00,0xaf,
0xb0,0x00,0x00,0xaf,0xb0,0x00,0x00,0xaf,0xb0,0x00,0x00,0xaf,0xb0,0x00,0x00,0xaf,0xb0,0x00,0x00,0xaf,
0xb0,0x00,0x00,0x8f,0xff,0xff,0xed,0xb7,0x20,0x00,0x00,0x00,0x8f,0xff,0xff,0xff,0xff,0xfb,0x20,0x00,
0x00,0x8f,0xd0,0x00,0x13,0x6b,0xff,0xe2,0x00,0x00,0x8f,0xd0,0x00,0x00,0x00,0x5f,0xfd,0x00,0x00,0x8f,
0xd0,0x00,0x00,0x00,0x06,0xff,0x50,0x00,0x8f,0xd0,0x00,0x00,0x00,0x00,0xdf,0xb0,0x00,0x8f,0xd0,0x00,
0x00,0x00,0x00,0x9f,0xe0,0x00,0x8f,0xd0,0x00,0x00,0x00,0x00,0x6f,0xf1,0xdf,0xff,0xff,0xff,0xc0,0x00,
0x00,0x5f,0xf2,0xac,0xdf,0xfc,0xcc,0x90,0x00,0x00,0x5f,0xf2,0x00,0x8f,0xd0,0x00,0x00,0x00,0x00,0x6f,
0xf1,0x00,0x8f,0xd0,0x00,0x00,0x00,0x00,0x9f,0xe0,0x00,0x8f,0xd0,0x00,0x00,0x00,0x00,0xdf,0xb0,0x00,
0x8f,0xd0,0x00,0x00,0x00,0x06,0xff,0x50,0x00,0x8f,0xd0,0x00,0x00,0x00,0x5f,0xfd,0x00,0x00,0x8f,0xd0,
0x00,0x12,0x6b,0xff,0xe2,0x00,0x00,0x8f,0xff,0xff,0xff,0xff,0xfb,0x20,0x00,0x00,0x8f,0xff,0xff,0xed,
0xb7,0x20,0x00,0x00,0x00,0x01,0x9c,0x81,0x09,0xa0,0x00,0x00,0x09,0xfa,0xee,0xaf,0x80,0x00,0x00,0x0b,
0x90,0x29,0xc9,0x10,0x00,0x00,0x00,0x00,0x00,0x00,0x00,0x00,0x00,0x00,0x00,0x00,0x00,0x00,0x00,0xaf,
0xfc,0x00,0x00,0x00,0x0b,0xf9,0xaf,0xff,0x50,0x00,0x00,0x0b,0xf9,0xaf,0xff,0xc0,0x00,0x00,0x0b,0xf9,
0xaf,0xbe,0xf5,0x00,0x00,0x0b,0xf9,0xaf,0xa8,0xfd,0x00,0x00,0x0b,0xf9,0xaf,0xa1,0xef,0x60,0x00,0x0b,
0xf9,0xaf,0xa0,0x8f,0xd0,0x00,0x0b,0xf9,0xaf,0xa0,0x1e,0xf6,0x00,0x0b,0xf9,0xaf,0xa0,0x07,0xfd,0x00,
0x0b,0xf9,0xaf,0xa0,0x01,0xef,0x70,0x0b,0xf9,0xaf,0xa0,0x00,0x7f,0xe1,0x0b,0xf9,0xaf,0xa0,0x00,0x1e,
0xf7,0x0b,0xf9,0xaf,0xa0,0x00,0x06,0xfe,0x1b,0xf9,0xaf,0xa0,0x00,0x00,0xdf,0x7b,0xf9,0xaf,0xa0,0x00,
0x00,0x6f,0xec,0xf9,0xaf,0xa0,0x00,0x00,0x0d,0xff,0xf9,0xaf,0xa0,0x00,0x00,0x06,0xff,0xf9,0xaf,0xa0,
0x00,0x00,0x00,0xdf,0xf9,0x00,0x00,0x01,0x77,0x00,0x00,0x00,0x00,0x00,0x00,0x00,0x08,0xf8,0x00,0x00,
0x00,0x00,0x00,0x00,0x00,0x09,0xf5,0x00,0x00,0x00,0x00,0x00,0x00,0x00,0x07,0x70,0x00,0x00,0x00,0x00,
0x00,0x00,0x00,0x00,0x00,0x00,0x00,0x00,0x00,0x00,0x00,0x00,0x00,0x00,0x00,0x00,0x00,0x00,0x17,0xce,
0xfe,0xb7,0x10,0x00,0x00,0x00,0x6e,0xff,0xff,0xff,0xfe,0x50,0x00,0x00,0x7f,0xfd,0x51,0x02,0x6d,0xff,
0x50,0x00,0x3f,0xfb,0x00,0x00,0x00,0x1c,0xfe,0x20,0x0b,0xfe,0x10,0x00,0x00,0x00,0x2e,0xf9,0x02,0xff,
0x70,0x00,0x00,0x00,0x00,0x9f,0xf1,0x6f,0xf2,0x00,0x00,0x00,0x00,0x04,0xff,0x48,0xfe,0x00,0x00,0x00,
0x00,0x00,0x1f,0xf7,0x9f,0xd0,0x00,0x00,0x00,0x00,0x00,0xff,0x89,0xfd,0x00,0x00,0x00,0x00,0x00,0x0f,
0xf8,0x8f,0xe0,0x00,0x00,0x00,0x00,0x01,0xff,0x76,0xff,0x20,0x00,0x00,0x00,0x00,0x4f,0xf4,0x2f,0xf7,
0x00,0x00,0x00,0x00,0x09,0xff,0x10,0xbf,0xd1,0x00,0x00,0x00,0x02,0xef,0x90,0x03,0xff,0xb0,0x00,0x00,
0x01,0xcf,0xe2,0x00,0x07,0xff,0xd5,0x10,0x26,0xdf,0xf5,0x00,0x00,0x06,0xef,0xff,0xff,0xff,0xe5,0x00,
0x00,0x00,0x01,0x7c,0xef,0xeb,0x71,0x00,0x00,0x00,0x00,0x00,0x00,0x17,0x71,0x00,0x00,0x00,0x00,0x00,
0x00,0x0a,0xf6,0x00,0x00,0x00,0x00,0x00,0x00,0x06,0xf7,0x00,0x00,0x00,0x00,0x00,0x00,0x00,0x76,0x00,
0x00,0x00,0x00,0x00,0x00,0x00,0x00,0x00,0x00,0x00,0x00,0x00,0x00,0x00,0x00,0x00,0x00,0x00,0x00,0x00,
0x00,0x00,0x17,0xce,0xfe,0xb7,0x10,0x00,0x00,0x00,0x6e,0xff,0xff,0xff,0xfe,0x50,0x00,0x00,0x7f,0xfd,
0x51,0x02,0x6d,0xff,0x50,0x00,0x3f,0xfb,0x00,0x00,0x00,0x1c,0xfe,0x20,0x0b,0xfe,0x10,0x00,0x00,0x00,
0x2e,0xf9,0x02,0xff,0x70,0x00,0x00,0x00,0x00,0x9f,0xf1,0x6f,0xf2,0x00,0x00,0x00,0x00,0x04,0xff,0x48,
0xfe,0x00,0x00,0x00,0x00,0x00,0x1f,0xf7,0x9f,0xd0,0x00,0x00,0x00,0x00,0x00,0xff,0x89,0xfd,0x00,0x00,
0x00,0x00,0x00,0x0f,0xf8,0x8f,0xe0,0x00,0x00,0x00,0x00,0x01,0xff,0x76,0xff,0x20,0x00,0x00,0x00,0x00,
0x4f,0xf4,0x2f,0xf7,0x00,0x00,0x00,0x00,0x09,0xff,0x10,0xbf,0xd1,0x00,0x00,0x00,0x02,0xef,0x90,0x03,
0xff,0xb0,0x00,0x00,0x01,0xcf,0xe2,0x00,0x07,0xff,0xd5,0x10,0x26,0xdf,0xf5,0x00,0x00,0x06,0xef,0xff,
0xff,0xff,0xe5,0x00,0x00,0x00,0x01,0x7c,0xef,0xeb,0x71,0x00,0x00,0x00,0x00,0x00,0x06,0x86,0x00,0x00,
0x00,0x00,0x00,0x00,0x07,0xfb,0xf6,0x00,0x00,0x00,0x00,0x00,0x04,0xf7,0x09,0xf3,0x00,0x00,0x00,0x00,
0x00,0x76,0x00,0x06,0x60,0x00,0x00,0x00,0x00,0x00,0x00,0x00,0x00,0x00,0x00,0x00,0x00,0x00,0x00,0x00,
0x00,0x00,0x00,0x00,0x00,0x00,0x17,0xce,0xfe,0xb7,0x10,0x00,0x00,0x00,0x6e,0xff,0xff,0xff,0xfe,0x50,
0x00,0x00,0x7f,0xfd,0x51,0x02,0x6d,0xff,0x50,0x00,0x3f,0xfb,0x00,0x00,0x00,0x1c,0xfe,0x20,0x0b,0xfe,
0x10,0x00,0x00,0x00,0x2e,0xf9,0x02,0xff,0x70,0x00,0x00,0x00,0x00,0x9f,0xf1,0x6f,0xf2,0x00,0x00,0x00,
0x00,0x04,0xff,0x48,0xfe,0x00,0x00,0x00,0x00,0x00,0x1f,0xf7,0x9f,0xd0,0x00,0x00,0x00,0x00,0x00,0xff,
0x89,0xfd,0x00,0x00,0x00,0x00,0x00,0x0f,0xf8,0x8f,0xe0,0x00,0x00,0x00,0x00,0x01,0xff,0x76,0xff,0x20,
0x00,0x00,0x00,0x00,0x4f,0xf4,0x2f,0xf7,0x00,0x00,0x00,0x00,0x09,0xff,0x10,0xbf,0xd1,0x00,0x00,0x00,
0x02,0xef,0x90,0x03,0xff,0xb0,0x00,0x00,0x01,0xcf,0xe2,0x00,0x07,0xff,0xd5,0x10,0x26,0xdf,0xf5,0x00,
0x00,0x06,0xef,0xff,0xff,0xff,0xe5,0x00,0x00,0x00,0x01,0x7c,0xef,0xeb,0x71,0x00,0x00,0x00,0x00,0x05,
0xbb,0x40,0x3c,0x30,0x00,0x00,0x00,0x02,0xfc,0xcf,0xcc,0xe1,0x00,0x00,0x00,0x00,0x4d,0x20,0x5b,0xb4,
0x00,0x00,0x00,0x00,0x00,0x00,0x00,0x00,0x00,0x00,0x00,0x00,0x00,0x00,0x00,0x00,0x00,0x00,0x00,0x00,
0x00,0x01,0x7c,0xef,0xeb,0x71,0x00,0x00,0x00,0x06,0xef,0xff,0xff,0xff,0xe5,0x00,0x00,0x07,0xff,0xd5,
0x10,0x26,0xdf,0xf5,0x00,0x03,0xff,0xb0,0x00,0x00,0x01,0xcf,0xe2,0x00,0xbf,0xe1,0x00,0x00,0x00,0x02,
0xef,0x90,0x2f,0xf7,0x00,0x00,0x00,0x00,0x09,0xff,0x16,0xff,0x20,0x00,0x00,0x00,0x00,0x4f,0xf4,0x8f,
0xe0,0x00,0x00,0x00,0x00,0x01,0xff,0x79,0xfd,0x00,0x00,0x00,0x00,0x00,0x0f,0xf8,0x9f,0xd0,0x00,0x00,
0x00,0x00,0x00,0xff,0x88,0xfe,0x00,0x00,0x00,0x00,0x00,0x1f,0xf7,0x6f,0xf2,0x00,0x00,0x00,0x00,0x04,
0xff,0x42,0xff,0x70,0x00,0x00,0x00,0x00,0x9f,0xf1,0x0b,0xfd,0x10,0x00,0x00,0x00,0x2e,0xf9,0x00,0x3f,
0xfb,0x00,0x00,0x00,0x1c,0xfe,0x20,0x00,0x7f,0xfd,0x51,0x02,0x6d,0xff,0x50,0x00,0x00,0x6e,0xff,0xff,
0xff,0xfe,0x50,0x00,0x00,0x00,0x17,0xce,0xfe,0xb7,0x10,0x00,0x00,0x00,0x00,0x0f,0xf5,0x07,0xfe,0x00,
0x00,0x00,0x00,0x00,0xff,0x50,0x7f,0xe0,0x00,0x00,0x00,0x00,0x07,0x73,0x03,0x77,0x00,0x00,0x00,0x00,
0x00,0x00,0x00,0x00,0x00,0x00,0x00,0x00,0x00,0x00,0x00,0x00,0x00,0x00,0x00,0x00,0x00,0x01,0x7c,0xef,
0xeb,0x71,0x00,0x00,0x00,0x06,0xef,0xff,0xff,0xff,0xe5,0x00,0x00,0x07,0xff,0xd5,0x10,0x26,0xdf,0xf5,
0x00,0x03,0xff,0xb0,0x00,0x00,0x01,0xcf,0xe2,0x00,0xbf,0xe1,0x00,0x00,0x00,0x02,0xef,0x90,0x2f,0xf7,
0x00,0x00,0x00,0x00,0x09,0xff,0x16,0xff,0x20,0x00,0x00,0x00,0x00,0x4f,0xf4,0x8f,0xe0,0x00,0x00,0x00,
0x00,0x01,0xff,0x79,0xfd,0x00,0x00,0x00,0x00,0x00,0x0f,0xf8,0x9f,0xd0,0x00,0x00,0x00,0x00,0x00,0xff,
0x88,0xfe,0x00,0x00,0x00,0x00,0x00,0x1f,0xf7,0x6f,0xf2,0x00,0x00,0x00,0x00,0x04,0xff,0x42,0xff,0x70,
0x00,0x00,0x00,0x00,0x9f,0xf1,0x0b,0xfd,0x10,0x00,0x00,0x00,0x2e,0xf9,0x00,0x3f,0xfb,0x00,0x00,0x00,
0x1c,0xfe,0x20,0x00,0x7f,0xfd,0x51,0x02,0x6d,0xff,0x50,0x00,0x00,0x6e,0xff,0xff,0xff,0xfe,0x50,0x00,
0x00,0x00,0x17,0xce,0xfe,0xb7,0x10,0x00,0x00,0x09,0x20,0x00,0x00,0x00,0x01,0xa1,0x7f,0xd2,0x00,0x00,
0x00,0x1c,0xf9,0x1c,0xfd,0x20,0x00,0x01,0xcf,0xd1,0x01,0xcf,0xd1,0x00,0x1c,0xfd,0x20,0x00,0x1c,0xfc,
0x11,0xbf,0xd2,0x00,0x00,0x01,0xdf,0xcb,0xfe,0x20,0x00,0x00,0x00,0x2d,0xff,0xe3,0x00,0x00,0x00,0x00,
0x0a,0xff,0xc1,0x00,0x00,0x00,0x00,0x9f,0xee,0xfb,0x00,0x00,0x00,0x09,0xff,0x43,0xef,0xa0,0x00,0x00,
0x8f,0xf4,0x00,0x3e,0xfa,0x00,0x08,0xff,0x50,0x00,0x03,0xef,0x90,0x6f,0xf5,0x00,0x00,0x00,0x4f,0xf8,
0x2d,0x60,0x00,0x00,0x00,0x04,0xe3,0x01,0x00,0x00,0x00,0x00,0x00,0x10,0x00,0x00,0x00,0x00,0x00,0x00,
0x00,0x03,0x00,0x00,0x01,0x7c,0xef,0xeb,0x61,0x05,0xf6,0x00,0x06,0xef,0xff,0xff,0xff,0xd6,0xed,0x10,
0x07,0xff,0xd5,0x10,0x26,0xdf,0xfe,0x20,0x03,0xff,0xb0,0x00,0x00,0x02,0xff,0xe1,0x00,0xbf,0xe1,0x00,
0x00,0x00,0xac,0xcf,0x90,0x2f,0xf7,0x00,0x00,0x00,0x8e,0x26,0xfe,0x16,0xff,0x20,0x00,0x00,0x6f,0x40,
0x2f,0xf4,0x8f,0xe0,0x00,0x00,0x4f,0x60,0x00,0xff,0x79,0xfd,0x00,0x00,0x3e,0x90,0x00,0x0f,0xf8,0x9f,
0xd0,0x00,0x2d,0xc0,0x00,0x00,0xff,0x88,0xff,0x00,0x1c,0xd1,0x00,0x00,0x1f,0xf7,0x6f,0xf2,0x0b,0xf3,
0x00,0x00,0x04,0xff,0x42,0xff,0x79,0xf5,0x00,0x00,0x00,0x9f,0xf1,0x0b,0xff,0xf8,0x00,0x00,0x00,0x2f,
0xfa,0x00,0x3f,0xfe,0x10,0x00,0x00,0x1c,0xfe,0x20,0x03,0xef,0xfd,0x51,0x02,0x6e,0xff,0x60,0x02,0xee,
0x6e,0xff,0xff,0xff,0xfe,0x50,0x00,0x8f,0x40,0x17,0xbe,0xfe,0xb7,0x10,0x00,0x00,0x30,0x00,0x00,0x00,
0x00,0x00,0x00,0x00,0x00,0x00,0x68,0x20,0x00,0x00,0x00,0x00,0x00,0x3e,0xd1,0x00,0x00,0x00,0x00,0x00,
0x04,0xfa,0x00,0x00,0x00,0x00,0x00,0x00,0x48,0x20,0x00,0x00,0x00,0x00,0x00,0x00,0x00,0x00,0x00,0x00,
0x00,0x00,0x00,0x00,0x00,0x00,0xef,0x70,0x00,0x00,0x00,0x0d,0xf7,0xef,0x70,0x00,0x00,0x00,0x0d,0xf7,
0xef,0x70,0x00,0x00,0x00,0x0d,0xf7,0xef,0x70,0x00,0x00,0x00,0x0d,0xf7,0xef,0x70,0x00,0x00,0x00,0x0d,
0xf7,0xef,0x70,0x00,0x00,0x00,0x0d,0xf7,0xef,0x70,0x00,0x00,0x00,0x0d,0xf7,0xef,0x70,0x00,0x00,0x00,
0x0d,0xf7,0xef,0x70,0x00,0x00,0x00,0x0d,0xf7,0xef,0x70,0x00,0x00,0x00,0x0d,0xf7,0xef,0x70,0x00,0x00,
0x00,0x0d,0xf7,0xdf,0x80,0x00,0x00,0x00,0x0e,0xf7,0xcf,0x90,0x00,0x00,0x00,0x1f,0xf6,0x9f,0xd0,0x00,
0x00,0x00,0x4f,0xf3,0x4f,0xf5,0x00,0x00,0x00,0xbf,0xd0,0x0b,0xff,0x72,0x01,0x4b,0xff,0x50,0x01,0xcf,
0xff,0xff,0xff,0xf7,0x00,0x00,0x06,0xbe,0xfe,0xd9,0x30,0x00,0x00,0x00,0x00,0x06,0x83,0x00,0x00,0x00,
0x00,0x00,0x5f,0xb0,0x00,0x00,0x00,0x00,0x02,0xec,0x10,0x00,0x00,0x00,0x00,0x05,0x71,0x00,0x00,0x00,
0x00,0x00,0x00,0x00,0x00,0x00,0x00,0x00,0x00,0x00,0x00,0x00,0x00,0x00,0xef,0x70,0x00,0x00,0x00,0x0d,
0xf7,0xef,0x70,0x00,0x00,0x00,0x0d,0xf7,0xef,0x70,0x00,0x00,0x00,0x0d,0xf7,0xef,0x70,0x00,0x00,0x00,
0x0d,0xf7,0xef,0x70,0x00,0x00,0x00,0x0d,0xf7,0xef,0x70,0x00,0x00,0x00,0x0d,0xf7,0xef,0x70,0x00,0x00,
0x00,0x0d,0xf7,0xef,0x70,0x00,0x00,0x00,0x0d,0xf7,0xef,0x70,0x00,0x00,0x00,0x0d,0xf7,0xef,0x70,0x00,
0x00,0x00,0x0d,0xf7,0xef,0x70,0x00,0x00,0x00,0x0d,0xf7,0xdf,0x80,0x00,0x00,0x00,0x0e,0xf7,0xcf,0x90,
0x00,0x00,0x00,0x1f,0xf6,0x9f,0xd0,0x00,0x00,0x00,0x4f,0xf3,0x4f,0xf5,0x00,0x00,0x00,0xbf,0xd0,0x0b,
0xff,0x72,0x01,0x4b,0xff,0x50,0x01,0xcf,0xff,0xff,0xff,0xf7,0x00,0x00,0x06,0xbe,0xfe,0xd9,0x30,0x00,
0x00,0x00,0x04,0x87,0x10,0x00,0x00,0x00,0x00,0x3e,0xce,0xb0,0x00,0x00,0x00,0x01,0xdc,0x14,0xf8,0x00,
0x00,0x00,0x04,0x71,0x00,0x47,0x10,0x00,0x00,0x00,0x00,0x00,0x00,0x00,0x00,0x00,0x00,0x00,0x00,0x00,
0x00,0x00,0xef,0x70,0x00,0x00,0x00,0x0d,0xf7,0xef,0x70,0x00,0x00,0x00,0x0d,0xf7,0xef,0x70,0x00,0x00,
0x00,0x0d,0xf7,0xef,0x70,0x00,0x00,0x00,0x0d,0xf7,0xef,0x70,0x00,0x00,0x00,0x0d,0xf7,0xef,0x70,0x00,
0x00,0x00,0x0d,0xf7,0xef,0x70,0x00,0x00,0x00,0x0d,0xf7,0xef,0x70,0x00,0x00,0x00,0x0d,0xf7,0xef,0x70,
0x00,0x00,0x00,0x0d,0xf7,0xef,0x70,0x00,0x00,0x00,0x0d,0xf7,0xef,0x70,0x00,0x00,0x00,0x0d,0xf7,0xdf,
0x80,0x00,0x00,0x00,0x0e,0xf7,0xcf,0x90,0x00,0x00,0x00,0x1f,0xf6,0x9f,0xd0,0x00,0x00,0x00,0x4f,0xf3,
0x4f,0xf5,0x00,0x00,0x00,0xbf,0xd0,0x0b,0xff,0x72,0x01,0x4b,0xff,0x50,0x01,0xcf,0xff,0xff,0xff,0xf7,
0x00,0x00,0x06,0xbe,0xfe,0xd9,0x30,0x00,0x00,0x0a,0xfa,0x02,0xff,0x40,0x00,0x00,0x0a,0xfa,0x02,0xff,
0x40,0x00,0x00,0x05,0x75,0x01,0x77,0x20,0x00,0x00,0x00,0x00,0x00,0x00,0x00,0x00,0x00,0x00,0x00,0x00,
0x00,0x00,0x00,0xef,0x70,0x00,0x00,0x00,0x0d,0xf7,0xef,0x70,0x00,0x00,0x00,0x0d,0xf7,0xef,0x70,0x00,
0x00,0x00,0x0d,0xf7,0xef,0x70,0x00,0x00,0x00,0x0d,0xf7,0xef,0x70,0x00,0x00,0x00,0x0d,0xf7,0xef,0x70,
0x00,0x00,0x00,0x0d,0xf7,0xef,0x70,0x00,0x00,0x00,0x0d,0xf7,0xef,0x70,0x00,0x00,0x00,0x0d,0xf7,0xef,
0x70,0x00,0x00,0x00,0x0d,0xf7,0xef,0x70,0x00,0x00,0x00,0x0d,0xf7,0xef,0x70,0x00,0x00,0x00,0x0d,0xf7,
0xdf,0x80,0x00,0x00,0x00,0x0e,0xf7,0xcf,0x90,0x00,0x00,0x00,0x1f,0xf6,0x9f,0xd0,0x00,0x00,0x00,0x4f,
0xf3,0x4f,0xf5,0x00,0x00,0x00,0xbf,0xd0,0x0b,0xff,0x72,0x01,0x4b,0xff,0x50,0x01,0xcf,0xff,0xff,0xff,
0xf7,0x00,0x00,0x06,0xbe,0xfe,0xd9,0x30,0x00,0x00,0x00,0x00,0x00,0x6f,0xa0,0x00,0x00,0x00,0x00,0x00,
0x03,0xec,0x10,0x00,0x00,0x00,0x00,0x00,0x1d,0xd1,0x00,0x00,0x00,0x00,0x00,0x00,0x00,0x00,0x00,0x00,
0x00,0x00,0x00,0x00,0x00,0x00,0x00,0x00,0x00,0x0b,0xfc,0x00,0x00,0x00,0x00,0x3f,0xf6,0x02,0xef,0x70,
0x00,0x00,0x00,0xcf,0xb0,0x00,0x6f,0xf2,0x00,0x00,0x07,0xfe,0x20,0x00,0x0b,0xfc,0x00,0x00,0x2e,0xf6,
0x00,0x00,0x02,0xef,0x70,0x00,0xbf,0xb0,0x00,0x00,0x00,0x7f,0xe2,0x06,0xfe,0x20,0x00,0x00,0x00,0x0c,
0xfb,0x2e,0xf7,0x00,0x00,0x00,0x00,0x02,0xff,0xdf,0xc0,0x00,0x00,0x00,0x00,0x00,0x7f,0xff,0x20,0x00,
0x00,0x00,0x00,0x00,0x0e,0xf9,0x00,0x00,0x00,0x00,0x00,0x00,0x0d,0xf8,0x00,0x00,0x00,0x00,0x00,0x00,
0x0d,0xf8,0x00,0x00,0x00,0x00,0x00,0x00,0x0d,0xf8,0x00,0x00,0x00,0x00,0x00,0x00,0x0d,0xf8,0x00,0x00,
0x00,0x00,0x00,0x00,0x0d,0xf8,0x00,0x00,0x00,0x00,0x00,0x00,0x0d,0xf8,0x00,0x00,0x00,0x00,0x00,0x00,
0x0d,0xf8,0x00,0x00,0x00,0x00,0x00,0x00,0x0d,0xf8,0x00,0x00,0x00,0xaf,0xb0,0x00,0x00,0x00,0x00,0xaf,
0xb0,0x00,0x00,0x00,0x00,0xaf,0xb0,0x00,0x00,0x00,0x00,0xaf,0xff,0xff,0xec,0x82,0x00,0xaf,0xff,0xff,
0xff,0xfe,0x40,0xaf,0xb0,0x00,0x27,0xef,0xe1,0xaf,0xb0,0x00,0x00,0x6f,0xf6,0xaf,0xb0,0x00,0x00,0x0f,
0xf9,0xaf,0xb0,0x00,0x00,0x0d,0xfa,0xaf,0xb0,0x00,0x00,0x0f,0xf9,0xaf,0xb0,0x00,0x00,0x6f,0xf6,0xaf,
0xb0,0x01,0x27,0xef,0xe1,0xaf,0xff,0xff,0xff,0xfe,0x40,0xaf,0xff,0xff,0xec,0x82,0x00,0xaf,0xb0,0x00,
0x00,0x00,0x00,0xaf,0xb0,0x00,0x00,0x00,0x00,0xaf,0xb0,0x00,0x00,0x00,0x00,0xaf,0xb0,0x00,0x00,0x00,
0x00,0x00,0x4b,0xef,0xea,0x30,0x00,0x00,0x8f,0xff,0xef,0xff,0x50,0x00,0x4f,0xf8,0x10,0x19,0xfe,0x00,
0x09,0xfb,0x00,0x00,0x0c,0xf5,0x00,0xcf,0x70,0x00,0x04,0xcf,0x70,0x0c,0xf6,0x00,0x2c,0xfe,0xa5,0x00,
0xcf,0x60,0x0b,0xf9,0x00,0x00,0x0c,0xf6,0x02,0xfe,0x00,0x00,0x00,0xcf,0x60,0x4f,0xe0,0x00,0x00,0x0c,
0xf6,0x01,0xff,0x80,0x00,0x00,0xcf,0x60,0x08,0xff,0xb2,0x00,0x0c,0xf6,0x00,0x07,0xff,0xe5,0x00,0xcf,
0x60,0x00,0x02,0xcf,0xf4,0x0c,0xf6,0x00,0x00,0x00,0xaf,0xc0,0xcf,0x60,0x00,0x00,0x04,0xff,0x0c,0xf6,
0x00,0x00,0x00,0x5f,0xe0,0xcf,0x62,0x51,0x00,0x2c,0xfa,0x0c,0xf6,0x4f,0xfe,0xef,0xfe,0x20,0xcf,0x63,
0xce,0xff,0xd8,0x10,0x00,0x00,0x68,0x30,0x00,0x00,0x00,0x00,0x3f,0xe1,0x00,0x00,0x00,0x00,0x05,0xfb,
0x00,0x00,0x00,0x00,0x00,0x7f,0x70,0x00,0x00,0x00,0x00,0x0a,0xf3,0x00,0x00,0x00,0x00,0x00,0x00,0x00,
0x00,0x00,0x00,0x00,0x00,0x00,0x00,0x01,0x6a,0xde,0xec,0x81,0x00,0x09,0xff,0xfe,0xff,0xfd,0x20,0x07,
0x83,0x10,0x04,0xcf,0xb0,0x00,0x00,0x00,0x00,0x1e,0xf2,0x00,0x00,0x00,0x00,0x0a,0xf6,0x00,0x39,0xde,
0xff,0xff,0xf7,0x06,0xff,0xfd,0xcb,0xbe,0xf8,0x2f,0xf8,0x10,0x00,0x0a,0xf8,0x6f,0xc0,0x00,0x00,0x0b,
0xf8,0x8f,0xa0,0x00,0x00,0x1e,0xf8,0x7f,0xc0,0x00,0x00,0x8f,0xf8,0x3f,0xf8,0x10,0x18,0xfe,0xf8,0x09,
0xff,0xfe,0xff,0x99,0xf8,0x00,0x7c,0xfe,0xc6,0x09,0xf8,0x00,0x00,0x00,0x04,0x85,0x00,0x00,0x00,0x00,
0x3e,0xe2,0x00,0x00,0x00,0x01,0xcf,0x40,0x00,0x00,0x00,0x09,0xf6,0x00,0x00,0x00,0x00,0x5f,0x80,0x00,
0x00,0x00,0x00,0x00,0x00,0x00,0x00,0x00,0x00,0x00,0x00,0x00,0x00,0x01,0x6a,0xde,0xec,0x81,0x00,0x09,
0xff,0xfe,0xff,0xfd,0x20,0x07,0x83,0x10,0x04,0xcf,0xb0,0x00,0x00,0x00,0x00,0x1e,0xf2,0x00,0x00,0x00,
0x00,0x0a,0xf6,0x00,0x39,0xde,0xff,0xff,0xf7,0x06,0xff,0xfd,0xcb,0xbe,0xf8,0x2f,0xf8,0x10,0x00,0x0a,
0xf8,0x6f,0xc0,0x00,0x00,0x0b,0xf8,0x8f,0xa0,0x00,0x00,0x1e,0xf8,0x7f,0xc0,0x00,0x00,0x8f,0xf8,0x3f,
0xf8,0x10,0x18,0xfe,0xf8,0x09,0xff,0xfe,0xff,0x99,0xf8,0x00,0x7c,0xfe,0xc6,0x09,0xf8,0x00,0x00,0x17,
0x70,0x00,0x00,0x00,0x00,0x8f,0xf7,0x00,0x00,0x00,0x03,0xfa,0xbe,0x20,0x00,0x00,0x0c,0xd1,0x1e,0xb0,
0x00,0x00,0x7f,0x30,0x04,0xf6,0x00,0x00,0x00,0x00,0x00,0x00,0x00,0x00,0x00,0x00,0x00,0x00,0x00,0x01,
0x6a,0xde,0xec,0x81,0x00,0x09,0xff,0xfe,0xff,0xfd,0x20,0x07,0x83,0x10,0x04,0xcf,0xb0,0x00,0x00,0x00,
0x00,0x1e,0xf2,0x00,0x00,0x00,0x00,0x0a,0xf6,0x00,0x39,0xde,0xff,0xff,0xf7,0x06,0xff,0xfd,0xcb,0xbe,
0xf8,0x2f,0xf8,0x10,0x00,0x0a,0xf8,0x6f,0xc0,0x00,0x00,0x0b,0xf8,0x8f,0xa0,0x00,0x00,0x1e,0xf8,0x7f,
0xc0,0x00,0x00,0x8f,0xf8,0x3f,0xf8,0x10,0x18,0xfe,0xf8,0x09,0xff,0xfe,0xff,0x99,0xf8,0x00,0x7c,0xfe,
0xc6,0x09,0xf8,0x00,0x03,0x62,0x00,0x45,0x00,0x00,0x4f,0xfe,0x40,0xbb,0x00,0x00,0xad,0x3c,0xea,0xf7,
0x00,0x00,0xd9,0x01,0xae,0xa1,0x00,0x00,0x00,0x00,0x00,0x00,0x00,0x00,0x00,0x00,0x00,0x00,0x00,0x01,
0x6a,0xde,0xec,0x81,0x00,0x09,0xff,0xfe,0xff,0xfd,0x20,0x07,0x83,0x10,0x04,0xcf,0xb0,0x00,0x00,0x00,
0x00,0x1e,0xf2,0x00,0x00,0x00,0x00,0x0a,0xf6,0x00,0x39,0xde,0xff,0xff,0xf7,0x06,0xff,0xfd,0xcb,0xbe,
0xf8,0x2f,0xf8,0x10,0x00,0x0a,0xf8,0x6f,0xc0,0x00,0x00,0x0b,0xf8,0x8f,0xa0,0x00,0x00,0x1e,0xf8,0x7f,
0xc0,0x00,0x00,0x8f,0xf8,0x3f,0xf8,0x10,0x18,0xfe,0xf8,0x09,0xff,0xfe,0xff,0x99,0xf8,0x00,0x7c,0xfe,
0xc6,0x09,0xf8,0x00,0x8f,0xd0,0x0e,0xf7,0x00,0x00,0x8f,0xd0,0x0e,0xf7,0x00,0x00,0x47,0x60,0x07,0x73,
0x00,0x00,0x00,0x00,0x00,0x00,0x00,0x00,0x00,0x00,0x00,0x00,0x00,0x01,0x6a,0xde,0xec,0x81,0x00,0x09,
0xff,0xfe,0xff,0xfd,0x20,0x07,0x83,0x10,0x04,0xcf,0xb0,0x00,0x00,0x00,0x00,0x1e,0xf2,0x00,0x00,0x00,
0x00,0x0a,0xf6,0x00,0x39,0xde,0xff,0xff,0xf7,0x06,0xff,0xfd,0xcb,0xbe,0xf8,0x2f,0xf8,0x10,0x00,0x0a,
0xf8,0x6f,0xc0,0x00,0x00,0x0b,0xf8,0x8f,0xa0,0x00,0x00,0x1e,0xf8,0x7f,0xc0,0x00,0x00,0x8f,0xf8,0x3f,
0xf8,0x10,0x18,0xfe,0xf8,0x09,0xff,0xfe,0xff,0x99,0xf8,0x00,0x7c,0xfe,0xc6,0x09,0xf8,0x00,0x00,0x27,
0x62,0x00,0x00,0x00,0x04,0xff,0xfe,0x30,0x00,0x00,0x0d,0xc2,0x2d,0xc0,0x00,0x00,0x3f,0x40,0x05,0xf1,
0x00,0x00,0x2f,0x40,0x05,0xf1,0x00,0x00,0x0d,0xc2,0x2c,0xc0,0x00,0x00,0x04,0xff,0xfe,0x30,0x00,0x00,
0x00,0x27,0x62,0x00,0x00,0x00,0x00,0x00,0x00,0x00,0x00,0x01,0x6a,0xde,0xec,0x81,0x00,0x09,0xff,0xfe,
0xff,0xfd,0x20,0x07,0x83,0x10,0x04,0xcf,0xb0,0x00,0x00,0x00,0x00,0x1e,0xf2,0x00,0x00,0x00,0x00,0x0a,
0xf6,0x00,0x39,0xde,0xff,0xff,0xf7,0x06,0xff,0xfd,0xcb,0xbe,0xf8,0x2f,0xf8,0x10,0x00,0x0a,0xf8,0x6f,
0xc0,0x00,0x00,0x0b,0xf8,0x8f,0xa0,0x00,0x00,0x1e,0xf8,0x7f,0xc0,0x00,0x00,0x8f,0xf8,0x3f,0xf8,0x10,
0x18,0xfe,0xf8,0x09,0xff,0xfe,0xff,0x99,0xf8,0x00,0x7c,0xfe,0xc6,0x09,0xf8,0x01,0x6a,0xde,0xec,0x71,
0x00,0x4a,0xdf,0xeb,0x40,0x00,0x09,0xff,0xfe,0xff,0xfd,0x29,0xff,0xfe,0xff,0xf9,0x00,0x07,0x83,0x10,
0x04,0xcf,0xef,0xd6,0x10,0x16,0xef,0x60,0x00,0x00,0x00,0x00,0x1e,0xfe,0x30,0x00,0x00,0x6f,0xd0,0x00,
0x00,0x00,0x00,0x0a,0xfa,0x00,0x00,0x00,0x0f,0xf2,0x00,0x39,0xde,0xff,0xff,0xfd,0xbb,0xbb,0xbb,0xbf,
0xf4,0x06,0xff,0xfd,0xcb,0xbe,0xff,0xff,0xff,0xff,0xff,0xf4,0x2f,0xf8,0x10,0x00,0x0a,0xf7,0x00,0x00,
0x00,0x00,0x00,0x6f,0xc0,0x00,0x00,0x0b,0xf9,0x00,0x00,0x00,0x00,0x00,0x8f,0xa0,0x00,0x00,0x1e,0xfe,
0x00,0x00,0x00,0x00,0x00,0x7f,0xc0,0x00,0x00,0x8f,0xff,0x70,0x00,0x00,0x00,0x10,0x3f,0xf8,0x10,0x18,
0xfc,0x6f,0xf9,0x20,0x01,0x49,0xc0,0x09,0xff,0xfe,0xff,0xd2,0x07,0xff,0xfe,0xef,0xff,0xc0,0x00,0x6c,
0xee,0xc7,0x10,0x00,0x39,0xde,0xfd,0xa6,0x10,0x00,0x03,0x9d,0xee,0xc8,0x30,0x07,0xff,0xfe,0xff,0xfb,
0x06,0xff,0x92,0x00,0x26,0x81,0xef,0x90,0x00,0x00,0x00,0x5f,0xe1,0x00,0x00,0x00,0x08,0xfb,0x00,0x00,
0x00,0x00,0xaf,0x90,0x00,0x00,0x00,0x0a,0xf9,0x00,0x00,0x00,0x00,0x8f,0xb0,0x00,0x00,0x00,0x05,0xfe,
0x10,0x00,0x00,0x00,0x1e,0xf9,0x00,0x00,0x00,0x00,0x6f,0xf9,0x20,0x02,0x68,0x00,0x7f,0xff,0xef,0xff,
0xb0,0x00,0x3a,0xdf,0xfc,0x82,0x00,0x00,0x00,0x3f,0x40,0x00,0x00,0x00,0x00,0xcc,0x00,0x00,0x00,0x31,
0x2d,0xd0,0x00,0x00,0x0e,0xff,0xf8,0x00,0x00,0x00,0x47,0x74,0x00,0x00,0x00,0x17,0x71,0x00,0x00,0x00,
0x00,0x00,0x8f,0xa0,0x00,0x00,0x00,0x00,0x00,0xaf,0x60,0x00,0x00,0x00,0x00,0x01,0xce,0x30,0x00,0x00,
0x00,0x00,0x01,0xdc,0x10,0x00,0x00,0x00,0x00,0x00,0x00,0x00,0x00,0x00,0x00,0x00,0x00,0x00,0x00,0x00,
0x00,0x39,0xdf,0xec,0x60,0x00,0x00,0x7f,0xff,0xef,0xff,0xb1,0x00,0x5f,0xe7,0x10,0x05,0xdf,0x90,0x0e,
0xf5,0x00,0x00,0x03,0xff,0x15,0xfd,0x00,0x00,0x00,0x0c,0xf5,0x8f,0xeb,0xbb,0xbb,0xbb,0xef,0x7a,0xff,
0xff,0xff,0xff,0xff,0xf7,0xaf,0xa0,0x00,0x00,0x00,0x00,0x08,0xfc,0x00,0x00,0x00,0x00,0x00,0x5f,0xf2,
0x00,0x00,0x00,0x00,0x01,0xef,0xb0,0x00,0x00,0x00,0x10,0x05,0xff,0xb3,0x00,0x03,0x8e,0x00,0x06,0xff,
0xff,0xef,0xff,0xf0,0x00,0x02,0x9d,0xef,0xeb,0x72,0x00,0x00,0x00,0x00,0x00,0x78,0x30,0x00,0x00,0x00,
0x00,0x7f,0xb0,0x00,0x00,0x00,0x00,0x3f,0xd1,0x00,0x00,0x00,0x00,0x1d,0xe2,0x00,0x00,0x00,0x00,0x0a,
0xf3,0x00,0x00,0x00,0x00,0x00,0x00,0x00,0x00,0x00,0x00,0x00,0x00,0x00,0x00,0x00,0x00,0x00,0x39,0xdf,
0xec,0x60,0x00,0x00,0x7f,0xff,0xef,0xff,0xb1,0x00,0x5f,0xe7,0x10,0x05,0xdf,0x90,0x0e,0xf5,0x00,0x00,
0x03,0xff,0x15,0xfd,0x00,0x00,0x00,0x0c,0xf5,0x8f,0xeb,0xbb,0xbb,0xbb,0xef,0x7a,0xff,0xff,0xff,0xff,
0xff,0xf7,0xaf,0xa0,0x00,0x00,0x00,0x00,0x08,0xfc,0x00,0x00,0x00,0x00,0x00,0x5f,0xf2,0x00,0x00,0x00,
0x00,0x01,0xef,0xb0,0x00,0x00,0x00,0x10,0x05,0xff,0xb3,0x00,0x03,0x8e,0x00,0x06,0xff,0xff,0xef,0xff,
0xf0,0x00,0x02,0x9d,0xef,0xeb,0x72,0x00,0x00,0x00,0x03,0x85,0x00,0x00,0x00,0x00,0x00,0xdf,0xf2,0x00,
0x00,0x00,0x00,0x8f,0x6e,0xc0,0x00,0x00,0x00,0x3f,0x90,0x5f,0x60,0x00,0x00,0x0c,0xd1,0x00,0x9e,0x20,
0x00,0x00,0x00,0x00,0x00,0x00,0x00,0x00,0x00,0x00,0x00,0x00,0x00,0x00,0x00,0x39,0xdf,0xec,0x60,0x00,
0x00,0x7f,0xff,0xef,0xff,0xb1,0x00,0x5f,0xe7,0x10,0x05,0xdf,0x90,0x0e,0xf5,0x00,0x00,0x03,0xff,0x15,
0xfd,0x00,0x00,0x00,0x0c,0xf5,0x8f,0xeb,0xbb,0xbb,0xbb,0xef,0x7a,0xff,0xff,0xff,0xff,0xff,0xf7,0xaf,
0xa0,0x00,0x00,0x00,0x00,0x08,0xfc,0x00,0x00,0x00,0x00,0x00,0x5f,0xf2,0x00,0x00,0x00,0x00,0x01,0xef,
0xb0,0x00,0x00,0x00,0x10,0x05,0xff,0xb3,0x00,0x03,0x8e,0x00,0x06,0xff,0xff,0xef,0xff,0xf0,0x00,0x02,
0x9d,0xef,0xeb,0x72,0x00,0x00,0x0d,0xf8,0x04,0xff,0x20,0x00,0x00,0xdf,0x80,0x4f,0xf2,0x00,0x00,0x06,
0x74,0x02,0x77,0x10,0x00,0x00,0x00,0x00,0x00,0x00,0x00,0x00,0x00,0x00,0x00,0x00,0x00,0x00,0x00,0x39,
0xdf,0xec,0x60,0x00,0x00,0x7f,0xff,0xef,0xff,0xb1,0x00,0x5f,0xe7,0x10,0x05,0xdf,0x90,0x0e,0xf5,0x00,
0x00,0x03,0xff,0x15,0xfd,0x00,0x00,0x00,0x0c,0xf5,0x8f,0xeb,0xbb,0xbb,0xbb,0xef,0x7a,0xff,0xff,0xff,
0xff,0xff,0xf7,0xaf,0xa0,0x00,0x00,0x00,0x00,0x08,0xfc,0x00,0x00,0x00,0x00,0x00,0x5f,0xf2,0x00,0x00,
0x00,0x00,0x01,0xef,0xb0,0x00,0x00,0x00,0x10,0x05,0xff,0xb3,0x00,0x03,0x8e,0x00,0x06,0xff,0xff,0xef,
0xff,0xf0,0x00,0x02,0x9d,0xef,0xeb,0x72,0x00,0x4f,0xe1,0x00,0x06,0xfb,0x00,0x00,0x8f,0x70,0x00,0x0a,
0xf3,0x00,0x01,0x76,0x00,0x00,0x00,0x00,0x0b,0xf6,0x00,0x0b,0xf6,0x00,0x0b,0xf6,0x00,0x0b,0xf6,0x00,
0x0b,0xf6,0x00,0x0b,0xf6,0x00,0x0b,0xf6,0x00,0x0b,0xf6,0x00,0x0b,0xf6,0x00,0x0b,0xf6,0x00,0x0b,0xf6,
0x00,0x0b,0xf6,0x00,0x0b,0xf6,0x00,0x0b,0xf6,0x00,0x06,0xfc,0x10,0x02,0xee,0x20,0x00,0xcf,0x30,0x00,
0x9f,0x50,0x00,0x17,0x50,0x00,0x00,0x00,0x00,0x00,0x0b,0xf6,0x00,0x00,0xbf,0x60,0x00,0x0b,0xf6,0x00,
0x00,0xbf,0x60,0x00,0x0b,0xf6,0x00,0x00,0xbf,0x60,0x00,0x0b,0xf6,0x00,0x00,0xbf,0x60,0x00,0x0b,0xf6,
0x00,0x00,0xbf,0x60,0x00,0x0b,0xf6,0x00,0x00,0xbf,0x60,0x00,0x0b,0xf6,0x00,0x00,0xbf,0x60,0x00,0x00,
0x0c,0xf8,0x00,0x00,0x07,0xfd,0xf3,0x00,0x02,0xfa,0x1e,0xc0,0x00,0xbd,0x10,0x4f,0x70,0x28,0x30,0x00,
0x57,0x00,0x00,0x00,0x00,0x00,0x00,0x0b,0xf6,0x00,0x00,0x00,0xbf,0x60,0x00,0x00,0x0b,0xf6,0x00,0x00,
0x00,0xbf,0x60,0x00,0x00,0x0b,0xf6,0x00,0x00,0x00,0xbf,0x60,0x00,0x00,0x0b,0xf6,0x00,0x00,0x00,0xbf,
0x60,0x00,0x00,0x0b,0xf6,0x00,0x00,0x00,0xbf,0x60,0x00,0x00,0x0b,0xf6,0x00,0x00,0x00,0xbf,0x60,0x00,
0x00,0x0b,0xf6,0x00,0x00,0x00,0xbf,0x60,0x00,0x2f,0xf4,0x08,0xfc,0x2f,0xf4,0x08,0xfc,0x17,0x72,0x04,
0x76,0x00,0x00,0x00,0x00,0x00,0x00,0x00,0x00,0x00,0x0b,0xf6,0x00,0x00,0x0b,0xf6,0x00,0x00,0x0b,0xf6,
0x00,0x00,0x0b,0xf6,0x00,0x00,0x0b,0xf6,0x00,0x00,0x0b,0xf6,0x00,0x00,0x0b,0xf6,0x00,0x00,0x0b,0xf6,
0x00,0x00,0x0b,0xf6,0x00,0x00,0x0b,0xf6,0x00,0x00,0x0b,0xf6,0x00,0x00,0x0b,0xf6,0x00,0x00,0x0b,0xf6,
0x00,0x00,0x0b,0xf6,0x00,0x00,0x1c,0xfb,0x10,0x04,0x60,0x00,0x00,0x1d,0xfb,0xae,0xe9,0x00,0x00,0x16,
0xbf,0xfe,0x40,0x00,0x00,0x5f,0xc7,0x4e,0xf7,0x00,0x00,0x01,0x20,0x00,0x3e,0xf5,0x00,0x00,0x00,0x5b,
0xef,0xef,0xe2,0x00,0x00,0x9f,0xff,0xde,0xff,0xc0,0x00,0x7f,0xf7,0x10,0x03,0xef,0x50,0x1e,0xf7,0x00,
0x00,0x08,0xfb,0x05,0xfe,0x10,0x00,0x00,0x3f,0xf1,0x8f,0xb0,0x00,0x00,0x00,0xff,0x4a,0xf9,0x00,0x00,
0x00,0x0e,0xf5,0xaf,0x90,0x00,0x00,0x00,0xef,0x58,0xfb,0x00,0x00,0x00,0x1f,0xf4,0x5f,0xe1,0x00,0x00,
0x05,0xff,0x11,0xef,0x80,0x00,0x00,0xcf,0xa0,0x06,0xff,0x71,0x02,0xbf,0xf3,0x00,0x08,0xff,0xfe,0xff,
0xf5,0x00,0x00,0x04,0xbe,0xfd,0x92,0x00,0x00,0x00,0x04,0x51,0x00,0x54,0x00,0x00,0x6f,0xfd,0x20,0xe8,
0x00,0x00,0xdb,0x4d,0xea,0xf4,0x00,0x00,0xf6,0x02,0xbe,0x90,0x00,0x00,0x00,0x00,0x00,0x00,0x00,0x00,
0x00,0x00,0x00,0x00,0x00,0xcf,0x51,0x8d,0xfe,0xa2,0x00,0xcf,0x6c,0xff,0xff,0xfe,0x10,0xcf,0xed,0x40,
0x15,0xef,0x90,0xcf,0xf2,0x00,0x00,0x7f,0xe0,0xcf,0xa0,0x00,0x00,0x2f,0xf1,0xcf,0x70,0x00,0x00,0x0f,
0xf2,0xcf,0x50,0x00,0x00,0x0f,0xf3,0xcf,0x50,0x00,0x00,0x0f,0xf3,0xcf,0x50,0x00,0x00,0x0f,0xf3,0xcf,
0x50,0x00,0x00,0x0f,0xf3,0xcf,0x50,0x00,0x00,0x0f,0xf3,0xcf,0x50,0x00,0x00,0x0f,0xf3,0xcf,0x50,0x00,
0x00,0x0f,0xf3,0xcf,0x50,0x00,0x00,0x0f,0xf3,0x00,0x38,0x60,0x00,0x00,0x00,0x00,0x00,0xcf,0x60,0x00,
0x00,0x00,0x00,0x01,0xde,0x20,0x00,0x00,0x00,0x00,0x03,0xec,0x00,0x00,0x00,0x00,0x00,0x04,0xf9,0x00,
0x00,0x00,0x00,0x00,0x00,0x00,0x00,0x00,0x00,0x00,0x00,0x00,0x00,0x00,0x00,0x00,0x5b,0xef,0xda,0x30,
0x00,0x00,0xaf,0xff,0xef,0xff,0x60,0x00,0x8f,0xf7,0x10,0x2a,0xff,0x30,0x1e,0xf7,0x00,0x00,0x0c,0xfb,
0x05,0xfe,0x10,0x00,0x00,0x5f,0xf1,0x8f,0xb0,0x00,0x00,0x01,0xff,0x4a,0xf9,0x00,0x00,0x00,0x0e,0xf5,
0xaf,0xa0,0x00,0x00,0x00,0xef,0x58,0xfc,0x00,0x00,0x00,0x1f,0xf4,0x5f,0xe1,0x00,0x00,0x05,0xff,0x11,
0xef,0x80,0x00,0x00,0xcf,0xb0,0x08,0xff,0x71,0x02,0xaf,0xf3,0x00,0x0a,0xff,0xfe,0xff,0xf6,0x00,0x00,
0x05,0xbe,0xfd,0xa3,0x00,0x00,0x00,0x00,0x00,0x01,0x87,0x10,0x00,0x00,0x00,0x00,0xbf,0x70,0x00,0x00,
0x00,0x00,0x7f,0x90,0x00,0x00,0x00,0x00,0x3f,0xb0,0x00,0x00,0x00,0x00,0x1d,0xd1,0x00,0x00,0x00,0x00,
0x00,0x00,0x00,0x00,0x00,0x00,0x00,0x00,0x00,0x00,0x00,0x00,0x00,0x5b,0xef,0xda,0x30,0x00,0x00,0xaf,
0xff,0xef,0xff,0x60,0x00,0x8f,0xf7,0x10,0x2a,0xff,0x30,0x1e,0xf7,0x00,0x00,0x0c,0xfb,0x05,0xfe,0x10,
0x00,0x00,0x5f,0xf1,0x8f,0xb0,0x00,0x00,0x01,0xff,0x4a,0xf9,0x00,0x00,0x00,0x0e,0xf5,0xaf,0xa0,0x00,
0x00,0x00,0xef,0x58,0xfc,0x00,0x00,0x00,0x1f,0xf4,0x5f,0xe1,0x00,0x00,0x05,0xff,0x11,0xef,0x80,0x00,
0x00,0xcf,0xb0,0x08,0xff,0x71,0x02,0xaf,0xf3,0x00,0x0a,0xff,0xfe,0xff,0xf6,0x00,0x00,0x05,0xbe,0xfd,
0xa3,0x00,0x00,0x00,0x00,0x05,0x83,0x00,0x00,0x00,0x00,0x03,0xff,0xc0,0x00,0x00,0x00,0x00,0xce,0x7f,
0x70,0x00,0x00,0x00,0x7f,0x50,0x9f,0x20,0x00,0x00,0x2e,0x90,0x01,0xdc,0x00,0x00,0x00,0x00,0x00,0x00,
0x00,0x00,0x00,0x00,0x00,0x00,0x00,0x00,0x00,0x00,0x5b,0xef,0xda,0x30,0x00,0x00,0xaf,0xff,0xef,0xff,
0x60,0x00,0x8f,0xf7,0x10,0x2a,0xff,0x30,0x1e,0xf7,0x00,0x00,0x0c,0xfb,0x05,0xfe,0x10,0x00,0x00,0x5f,
0xf1,0x8f,0xb0,0x00,0x00,0x01,0xff,0x4a,0xf9,0x00,0x00,0x00,0x0e,0xf5,0xaf,0xa0,0x00,0x00,0x00,0xef,
0x58,0xfc,0x00,0x00,0x00,0x1f,0xf4,0x5f,0xe1,0x00,0x00,0x05,0xff,0x11,0xef,0x80,0x00,0x00,0xcf,0xb0,
0x08,0xff,0x71,0x02,0xaf,0xf3,0x00,0x0a,0xff,0xfe,0xff,0xf6,0x00,0x00,0x05,0xbe,0xfd,0xa3,0x00,0x00,
0x00,0x01,0x54,0x00,0x27,0x10,0x00,0x00,0xcf,0xf9,0x05,0xf2,0x00,0x00,0x5f,0x58,0xfb,0xdd,0x00,0x00,
0x07,0xf0,0x06,0xed,0x30,0x00,0x00,0x00,0x00,0x00,0x00,0x00,0x00,0x00,0x00,0x00,0x00,0x00,0x00,0x00,
0x05,0xbe,0xfd,0xa3,0x00,0x00,0x0a,0xff,0xfe,0xff,0xf6,0x00,0x08,0xff,0x71,0x02,0xaf,0xf3,0x01,0xef,
0x70,0x00,0x00,0xcf,0xb0,0x5f,0xe1,0x00,0x00,0x05,0xff,0x18,0xfb,0x00,0x00,0x00,0x1f,0xf4,0xaf,0x90,
0x00,0x00,0x00,0xef,0x5a,0xfa,0x00,0x00,0x00,0x0e,0xf5,0x8f,0xc0,0x00,0x00,0x01,0xff,0x45,0xfe,0x10,
0x00,0x00,0x5f,0xf1,0x1e,0xf8,0x00,0x00,0x0c,0xfb,0x00,0x8f,0xf7,0x10,0x2a,0xff,0x30,0x00,0xaf,0xff,
0xef,0xff,0x60,0x00,0x00,0x5b,0xef,0xda,0x30,0x00,0x00,0x2f,0xf4,0x08,0xfc,0x00,0x00,0x02,0xff,0x40,
0x8f,0xc0,0x00,0x00,0x17,0x72,0x04,0x76,0x00,0x00,0x00,0x00,0x00,0x00,0x00,0x00,0x00,0x00,0x00,0x00,
0x00,0x00,0x00,0x00,0x5b,0xef,0xda,0x30,0x00,0x00,0xaf,0xff,0xef,0xff,0x60,0x00,0x8f,0xf7,0x10,0x2a,
0xff,0x30,0x1e,0xf7,0x00,0x00,0x0c,0xfb,0x05,0xfe,0x10,0x00,0x00,0x5f,0xf1,0x8f,0xb0,0x00,0x00,0x01,
0xff,0x4a,0xf9,0x00,0x00,0x00,0x0e,0xf5,0xaf,0xa0,0x00,0x00,0x00,0xef,0x58,0xfc,0x00,0x00,0x00,0x1f,
0xf4,0x5f,0xe1,0x00,0x00,0x05,0xff,0x11,0xef,0x80,0x00,0x00,0xcf,0xb0,0x08,0xff,0x71,0x02,0xaf,0xf3,
0x00,0x0a,0xff,0xfe,0xff,0xf6,0x00,0x00,0x05,0xbe,0xfd,0xa3,0x00,0x00,0x00,0x00,0x00,0x6f,0xf8,0x00,
0x00,0x00,0x00,0x00,0x00,0x6f,0xf8,0x00,0x00,0x00,0x00,0x00,0x00,0x6f,0xf8,0x00,0x00,0x00,0x00,0x00,
0x00,0x00,0x00,0x00,0x00,0x00,0x00,0x00,0x00,0x00,0x00,0x00,0x00,0x00,0x7f,0xff,0xff,0xff,0xff,0xff,
0xff,0xf8,0x7f,0xff,0xff,0xff,0xff,0xff,0xff,0xf8,0x11,0x11,0x11,0x11,0x11,0x11,0x11,0x11,0x00,0x00,
0x00,0x00,0x00,0x00,0x00,0x00,0x00,0x00,0x00,0x6f,0xf8,0x00,0x00,0x00,0x00,0x00,0x00,0x6f,0xf8,0x00,
0x00,0x00,0x00,0x00,0x00,0x6f,0xf8,0x00,0x00,0x00,0x00,0x00,0x00,0x00,0x00,0x00,0x73,0x00,0x00,0x5b,
0xef,0xd9,0x25,0xf8,0x00,0x0a,0xff,0xfe,0xff,0xfe,0xc0,0x00,0x8f,0xf7,0x10,0x2b,0xff,0x40,0x01,0xef,
0x70,0x00,0x0b,0xff,0xb0,0x06,0xfe,0x10,0x00,0x8e,0x6f,0xf1,0x08,0xfb,0x00,0x06,0xf5,0x0f,0xf4,0x0a,
0xf9,0x00,0x3f,0x80,0x0e,0xf5,0x0a,0xf9,0x02,0xeb,0x00,0x0e,0xf5,0x08,0xfb,0x0c,0xd1,0x00,0x1f,0xf4,
0x05,0xfe,0xaf,0x30,0x00,0x5f,0xf1,0x01,0xef,0xf6,0x00,0x00,0xcf,0xb0,0x00,0x9f,0xf6,0x10,0x2b,0xff,
0x30,0x02,0xee,0xff,0xfe,0xff,0xf6,0x00,0x0c,0xd1,0x5b,0xef,0xda,0x30,0x00,0x06,0x30,0x00,0x00,0x00,
0x00,0x00,0x03,0x87,0x00,0x00,0x00,0x00,0x00,0xbf,0x70,0x00,0x00,0x00,0x00,0x1c,0xf3,0x00,0x00,0x00,
0x00,0x02,0xed,0x10,0x00,0x00,0x00,0x00,0x3e,0xa0,0x00,0x00,0x00,0x00,0x00,0x00,0x00,0x00,0x00,0x00,
0x00,0x00,0x00,0x00,0xef,0x30,0x00,0x00,0x2f,0xf0,0xef,0x30,0x00,0x00,0x2f,0xf0,0xef,0x30,0x00,0x00,
0x2f,0xf0,0xef,0x30,0x00,0x00,0x2f,0xf0,0xef,0x30,0x00,0x00,0x2f,0xf0,0xef,0x30,0x00,0x00,0x2f,0xf0,
0xef,0x30,0x00,0x00,0x2f,0xf0,0xef,0x30,0x00,0x00,0x2f,0xf0,0xef,0x40,0x00,0x00,0x3f,0xf0,0xdf,0x50,
0x00,0x00,0x6f,0xf0,0xbf,0xa0,0x00,0x01,0xdf,0xf0,0x5f,0xf7,0x10,0x3c,0xef,0xf0,0x0b,0xff,0xff,0xfe,
0x4f,0xf0,0x01,0x8d,0xfe,0x92,0x2f,0xf0,0x00,0x00,0x00,0x17,0x71,0x00,0x00,0x00,0x00,0xaf,0x80,0x00,
0x00,0x00,0x06,0xfa,0x00,0x00,0x00,0x00,0x2e,0xc1,0x00,0x00,0x00,0x00,0xcd,0x20,0x00,0x00,0x00,0x00,
0x00,0x00,0x00,0x00,0x00,0x00,0x00,0x00,0x00,0x00,0xef,0x30,0x00,0x00,0x2f,0xf0,0xef,0x30,0x00,0x00,
0x2f,0xf0,0xef,0x30,0x00,0x00,0x2f,0xf0,0xef,0x30,0x00,0x00,0x2f,0xf0,0xef,0x30,0x00,0x00,0x2f,0xf0,
0xef,0x30,0x00,0x00,0x2f,0xf0,0xef,0x30,0x00,0x00,0x2f,0xf0,0xef,0x30,0x00,0x00,0x2f,0xf0,0xef,0x40,
0x00,0x00,0x3f,0xf0,0xdf,0x50,0x00,0x00,0x6f,0xf0,0xbf,0xa0,0x00,0x01,0xdf,0xf0,0x5f,0xf7,0x10,0x3c,
0xef,0xf0,0x0b,0xff,0xff,0xfe,0x4f,0xf0,0x01,0x8d,0xfe,0x92,0x2f,0xf0,0x00,0x00,0x48,0x40,0x00,0x00,
0x00,0x02,0xef,0xd1,0x00,0x00,0x00,0x0b,0xe6,0xf9,0x00,0x00,0x00,0x5f,0x60,0x8f,0x30,0x00,0x01,0xea,
0x00,0x0c,0xd0,0x00,0x00,0x00,0x00,0x00,0x00,0x00,0x00,0x00,0x00,0x00,0x00,0x00,0xef,0x30,0x00,0x00,
0x2f,0xf0,0xef,0x30,0x00,0x00,0x2f,0xf0,0xef,0x30,0x00,0x00,0x2f,0xf0,0xef,0x30,0x00,0x00,0x2f,0xf0,
0xef,0x30,0x00,0x00,0x2f,0xf0,0xef,0x30,0x00,0x00,0x2f,0xf0,0xef,0x30,0x00,0x00,0x2f,0xf0,0xef,0x30,
0x00,0x00,0x2f,0xf0,0xef,0x40,0x00,0x00,0x3f,0xf0,0xdf,0x50,0x00,0x00,0x6f,0xf0,0xbf,0xa0,0x00,0x01,
0xdf,0xf0,0x5f,0xf7,0x10,0x3c,0xef,0xf0,0x0b,0xff,0xff,0xfe,0x4f,0xf0,0x01,0x8d,0xfe,0x92,0x2f,0xf0,
0x00,0xff,0x50,0x7f,0xe0,0x00,0x00,0xff,0x50,0x7f,0xe0,0x00,0x00,0x77,0x20,0x37,0x60,0x00,0x00,0x00,
0x00,0x00,0x00,0x00,0x00,0x00,0x00,0x00,0x00,0x00,0xef,0x30,0x00,0x00,0x2f,0xf0,0xef,0x30,0x00,0x00,
0x2f,0xf0,0xef,0x30,0x00,0x00,0x2f,0xf0,0xef,0x30,0x00,0x00,0x2f,0xf0,0xef,0x30,0x00,0x00,0x2f,0xf0,
0xef,0x30,0x00,0x00,0x2f,0xf0,0xef,0x30,0x00,0x00,0x2f,0xf0,0xef,0x30,0x00,0x00,0x2f,0xf0,0xef,0x40,
0x00,0x00,0x3f,0xf0,0xdf,0x50,0x00,0x00,0x6f,0xf0,0xbf,0xa0,0x00,0x01,0xdf,0xf0,0x5f,0xf7,0x10,0x3c,
0xef,0xf0,0x0b,0xff,0xff,0xfe,0x4f,0xf0,0x01,0x8d,0xfe,0x92,0x2f,0xf0,0x00,0x00,0x00,0x00,0xaf,0xa0,
0x00,0x00,0x00,0x00,0x05,0xfb,0x00,0x00,0x00,0x00,0x00,0x2e,0xd1,0x00,0x00,0x00,0x00,0x00,0xce,0x20,
0x00,0x00,0x00,0x00,0x03,0x83,0x00,0x00,0x00,0x00,0x00,0x00,0x00,0x00,0x00,0x00,0x2f,0xf3,0x00,0x00,
0x00,0x1e,0xf4,0x0a,0xf9,0x00,0x00,0x00,0x6f,0xd0,0x05,0xfe,0x00,0x00,0x00,0xbf,0x80,0x00,0xdf,0x50,
0x00,0x02,0xff,0x20,0x00,0x8f,0xb0,0x00,0x08,0xfb,0x00,0x00,0x2f,0xf2,0x00,0x0d,0xf6,0x00,0x00,0x0b,
0xf7,0x00,0x4f,0xe1,0x00,0x00,0x05,0xfd,0x00,0xaf,0x90,0x00,0x00,0x00,0xef,0x41,0xef,0x30,0x00,0x00,
0x00,0x8f,0x96,0xfd,0x00,0x00,0x00,0x00,0x3f,0xec,0xf7,0x00,0x00,0x00,0x00,0x0c,0xff,0xf1,0x00,0x00,
0x00,0x00,0x06,0xff,0xa0,0x00,0x00,0x00,0x00,0x01,0xff,0x50,0x00,0x00,0x00,0x00,0x05,0xfe,0x00,0x00,
0x00,0x00,0x00,0x0b,0xf8,0x00,0x00,0x00,0x00,0x00,0x5f,0xf2,0x00,0x00,0x00,0x01,0xde,0xff,0x80,0x00,
0x00,0x00,0x01,0xff,0xd7,0x00,0x00,0x00,0x00,0xcf,0x50,0x00,0x00,0x00,0x00,0xcf,0x50,0x00,0x00,0x00,
0x00,0xcf,0x50,0x00,0x00,0x00,0x00,0xcf,0x50,0x00,0x00,0x00,0x00,0xcf,0x50,0x00,0x00,0x00,0x00,0xcf,
0x51,0x9d,0xfd,0x91,0x00,0xcf,0x7d,0xfe,0xef,0xfd,0x20,0xcf,0xed,0x40,0x04,0xdf,0xc0,0xcf,0xf3,0x00,
0x00,0x3f,0xf4,0xcf,0xb0,0x00,0x00,0x0a,0xf9,0xcf,0x70,0x00,0x00,0x07,0xfc,0xcf,0x60,0x00,0x00,0x05,
0xfd,0xcf,0x60,0x00,0x00,0x05,0xfd,0xcf,0x70,0x00,0x00,0x07,0xfc,0xcf,0xb0,0x00,0x00,0x0a,0xf9,0xcf,
0xf3,0x00,0x00,0x3f,0xf4,0xcf,0xed,0x40,0x04,0xdf,0xc0,0xcf,0x7d,0xfe,0xef,0xfd,0x20,0xcf,0x51,0x9d,
0xfd,0x91,0x00,0xcf,0x50,0x00,0x00,0x00,0x00,0xcf,0x50,0x00,0x00,0x00,0x00,0xcf,0x50,0x00,0x00,0x00,
0x00,0xcf,0x50,0x00,0x00,0x00,0x00,0xcf,0x50,0x00,0x00,0x00,0x00,0x00,0x06,0xff,0x00,0xcf,0x90,0x00,
0x00,0x06,0xff,0x00,0xcf,0x90,0x00,0x00,0x03,0x77,0x00,0x67,0x40,0x00,0x00,0x00,0x00,0x00,0x00,0x00,
0x00,0x00,0x00,0x00,0x00,0x00,0x00,0x00,0x2f,0xf3,0x00,0x00,0x00,0x1e,0xf4,0x0a,0xf9,0x00,0x00,0x00,
0x6f,0xd0,0x05,0xfe,0x00,0x00,0x00,0xbf,0x80,0x00,0xdf,0x50,0x00,0x02,0xff,0x20,0x00,0x8f,0xb0,0x00,
0x08,0xfb,0x00,0x00,0x2f,0xf2,0x00,0x0d,0xf6,0x00,0x00,0x0b,0xf7,0x00,0x4f,0xe1,0x00,0x00,0x05,0xfd,
0x00,0xaf,0x90,0x00,0x00,0x00,0xef,0x41,0xef,0x30,0x00,0x00,0x00,0x8f,0x96,0xfd,0x00,0x00,0x00,0x00,
0x3f,0xec,0xf7,0x00,0x00,0x00,0x00,0x0c,0xff,0xf1,0x00,0x00,0x00,0x00,0x06,0xff,0xa0,0x00,0x00,0x00,
0x00,0x01,0xff,0x50,0x00,0x00,0x00,0x00,0x05,0xfe,0x00,0x00,0x00,0x00,0x00,0x0b,0xf8,0x00,0x00,0x00,
0x00,0x00,0x5f,0xf2,0x00,0x00,0x00,0x01,0xde,0xff,0x80,0x00,0x00,0x00,0x01,0xff,0xd7,0x00,0x00,0x00,
0x00,0x00,0x00,0x4c,0xcc,0xcc,0xc9,0x00,0x00,0x00,0x00,0x04,0xff,0xff,0xff,0xb0,0x00,0x00,0x00,0x00,
0x00,0x00,0x00,0x00,0x00,0x00,0x00,0x00,0x00,0x00,0x00,0x00,0x00,0x00,0x00,0x00,0x00,0x00,0x00,0x00,
0x00,0x00,0x00,0x00,0x00,0x00,0x05,0xff,0xb0,0x00,0x00,0x00,0x00,0x00,0x00,0xaf,0xff,0x20,0x00,0x00,
0x00,0x00,0x00,0x1f,0xea,0xf7,0x00,0x00,0x00,0x00,0x00,0x06,0xfa,0x4f,0xd0,0x00,0x00,0x00,0x00,0x00,
0xcf,0x40,0xdf,0x30,0x00,0x00,0x00,0x00,0x3f,0xe0,0x08,0xf9,0x00,0x00,0x00,0x00,0x08,0xf9,0x00,0x3f,
0xe0,0x00,0x00,0x00,0x00,0xef,0x40,0x00,0xcf,0x50,0x00,0x00,0x00,0x4f,0xd0,0x00,0x07,0xfa,0x00,0x00,
0x00,0x0a,0xf8,0x00,0x00,0x2f,0xf1,0x00,0x00,0x01,0xff,0x30,0x00,0x00,0xbf,0x70,0x00,0x00,0x6f,0xff,
0xff,0xff,0xff,0xfc,0x00,0x00,0x0c,0xff,0xff,0xff,0xff,0xff,0xf3,0x00,0x02,0xff,0x31,0x11,0x11,0x11,
0xaf,0x80,0x00,0x8f,0xc0,0x00,0x00,0x00,0x05,0xfe,0x00,0x0d,0xf7,0x00,0x00,0x00,0x00,0x1f,0xf4,0x04,
0xff,0x30,0x00,0x00,0x00,0x00,0xbf,0xa0,0x9f,0xd0,0x00,0x00,0x00,0x00,0x06,0xff,0x10,0x00,0xaf,0xff,
0xff,0xf6,0x00,0x00,0x8c,0xcc,0xcc,0xc4,0x00,0x00,0x00,0x00,0x00,0x00,0x00,0x00,0x00,0x00,0x00,0x00,
0x00,0x00,0x00,0x00,0x00,0x00,0x00,0x01,0x6a,0xde,0xec,0x81,0x00,0x09,0xff,0xfe,0xff,0xfd,0x20,0x07,
0x83,0x10,0x04,0xcf,0xb0,0x00,0x00,0x00,0x00,0x1e,0xf2,0x00,0x00,0x00,0x00,0x0a,0xf6,0x00,0x39,0xde,
0xff,0xff,0xf7,0x06,0xff,0xfd,0xcb,0xbe,0xf8,0x2f,0xf8,0x10,0x00,0x0a,0xf8,0x6f,0xc0,0x00,0x00,0x0b,
0xf8,0x8f,0xa0,0x00,0x00,0x1e,0xf8,0x7f,0xc0,0x00,0x00,0x8f,0xf8,0x3f,0xf8,0x10,0x18,0xfe,0xf8,0x09,
0xff,0xfe,0xff,0x99,0xf8,0x00,0x7c,0xfe,0xc6,0x09,0xf8,0x00,0x00,0x18,0x10,0x00,0x37,0x00,0x00,0x00,
0x00,0x01,0xf8,0x00,0x0b,0xd0,0x00,0x00,0x00,0x00,0x09,0xfd,0xbd,0xf7,0x00,0x00,0x00,0x00,0x00,0x18,
0xde,0xd7,0x00,0x00,0x00,0x00,0x00,0x00,0x00,0x00,0x00,0x00,0x00,0x00,0x00,0x00,0x00,0x00,0x00,0x00,
0x00,0x00,0x00,0x00,0x00,0x5f,0xfb,0x00,0x00,0x00,0x00,0x00,0x00,0x0a,0xff,0xf2,0x00,0x00,0x00,0x00,
0x00,0x01,0xfe,0xaf,0x70,0x00,0x00,0x00,0x00,0x00,0x6f,0xa4,0xfd,0x00,0x00,0x00,0x00,0x00,0x0c,0xf4,
0x0d,0xf3,0x00,0x00,0x00,0x00,0x03,0xfe,0x00,0x8f,0x90,0x00,0x00,0x00,0x00,0x8f,0x90,0x03,0xfe,0x00,
0x00,0x00,0x00,0x0e,0xf4,0x00,0x0c,0xf5,0x00,0x00,0x00,0x04,0xfd,0x00,0x00,0x7f,0xa0,0x00,0x00,0x00,
0xaf,0x80,0x00,0x02,0xff,0x10,0x00,0x00,0x1f,0xf3,0x00,0x00,0x0b,0xf7,0x00,0x00,0x06,0xff,0xff,0xff,
0xff,0xff,0xc0,0x00,0x00,0xcf,0xff,0xff,0xff,0xff,0xff,0x30,0x00,0x2f,0xf3,0x11,0x11,0x11,0x1a,0xf8,
0x00,0x08,0xfc,0x00,0x00,0x00,0x00,0x5f,0xe0,0x00,0xdf,0x70,0x00,0x00,0x00,0x01,0xff,0x40,0x4f,0xf3,
0x00,0x00,0x00,0x00,0x0b,0xfa,0x09,0xfd,0x00,0x00,0x00,0x00,0x00,0x6f,0xf1,0x00,0x9d,0x10,0x02,0xe7,
0x00,0x00,0x4f,0xeb,0xbe,0xe2,0x00,0x00,0x05,0xce,0xeb,0x40,0x00,0x00,0x00,0x00,0x00,0x00,0x00,0x00,
0x00,0x00,0x00,0x00,0x00,0x01,0x6a,0xde,0xec,0x81,0x00,0x09,0xff,0xfe,0xff,0xfd,0x20,0x07,0x83,0x10,
0x04,0xcf,0xb0,0x00,0x00,0x00,0x00,0x1e,0xf2,0x00,0x00,0x00,0x00,0x0a,0xf6,0x00,0x39,0xde,0xff,0xff,
0xf7,0x06,0xff,0xfd,0xcb,0xbe,0xf8,0x2f,0xf8,0x10,0x00,0x0a,0xf8,0x6f,0xc0,0x00,0x00,0x0b,0xf8,0x8f,
0xa0,0x00,0x00,0x1e,0xf8,0x7f,0xc0,0x00,0x00,0x8f,0xf8,0x3f,0xf8,0x10,0x18,0xfe,0xf8,0x09,0xff,0xfe,
0xff,0x99,0xf8,0x00,0x7c,0xfe,0xc6,0x09,0xf8,0x00,0x00,0x00,0x5f,0xfb,0x00,0x00,0x00,0x00,0x00,0x00,
0x0a,0xff,0xf2,0x00,0x00,0x00,0x00,0x00,0x01,0xfe,0xaf,0x70,0x00,0x00,0x00,0x00,0x00,0x6f,0xa4,0xfd,
0x00,0x00,0x00,0x00,0x00,0x0c,0xf4,0x0d,0xf3,0x00,0x00,0x00,0x00,0x03,0xfe,0x00,0x8f,0x90,0x00,0x00,
0x00,0x00,0x8f,0x90,0x03,0xfe,0x00,0x00,0x00,0x00,0x0e,0xf4,0x00,0x0c,0xf5,0x00,0x00,0x00,0x04,0xfd,
0x00,0x00,0x7f,0xa0,0x00,0x00,0x00,0xaf,0x80,0x00,0x02,0xff,0x10,0x00,0x00,0x1f,0xf3,0x00,0x00,0x0b,
0xf7,0x00,0x00,0x06,0xff,0xff,0xff,0xff,0xff,0xc0,0x00,0x00,0xcf,0xff,0xff,0xff,0xff,0xff,0x30,0x00,
0x2f,0xf3,0x11,0x11,0x11,0x1a,0xf8,0x00,0x08,0xfc,0x00,0x00,0x00,0x00,0x5f,0xe0,0x00,0xdf,0x70,0x00,
0x00,0x00,0x01,0xff,0x40,0x4f,0xf3,0x00,0x00,0x00,0x00,0x0b,0xfa,0x09,0xfd,0x00,0x00,0x00,0x00,0x00,
0x6f,0xf1,0x00,0x00,0x00,0x00,0x00,0x00,0x08,0xd1,0x00,0x00,0x00,0x00,0x00,0x00,0x02,0xf6,0x00,0x00,
0x00,0x00,0x00,0x00,0x00,0x6f,0x40,0x00,0x00,0x00,0x00,0x00,0x00,0x04,0xfc,0x8a,0x00,0x00,0x00,0x00,
0x00,0x00,0x08,0xef,0xc0,0x01,0x6a,0xde,0xec,0x81,0x00,0x00,0x9f,0xff,0xef,0xff,0xd2,0x00,0x07,0x83,
0x10,0x04,0xcf,0xb0,0x00,0x00,0x00,0x00,0x01,0xef,0x20,0x00,0x00,0x00,0x00,0x0a,0xf6,0x00,0x03,0x9d,
0xef,0xff,0xff,0x70,0x06,0xff,0xfd,0xcb,0xbe,0xf8,0x02,0xff,0x81,0x00,0x00,0xaf,0x80,0x6f,0xc0,0x00,
0x00,0x0b,0xf8,0x08,0xfa,0x00,0x00,0x01,0xef,0x80,0x7f,0xc0,0x00,0x00,0x8f,0xf8,0x03,0xff,0x81,0x01,
0x8f,0xef,0x80,0x09,0xff,0xfe,0xff,0x99,0xf8,0x00,0x07,0xcf,0xec,0x60,0x9f,0x80,0x00,0x00,0x00,0x00,
0x2e,0x70,0x00,0x00,0x00,0x00,0x09,0xe0,0x00,0x00,0x00,0x00,0x00,0xde,0x21,0x20,0x00,0x00,0x00,0x09,
0xff,0xf8,0x00,0x00,0x00,0x00,0x04,0x77,0x20,0x00,0x00,0x00,0x00,0x07,0x71,0x00,0x00,0x00,0x00,0x00,
0x09,0xf7,0x00,0x00,0x00,0x00,0x00,0x05,0xf8,0x00,0x00,0x00,0x00,0x00,0x00,0x77,0x00,0x00,0x00,0x00,
0x00,0x00,0x00,0x00,0x00,0x00,0x00,0x00,0x00,0x00,0x00,0x00,0x00,0x00,0x00,0x00,0x16,0xbd,0xfe,0xda,
0x40,0x00,0x00,0x5e,0xff,0xff,0xff,0xff,0xc3,0x00,0x6f,0xfe,0x73,0x11,0x37,0xdf,0x70,0x3f,0xfb,0x10,
0x00,0x00,0x00,0x77,0x0b,0xfe,0x10,0x00,0x00,0x00,0x00,0x02,0xff,0x70,0x00,0x00,0x00,0x00,0x00,0x6f,
0xf2,0x00,0x00,0x00,0x00,0x00,0x08,0xfe,0x00,0x00,0x00,0x00,0x00,0x00,0x9f,0xd0,0x00,0x00,0x00,0x00,
0x00,0x09,0xfd,0x00,0x00,0x00,0x00,0x00,0x00,0x8f,0xe0,0x00,0x00,0x00,0x00,0x00,0x06,0xff,0x20,0x00,
0x00,0x00,0x00,0x00,0x2f,0xf7,0x00,0x00,0x00,0x00,0x00,0x00,0xbf,0xd1,0x00,0x00,0x00,0x00,0x00,0x03,
0xff,0xb1,0x00,0x00,0x00,0x07,0x70,0x06,0xff,0xe7,0x31,0x13,0x7d,0xf7,0x00,0x05,0xef,0xff,0xff,0xff,
0xfc,0x30,0x00,0x01,0x6b,0xdf,0xed,0xa4,0x00,0x00,0x00,0x00,0x00,0x78,0x30,0x00,0x00,0x00,0x7f,0xb0,
0x00,0x00,0x00,0x4f,0xc1,0x00,0x00,0x00,0x1d,0xe2,0x00,0x00,0x00,0x0a,0xe3,0x00,0x00,0x00,0x00,0x00,
0x00,0x00,0x00,0x00,0x00,0x00,0x00,0x00,0x00,0x39,0xde,0xec,0x83,0x00,0x7f,0xff,0xef,0xff,0xb0,0x6f,
0xf9,0x20,0x02,0x68,0x1e,0xf9,0x00,0x00,0x00,0x05,0xfe,0x10,0x00,0x00,0x00,0x8f,0xb0,0x00,0x00,0x00,
0x0a,0xf9,0x00,0x00,0x00,0x00,0xaf,0x90,0x00,0x00,0x00,0x08,0xfb,0x00,0x00,0x00,0x00,0x5f,0xe1,0x00,
0x00,0x00,0x01,0xef,0x90,0x00,0x00,0x00,0x06,0xff,0x92,0x00,0x26,0x80,0x07,0xff,0xfe,0xff,0xfb,0x00,
0x03,0xad,0xfe,0xc8,0x30,0x00,0x00,0x00,0x03,0x88,0x20,0x00,0x00,0x00,0x00,0x02,0xec,0xec,0x00,0x00,
0x00,0x00,0x01,0xcd,0x13,0xea,0x00,0x00,0x00,0x00,0x47,0x10,0x03,0x82,0x00,0x00,0x00,0x00,0x00,0x00,
0x00,0x00,0x00,0x00,0x00,0x00,0x00,0x00,0x00,0x00,0x00,0x00,0x16,0xbd,0xfe,0xda,0x40,0x00,0x00,0x5e,
0xff,0xff,0xff,0xff,0xc3,0x00,0x6f,0xfe,0x73,0x11,0x37,0xdf,0x70,0x3f,0xfb,0x10,0x00,0x00,0x00,0x77,
0x0b,0xfe,0x10,0x00,0x00,0x00,0x00,0x02,0xff,0x70,0x00,0x00,0x00,0x00,0x00,0x6f,0xf2,0x00,0x00,0x00,
0x00,0x00,0x08,0xfe,0x00,0x00,0x00,0x00,0x00,0x00,0x9f,0xd0,0x00,0x00,0x00,0x00,0x00,0x09,0xfd,0x00,
0x00,0x00,0x00,0x00,0x00,0x8f,0xe0,0x00,0x00,0x00,0x00,0x00,0x06,0xff,0x20,0x00,0x00,0x00,0x00,0x00,
0x2f,0xf7,0x00,0x00,0x00,0x00,0x00,0x00,0xbf,0xd1,0x00,0x00,0x00,0x00,0x00,0x03,0xff,0xb1,0x00,0x00,
0x00,0x07,0x70,0x06,0xff,0xe7,0x31,0x13,0x7d,0xf7,0x00,0x05,0xef,0xff,0xff,0xff,0xfc,0x30,0x00,0x01,
0x6b,0xdf,0xed,0xa4,0x00,0x00,0x00,0x01,0x77,0x00,0x00,0x00,0x00,0x9f,0xf6,0x00,0x00,0x00,0x3f,0x9b,
0xe2,0x00,0x00,0x0c,0xd1,0x2e,0xb0,0x00,0x07,0xf3,0x00,0x5f,0x50,0x00,0x00,0x00,0x00,0x00,0x00,0x00,
0x00,0x00,0x00,0x00,0x00,0x39,0xde,0xec,0x83,0x00,0x7f,0xff,0xef,0xff,0xb0,0x6f,0xf9,0x20,0x02,0x68,
0x1e,0xf9,0x00,0x00,0x00,0x05,0xfe,0x10,0x00,0x00,0x00,0x8f,0xb0,0x00,0x00,0x00,0x0a,0xf9,0x00,0x00,
0x00,0x00,0xaf,0x90,0x00,0x00,0x00,0x08,0xfb,0x00,0x00,0x00,0x00,0x5f,0xe1,0x00,0x00,0x00,0x01,0xef,
0x90,0x00,0x00,0x00,0x06,0xff,0x92,0x00,0x26,0x80,0x07,0xff,0xfe,0xff,0xfb,0x00,0x03,0xad,0xfe,0xc8,
0x30,0x00,0x00,0x00,0x04,0xff,0x10,0x00,0x00,0x00,0x00,0x00,0x4f,0xf1,0x00,0x00,0x00,0x00,0x00,0x02,
0x88,0x10,0x00,0x00,0x00,0x00,0x00,0x00,0x00,0x00,0x00,0x00,0x00,0x00,0x00,0x00,0x00,0x00,0x00,0x00,
0x01,0x6b,0xdf,0xed,0xa4,0x00,0x00,0x05,0xef,0xff,0xff,0xff,0xfc,0x30,0x06,0xff,0xe7,0x31,0x13,0x7d,
0xf7,0x03,0xff,0xb1,0x00,0x00,0x00,0x07,0x70,0xbf,0xe1,0x00,0x00,0x00,0x00,0x00,0x2f,0xf7,0x00,0x00,
0x00,0x00,0x00,0x06,0xff,0x20,0x00,0x00,0x00,0x00,0x00,0x8f,0xe0,0x00,0x00,0x00,0x00,0x00,0x09,0xfd,
0x00,0x00,0x00,0x00,0x00,0x00,0x9f,0xd0,0x00,0x00,0x00,0x00,0x00,0x08,0xfe,0x00,0x00,0x00,0x00,0x00,
0x00,0x6f,0xf2,0x00,0x00,0x00,0x00,0x00,0x02,0xff,0x70,0x00,0x00,0x00,0x00,0x00,0x0b,0xfd,0x10,0x00,
0x00,0x00,0x00,0x00,0x3f,0xfb,0x10,0x00,0x00,0x00,0x77,0x00,0x6f,0xfe,0x73,0x11,0x37,0xdf,0x70,0x00,
0x5e,0xff,0xff,0xff,0xff,0xc3,0x00,0x00,0x16,0xbd,0xfe,0xda,0x40,0x00,0x00,0x00,0x03,0xff,0x00,0x00,
0x00,0x00,0x3f,0xf0,0x00,0x00,0x00,0x02,0xdc,0x00,0x00,0x00,0x00,0x00,0x00,0x00,0x00,0x00,0x00,0x00,
0x00,0x00,0x00,0x39,0xde,0xec,0x83,0x00,0x7f,0xff,0xef,0xff,0xb0,0x6f,0xf9,0x20,0x02,0x68,0x1e,0xf9,
0x00,0x00,0x00,0x05,0xfe,0x10,0x00,0x00,0x00,0x8f,0xb0,0x00,0x00,0x00,0x0a,0xf9,0x00,0x00,0x00,0x00,
0xaf,0x90,0x00,0x00,0x00,0x08,0xfb,0x00,0x00,0x00,0x00,0x5f,0xe1,0x00,0x00,0x00,0x01,0xef,0x90,0x00,
0x00,0x00,0x06,0xff,0x92,0x00,0x26,0x80,0x07,0xff,0xfe,0xff,0xfb,0x00,0x03,0xad,0xfe,0xc8,0x30,0x00,
0x00,0x06,0x60,0x00,0x67,0x00,0x00,0x00,0x00,0x4f,0x80,0x8f,0x40,0x00,0x00,0x00,0x00,0x6f,0xbf,0x70,
0x00,0x00,0x00,0x00,0x00,0x68,0x60,0x00,0x00,0x00,0x00,0x00,0x00,0x00,0x00,0x00,0x00,0x00,0x00,0x00,
0x00,0x00,0x00,0x00,0x00,0x00,0x16,0xbd,0xfe,0xda,0x40,0x00,0x00,0x5e,0xff,0xff,0xff,0xff,0xc3,0x00,
0x6f,0xfe,0x73,0x11,0x37,0xdf,0x70,0x3f,0xfb,0x10,0x00,0x00,0x00,0x77,0x0b,0xfe,0x10,0x00,0x00,0x00,
0x00,0x02,0xff,0x70,0x00,0x00,0x00,0x00,0x00,0x6f,0xf2,0x00,0x00,0x00,0x00,0x00,0x08,0xfe,0x00,0x00,
0x00,0x00,0x00,0x00,0x9f,0xd0,0x00,0x00,0x00,0x00,0x00,0x09,0xfd,0x00,0x00,0x00,0x00,0x00,0x00,0x8f,
0xe0,0x00,0x00,0x00,0x00,0x00,0x06,0xff,0x20,0x00,0x00,0x00,0x00,0x00,0x2f,0xf7,0x00,0x00,0x00,0x00,
0x00,0x00,0xbf,0xd1,0x00,0x00,0x00,0x00,0x00,0x03,0xff,0xb1,0x00,0x00,0x00,0x07,0x70,0x06,0xff,0xe7,
0x31,0x13,0x7d,0xf7,0x00,0x05,0xef,0xff,0xff,0xff,0xfc,0x30,0x00,0x01,0x6b,0xdf,0xed,0xa4,0x00,0x00,
0x07,0x50,0x00,0x38,0x10,0x00,0x7f,0x30,0x1e,0xb0,0x00,0x00,0xdd,0x1b,0xe2,0x00,0x00,0x03,0xfd,0xf6,
0x00,0x00,0x00,0x09,0xfc,0x00,0x00,0x00,0x00,0x00,0x00,0x00,0x00,0x00,0x00,0x00,0x00,0x00,0x00,0x39,
0xde,0xec,0x83,0x00,0x7f,0xff,0xef,0xff,0xb0,0x6f,0xf9,0x20,0x02,0x68,0x1e,0xf9,0x00,0x00,0x00,0x05,
0xfe,0x10,0x00,0x00,0x00,0x8f,0xb0,0x00,0x00,0x00,0x0a,0xf9,0x00,0x00,0x00,0x00,0xaf,0x90,0x00,0x00,
0x00,0x08,0xfb,0x00,0x00,0x00,0x00,0x5f,0xe1,0x00,0x00,0x00,0x01,0xef,0x90,0x00,0x00,0x00,0x06,0xff,
0x92,0x00,0x26,0x80,0x07,0xff,0xfe,0xff,0xfb,0x00,0x03,0xad,0xfe,0xc8,0x30,0x00,0x06,0xf5,0x00,0xbd,
0x10,0x00,0x00,0x00,0x00,0x9f,0x5b,0xe2,0x00,0x00,0x00,0x00,0x00,0x0b,0xff,0x40,0x00,0x00,0x00,0x00,
0x00,0x00,0x00,0x00,0x00,0x00,0x00,0x00,0x00,0x00,0x00,0x00,0x00,0x00,0x00,0xaf,0xff,0xff,0xed,0xa7,
0x20,0x00,0x00,0xaf,0xff,0xff,0xff,0xff,0xfa,0x10,0x00,0xaf,0xb0,0x01,0x13,0x6c,0xff,0xd1,0x00,0xaf,
0xb0,0x00,0x00,0x00,0x6f,0xfb,0x00,0xaf,0xb0,0x00,0x00,0x00,0x08,0xff,0x40,0xaf,0xb0,0x00,0x00,0x00,
0x01,0xef,0x90,0xaf,0xb0,0x00,0x00,0x00,0x00,0xbf,0xd0,0xaf,0xb0,0x00,0x00,0x00,0x00,0x8f,0xe0,0xaf,
0xb0,0x00,0x00,0x00,0x00,0x7f,0xf0,0xaf,0xb0,0x00,0x00,0x00,0x00,0x7f,0xf0,0xaf,0xb0,0x00,0x00,0x00,
0x00,0x8f,0xe0,0xaf,0xb0,0x00,0x00,0x00,0x00,0xbf,0xc0,0xaf,0xb0,0x00,0x00,0x00,0x01,0xef,0x90,0xaf,
0xb0,0x00,0x00,0x00,0x08,0xff,0x40,0xaf,0xb0,0x00,0x00,0x00,0x6f,0xfb,0x00,0xaf,0xb0,0x01,0x13,0x6c,
0xff,0xd1,0x00,0xaf,0xff,0xff,0xff,0xff,0xfa,0x10,0x00,0xaf,0xff,0xff,0xed,0xa7,0x20,0x00,0x00,0x00,
0x00,0x00,0x00,0x01,0xff,0x10,0xdf,0x60,0x00,0x00,0x00,0x00,0x1f,0xf1,0x1f,0xf2,0x00,0x00,0x00,0x00,
0x01,0xff,0x13,0xfc,0x00,0x00,0x00,0x00,0x00,0x1f,0xf1,0x6f,0x80,0x00,0x00,0x00,0x00,0x01,0xff,0x15,
0x93,0x00,0x00,0x7d,0xfe,0xa3,0x1f,0xf1,0x00,0x00,0x00,0xbf,0xfe,0xef,0xf5,0xff,0x10,0x00,0x00,0x8f,
0xf6,0x00,0x2b,0xef,0xf1,0x00,0x00,0x1f,0xf6,0x00,0x00,0x1d,0xff,0x10,0x00,0x06,0xfe,0x00,0x00,0x00,
0x7f,0xf1,0x00,0x00,0x8f,0xa0,0x00,0x00,0x03,0xff,0x10,0x00,0x0a,0xf9,0x00,0x00,0x00,0x2f,0xf1,0x00,
0x00,0xaf,0x90,0x00,0x00,0x02,0xff,0x10,0x00,0x08,0xfa,0x00,0x00,0x00,0x3f,0xf1,0x00,0x00,0x6f,0xe0,
0x00,0x00,0x07,0xff,0x10,0x00,0x01,0xff,0x60,0x00,0x01,0xdf,0xf1,0x00,0x00,0x08,0xff,0x60,0x02,0xbe,
0xff,0x10,0x00,0x00,0x0b,0xff,0xee,0xfe,0x5f,0xf1,0x00,0x00,0x00,0x07,0xdf,0xea,0x31,0xff,0x10,0x00,
0x00,0x00,0x8f,0xff,0xff,0xed,0xb7,0x20,0x00,0x00,0x00,0x8f,0xff,0xff,0xff,0xff,0xfb,0x20,0x00,0x00,
0x8f,0xd0,0x00,0x13,0x6b,0xff,0xe2,0x00,0x00,0x8f,0xd0,0x00,0x00,0x00,0x5f,0xfd,0x00,0x00,0x8f,0xd0,
0x00,0x00,0x00,0x06,0xff,0x50,0x00,0x8f,0xd0,0x00,0x00,0x00,0x00,0xdf,0xb0,0x00,0x8f,0xd0,0x00,0x00,
0x00,0x00,0x9f,0xe0,0x00,0x8f,0xd0,0x00,0x00,0x00,0x00,0x6f,0xf1,0xdf,0xff,0xff,0xff,0xc0,0x00,0x00,
0x5f,0xf2,0xac,0xdf,0xfc,0xcc,0x90,0x00,0x00,0x5f,0xf2,0x00,0x8f,0xd0,0x00,0x00,0x00,0x00,0x6f,0xf1,
0x00,0x8f,0xd0,0x00,0x00,0x00,0x00,0x9f,0xe0,0x00,0x8f,0xd0,0x00,0x00,0x00,0x00,0xdf,0xb0,0x00,0x8f,
0xd0,0x00,0x00,0x00,0x06,0xff,0x50,0x00,0x8f,0xd0,0x00,0x00,0x00,0x5f,0xfd,0x00,0x00,0x8f,0xd0,0x00,
0x12,0x6b,0xff,0xe2,0x00,0x00,0x8f,0xff,0xff,0xff,0xff,0xfb,0x20,0x00,0x00,0x8f,0xff,0xff,0xed,0xb7,
0x20,0x00,0x00,0x00,0x00,0x00,0x00,0x01,0xff,0x10,0x00,0x00,0x00,0x78,0x89,0xff,0x87,0x00,0x00,0x00,
0xef,0xff,0xff,0xfd,0x00,0x00,0x00,0x00,0x01,0xff,0x10,0x00,0x00,0x00,0x00,0x01,0xff,0x10,0x00,0x07,
0xdf,0xea,0x31,0xff,0x10,0x00,0xbf,0xfe,0xef,0xf5,0xff,0x10,0x08,0xff,0x60,0x02,0xbe,0xff,0x10,0x1f,
0xf6,0x00,0x00,0x1d,0xff,0x10,0x6f,0xe0,0x00,0x00,0x07,0xff,0x10,0x8f,0xa0,0x00,0x00,0x03,0xff,0x10,
0xaf,0x90,0x00,0x00,0x02,0xff,0x10,0xaf,0x90,0x00,0x00,0x02,0xff,0x10,0x8f,0xa0,0x00,0x00,0x03,0xff,
0x10,0x6f,0xe0,0x00,0x00,0x07,0xff,0x10,0x1f,0xf6,0x00,0x00,0x1d,0xff,0x10,0x08,0xff,0x60,0x02,0xbe,
0xff,0x10,0x00,0xbf,0xfe,0xef,0xe5,0xff,0x10,0x00,0x07,0xdf,0xea,0x31,0xff,0x10,0x00,0x7c,0xcc,0xcc,
0xc5,0x00,0x00,0x9f,0xff,0xff,0xf6,0x00,0x00,0x00,0x00,0x00,0x00,0x00,0x00,0x00,0x00,0x00,0x00,0x00,
0x00,0x00,0x00,0x00,0x00,0x00,0xaf,0xff,0xff,0xff,0xff,0xf6,0xaf,0xff,0xff,0xff,0xff,0xf6,0xaf,0xb1,
0x11,0x11,0x11,0x10,0xaf,0xb0,0x00,0x00,0x00,0x00,0xaf,0xb0,0x00,0x00,0x00,0x00,0xaf,0xb0,0x00,0x00,
0x00,0x00,0xaf,0xb0,0x00,0x00,0x00,0x00,0xaf,0xff,0xff,0xff,0xff,0xf1,0xaf,0xff,0xff,0xff,0xff,0xf1,
0xaf,0xb1,0x11,0x11,0x11,0x10,0xaf,0xb0,0x00,0x00,0x00,0x00,0xaf,0xb0,0x00,0x00,0x00,0x00,0xaf,0xb0,
0x00,0x00,0x00,0x00,0xaf,0xb0,0x00,0x00,0x00,0x00,0xaf,0xb0,0x00,0x00,0x00,0x00,0xaf,0xb1,0x11,0x11,
0x11,0x11,0xaf,0xff,0xff,0xff,0xff,0xf9,0xaf,0xff,0xff,0xff,0xff,0xf9,0x00,0x0b,0xff,0xff,0xff,0x40,
0x00,0x00,0x9c,0xcc,0xcc,0xc3,0x00,0x00,0x00,0x00,0x00,0x00,0x00,0x00,0x00,0x00,0x00,0x00,0x00,0x00,
0x00,0x00,0x00,0x00,0x00,0x00,0x00,0x00,0x39,0xdf,0xec,0x60,0x00,0x00,0x7f,0xff,0xef,0xff,0xb1,0x00,
0x5f,0xe7,0x10,0x05,0xdf,0x90,0x0e,0xf5,0x00,0x00,0x03,0xff,0x15,0xfd,0x00,0x00,0x00,0x0c,0xf5,0x8f,
0xeb,0xbb,0xbb,0xbb,0xef,0x7a,0xff,0xff,0xff,0xff,0xff,0xf7,0xaf,0xa0,0x00,0x00,0x00,0x00,0x08,0xfc,
0x00,0x00,0x00,0x00,0x00,0x5f,0xf2,0x00,0x00,0x00,0x00,0x01,0xef,0xb0,0x00,0x00,0x00,0x10,0x05,0xff,
0xb3,0x00,0x03,0x8e,0x00,0x06,0xff,0xff,0xef,0xff,0xf0,0x00,0x02,0x9d,0xef,0xeb,0x72,0x00,0x00,0xad,
0x30,0x15,0xf6,0x00,0x00,0x3e,0xff,0xff,0xd1,0x00,0x00,0x01,0x79,0x86,0x00,0x00,0x00,0x00,0x00,0x00,
0x00,0x00,0x00,0x00,0x00,0x00,0x00,0x00,0xaf,0xff,0xff,0xff,0xff,0xf6,0xaf,0xff,0xff,0xff,0xff,0xf6,
0xaf,0xb1,0x11,0x11,0x11,0x10,0xaf,0xb0,0x00,0x00,0x00,0x00,0xaf,0xb0,0x00,0x00,0x00,0x00,0xaf,0xb0,
0x00,0x00,0x00,0x00,0xaf,0xb0,0x00,0x00,0x00,0x00,0xaf,0xff,0xff,0xff,0xff,0xf1,0xaf,0xff,0xff,0xff,
0xff,0xf1,0xaf,0xb1,0x11,0x11,0x11,0x10,0xaf,0xb0,0x00,0x00,0x00,0x00,0xaf,0xb0,0x00,0x00,0x00,0x00,
0xaf,0xb0,0x00,0x00,0x00,0x00,0xaf,0xb0,0x00,0x00,0x00,0x00,0xaf,0xb0,0x00,0x00,0x00,0x00,0xaf,0xb1,
0x11,0x11,0x11,0x11,0xaf,0xff,0xff,0xff,0xff,0xf9,0xaf,0xff,0xff,0xff,0xff,0xf9,0x00,0x0c,0x90,0x00,
0x2f,0x50,0x00,0x00,0x9f,0x51,0x2b,0xf2,0x00,0x00,0x01,0xef,0xff,0xf8,0x00,0x00,0x00,0x01,0x79,0x84,
0x00,0x00,0x00,0x00,0x00,0x00,0x00,0x00,0x00,0x00,0x00,0x00,0x00,0x00,0x00,0x00,0x03,0x9d,0xfe,0xc6,
0x00,0x00,0x07,0xff,0xfe,0xff,0xfb,0x10,0x05,0xfe,0x71,0x00,0x5d,0xf9,0x00,0xef,0x50,0x00,0x00,0x3f,
0xf1,0x5f,0xd0,0x00,0x00,0x00,0xcf,0x58,0xfe,0xbb,0xbb,0xbb,0xbe,0xf7,0xaf,0xff,0xff,0xff,0xff,0xff,
0x7a,0xfa,0x00,0x00,0x00,0x00,0x00,0x8f,0xc0,0x00,0x00,0x00,0x00,0x05,0xff,0x20,0x00,0x00,0x00,0x00,
0x1e,0xfb,0x00,0x00,0x00,0x01,0x00,0x5f,0xfb,0x30,0x00,0x38,0xe0,0x00,0x6f,0xff,0xfe,0xff,0xff,0x00,
0x00,0x29,0xde,0xfe,0xb7,0x20,0x00,0x00,0x5f,0xf1,0x00,0x00,0x00,0x00,0x5f,0xf1,0x00,0x00,0x00,0x00,
0x38,0x80,0x00,0x00,0x00,0x00,0x00,0x00,0x00,0x00,0x00,0x00,0x00,0x00,0x00,0x00,0xaf,0xff,0xff,0xff,
0xff,0xf6,0xaf,0xff,0xff,0xff,0xff,0xf6,0xaf,0xb1,0x11,0x11,0x11,0x10,0xaf,0xb0,0x00,0x00,0x00,0x00,
0xaf,0xb0,0x00,0x00,0x00,0x00,0xaf,0xb0,0x00,0x00,0x00,0x00,0xaf,0xb0,0x00,0x00,0x00,0x00,0xaf,0xff,
0xff,0xff,0xff,0xf1,0xaf,0xff,0xff,0xff,0xff,0xf1,0xaf,0xb1,0x11,0x11,0x11,0x10,0xaf,0xb0,0x00,0x00,
0x00,0x00,0xaf,0xb0,0x00,0x00,0x00,0x00,0xaf,0xb0,0x00,0x00,0x00,0x00,0xaf,0xb0,0x00,0x00,0x00,0x00,
0xaf,0xb0,0x00,0x00,0x00,0x00,0xaf,0xb1,0x11,0x11,0x11,0x11,0xaf,0xff,0xff,0xff,0xff,0xf9,0xaf,0xff,
0xff,0xff,0xff,0xf9,0x00,0x00,0x05,0xfc,0x00,0x00,0x00,0x00,0x00,0x5f,0xc0,0x00,0x00,0x00,0x00,0x04,
0xda,0x00,0x00,0x00,0x00,0x00,0x00,0x00,0x00,0x00,0x00,0x00,0x00,0x00,0x00,0x00,0x00,0x00,0x39,0xdf,
0xec,0x60,0x00,0x00,0x7f,0xff,0xef,0xff,0xb1,0x00,0x5f,0xe7,0x10,0x05,0xdf,0x90,0x0e,0xf5,0x00,0x00,
0x03,0xff,0x15,0xfd,0x00,0x00,0x00,0x0c,0xf5,0x8f,0xeb,0xbb,0xbb,0xbb,0xef,0x7a,0xff,0xff,0xff,0xff,
0xff,0xf7,0xaf,0xa0,0x00,0x00,0x00,0x00,0x08,0xfc,0x00,0x00,0x00,0x00,0x00,0x5f,0xf2,0x00,0x00,0x00,
0x00,0x01,0xef,0xb0,0x00,0x00,0x00,0x10,0x05,0xff,0xb3,0x00,0x03,0x8e,0x00,0x06,0xff,0xff,0xef,0xff,
0xf0,0x00,0x02,0x9d,0xef,0xeb,0x72,0x00,0xaf,0xff,0xff,0xff,0xff,0xf6,0xaf,0xff,0xff,0xff,0xff,0xf6,
0xaf,0xb1,0x11,0x11,0x11,0x10,0xaf,0xb0,0x00,0x00,0x00,0x00,0xaf,0xb0,0x00,0x00,0x00,0x00,0xaf,0xb0,
0x00,0x00,0x00,0x00,0xaf,0xb0,0x00,0x00,0x00,0x00,0xaf,0xff,0xff,0xff,0xff,0xf1,0xaf,0xff,0xff,0xff,
0xff,0xf1,0xaf,0xb1,0x11,0x11,0x11,0x10,0xaf,0xb0,0x00,0x00,0x00,0x00,0xaf,0xb0,0x00,0x00,0x00,0x00,
0xaf,0xb0,0x00,0x00,0x00,0x00,0xaf,0xb0,0x00,0x00,0x00,0x00,0xaf,0xb0,0x00,0x00,0x00,0x00,0xaf,0xb1,
0x11,0x11,0x11,0x11,0xaf,0xff,0xff,0xff,0xff,0xf9,0xaf,0xff,0xff,0xff,0xff,0xf9,0x00,0x00,0x00,0x00,
0xca,0x00,0x00,0x00,0x00,0x06,0xf2,0x00,0x00,0x00,0x00,0x0a,0xe0,0x00,0x00,0x00,0x00,0x09,0xfa,0x87,
0x00,0x00,0x00,0x01,0xbe,0xe8,0x00,0x03,0x9d,0xfe,0xc6,0x00,0x00,0x07,0xff,0xfe,0xff,0xfb,0x10,0x05,
0xfe,0x71,0x00,0x5d,0xf9,0x00,0xef,0x50,0x00,0x00,0x3f,0xf1,0x5f,0xd0,0x00,0x00,0x00,0xcf,0x58,0xfe,
0xbb,0xbb,0xbb,0xbe,0xf7,0xaf,0xff,0xff,0xff,0xff,0xff,0x7a,0xfa,0x00,0x00,0x00,0x00,0x00,0x8f,0xc0,
0x00,0x00,0x00,0x00,0x05,0xff,0x20,0x00,0x00,0x00,0x00,0x1e,0xfb,0x00,0x00,0x00,0x01,0x00,0x5f,0xfb,
0x30,0x00,0x38,0xe0,0x00,0x6f,0xff,0xfe,0xff,0xff,0x00,0x00,0x29,0xde,0xff,0xf7,0x20,0x00,0x00,0x00,
0x02,0xe7,0x00,0x00,0x00,0x00,0x00,0x8f,0x10,0x00,0x00,0x00,0x00,0x0a,0xf3,0x12,0x00,0x00,0x00,0x00,
0x5f,0xff,0xa0,0x00,0x00,0x00,0x00,0x37,0x73,0x00,0x00,0x4f,0x70,0x09,0xe2,0x00,0x00,0x06,0xf7,0x8f,
0x40,0x00,0x00,0x00,0x9f,0xf7,0x00,0x00,0x00,0x00,0x00,0x00,0x00,0x00,0x00,0x00,0x00,0x00,0x00,0x00,
0xaf,0xff,0xff,0xff,0xff,0xf6,0xaf,0xff,0xff,0xff,0xff,0xf6,0xaf,0xb1,0x11,0x11,0x11,0x10,0xaf,0xb0,
0x00,0x00,0x00,0x00,0xaf,0xb0,0x00,0x00,0x00,0x00,0xaf,0xb0,0x00,0x00,0x00,0x00,0xaf,0xb0,0x00,0x00,
0x00,0x00,0xaf,0xff,0xff,0xff,0xff,0xf1,0xaf,0xff,0xff,0xff,0xff,0xf1,0xaf,0xb1,0x11,0x11,0x11,0x10,
0xaf,0xb0,0x00,0x00,0x00,0x00,0xaf,0xb0,0x00,0x00,0x00,0x00,0xaf,0xb0,0x00,0x00,0x00,0x00,0xaf,0xb0,
0x00,0x00,0x00,0x00,0xaf,0xb0,0x00,0x00,0x00,0x00,0xaf,0xb1,0x11,0x11,0x11,0x11,0xaf,0xff,0xff,0xff,
0xff,0xf9,0xaf,0xff,0xff,0xff,0xff,0xf9,0x00,0x06,0x60,0x00,0x28,0x20,0x00,0x00,0x6f,0x40,0x0c,0xd0,
0x00,0x00,0x00,0xdd,0x17,0xf5,0x00,0x00,0x00,0x04,0xfa,0xeb,0x00,0x00,0x00,0x00,0x0b,0xff,0x30,0x00,
0x00,0x00,0x00,0x28,0x60,0x00,0x00,0x00,0x00,0x00,0x00,0x00,0x00,0x00,0x00,0x39,0xdf,0xec,0x60,0x00,
0x00,0x7f,0xff,0xef,0xff,0xb1,0x00,0x5f,0xe7,0x10,0x05,0xdf,0x90,0x0e,0xf5,0x00,0x00,0x03,0xff,0x15,
0xfd,0x00,0x00,0x00,0x0c,0xf5,0x8f,0xeb,0xbb,0xbb,0xbb,0xef,0x7a,0xff,0xff,0xff,0xff,0xff,0xf7,0xaf,
0xa0,0x00,0x00,0x00,0x00,0x08,0xfc,0x00,0x00,0x00,0x00,0x00,0x5f,0xf2,0x00,0x00,0x00,0x00,0x01,0xef,
0xb0,0x00,0x00,0x00,0x10,0x05,0xff,0xb3,0x00,0x03,0x8e,0x00,0x06,0xff,0xff,0xef,0xff,0xf0,0x00,0x02,
0x9d,0xef,0xeb,0x72,0x00,0x00,0x00,0x00,0x02,0x88,0x30,0x00,0x00,0x00,0x00,0x00,0x1c,0xed,0xe2,0x00,
0x00,0x00,0x00,0x00,0xae,0x31,0xdc,0x10,0x00,0x00,0x00,0x02,0x83,0x00,0x27,0x30,0x00,0x00,0x00,0x00,
0x00,0x00,0x00,0x00,0x00,0x00,0x00,0x00,0x00,0x00,0x00,0x00,0x00,0x00,0x00,0x16,0xad,0xef,0xeb,0x72,
0x00,0x00,0x05,0xef,0xff,0xff,0xff,0xff,0x91,0x00,0x6f,0xfe,0x73,0x11,0x25,0x9e,0xf3,0x03,0xff,0xb1,
0x00,0x00,0x00,0x01,0x92,0x0b,0xfd,0x10,0x00,0x00,0x00,0x00,0x00,0x2f,0xf7,0x00,0x00,0x00,0x00,0x00,
0x00,0x6f,0xf2,0x00,0x00,0x00,0x00,0x00,0x00,0x8f,0xe0,0x00,0x00,0x00,0x00,0x00,0x00,0x9f,0xd0,0x00,
0x00,0x09,0xff,0xff,0xf9,0x9f,0xd0,0x00,0x00,0x09,0xff,0xff,0xf9,0x8f,0xe0,0x00,0x00,0x00,0x00,0x0b,
0xf9,0x6f,0xf2,0x00,0x00,0x00,0x00,0x0b,0xf9,0x2f,0xf7,0x00,0x00,0x00,0x00,0x0b,0xf9,0x0b,0xfd,0x10,
0x00,0x00,0x00,0x0b,0xf9,0x03,0xff,0xb1,0x00,0x00,0x00,0x0b,0xf9,0x00,0x6f,0xfe,0x73,0x11,0x24,0xaf,
0xf9,0x00,0x05,0xef,0xff,0xff,0xff,0xff,0xa1,0x00,0x00,0x16,0xad,0xef,0xeb,0x72,0x00,0x00,0x00,0x1e,
0xf6,0x00,0x00,0x00,0x00,0x09,0xfd,0xe2,0x00,0x00,0x00,0x04,0xf8,0x2e,0xa0,0x00,0x00,0x00,0xdc,0x00,
0x6f,0x50,0x00,0x00,0x38,0x20,0x00,0x66,0x00,0x00,0x00,0x00,0x00,0x00,0x00,0x00,0x00,0x07,0xdf,0xea,
0x31,0xff,0x10,0x1b,0xff,0xee,0xff,0x5f,0xf1,0x08,0xfe,0x50,0x02,0xbe,0xff,0x11,0xff,0x50,0x00,0x01,
0xdf,0xf1,0x6f,0xd0,0x00,0x00,0x07,0xff,0x18,0xfa,0x00,0x00,0x00,0x3f,0xf1,0xaf,0x90,0x00,0x00,0x02,
0xff,0x1a,0xf9,0x00,0x00,0x00,0x2f,0xf1,0x8f,0xa0,0x00,0x00,0x03,0xff,0x16,0xfd,0x00,0x00,0x00,0x7f,
0xf1,0x1f,0xf5,0x00,0x00,0x1d,0xff,0x10,0x9f,0xe5,0x00,0x2b,0xef,0xf1,0x01,0xcf,0xfe,0xef,0xe5,0xff,
0x10,0x00,0x7d,0xfe,0xa3,0x2f,0xf0,0x00,0x00,0x00,0x00,0x05,0xfc,0x00,0x00,0x00,0x00,0x00,0xcf,0x80,
0x01,0x93,0x00,0x02,0xaf,0xe2,0x00,0x1f,0xff,0xde,0xff,0xf5,0x00,0x00,0x7b,0xde,0xfd,0x92,0x00,0x00,
0x00,0x00,0x28,0x10,0x00,0x47,0x00,0x00,0x00,0x00,0x2f,0xa2,0x04,0xdb,0x00,0x00,0x00,0x00,0x08,0xff,
0xff,0xe3,0x00,0x00,0x00,0x00,0x00,0x48,0x97,0x10,0x00,0x00,0x00,0x00,0x00,0x00,0x00,0x00,0x00,0x00,
0x00,0x00,0x00,0x00,0x00,0x00,0x00,0x00,0x00,0x00,0x16,0xad,0xef,0xeb,0x72,0x00,0x00,0x05,0xef,0xff,
0xff,0xff,0xff,0x91,0x00,0x6f,0xfe,0x73,0x11,0x25,0x9e,0xf3,0x03,0xff,0xb1,0x00,0x00,0x00,0x01,0x92,
0x0b,0xfd,0x10,0x00,0x00,0x00,0x00,0x00,0x2f,0xf7,0x00,0x00,0x00,0x00,0x00,0x00,0x6f,0xf2,0x00,0x00,
0x00,0x00,0x00,0x00,0x8f,0xe0,0x00,0x00,0x00,0x00,0x00,0x00,0x9f,0xd0,0x00,0x00,0x09,0xff,0xff,0xf9,
0x9f,0xd0,0x00,0x00,0x09,0xff,0xff,0xf9,0x8f,0xe0,0x00,0x00,0x00,0x00,0x0b,0xf9,0x6f,0xf2,0x00,0x00,
0x00,0x00,0x0b,0xf9,0x2f,0xf7,0x00,0x00,0x00,0x00,0x0b,0xf9,0x0b,0xfd,0x10,0x00,0x00,0x00,0x0b,0xf9,
0x03,0xff,0xb1,0x00,0x00,0x00,0x0b,0xf9,0x00,0x6f,0xfe,0x73,0x11,0x24,0xaf,0xf9,0x00,0x05,0xef,0xff,
0xff,0xff,0xff,0xa1,0x00,0x00,0x16,0xad,0xef,0xeb,0x72,0x00,0x00,0x0e,0x70,0x00,0x3f,0x30,0x00,0x00,
0xbe,0x41,0x2c,0xe0,0x00,0x00,0x03,0xef,0xff,0xf6,0x00,0x00,0x00,0x02,0x79,0x83,0x00,0x00,0x00,0x00,
0x00,0x00,0x00,0x00,0x00,0x00,0x00,0x00,0x00,0x00,0x00,0x00,0x07,0xdf,0xea,0x31,0xff,0x10,0x1b,0xff,
0xee,0xff,0x5f,0xf1,0x08,0xfe,0x50,0x02,0xbe,0xff,0x11,0xff,0x50,0x00,0x01,0xdf,0xf1,0x6f,0xd0,0x00,
0x00,0x07,0xff,0x18,0xfa,0x00,0x00,0x00,0x3f,0xf1,0xaf,0x90,0x00,0x00,0x02,0xff,0x1a,0xf9,0x00,0x00,
0x00,0x2f,0xf1,0x8f,0xa0,0x00,0x00,0x03,0xff,0x16,0xfd,0x00,0x00,0x00,0x7f,0xf1,0x1f,0xf5,0x00,0x00,
0x1d,0xff,0x10,0x9f,0xe5,0x00,0x2b,0xef,0xf1,0x01,0xcf,0xfe,0xef,0xe5,0xff,0x10,0x00,0x7d,0xfe,0xa3,
0x2f,0xf0,0x00,0x00,0x00,0x00,0x05,0xfc,0x00,0x00,0x00,0x00,0x00,0xcf,0x80,0x01,0x93,0x00,0x02,0xaf,
0xe2,0x00,0x1f,0xff,0xde,0xff,0xf5,0x00,0x00,0x7b,0xde,0xfd,0x92,0x00,0x00,0x00,0x00,0x00,0x02,0xff,
0x40,0x00,0x00,0x00,0x00,0x00,0x02,0xff,0x40,0x00,0x00,0x00,0x00,0x00,0x01,0x88,0x20,0x00,0x00,0x00,
0x00,0x00,0x00,0x00,0x00,0x00,0x00,0x00,0x00,0x00,0x00,0x00,0x00,0x00,0x00,0x00,0x00,0x16,0xad,0xef,
0xeb,0x72,0x00,0x00,0x05,0xef,0xff,0xff,0xff,0xff,0x91,0x00,0x6f,0xfe,0x73,0x11,0x25,0x9e,0xf3,0x03,
0xff,0xb1,0x00,0x00,0x00,0x01,0x92,0x0b,0xfd,0x10,0x00,0x00,0x00,0x00,0x00,0x2f,0xf7,0x00,0x00,0x00,
0x00,0x00,0x00,0x6f,0xf2,0x00,0x00,0x00,0x00,0x00,0x00,0x8f,0xe0,0x00,0x00,0x00,0x00,0x00,0x00,0x9f,
0xd0,0x00,0x00,0x09,0xff,0xff,0xf9,0x9f,0xd0,0x00,0x00,0x09,0xff,0xff,0xf9,0x8f,0xe0,0x00,0x00,0x00,
0x00,0x0b,0xf9,0x6f,0xf2,0x00,0x00,0x00,0x00,0x0b,0xf9,0x2f,0xf7,0x00,0x00,0x00,0x00,0x0b,0xf9,0x0b,
0xfd,0x10,0x00,0x00,0x00,0x0b,0xf9,0x03,0xff,0xb1,0x00,0x00,0x00,0x0b,0xf9,0x00,0x6f,0xfe,0x73,0x11,
0x24,0xaf,0xf9,0x00,0x05,0xef,0xff,0xff,0xff,0xff,0xa1,0x00,0x00,0x16,0xad,0xef,0xeb,0x72,0x00,0x00,
0x00,0x0d,0xf4,0x00,0x00,0x00,0x00,0x00,0xdf,0x40,0x00,0x00,0x00,0x00,0x0b,0xd4,0x00,0x00,0x00,0x00,
0x00,0x00,0x00,0x00,0x00,0x00,0x00,0x00,0x00,0x00,0x00,0x00,0x00,0x7d,0xfe,0xa3,0x1f,0xf1,0x01,0xbf,
0xfe,0xef,0xf5,0xff,0x10,0x8f,0xe5,0x00,0x2b,0xef,0xf1,0x1f,0xf5,0x00,0x00,0x1d,0xff,0x16,0xfd,0x00,
0x00,0x00,0x7f,0xf1,0x8f,0xa0,0x00,0x00,0x03,0xff,0x1a,0xf9,0x00,0x00,0x00,0x2f,0xf1,0xaf,0x90,0x00,
0x00,0x02,0xff,0x18,0xfa,0x00,0x00,0x00,0x3f,0xf1,0x6f,0xd0,0x00,0x00,0x07,0xff,0x11,0xff,0x50,0x00,
0x01,0xdf,0xf1,0x09,0xfe,0x50,0x02,0xbe,0xff,0x10,0x1c,0xff,0xee,0xfe,0x5f,0xf1,0x00,0x07,0xdf,0xea,
0x32,0xff,0x00,0x00,0x00,0x00,0x00,0x5f,0xc0,0x00,0x00,0x00,0x00,0x0c,0xf8,0x00,0x19,0x30,0x00,0x2a,
0xfe,0x20,0x01,0xff,0xfd,0xef,0xff,0x50,0x00,0x07,0xbd,0xef,0xd9,0x20,0x00,0x00,0x00,0x16,0xad,0xef,
0xeb,0x72,0x00,0x00,0x05,0xef,0xff,0xff,0xff,0xff,0x91,0x00,0x6f,0xfe,0x73,0x11,0x25,0x9e,0xf3,0x03,
0xff,0xb1,0x00,0x00,0x00,0x01,0x92,0x0b,0xfd,0x10,0x00,0x00,0x00,0x00,0x00,0x2f,0xf7,0x00,0x00,0x00,
0x00,0x00,0x00,0x6f,0xf2,0x00,0x00,0x00,0x00,0x00,0x00,0x8f,0xe0,0x00,0x00,0x00,0x00,0x00,0x00,0x9f,
0xd0,0x00,0x00,0x09,0xff,0xff,0xf9,0x9f,0xd0,0x00,0x00,0x09,0xff,0xff,0xf9,0x8f,0xe0,0x00,0x00,0x00,
0x00,0x0b,0xf9,0x6f,0xf2,0x00,0x00,0x00,0x00,0x0b,0xf9,0x2f,0xf7,0x00,0x00,0x00,0x00,0x0b,0xf9,0x0b,
0xfd,0x10,0x00,0x00,0x00,0x0b,0xf9,0x03,0xff,0xb1,0x00,0x00,0x00,0x0b,0xf9,0x00,0x6f,0xfe,0x73,0x11,
0x24,0xaf,0xf9,0x00,0x05,0xef,0xff,0xff,0xff,0xff,0xa1,0x00,0x00,0x16,0xad,0xef,0xeb,0x72,0x00,0x00,
0x00,0x00,0x00,0x00,0x00,0x00,0x00,0x00,0x00,0x00,0x00,0x00,0x00,0x00,0x00,0x00,0x00,0x00,0x00,0xcf,
0x80,0x00,0x00,0x00,0x00,0x00,0x01,0xfe,0x10,0x00,0x00,0x00,0x00,0x00,0x05,0xf8,0x00,0x00,0x00,0x00,
0x00,0x00,0x07,0xd1,0x00,0x00,0x00,0x00,0x00,0x00,0x5f,0x40,0x00,0x00,0x00,0x00,0x0c,0xf1,0x00,0x00,
0x00,0x00,0x05,0xfc,0x00,0x00,0x00,0x00,0x00,0xbd,0x80,0x00,0x00,0x00,0x00,0x00,0x00,0x00,0x00,0x00,
0x00,0x7d,0xfe,0xa3,0x1f,0xf1,0x01,0xbf,0xfe,0xef,0xf5,0xff,0x10,0x8f,0xe5,0x00,0x2b,0xef,0xf1,0x1f,
0xf5,0x00,0x00,0x1d,0xff,0x16,0xfd,0x00,0x00,0x00,0x7f,0xf1,0x8f,0xa0,0x00,0x00,0x03,0xff,0x1a,0xf9,
0x00,0x00,0x00,0x2f,0xf1,0xaf,0x90,0x00,0x00,0x02,0xff,0x18,0xfa,0x00,0x00,0x00,0x3f,0xf1,0x6f,0xd0,
0x00,0x00,0x07,0xff,0x11,0xff,0x50,0x00,0x01,0xdf,0xf1,0x09,0xfe,0x50,0x02,0xbe,0xff,0x10,0x1c,0xff,
0xee,0xfe,0x5f,0xf1,0x00,0x07,0xdf,0xea,0x32,0xff,0x00,0x00,0x00,0x00,0x00,0x5f,0xc0,0x00,0x00,0x00,
0x00,0x0c,0xf8,0x00,0x19,0x30,0x00,0x2a,0xfe,0x20,0x01,0xff,0xfd,0xef,0xff,0x50,0x00,0x07,0xbd,0xef,
0xd9,0x20,0x00,0x00,0x00,0x07,0xff,0x80,0x00,0x00,0x00,0x00,0x5f,0x87,0xf5,0x00,0x00,0x00,0x03,0xe8,
0x00,0x8f,0x30,0x00,0x00,0x00,0x00,0x00,0x00,0x00,0x00,0x00,0x00,0x00,0x00,0x00,0x00,0x00,0xaf,0xb0,
0x00,0x00,0x00,0x0a,0xfa,0xaf,0xb0,0x00,0x00,0x00,0x0a,0xfa,0xaf,0xb0,0x00,0x00,0x00,0x0a,0xfa,0xaf,
0xb0,0x00,0x00,0x00,0x0a,0xfa,0xaf,0xb0,0x00,0x00,0x00,0x0a,0xfa,0xaf,0xb0,0x00,0x00,0x00,0x0a,0xfa,
0xaf,0xb0,0x00,0x00,0x00,0x0a,0xfa,0xaf,0xff,0xff,0xff,0xff,0xff,0xfa,0xaf,0xff,0xff,0xff,0xff,0xff,
0xfa,0xaf,0xb1,0x11,0x11,0x11,0x1a,0xfa,0xaf,0xb0,0x00,0x00,0x00,0x0a,0xfa,0xaf,0xb0,0x00,0x00,0x00,
0x0a,0xfa,0xaf,0xb0,0x00,0x00,0x00,0x0a,0xfa,0xaf,0xb0,0x00,0x00,0x00,0x0a,0xfa,0xaf,0xb0,0x00,0x00,
0x00,0x0a,0xfa,0xaf,0xb0,0x00,0x00,0x00,0x0a,0xfa,0xaf,0xb0,0x00,0x00,0x00,0x0a,0xfa,0xaf,0xb0,0x00,
0x00,0x00,0x0a,0xfa,0x00,0x4f,0xfb,0x00,0x00,0x00,0x00,0x00,0x2e,0xb5,0xf9,0x00,0x00,0x00,0x00,0x1d,
0xb1,0x05,0xf6,0x00,0x00,0x00,0x00,0x00,0x00,0x00,0x00,0x00,0x00,0x00,0x00,0x0c,0xf5,0x00,0x00,0x00,
0x00,0x00,0x00,0xcf,0x50,0x00,0x00,0x00,0x00,0x00,0x0c,0xf5,0x00,0x00,0x00,0x00,0x00,0x00,0xcf,0x50,
0x00,0x00,0x00,0x00,0x00,0x0c,0xf5,0x00,0x00,0x00,0x00,0x00,0x00,0xcf,0x51,0x8d,0xfe,0xa2,0x00,0x00,
0x0c,0xf6,0xcf,0xff,0xff,0xe1,0x00,0x00,0xcf,0xed,0x40,0x15,0xef,0x90,0x00,0x0c,0xff,0x20,0x00,0x07,
0xfe,0x00,0x00,0xcf,0xa0,0x00,0x00,0x2f,0xf1,0x00,0x0c,0xf7,0x00,0x00,0x00,0xff,0x20,0x00,0xcf,0x50,
0x00,0x00,0x0f,0xf3,0x00,0x0c,0xf5,0x00,0x00,0x00,0xff,0x30,0x00,0xcf,0x50,0x00,0x00,0x0f,0xf3,0x00,
0x0c,0xf5,0x00,0x00,0x00,0xff,0x30,0x00,0xcf,0x50,0x00,0x00,0x0f,0xf3,0x00,0x0c,0xf5,0x00,0x00,0x00,
0xff,0x30,0x00,0xcf,0x50,0x00,0x00,0x0f,0xf3,0x00,0x0c,0xf5,0x00,0x00,0x00,0xff,0x30,0x00,0xaf,0xa0,
0x00,0x00,0x00,0x0b,0xfa,0x00,0x00,0xaf,0xa0,0x00,0x00,0x00,0x0b,0xfa,0x00,0x00,0xaf,0xa0,0x00,0x00,
0x00,0x0b,0xfa,0x00,0xaf,0xff,0xff,0xff,0xff,0xff,0xff,0xff,0xf9,0xaf,0xff,0xff,0xff,0xff,0xff,0xff,
0xff,0xf9,0x00,0xaf,0xa0,0x00,0x00,0x00,0x0b,0xfa,0x00,0x00,0xaf,0xa0,0x00,0x00,0x00,0x0b,0xfa,0x00,
0x00,0xaf,0xff,0xff,0xff,0xff,0xff,0xfa,0x00,0x00,0xaf,0xff,0xff,0xff,0xff,0xff,0xfa,0x00,0x00,0xaf,
0xb1,0x11,0x11,0x11,0x1b,0xfa,0x00,0x00,0xaf,0xa0,0x00,0x00,0x00,0x0b,0xfa,0x00,0x00,0xaf,0xa0,0x00,
0x00,0x00,0x0b,0xfa,0x00,0x00,0xaf,0xa0,0x00,0x00,0x00,0x0b,0xfa,0x00,0x00,0xaf,0xa0,0x00,0x00,0x00,
0x0b,0xfa,0x00,0x00,0xaf,0xa0,0x00,0x00,0x00,0x0b,0xfa,0x00,0x00,0xaf,0xa0,0x00,0x00,0x00,0x0b,0xfa,
0x00,0x00,0xaf,0xa0,0x00,0x00,0x00,0x0b,0xfa,0x00,0x00,0xaf,0xa0,0x00,0x00,0x00,0x0b,0xfa,0x00,0x02,
0xff,0x10,0x00,0x00,0x00,0x09,0xff,0xff,0xff,0xf3,0x00,0x00,0x9f,0xff,0xff,0xff,0x30,0x00,0x00,0x2f,
0xf1,0x00,0x00,0x00,0x00,0x02,0xff,0x10,0x00,0x00,0x00,0x00,0x2f,0xf1,0x2a,0xef,0xd7,0x00,0x02,0xff,
0x4e,0xff,0xff,0xfa,0x00,0x2f,0xfe,0xb3,0x01,0x8f,0xf4,0x02,0xff,0xc0,0x00,0x00,0xcf,0x90,0x2f,0xf5,
0x00,0x00,0x07,0xfc,0x02,0xff,0x20,0x00,0x00,0x5f,0xd0,0x2f,0xf1,0x00,0x00,0x04,0xfd,0x02,0xff,0x10,
0x00,0x00,0x4f,0xd0,0x2f,0xf1,0x00,0x00,0x04,0xfd,0x02,0xff,0x10,0x00,0x00,0x4f,0xd0,0x2f,0xf1,0x00,
0x00,0x04,0xfd,0x02,0xff,0x10,0x00,0x00,0x4f,0xd0,0x2f,0xf1,0x00,0x00,0x04,0xfd,0x02,0xff,0x10,0x00,
0x00,0x4f,0xd0,0x04,0xbb,0x50,0x2c,0x41,0xec,0xcf,0xcc,0xf2,0x3d,0x30,0x5b,0xc5,0x00,0x00,0x00,0x00,
0x00,0x00,0x00,0x00,0x00,0x00,0x00,0xaf,0xb0,0x00,0x00,0x0a,0xfb,0x00,0x00,0x00,0xaf,0xb0,0x00,0x00,
0x0a,0xfb,0x00,0x00,0x00,0xaf,0xb0,0x00,0x00,0x0a,0xfb,0x00,0x00,0x00,0xaf,0xb0,0x00,0x00,0x0a,0xfb,
0x00,0x00,0x00,0xaf,0xb0,0x00,0x00,0x0a,0xfb,0x00,0x00,0x00,0xaf,0xb0,0x00,0x00,0x0a,0xfb,0x00,0x00,
0x00,0xaf,0xb0,0x00,0x00,0x0a,0xfb,0x00,0x00,0x00,0xaf,0xb0,0x00,0x00,0x0a,0xfb,0x00,0x00,0x00,0xaf,
0xb0,0x00,0x00,0x0a,0xfb,0x00,0x00,0x01,0x54,0x00,0x27,0x10,0xcf,0xf9,0x06,0xf1,0x5f,0x58,0xfb,0xdc,
0x07,0xf0,0x06,0xed,0x30,0x00,0x00,0x00,0x00,0x00,0x00,0x00,0x00,0x00,0x00,0x0b,0xf6,0x00,0x00,0x00,
0xbf,0x60,0x00,0x00,0x0b,0xf6,0x00,0x00,0x00,0xbf,0x60,0x00,0x00,0x0b,0xf6,0x00,0x00,0x00,0xbf,0x60,
0x00,0x00,0x0b,0xf6,0x00,0x00,0x00,0xbf,0x60,0x00,0x00,0x0b,0xf6,0x00,0x00,0x00,0xbf,0x60,0x00,0x00,
0x0b,0xf6,0x00,0x00,0x00,0xbf,0x60,0x00,0x00,0x0b,0xf6,0x00,0x00,0x00,0xbf,0x60,0x00,0xcc,0xcc,0xcc,
0xc1,0xff,0xff,0xff,0xf1,0x00,0x00,0x00,0x00,0x00,0x00,0x00,0x00,0x00,0x00,0x00,0x00,0x00,0xaf,0xb0,
0x00,0x00,0xaf,0xb0,0x00,0x00,0xaf,0xb0,0x00,0x00,0xaf,0xb0,0x00,0x00,0xaf,0xb0,0x00,0x00,0xaf,0xb0,
0x00,0x00,0xaf,0xb0,0x00,0x00,0xaf,0xb0,0x00,0x00,0xaf,0xb0,0x00,0x00,0xaf,0xb0,0x00,0x00,0xaf,0xb0,
0x00,0x00,0xaf,0xb0,0x00,0x00,0xaf,0xb0,0x00,0x00,0xaf,0xb0,0x00,0x00,0xaf,0xb0,0x00,0x00,0xaf,0xb0,
0x00,0x00,0xaf,0xb0,0x00,0x00,0xaf,0xb0,0x00,0x3f,0xff,0xff,0xfd,0x2c,0xcc,0xcc,0xca,0x00,0x00,0x00,
0x00,0x00,0x00,0x00,0x00,0x00,0x00,0x00,0x00,0x00,0x0b,0xf6,0x00,0x00,0x0b,0xf6,0x00,0x00,0x0b,0xf6,
0x00,0x00,0x0b,0xf6,0x00,0x00,0x0b,0xf6,0x00,0x00,0x0b,0xf6,0x00,0x00,0x0b,0xf6,0x00,0x00,0x0b,0xf6,
0x00,0x00,0x0b,0xf6,0x00,0x00,0x0b,0xf6,0x00,0x00,0x0b,0xf6,0x00,0x00,0x0b,0xf6,0x00,0x00,0x0b,0xf6,
0x00,0x00,0x0b,0xf6,0x00,0x0e,0xa2,0x02,0x9f,0x10,0x7f,0xff,0xff,0x80,0x00,0x37,0x98,0x40,0x00,0x00,
0x00,0x00,0x00,0x00,0x00,0x00,0x00,0x00,0x00,0xaf,0xb0,0x00,0x00,0x0a,0xfb,0x00,0x00,0x00,0xaf,0xb0,
0x00,0x00,0x0a,0xfb,0x00,0x00,0x00,0xaf,0xb0,0x00,0x00,0x0a,0xfb,0x00,0x00,0x00,0xaf,0xb0,0x00,0x00,
0x0a,0xfb,0x00,0x00,0x00,0xaf,0xb0,0x00,0x00,0x0a,0xfb,0x00,0x00,0x00,0xaf,0xb0,0x00,0x00,0x0a,0xfb,
0x00,0x00,0x00,0xaf,0xb0,0x00,0x00,0x0a,0xfb,0x00,0x00,0x00,0xaf,0xb0,0x00,0x00,0x0a,0xfb,0x00,0x00,
0x00,0xaf,0xb0,0x00,0x00,0x0a,0xfb,0x00,0x00,0x28,0x10,0x00,0x47,0x02,0xfa,0x20,0x3d,0xc0,0x08,0xff,
0xff,0xf4,0x00,0x04,0x8a,0x82,0x00,0x00,0x00,0x00,0x00,0x00,0x00,0x00,0x00,0x00,0x00,0x0b,0xf6,0x00,
0x00,0x00,0xbf,0x60,0x00,0x00,0x0b,0xf6,0x00,0x00,0x00,0xbf,0x60,0x00,0x00,0x0b,0xf6,0x00,0x00,0x00,
0xbf,0x60,0x00,0x00,0x0b,0xf6,0x00,0x00,0x00,0xbf,0x60,0x00,0x00,0x0b,0xf6,0x00,0x00,0x00,0xbf,0x60,
0x00,0x00,0x0b,0xf6,0x00,0x00,0x00,0xbf,0x60,0x00,0x00,0x0b,0xf6,0x00,0x00,0x00,0xbf,0x60,0x00,0xaf,
0xb0,0x0a,0xfb,0x00,0xaf,0xb0,0x0a,0xfb,0x00,0xaf,0xb0,0x0a,0xfb,0x00,0xaf,0xb0,0x0a,0xfb,0x00,0xaf,
0xb0,0x0a,0xfb,0x00,0xaf,0xb0,0x0a,0xfb,0x00,0xaf,0xb0,0x0a,0xfb,0x00,0xaf,0xb0,0x0a,0xfb,0x00,0xaf,
0xb0,0x0a,0xfb,0x00,0x2e,0x60,0x09,0xe0,0x00,0xdb,0x00,0x0c,0xf9,0x95,0x3c,0xee,0x50,0x0b,0xf6,0x00,
0x0b,0xf6,0x00,0x09,0xd5,0x00,0x00,0x00,0x00,0x00,0x00,0x00,0x0b,0xf6,0x00,0x0b,0xf6,0x00,0x0b,0xf6,
0x00,0x0b,0xf6,0x00,0x0b,0xf6,0x00,0x0b,0xf6,0x00,0x0b,0xf6,0x00,0x0b,0xf6,0x00,0x0b,0xf6,0x00,0x0b,
0xf6,0x00,0x0b,0xf6,0x00,0x0b,0xf6,0x00,0x0b,0xf6,0x00,0x0b,0xf6,0x00,0x05,0xf2,0x00,0x0e,0x90,0x00,
0x3f,0x70,0x00,0x1f,0xe8,0xa2,0x06,0xdf,0xd1,0xaf,0xba,0xfb,0x58,0x60,0x00,0x00,0x0a,0xfb,0xaf,0xba,
0xfb,0xaf,0xba,0xfb,0xaf,0xba,0xfb,0xaf,0xba,0xfb,0xaf,0xba,0xfb,0xaf,0xba,0xfb,0xaf,0xba,0xfb,0xaf,
0xba,0xfb,0xaf,0xb0,0xbf,0x6b,0xf6,0xbf,0x6b,0xf6,0xbf,0x6b,0xf6,0xbf,0x6b,0xf6,0xbf,0x6b,0xf6,0xbf,
0x6b,0xf6,0xbf,0x6b,0xf6,0xaf,0xb0,0x00,0x08,0xfc,0xaf,0xb0,0x00,0x08,0xfc,0xaf,0xb0,0x00,0x08,0xfc,
0xaf,0xb0,0x00,0x08,0xfc,0xaf,0xb0,0x00,0x08,0xfc,0xaf,0xb0,0x00,0x08,0xfc,0xaf,0xb0,0x00,0x08,0xfc,
0xaf,0xb0,0x00,0x08,0xfc,0xaf,0xb0,0x00,0x08,0xfc,0xaf,0xb0,0x00,0x08,0xfc,0xaf,0xb0,0x00,0x08,0xfc,
0xaf,0xb0,0x00,0x08,0xfc,0xaf,0xb0,0x00,0x08,0xfc,0xaf,0xb0,0x00,0x08,0xfc,0xaf,0xb0,0x00,0x08,0xfc,
0xaf,0xb0,0x00,0x08,0xfc,0xaf,0xb0,0x00,0x08,0xfc,0xaf,0xb0,0x00,0x09,0xfb,0x00,0x00,0x00,0x0a,0xfa,
0x00,0x00,0x00,0x1e,0xf8,0x00,0x00,0x13,0xbf,0xf3,0x00,0x02,0xff,0xff,0x80,0x00,0x02,0xfe,0xc6,0x00,
0xbf,0x60,0x00,0x1f,0xf1,0xbf,0x60,0x00,0x1f,0xf1,0x9d,0x50,0x00,0x1d,0xd1,0x00,0x00,0x00,0x00,0x00,
0x00,0x00,0x00,0x00,0x00,0xbf,0x60,0x00,0x1f,0xf1,0xbf,0x60,0x00,0x1f,0xf1,0xbf,0x60,0x00,0x1f,0xf1,
0xbf,0x60,0x00,0x1f,0xf1,0xbf,0x60,0x00,0x1f,0xf1,0xbf,0x60,0x00,0x1f,0xf1,0xbf,0x60,0x00,0x1f,0xf1,
0xbf,0x60,0x00,0x1f,0xf1,0xbf,0x60,0x00,0x1f,0xf1,0xbf,0x60,0x00,0x1f,0xf1,0xbf,0x60,0x00,0x1f,0xf1,
0xbf,0x60,0x00,0x1f,0xf1,0xbf,0x60,0x00,0x1f,0xf1,0xbf,0x60,0x00,0x1f,0xf1,0x00,0x00,0x00,0x1f,0xf1,
0x00,0x00,0x00,0x3f,0xe0,0x00,0x00,0x00,0x9f,0xb0,0x00,0x00,0xbf,0xff,0x50,0x00,0x00,0xcf,0xc5,0x00,
0x00,0x01,0xdf,0xe2,0x00,0x00,0x0c,0xe4,0xdc,0x10,0x00,0x9e,0x20,0x2d,0xa0,0x00,0x00,0x00,0x00,0x00,
0x00,0x00,0x00,0x00,0x00,0x00,0x00,0xaf,0xb0,0x00,0x00,0x00,0xaf,0xb0,0x00,0x00,0x00,0xaf,0xb0,0x00,
0x00,0x00,0xaf,0xb0,0x00,0x00,0x00,0xaf,0xb0,0x00,0x00,0x00,0xaf,0xb0,0x00,0x00,0x00,0xaf,0xb0,0x00,
0x00,0x00,0xaf,0xb0,0x00,0x00,0x00,0xaf,0xb0,0x00,0x00,0x00,0xaf,0xb0,0x00,0x00,0x00,0xaf,0xb0,0x00,
0x00,0x00,0xaf,0xb0,0x00,0x00,0x00,0xaf,0xb0,0x00,0x00,0x00,0xaf,0xb0,0x00,0x00,0x00,0xaf,0xb0,0x00,
0x00,0x00,0xaf,0xb0,0x00,0x00,0x00,0xaf,0xb0,0x00,0x00,0x00,0xaf,0xa0,0x00,0x00,0x00,0xcf,0x90,0x00,
0x00,0x01,0xff,0x60,0x00,0x01,0x4c,0xff,0x20,0x00,0x4f,0xff,0xf7,0x00,0x00,0x4f,0xeb,0x50,0x00,0x00,
0x00,0x0c,0xf8,0x00,0x00,0x07,0xfd,0xf3,0x00,0x02,0xfa,0x1e,0xc0,0x00,0xbd,0x10,0x4f,0x70,0x28,0x30,
0x00,0x57,0x00,0x00,0x00,0x00,0x00,0x00,0x0b,0xf6,0x00,0x00,0x00,0xbf,0x60,0x00,0x00,0x0b,0xf6,0x00,
0x00,0x00,0xbf,0x60,0x00,0x00,0x0b,0xf6,0x00,0x00,0x00,0xbf,0x60,0x00,0x00,0x0b,0xf6,0x00,0x00,0x00,
0xbf,0x60,0x00,0x00,0x0b,0xf6,0x00,0x00,0x00,0xbf,0x60,0x00,0x00,0x0b,0xf6,0x00,0x00,0x00,0xbf,0x60,
0x00,0x00,0x0b,0xf6,0x00,0x00,0x00,0xbf,0x60,0x00,0x00,0x0b,0xf6,0x00,0x00,0x00,0xdf,0x50,0x00,0x00,
0x5f,0xf2,0x00,0x06,0xef,0xfa,0x00,0x00,0x7f,0xd8,0x10,0x00,0x00,0xaf,0xb0,0x00,0x00,0x01,0xdf,0xe3,
0x0a,0xfb,0x00,0x00,0x02,0xdf,0xe2,0x00,0xaf,0xb0,0x00,0x02,0xdf,0xd2,0x00,0x0a,0xfb,0x00,0x02,0xdf,
0xd2,0x00,0x00,0xaf,0xb0,0x02,0xef,0xd2,0x00,0x00,0x0a,0xfb,0x03,0xef,0xd1,0x00,0x00,0x00,0xaf,0xb3,
0xef,0xc1,0x00,0x00,0x00,0x0a,0xfd,0xef,0xc1,0x00,0x00,0x00,0x00,0xaf,0xff,0xf3,0x00,0x00,0x00,0x00,
0x0a,0xfd,0xef,0xd2,0x00,0x00,0x00,0x00,0xaf,0xb3,0xef,0xd2,0x00,0x00,0x00,0x0a,0xfb,0x03,0xef,0xd1,
0x00,0x00,0x00,0xaf,0xb0,0x04,0xef,0xd1,0x00,0x00,0x0a,0xfb,0x00,0x04,0xff,0xc1,0x00,0x00,0xaf,0xb0,
0x00,0x04,0xff,0xc1,0x00,0x0a,0xfb,0x00,0x00,0x05,0xff,0xc1,0x00,0xaf,0xb0,0x00,0x00,0x05,0xff,0xb1,
0x0a,0xfb,0x00,0x00,0x00,0x06,0xff,0xb0,0x00,0x00,0x00,0x00,0x00,0x00,0x00,0x00,0x00,0x00,0x00,0x00,
0x00,0x00,0x00,0x00,0x00,0x00,0x9f,0xb0,0x00,0x00,0x00,0x00,0x00,0x0d,0xf4,0x00,0x00,0x00,0x00,0x00,
0x01,0xfc,0x00,0x00,0x00,0x00,0x00,0x00,0x4e,0x40,0x00,0x00,0x00,0xcf,0x50,0x00,0x00,0x00,0x00,0xcf,
0x50,0x00,0x00,0x00,0x00,0xcf,0x50,0x00,0x00,0x00,0x00,0xcf,0x50,0x00,0x00,0x00,0x00,0xcf,0x50,0x00,
0x00,0x00,0x00,0xcf,0x50,0x00,0x01,0xbf,0xd2,0xcf,0x50,0x00,0x1b,0xfd,0x20,0xcf,0x50,0x01,0xcf,0xc1,
0x00,0xcf,0x50,0x2d,0xfb,0x10,0x00,0xcf,0x52,0xdf,0xb1,0x00,0x00,0xcf,0x8e,0xfa,0x00,0x00,0x00,0xcf,
0xff,0xc0,0x00,0x00,0x00,0xcf,0xaf,0xf8,0x00,0x00,0x00,0xcf,0x55,0xff,0x70,0x00,0x00,0xcf,0x50,0x6f,
0xf7,0x00,0x00,0xcf,0x50,0x06,0xff,0x60,0x00,0xcf,0x50,0x00,0x6f,0xf6,0x00,0xcf,0x50,0x00,0x07,0xff,
0x60,0xcf,0x50,0x00,0x00,0x7f,0xf5,0x00,0x00,0x00,0x00,0x00,0x00,0x00,0x00,0x00,0x00,0x00,0x00,0x00,
0x00,0x0e,0xf7,0x00,0x00,0x00,0x00,0x2f,0xe1,0x00,0x00,0x00,0x00,0x6f,0x70,0x00,0x00,0x00,0x00,0x9d,
0x10,0x00,0x00,0xcf,0x50,0x00,0x01,0xbf,0xd2,0xcf,0x50,0x00,0x1b,0xfd,0x20,0xcf,0x50,0x01,0xcf,0xc1,
0x00,0xcf,0x50,0x2d,0xfc,0x10,0x00,0xcf,0x52,0xdf,0xb1,0x00,0x00,0xcf,0x8d,0xfa,0x00,0x00,0x00,0xcf,
0xff,0xc0,0x00,0x00,0x00,0xcf,0xaf,0xf7,0x00,0x00,0x00,0xcf,0x56,0xff,0x70,0x00,0x00,0xcf,0x50,0x6f,
0xf6,0x00,0x00,0xcf,0x50,0x06,0xff,0x60,0x00,0xcf,0x50,0x00,0x7f,0xf6,0x00,0xcf,0x50,0x00,0x07,0xff,
0x60,0xcf,0x50,0x00,0x00,0x7f,0xf5,0x00,0x7f,0xa0,0x00,0x00,0x00,0x03,0xfb,0x00,0x00,0x00,0x00,0x1d,
0xc1,0x00,0x00,0x00,0x00,0x00,0x00,0x00,0x00,0x00,0x00,0x00,0x00,0x00,0x00,0x00,0x00,0xaf,0xb0,0x00,
0x00,0x00,0x00,0xaf,0xb0,0x00,0x00,0x00,0x00,0xaf,0xb0,0x00,0x00,0x00,0x00,0xaf,0xb0,0x00,0x00,0x00,
0x00,0xaf,0xb0,0x00,0x00,0x00,0x00,0xaf,0xb0,0x00,0x00,0x00,0x00,0xaf,0xb0,0x00,0x00,0x00,0x00,0xaf,
0xb0,0x00,0x00,0x00,0x00,0xaf,0xb0,0x00,0x00,0x00,0x00,0xaf,0xb0,0x00,0x00,0x00,0x00,0xaf,0xb0,0x00,
0x00,0x00,0x00,0xaf,0xb0,0x00,0x00,0x00,0x00,0xaf,0xb0,0x00,0x00,0x00,0x00,0xaf,0xb0,0x00,0x00,0x00,
0x00,0xaf,0xb0,0x00,0x00,0x00,0x00,0xaf,0xb1,0x11,0x11,0x11,0x10,0xaf,0xff,0xff,0xff,0xff,0xf4,0xaf,
0xff,0xff,0xff,0xff,0xf4,0x00,0xaf,0x60,0x7f,0x80,0x3f,0xa0,0x00,0x00,0x00,0xbf,0x60,0x0b,0xf6,0x00,
0xbf,0x60,0x0b,0xf6,0x00,0xbf,0x60,0x0b,0xf6,0x00,0xbf,0x60,0x0b,0xf6,0x00,0xbf,0x60,0x0b,0xf6,0x00,
0xbf,0x60,0x0b,0xf6,0x00,0xbf,0x60,0x0b,0xf6,0x00,0xbf,0x60,0x0b,0xf6,0x00,0xbf,0x60,0x0b,0xf6,0x00,
0xbf,0x60,0x00,0xaf,0xb0,0x00,0x00,0x00,0x00,0xaf,0xb0,0x00,0x00,0x00,0x00,0xaf,0xb0,0x00,0x00,0x00,
0x00,0xaf,0xb0,0x00,0x00,0x00,0x00,0xaf,0xb0,0x00,0x00,0x00,0x00,0xaf,0xb0,0x00,0x00,0x00,0x00,0xaf,
0xb0,0x00,0x00,0x00,0x00,0xaf,0xb0,0x00,0x00,0x00,0x00,0xaf,0xb0,0x00,0x00,0x00,0x00,0xaf,0xb0,0x00,
0x00,0x00,0x00,0xaf,0xb0,0x00,0x00,0x00,0x00,0xaf,0xb0,0x00,0x00,0x00,0x00,0xaf,0xb0,0x00,0x00,0x00,
0x00,0xaf,0xb0,0x00,0x00,0x00,0x00,0xaf,0xb0,0x00,0x00,0x00,0x00,0xaf,0xb1,0x11,0x11,0x11,0x10,0xaf,
0xff,0xff,0xff,0xff,0xf4,0xaf,0xff,0xff,0xff,0xff,0xf4,0x00,0x00,0x00,0x00,0x00,0x00,0x00,0x00,0x00,
0x00,0x00,0x00,0x00,0x00,0x2f,0xf4,0x00,0x00,0x00,0x00,0x5f,0xb0,0x00,0x00,0x00,0x00,0x9f,0x40,0x00,
0x00,0x00,0x00,0xbb,0x00,0x00,0x00,0x0b,0xf6,0x00,0xbf,0x60,0x0b,0xf6,0x00,0xbf,0x60,0x0b,0xf6,0x00,
0xbf,0x60,0x0b,0xf6,0x00,0xbf,0x60,0x0b,0xf6,0x00,0xbf,0x60,0x0b,0xf6,0x00,0xbf,0x60,0x0b,0xf6,0x00,
0xbf,0x60,0x0b,0xf6,0x00,0xbf,0x60,0x0b,0xf6,0x00,0xbf,0x60,0x0b,0xf6,0x00,0x00,0x00,0x00,0x00,0x00,
0x8f,0xc0,0x0c,0xf4,0x01,0xfc,0x00,0x4e,0x50,0x00,0xaf,0xb0,0x04,0xff,0x10,0x00,0xaf,0xb0,0x06,0xfb,
0x00,0x00,0xaf,0xb0,0x09,0xf7,0x00,0x00,0xaf,0xb0,0x0c,0xf2,0x00,0x00,0xaf,0xb0,0x08,0x80,0x00,0x00,
0xaf,0xb0,0x00,0x00,0x00,0x00,0xaf,0xb0,0x00,0x00,0x00,0x00,0xaf,0xb0,0x00,0x00,0x00,0x00,0xaf,0xb0,
0x00,0x00,0x00,0x00,0xaf,0xb0,0x00,0x00,0x00,0x00,0xaf,0xb0,0x00,0x00,0x00,0x00,0xaf,0xb0,0x00,0x00,
0x00,0x00,0xaf,0xb0,0x00,0x00,0x00,0x00,0xaf,0xb0,0x00,0x00,0x00,0x00,0xaf,0xb0,0x00,0x00,0x00,0x00,
0xaf,0xb1,0x11,0x11,0x11,0x10,0xaf,0xff,0xff,0xff,0xff,0xf4,0xaf,0xff,0xff,0xff,0xff,0xf4,0xbf,0x60,
0x6f,0xdb,0xf6,0x09,0xf8,0xbf,0x60,0xcf,0x4b,0xf6,0x0e,0xe0,0xbf,0x61,0x96,0x0b,0xf6,0x00,0x00,0xbf,
0x60,0x00,0x0b,0xf6,0x00,0x00,0xbf,0x60,0x00,0x0b,0xf6,0x00,0x00,0xbf,0x60,0x00,0x0b,0xf6,0x00,0x00,
0xbf,0x60,0x00,0x0b,0xf6,0x00,0x00,0xbf,0x60,0x00,0x0b,0xf6,0x00,0x00,0xbf,0x60,0x00,0x0b,0xf6,0x00,
0x00,0xbf,0x60,0x00,0x00,0xaf,0xb0,0x00,0x00,0x00,0x00,0xaf,0xb0,0x00,0x00,0x00,0x00,0xaf,0xb0,0x00,
0x00,0x00,0x00,0xaf,0xb0,0x00,0x00,0x00,0x00,0xaf,0xb0,0x00,0x00,0x00,0x00,0xaf,0xb0,0x00,0x00,0x00,
0x00,0xaf,0xb0,0x00,0x0d,0xf9,0x00,0xaf,0xb0,0x00,0x0d,0xf9,0x00,0xaf,0xb0,0x00,0x0d,0xf9,0x00,0xaf,
0xb0,0x00,0x01,0x21,0x00,0xaf,0xb0,0x00,0x00,0x00,0x00,0xaf,0xb0,0x00,0x00,0x00,0x00,0xaf,0xb0,0x00,
0x00,0x00,0x00,0xaf,0xb0,0x00,0x00,0x00,0x00,0xaf,0xb0,0x00,0x00,0x00,0x00,0xaf,0xb1,0x11,0x11,0x11,
0x10,0xaf,0xff,0xff,0xff,0xff,0xf4,0xaf,0xff,0xff,0xff,0xff,0xf4,0xbf,0x60,0x00,0xbf,0x60,0x00,0xbf,
0x60,0x00,0xbf,0x60,0x00,0xbf,0x60,0x00,0xbf,0x60,0x00,0xbf,0x60,0x00,0xbf,0x6e,0xf8,0xbf,0x6e,0xf8,
0xbf,0x6e,0xf8,0xbf,0x61,0x21,0xbf,0x60,0x00,0xbf,0x60,0x00,0xbf,0x60,0x00,0xbf,0x60,0x00,0xbf,0x60,
0x00,0xbf,0x60,0x00,0xbf,0x60,0x00,0xbf,0x60,0x00,0x00,0x08,0xfd,0x00,0x00,0x00,0x00,0x00,0x00,0x8f,
0xd0,0x00,0x00,0x00,0x00,0x00,0x08,0xfd,0x00,0x00,0x00,0x00,0x00,0x00,0x8f,0xd0,0x00,0x00,0x00,0x00,
0x00,0x08,0xfd,0x00,0x01,0x00,0x00,0x00,0x00,0x8f,0xd0,0x07,0xe1,0x00,0x00,0x00,0x08,0xfd,0x2b,0xfc,
0x20,0x00,0x00,0x00,0x8f,0xee,0xf8,0x00,0x00,0x00,0x00,0x08,0xff,0xd4,0x00,0x00,0x00,0x00,0x03,0xdf,
0xe1,0x00,0x00,0x00,0x00,0x07,0xff,0xfd,0x00,0x00,0x00,0x00,0x00,0xdc,0xaf,0xd0,0x00,0x00,0x00,0x00,
0x02,0x08,0xfd,0x00,0x00,0x00,0x00,0x00,0x00,0x8f,0xd0,0x00,0x00,0x00,0x00,0x00,0x08,0xfd,0x00,0x00,
0x00,0x00,0x00,0x00,0x8f,0xd1,0x11,0x11,0x11,0x10,0x00,0x08,0xff,0xff,0xff,0xff,0xff,0x60,0x00,0x8f,
0xff,0xff,0xff,0xff,0xf6,0x00,0xaf,0x70,0x00,0x0a,0xf7,0x00,0x00,0xaf,0x70,0x00,0x0a,0xf7,0x00,0x00,
0xaf,0x70,0x00,0x0a,0xf7,0x00,0x00,0xaf,0x76,0x20,0x0a,0xfe,0xf9,0x00,0xaf,0xf8,0x00,0x7f,0xf8,0x00,
0xaf,0xff,0x70,0x06,0x7a,0xf7,0x00,0x00,0xaf,0x70,0x00,0x0a,0xf7,0x00,0x00,0xaf,0x70,0x00,0x0a,0xf7,
0x00,0x00,0xaf,0x70,0x00,0x0a,0xf7,0x00,0x00,0xaf,0x70,0x00,0x00,0x00,0x00,0x7f,0xa0,0x00,0x00,0x00,
0x00,0x03,0xfb,0x00,0x00,0x00,0x00,0x00,0x1d,0xd1,0x00,0x00,0x00,0x00,0x00,0x00,0x00,0x00,0x00,0x00,
0x00,0x00,0x00,0x00,0x00,0x00,0x00,0xaf,0xfc,0x00,0x00,0x00,0x0b,0xf9,0xaf,0xff,0x50,0x00,0x00,0x0b,
0xf9,0xaf,0xff,0xc0,0x00,0x00,0x0b,0xf9,0xaf,0xbe,0xf5,0x00,0x00,0x0b,0xf9,0xaf,0xa8,0xfd,0x00,0x00,
0x0b,0xf9,0xaf,0xa1,0xef,0x60,0x00,0x0b,0xf9,0xaf,0xa0,0x8f,0xd0,0x00,0x0b,0xf9,0xaf,0xa0,0x1e,0xf6,
0x00,0x0b,0xf9,0xaf,0xa0,0x07,0xfd,0x00,0x0b,0xf9,0xaf,0xa0,0x01,0xef,0x70,0x0b,0xf9,0xaf,0xa0,0x00,
0x7f,0xe1,0x0b,0xf9,0xaf,0xa0,0x00,0x1e,0xf7,0x0b,0xf9,0xaf,0xa0,0x00,0x06,0xfe,0x1b,0xf9,0xaf,0xa0,
0x00,0x00,0xdf,0x7b,0xf9,0xaf,0xa0,0x00,0x00,0x6f,0xec,0xf9,0xaf,0xa0,0x00,0x00,0x0d,0xff,0xf9,0xaf,
0xa0,0x00,0x00,0x06,0xff,0xf9,0xaf,0xa0,0x00,0x00,0x00,0xdf,0xf9,0x00,0x00,0x01,0xdf,0x50,0x00,0x00,
0x00,0x0a,0xf7,0x00,0x00,0x00,0x00,0x6f,0x90,0x00,0x00,0x00,0x03,0xfb,0x00,0x00,0x00,0x00,0x05,0x71,
0x00,0x00,0x00,0x00,0x00,0x00,0x00,0x00,0x00,0xcf,0x51,0x8d,0xfe,0xa2,0x00,0xcf,0x6c,0xff,0xff,0xfe,
0x10,0xcf,0xed,0x40,0x15,0xef,0x90,0xcf,0xf2,0x00,0x00,0x7f,0xe0,0xcf,0xa0,0x00,0x00,0x2f,0xf1,0xcf,
0x70,0x00,0x00,0x0f,0xf2,0xcf,0x50,0x00,0x00,0x0f,0xf3,0xcf,0x50,0x00,0x00,0x0f,0xf3,0xcf,0x50,0x00,
0x00,0x0f,0xf3,0xcf,0x50,0x00,0x00,0x0f,0xf3,0xcf,0x50,0x00,0x00,0x0f,0xf3,0xcf,0x50,0x00,0x00,0x0f,
0xf3,0xcf,0x50,0x00,0x00,0x0f,0xf3,0xcf,0x50,0x00,0x00,0x0f,0xf3,0xaf,0xfc,0x00,0x00,0x00,0x0b,0xf9,
0xaf,0xff,0x50,0x00,0x00,0x0b,0xf9,0xaf,0xff,0xc0,0x00,0x00,0x0b,0xf9,0xaf,0xbe,0xf5,0x00,0x00,0x0b,
0xf9,0xaf,0xa8,0xfd,0x00,0x00,0x0b,0xf9,0xaf,0xa1,0xef,0x60,0x00,0x0b,0xf9,0xaf,0xa0,0x8f,0xd0,0x00,
0x0b,0xf9,0xaf,0xa0,0x1e,0xf6,0x00,0x0b,0xf9,0xaf,0xa0,0x07,0xfd,0x00,0x0b,0xf9,0xaf,0xa0,0x01,0xef,
0x70,0x0b,0xf9,0xaf,0xa0,0x00,0x7f,0xe1,0x0b,0xf9,0xaf,0xa0,0x00,0x1e,0xf7,0x0b,0xf9,0xaf,0xa0,0x00,
0x06,0xfe,0x1b,0xf9,0xaf,0xa0,0x00,0x00,0xdf,0x7b,0xf9,0xaf,0xa0,0x00,0x00,0x6f,0xec,0xf9,0xaf,0xa0,
0x00,0x00,0x0d,0xff,0xf9,0xaf,0xa0,0x00,0x00,0x06,0xff,0xf9,0xaf,0xa0,0x00,0x00,0x00,0xdf,0xf9,0x00,
0x00,0x00,0x00,0x00,0x00,0x00,0x00,0x00,0x00,0x00,0x00,0x00,0x00,0x00,0x00,0x00,0xef,0x60,0x00,0x00,
0x00,0x00,0x02,0xfe,0x00,0x00,0x00,0x00,0x00,0x06,0xf7,0x00,0x00,0x00,0x00,0x00,0x09,0xd1,0x00,0x00,
0x00,0xcf,0x51,0x8d,0xfe,0xa2,0x00,0xcf,0x6c,0xff,0xff,0xfe,0x10,0xcf,0xed,0x40,0x15,0xef,0x90,0xcf,
0xf2,0x00,0x00,0x7f,0xe0,0xcf,0xa0,0x00,0x00,0x2f,0xf1,0xcf,0x70,0x00,0x00,0x0f,0xf2,0xcf,0x50,0x00,
0x00,0x0f,0xf3,0xcf,0x50,0x00,0x00,0x0f,0xf3,0xcf,0x50,0x00,0x00,0x0f,0xf3,0xcf,0x50,0x00,0x00,0x0f,
0xf3,0xcf,0x50,0x00,0x00,0x0f,0xf3,0xcf,0x50,0x00,0x00,0x0f,0xf3,0xcf,0x50,0x00,0x00,0x0f,0xf3,0xcf,
0x50,0x00,0x00,0x0f,0xf3,0x00,0x00,0x00,0x00,0x00,0x00,0x00,0x00,0x00,0x00,0x00,0x00,0x00,0x00,0x4f,
0xf2,0x00,0x00,0x00,0x00,0x7f,0x90,0x00,0x00,0x00,0x00,0xbf,0x20,0x00,0x00,0x00,0x00,0xd9,0x00,0x00,
0x00,0x00,0x05,0xf6,0x00,0xae,0x20,0x00,0x00,0x00,0x7f,0x6a,0xf4,0x00,0x00,0x00,0x00,0x0a,0xff,0x60,
0x00,0x00,0x00,0x00,0x00,0x00,0x00,0x00,0x00,0x00,0x00,0x00,0x00,0x00,0x00,0x00,0xaf,0xfc,0x00,0x00,
0x00,0x0b,0xf9,0xaf,0xff,0x50,0x00,0x00,0x0b,0xf9,0xaf,0xff,0xc0,0x00,0x00,0x0b,0xf9,0xaf,0xbe,0xf5,
0x00,0x00,0x0b,0xf9,0xaf,0xa8,0xfd,0x00,0x00,0x0b,0xf9,0xaf,0xa1,0xef,0x60,0x00,0x0b,0xf9,0xaf,0xa0,
0x8f,0xd0,0x00,0x0b,0xf9,0xaf,0xa0,0x1e,0xf6,0x00,0x0b,0xf9,0xaf,0xa0,0x07,0xfd,0x00,0x0b,0xf9,0xaf,
0xa0,0x01,0xef,0x70,0x0b,0xf9,0xaf,0xa0,0x00,0x7f,0xe1,0x0b,0xf9,0xaf,0xa0,0x00,0x1e,0xf7,0x0b,0xf9,
0xaf,0xa0,0x00,0x06,0xfe,0x1b,0xf9,0xaf,0xa0,0x00,0x00,0xdf,0x7b,0xf9,0xaf,0xa0,0x00,0x00,0x6f,0xec,
0xf9,0xaf,0xa0,0x00,0x00,0x0d,0xff,0xf9,0xaf,0xa0,0x00,0x00,0x06,0xff,0xf9,0xaf,0xa0,0x00,0x00,0x00,
0xdf,0xf9,0x00,0xbd,0x10,0x09,0xe2,0x00,0x00,0x2f,0x90,0x4f,0x70,0x00,0x00,0x08,0xf6,0xec,0x00,0x00,
0x00,0x01,0xdf,0xf3,0x00,0x00,0x00,0x00,0x49,0x60,0x00,0x00,0x00,0x00,0x00,0x00,0x00,0x00,0xcf,0x51,
0x8d,0xfe,0xa2,0x00,0xcf,0x6c,0xff,0xff,0xfe,0x10,0xcf,0xed,0x40,0x15,0xef,0x90,0xcf,0xf2,0x00,0x00,
0x7f,0xe0,0xcf,0xa0,0x00,0x00,0x2f,0xf1,0xcf,0x70,0x00,0x00,0x0f,0xf2,0xcf,0x50,0x00,0x00,0x0f,0xf3,
0xcf,0x50,0x00,0x00,0x0f,0xf3,0xcf,0x50,0x00,0x00,0x0f,0xf3,0xcf,0x50,0x00,0x00,0x0f,0xf3,0xcf,0x50,
0x00,0x00,0x0f,0xf3,0xcf,0x50,0x00,0x00,0x0f,0xf3,0xcf,0x50,0x00,0x00,0x0f,0xf3,0xcf,0x50,0x00,0x00,
0x0f,0xf3,0x0a,0xfd,0x00,0x00,0x00,0x00,0x00,0x00,0x0a,0xfc,0x00,0x00,0x00,0x00,0x00,0x00,0x0c,0xf7,
0x00,0x00,0x00,0x00,0x00,0x00,0x1f,0xe1,0x00,0x00,0x00,0x00,0x00,0x00,0x4f,0x80,0xcf,0x51,0x8d,0xfe,
0x92,0x00,0x6b,0x10,0xcf,0x6c,0xff,0xff,0xfd,0x10,0x00,0x00,0xcf,0xed,0x40,0x15,0xef,0x90,0x00,0x00,
0xcf,0xf2,0x00,0x00,0x7f,0xe0,0x00,0x00,0xcf,0xa0,0x00,0x00,0x2f,0xf1,0x00,0x00,0xcf,0x70,0x00,0x00,
0x0f,0xf2,0x00,0x00,0xcf,0x50,0x00,0x00,0x0f,0xf3,0x00,0x00,0xcf,0x50,0x00,0x00,0x0f,0xf3,0x00,0x00,
0xcf,0x50,0x00,0x00,0x0f,0xf3,0x00,0x00,0xcf,0x50,0x00,0x00,0x0f,0xf3,0x00,0x00,0xcf,0x50,0x00,0x00,
0x0f,0xf3,0x00,0x00,0xcf,0x50,0x00,0x00,0x0f,0xf3,0x00,0x00,0xcf,0x50,0x00,0x00,0x0f,0xf3,0x00,0x00,
0xcf,0x50,0x00,0x00,0x0f,0xf3,0xaf,0xb0,0x17,0xce,0xeb,0x50,0x00,0xaf,0xb1,0xcf,0xff,0xff,0xf8,0x00,
0xaf,0xbb,0xfc,0x87,0x9e,0xff,0x40,0xaf,0xff,0x60,0x00,0x03,0xef,0xb0,0xaf,0xf9,0x00,0x00,0x00,0x8f,
0xf0,0xaf,0xf2,0x00,0x00,0x00,0x4f,0xf3,0xaf,0xd0,0x00,0x00,0x00,0x2f,0xf4,0xaf,0xb0,0x00,0x00,0x00,
0x1f,0xf4,0xaf,0xb0,0x00,0x00,0x00,0x1f,0xf4,0xaf,0xb0,0x00,0x00,0x00,0x1f,0xf4,0xaf,0xb0,0x00,0x00,
0x00,0x1f,0xf4,0xaf,0xb0,0x00,0x00,0x00,0x1f,0xf4,0xaf,0xb0,0x00,0x00,0x00,0x1f,0xf4,0xaf,0xb0,0x00,
0x00,0x00,0x1f,0xf4,0xaf,0xb0,0x00,0x00,0x00,0x1f,0xf4,0xaf,0xb0,0x00,0x00,0x00,0x1f,0xf4,0xaf,0xb0,
0x00,0x00,0x00,0x1f,0xf4,0xaf,0xb0,0x00,0x00,0x00,0x1f,0xf4,0x00,0x00,0x00,0x00,0x00,0x1f,0xf4,0x00,
0x00,0x00,0x00,0x00,0x2f,0xf3,0x00,0x00,0x00,0x00,0x00,0x9f,0xe1,0x00,0x00,0x00,0x00,0xaf,0xff,0x80,
0x00,0x00,0x00,0x00,0xbf,0xd7,0x00,0xcf,0x51,0x8d,0xfe,0xa2,0x00,0xcf,0x6c,0xff,0xff,0xfe,0x20,0xcf,
0xed,0x40,0x15,0xef,0x90,0xcf,0xf2,0x00,0x00,0x7f,0xe0,0xcf,0xa0,0x00,0x00,0x2f,0xf1,0xcf,0x70,0x00,
0x00,0x0f,0xf2,0xcf,0x50,0x00,0x00,0x0f,0xf3,0xcf,0x50,0x00,0x00,0x0f,0xf3,0xcf,0x50,0x00,0x00,0x0f,
0xf3,0xcf,0x50,0x00,0x00,0x0f,0xf3,0xcf,0x50,0x00,0x00,0x0f,0xf3,0xcf,0x50,0x00,0x00,0x0f,0xf3,0xcf,
0x50,0x00,0x00,0x0f,0xf3,0xcf,0x50,0x00,0x00,0x0f,0xf3,0x00,0x00,0x00,0x00,0x0f,0xf2,0x00,0x00,0x00,
0x00,0x1f,0xf1,0x00,0x00,0x00,0x00,0x8f,0xd0,0x00,0x00,0xbe,0xef,0xff,0x60,0x00,0x00,0xcf,0xff,0xc6,
0x00,0x00,0x00,0x1c,0xcc,0xcc,0xcc,0x00,0x00,0x00,0x00,0x01,0xff,0xff,0xff,0xf0,0x00,0x00,0x00,0x00,
0x00,0x00,0x00,0x00,0x00,0x00,0x00,0x00,0x00,0x00,0x00,0x00,0x00,0x00,0x00,0x00,0x00,0x00,0x00,0x00,
0x00,0x00,0x00,0x00,0x00,0x01,0x7c,0xef,0xeb,0x71,0x00,0x00,0x00,0x06,0xef,0xff,0xff,0xff,0xe5,0x00,
0x00,0x07,0xff,0xd5,0x10,0x26,0xdf,0xf5,0x00,0x03,0xff,0xb0,0x00,0x00,0x01,0xcf,0xe2,0x00,0xbf,0xe1,
0x00,0x00,0x00,0x02,0xef,0x90,0x2f,0xf7,0x00,0x00,0x00,0x00,0x09,0xff,0x16,0xff,0x20,0x00,0x00,0x00,
0x00,0x4f,0xf4,0x8f,0xe0,0x00,0x00,0x00,0x00,0x01,0xff,0x79,0xfd,0x00,0x00,0x00,0x00,0x00,0x0f,0xf8,
0x9f,0xd0,0x00,0x00,0x00,0x00,0x00,0xff,0x88,0xfe,0x00,0x00,0x00,0x00,0x00,0x1f,0xf7,0x6f,0xf2,0x00,
0x00,0x00,0x00,0x04,0xff,0x42,0xff,0x70,0x00,0x00,0x00,0x00,0x9f,0xf1,0x0b,0xfd,0x10,0x00,0x00,0x00,
0x2e,0xf9,0x00,0x3f,0xfb,0x00,0x00,0x00,0x1c,0xfe,0x20,0x00,0x7f,0xfd,0x51,0x02,0x6d,0xff,0x50,0x00,
0x00,0x6e,0xff,0xff,0xff,0xfe,0x50,0x00,0x00,0x00,0x17,0xce,0xfe,0xb7,0x10,0x00,0x00,0x00,0x2f,0xff,
0xff,0xfd,0x00,0x00,0x02,0xcc,0xcc,0xcc,0xa0,0x00,0x00,0x00,0x00,0x00,0x00,0x00,0x00,0x00,0x00,0x00,
0x00,0x00,0x00,0x00,0x00,0x00,0x00,0x00,0x00,0x00,0x00,0x5b,0xef,0xda,0x30,0x00,0x00,0xaf,0xff,0xef,
0xff,0x60,0x00,0x8f,0xf7,0x10,0x2a,0xff,0x30,0x1e,0xf7,0x00,0x00,0x0c,0xfb,0x05,0xfe,0x10,0x00,0x00,
0x5f,0xf1,0x8f,0xb0,0x00,0x00,0x01,0xff,0x4a,0xf9,0x00,0x00,0x00,0x0e,0xf5,0xaf,0xa0,0x00,0x00,0x00,
0xef,0x58,0xfc,0x00,0x00,0x00,0x1f,0xf4,0x5f,0xe1,0x00,0x00,0x05,0xff,0x11,0xef,0x80,0x00,0x00,0xcf,
0xb0,0x08,0xff,0x71,0x02,0xaf,0xf3,0x00,0x0a,0xff,0xfe,0xff,0xf6,0x00,0x00,0x05,0xbe,0xfd,0xa3,0x00,
0x00,0x00,0x00,0x18,0x20,0x00,0x38,0x00,0x00,0x00,0x00,0x00,0xeb,0x20,0x3c,0xd0,0x00,0x00,0x00,0x00,
0x06,0xff,0xff,0xf5,0x00,0x00,0x00,0x00,0x00,0x03,0x79,0x72,0x00,0x00,0x00,0x00,0x00,0x00,0x00,0x00,
0x00,0x00,0x00,0x00,0x00,0x00,0x00,0x00,0x00,0x00,0x00,0x00,0x00,0x00,0x17,0xce,0xfe,0xb7,0x10,0x00,
0x00,0x00,0x6e,0xff,0xff,0xff,0xfe,0x50,0x00,0x00,0x7f,0xfd,0x51,0x02,0x6d,0xff,0x50,0x00,0x3f,0xfb,
0x00,0x00,0x00,0x1c,0xfe,0x20,0x0b,0xfe,0x10,0x00,0x00,0x00,0x2e,0xf9,0x02,0xff,0x70,0x00,0x00,0x00,
0x00,0x9f,0xf1,0x6f,0xf2,0x00,0x00,0x00,0x00,0x04,0xff,0x48,0xfe,0x00,0x00,0x00,0x00,0x00,0x1f,0xf7,
0x9f,0xd0,0x00,0x00,0x00,0x00,0x00,0xff,0x89,0xfd,0x00,0x00,0x00,0x00,0x00,0x0f,0xf8,0x8f,0xe0,0x00,
0x00,0x00,0x00,0x01,0xff,0x76,0xff,0x20,0x00,0x00,0x00,0x00,0x4f,0xf4,0x2f,0xf7,0x00,0x00,0x00,0x00,
0x09,0xff,0x10,0xbf,0xd1,0x00,0x00,0x00,0x02,0xef,0x90,0x03,0xff,0xb0,0x00,0x00,0x01,0xcf,0xe2,0x00,
0x07,0xff,0xd5,0x10,0x26,0xdf,0xf5,0x00,0x00,0x06,0xef,0xff,0xff,0xff,0xe5,0x00,0x00,0x00,0x01,0x7c,
0xef,0xeb,0x71,0x00,0x00,0x00,0x3f,0x30,0x00,0x8e,0x00,0x00,0x00,0xec,0x21,0x4e,0xa0,0x00,0x00,0x06,
0xff,0xff,0xe2,0x00,0x00,0x00,0x03,0x89,0x71,0x00,0x00,0x00,0x00,0x00,0x00,0x00,0x00,0x00,0x00,0x00,
0x00,0x00,0x00,0x00,0x00,0x05,0xbe,0xfd,0xa3,0x00,0x00,0x0a,0xff,0xfe,0xff,0xf6,0x00,0x08,0xff,0x71,
0x02,0xaf,0xf3,0x01,0xef,0x70,0x00,0x00,0xcf,0xb0,0x5f,0xe1,0x00,0x00,0x05,0xff,0x18,0xfb,0x00,0x00,
0x00,0x1f,0xf4,0xaf,0x90,0x00,0x00,0x00,0xef,0x5a,0xfa,0x00,0x00,0x00,0x0e,0xf5,0x8f,0xc0,0x00,0x00,
0x01,0xff,0x45,0xfe,0x10,0x00,0x00,0x5f,0xf1,0x1e,0xf8,0x00,0x00,0x0c,0xfb,0x00,0x8f,0xf7,0x10,0x2a,
0xff,0x30,0x00,0xaf,0xff,0xef,0xff,0x60,0x00,0x00,0x5b,0xef,0xda,0x30,0x00,0x00,0x00,0x00,0x02,0x32,
0x02,0x31,0x00,0x00,0x00,0x00,0x02,0xee,0x23,0xfd,0x10,0x00,0x00,0x00,0x00,0xbf,0x30,0xce,0x30,0x00,
0x00,0x00,0x00,0x7f,0x60,0x9f,0x40,0x00,0x00,0x00,0x00,0x00,0x00,0x00,0x00,0x00,0x00,0x00,0x00,0x00,
0x00,0x00,0x00,0x00,0x00,0x00,0x00,0x00,0x17,0xce,0xfe,0xb7,0x10,0x00,0x00,0x00,0x6e,0xff,0xff,0xff,
0xfe,0x50,0x00,0x00,0x7f,0xfd,0x51,0x02,0x6d,0xff,0x50,0x00,0x3f,0xfb,0x00,0x00,0x00,0x1c,0xfe,0x20,
0x0b,0xfe,0x10,0x00,0x00,0x00,0x2e,0xf9,0x02,0xff,0x70,0x00,0x00,0x00,0x00,0x9f,0xf1,0x6f,0xf2,0x00,
0x00,0x00,0x00,0x04,0xff,0x48,0xfe,0x00,0x00,0x00,0x00,0x00,0x1f,0xf7,0x9f,0xd0,0x00,0x00,0x00,0x00,
0x00,0xff,0x89,0xfd,0x00,0x00,0x00,0x00,0x00,0x0f,0xf8,0x8f,0xe0,0x00,0x00,0x00,0x00,0x01,0xff,0x76,
0xff,0x20,0x00,0x00,0x00,0x00,0x4f,0xf4,0x2f,0xf7,0x00,0x00,0x00,0x00,0x09,0xff,0x10,0xbf,0xd1,0x00,
0x00,0x00,0x02,0xef,0x90,0x03,0xff,0xb0,0x00,0x00,0x01,0xcf,0xe2,0x00,0x07,0xff,0xd5,0x10,0x26,0xdf,
0xf5,0x00,0x00,0x06,0xef,0xff,0xff,0xff,0xe5,0x00,0x00,0x00,0x01,0x7c,0xef,0xeb,0x71,0x00,0x00,0x00,
0x00,0x02,0x97,0x03,0x97,0x00,0x00,0x00,0x9f,0x40,0xbf,0x40,0x00,0x00,0x2f,0xb0,0x4f,0x90,0x00,0x00,
0x09,0xf2,0x0c,0xe1,0x00,0x00,0x01,0xf9,0x05,0xf5,0x00,0x00,0x00,0x00,0x00,0x00,0x00,0x00,0x00,0x00,
0x00,0x00,0x00,0x00,0x00,0x00,0x5b,0xef,0xda,0x30,0x00,0x00,0xaf,0xff,0xef,0xff,0x60,0x00,0x8f,0xf7,
0x10,0x2a,0xff,0x30,0x1e,0xf7,0x00,0x00,0x0c,0xfb,0x05,0xfe,0x10,0x00,0x00,0x5f,0xf1,0x8f,0xb0,0x00,
0x00,0x01,0xff,0x4a,0xf9,0x00,0x00,0x00,0x0e,0xf5,0xaf,0xa0,0x00,0x00,0x00,0xef,0x58,0xfc,0x00,0x00,
0x00,0x1f,0xf4,0x5f,0xe1,0x00,0x00,0x05,0xff,0x11,0xef,0x80,0x00,0x00,0xcf,0xb0,0x08,0xff,0x71,0x02,
0xaf,0xf3,0x00,0x0a,0xff,0xfe,0xff,0xf6,0x00,0x00,0x05,0xbe,0xfd,0xa3,0x00,0x00,0x00,0x00,0x02,0x7a,
0xde,0xff,0xff,0xff,0xff,0xff,0xff,0xe0,0x00,0x02,0xbf,0xff,0xff,0xff,0xff,0xff,0xff,0xff,0xff,0xe0,
0x00,0x4e,0xff,0xb6,0x32,0x13,0xff,0x41,0x11,0x11,0x11,0x10,0x02,0xef,0xd4,0x00,0x00,0x02,0xff,0x40,
0x00,0x00,0x00,0x00,0x0a,0xfe,0x30,0x00,0x00,0x02,0xff,0x40,0x00,0x00,0x00,0x00,0x2f,0xf8,0x00,0x00,
0x00,0x02,0xff,0x40,0x00,0x00,0x00,0x00,0x6f,0xf3,0x00,0x00,0x00,0x02,0xff,0x40,0x00,0x00,0x00,0x00,
0x8f,0xe0,0x00,0x00,0x00,0x02,0xff,0xff,0xff,0xff,0xff,0x80,0x9f,0xd0,0x00,0x00,0x00,0x02,0xff,0xff,
0xff,0xff,0xff,0x80,0x9f,0xd0,0x00,0x00,0x00,0x02,0xff,0x41,0x11,0x11,0x11,0x10,0x8f,0xe0,0x00,0x00,
0x00,0x02,0xff,0x40,0x00,0x00,0x00,0x00,0x6f,0xf3,0x00,0x00,0x00,0x02,0xff,0x40,0x00,0x00,0x00,0x00,
0x2f,0xf8,0x00,0x00,0x00,0x02,0xff,0x40,0x00,0x00,0x00,0x00,0x0a,0xfe,0x30,0x00,0x00,0x02,0xff,0x40,
0x00,0x00,0x00,0x00,0x02,0xef,0xe4,0x00,0x00,0x02,0xff,0x40,0x00,0x00,0x00,0x00,0x00,0x4e,0xff,0xb6,
0x32,0x13,0xff,0x41,0x11,0x11,0x11,0x10,0x00,0x02,0xbf,0xff,0xff,0xff,0xff,0xff,0xff,0xff,0xff,0xf2,
0x00,0x00,0x02,0x7b,0xde,0xff,0xff,0xff,0xff,0xff,0xff,0xf2,0x00,0x05,0xbe,0xfd,0x93,0x00,0x04,0xad,
0xfe,0xb4,0x00,0x00,0x0a,0xff,0xfe,0xff,0xf5,0x0a,0xff,0xfe,0xff,0xf9,0x00,0x08,0xff,0x71,0x02,0xaf,
0xfc,0xfd,0x51,0x01,0x6e,0xf6,0x01,0xef,0x70,0x00,0x00,0xcf,0xfe,0x20,0x00,0x00,0x6f,0xd0,0x5f,0xe1,
0x00,0x00,0x05,0xff,0xa0,0x00,0x00,0x01,0xff,0x28,0xfb,0x00,0x00,0x00,0x1f,0xfd,0xbb,0xbb,0xbb,0xbf,
0xf4,0xaf,0x90,0x00,0x00,0x00,0xef,0xff,0xff,0xff,0xff,0xff,0x4a,0xfa,0x00,0x00,0x00,0x0e,0xf6,0x00,
0x00,0x00,0x00,0x00,0x8f,0xc0,0x00,0x00,0x01,0xff,0x90,0x00,0x00,0x00,0x00,0x05,0xfe,0x10,0x00,0x00,
0x5f,0xfd,0x00,0x00,0x00,0x00,0x00,0x1e,0xf8,0x00,0x00,0x0c,0xff,0xf7,0x00,0x00,0x00,0x01,0x00,0x8f,
0xf7,0x10,0x2a,0xfe,0x9f,0xf9,0x20,0x01,0x49,0xb0,0x00,0xaf,0xff,0xef,0xfe,0x40,0x8f,0xff,0xee,0xff,
0xfc,0x00,0x00,0x5b,0xef,0xd9,0x20,0x00,0x39,0xde,0xfd,0xa6,0x10,0x00,0x00,0x01,0xee,0x30,0x00,0x00,
0x00,0x00,0x0b,0xf4,0x00,0x00,0x00,0x00,0x00,0x8f,0x50,0x00,0x00,0x00,0x00,0x00,0x00,0x00,0x00,0x00,
0x00,0x00,0x00,0x00,0x00,0x00,0x00,0x00,0xaf,0xff,0xff,0xed,0x92,0x00,0x00,0xaf,0xff,0xff,0xff,0xff,
0x50,0x00,0xaf,0xb0,0x01,0x26,0xef,0xe2,0x00,0xaf,0xb0,0x00,0x00,0x4f,0xf7,0x00,0xaf,0xb0,0x00,0x00,
0x0e,0xf9,0x00,0xaf,0xb0,0x00,0x00,0x0e,0xf9,0x00,0xaf,0xb0,0x00,0x00,0x3f,0xf7,0x00,0xaf,0xb0,0x00,
0x15,0xdf,0xf2,0x00,0xaf,0xff,0xff,0xff,0xff,0x60,0x00,0xaf,0xff,0xff,0xff,0xe3,0x00,0x00,0xaf,0xb0,
0x01,0x3a,0xfd,0x10,0x00,0xaf,0xb0,0x00,0x00,0xbf,0xa0,0x00,0xaf,0xb0,0x00,0x00,0x2f,0xf4,0x00,0xaf,
0xb0,0x00,0x00,0x0a,0xfc,0x00,0xaf,0xb0,0x00,0x00,0x03,0xff,0x40,0xaf,0xb0,0x00,0x00,0x00,0xbf,0xb0,
0xaf,0xb0,0x00,0x00,0x00,0x4f,0xf4,0xaf,0xb0,0x00,0x00,0x00,0x0c,0xfb,0x00,0x00,0x01,0xdf,0x50,0x00,
0x00,0xaf,0x70,0x00,0x00,0x6f,0x90,0x00,0x00,0x3f,0xb0,0x00,0x00,0x05,0x71,0x00,0x00,0x00,0x00,0x00,
0x00,0xcf,0x51,0x8d,0xfd,0x0c,0xf6,0xdf,0xff,0xd0,0xcf,0xee,0x51,0x13,0x0c,0xff,0x30,0x00,0x00,0xcf,
0xa0,0x00,0x00,0x0c,0xf7,0x00,0x00,0x00,0xcf,0x50,0x00,0x00,0x0c,0xf5,0x00,0x00,0x00,0xcf,0x50,0x00,
0x00,0x0c,0xf5,0x00,0x00,0x00,0xcf,0x50,0x00,0x00,0x0c,0xf5,0x00,0x00,0x00,0xcf,0x50,0x00,0x00,0x0c,
0xf5,0x00,0x00,0x00,0xaf,0xff,0xff,0xed,0x92,0x00,0x00,0xaf,0xff,0xff,0xff,0xff,0x50,0x00,0xaf,0xb0,
0x01,0x26,0xef,0xe2,0x00,0xaf,0xb0,0x00,0x00,0x4f,0xf7,0x00,0xaf,0xb0,0x00,0x00,0x0e,0xf9,0x00,0xaf,
0xb0,0x00,0x00,0x0e,0xf9,0x00,0xaf,0xb0,0x00,0x00,0x3f,0xf7,0x00,0xaf,0xb0,0x00,0x15,0xdf,0xf2,0x00,
0xaf,0xff,0xff,0xff,0xff,0x60,0x00,0xaf,0xff,0xff,0xff,0xe3,0x00,0x00,0xaf,0xb0,0x01,0x3a,0xfd,0x10,
0x00,0xaf,0xb0,0x00,0x00,0xbf,0xa0,0x00,0xaf,0xb0,0x00,0x00,0x2f,0xf4,0x00,0xaf,0xb0,0x00,0x00,0x0a,
0xfc,0x00,0xaf,0xb0,0x00,0x00,0x03,0xff,0x40,0xaf,0xb0,0x00,0x00,0x00,0xbf,0xb0,0xaf,0xb0,0x00,0x00,
0x00,0x4f,0xf4,0xaf,0xb0,0x00,0x00,0x00,0x0c,0xfb,0x00,0x00,0x00,0x00,0x00,0x00,0x00,0x00,0x00,0x00,
0x00,0x00,0x00,0x00,0x00,0x00,0x00,0xbf,0x90,0x00,0x00,0x00,0x00,0x00,0xef,0x20,0x00,0x00,0x00,0x00,
0x03,0xf9,0x00,0x00,0x00,0x00,0x00,0x06,0xe2,0x00,0x00,0x00,0x0c,0xf5,0x18,0xdf,0xd0,0xcf,0x6d,0xff,
0xfd,0x0c,0xfe,0xe5,0x11,0x30,0xcf,0xf3,0x00,0x00,0x0c,0xfa,0x00,0x00,0x00,0xcf,0x70,0x00,0x00,0x0c,
0xf5,0x00,0x00,0x00,0xcf,0x50,0x00,0x00,0x0c,0xf5,0x00,0x00,0x00,0xcf,0x50,0x00,0x00,0x0c,0xf5,0x00,
0x00,0x00,0xcf,0x50,0x00,0x00,0x0c,0xf5,0x00,0x00,0x00,0xcf,0x50,0x00,0x00,0x00,0x00,0x00,0x00,0x00,
0x00,0x00,0x00,0x00,0x0a,0xfb,0x00,0x00,0x00,0xdf,0x30,0x00,0x00,0x2f,0xb0,0x00,0x00,0x05,0xe3,0x00,
0x00,0x00,0x00,0xad,0x20,0x2e,0x90,0x00,0x00,0x00,0x1c,0xd4,0xec,0x00,0x00,0x00,0x00,0x02,0xef,0xd1,
0x00,0x00,0x00,0x00,0x00,0x00,0x00,0x00,0x00,0x00,0x00,0x00,0x00,0x00,0x00,0x00,0x00,0xaf,0xff,0xff,
0xed,0x92,0x00,0x00,0xaf,0xff,0xff,0xff,0xff,0x50,0x00,0xaf,0xb0,0x01,0x26,0xef,0xe2,0x00,0xaf,0xb0,
0x00,0x00,0x4f,0xf7,0x00,0xaf,0xb0,0x00,0x00,0x0e,0xf9,0x00,0xaf,0xb0,0x00,0x00,0x0e,0xf9,0x00,0xaf,
0xb0,0x00,0x00,0x3f,0xf7,0x00,0xaf,0xb0,0x00,0x15,0xdf,0xf2,0x00,0xaf,0xff,0xff,0xff,0xff,0x60,0x00,
0xaf,0xff,0xff,0xff,0xe3,0x00,0x00,0xaf,0xb0,0x01,0x3a,0xfd,0x10,0x00,0xaf,0xb0,0x00,0x00,0xbf,0xa0,
0x00,0xaf,0xb0,0x00,0x00,0x2f,0xf4,0x00,0xaf,0xb0,0x00,0x00,0x0a,0xfc,0x00,0xaf,0xb0,0x00,0x00,0x03,
0xff,0x40,0xaf,0xb0,0x00,0x00,0x00,0xbf,0xb0,0xaf,0xb0,0x00,0x00,0x00,0x4f,0xf4,0xaf,0xb0,0x00,0x00,
0x00,0x0c,0xfb,0x2e,0x80,0x01,0xdb,0x00,0x7f,0x40,0xae,0x20,0x00,0xce,0x7f,0x70,0x00,0x03,0xff,0xc0,
0x00,0x00,0x05,0x83,0x00,0x00,0x00,0x00,0x00,0x00,0xcf,0x51,0x8d,0xfd,0x0c,0xf6,0xdf,0xff,0xd0,0xcf,
0xee,0x51,0x13,0x0c,0xff,0x30,0x00,0x00,0xcf,0xa0,0x00,0x00,0x0c,0xf7,0x00,0x00,0x00,0xcf,0x50,0x00,
0x00,0x0c,0xf5,0x00,0x00,0x00,0xcf,0x50,0x00,0x00,0x0c,0xf5,0x00,0x00,0x00,0xcf,0x50,0x00,0x00,0x0c,
0xf5,0x00,0x00,0x00,0xcf,0x50,0x00,0x00,0x0c,0xf5,0x00,0x00,0x00,0x00,0x00,0x00,0x06,0x83,0x00,0x00,
0x00,0x00,0x06,0xfa,0x00,0x00,0x00,0x00,0x03,0xeb,0x00,0x00,0x00,0x00,0x00,0x57,0x10,0x00,0x00,0x00,
0x00,0x00,0x00,0x00,0x00,0x00,0x00,0x00,0x00,0x00,0x00,0x00,0x00,0x06,0xbe,0xfe,0xda,0x62,0x00,0x2c,
0xff,0xff,0xff,0xff,0xd0,0x0c,0xff,0x83,0x11,0x26,0xbc,0x03,0xff,0x50,0x00,0x00,0x00,0x10,0x6f,0xf0,
0x00,0x00,0x00,0x00,0x06,0xff,0x10,0x00,0x00,0x00,0x00,0x2f,0xfa,0x10,0x00,0x00,0x00,0x00,0xaf,0xfe,
0xa7,0x30,0x00,0x00,0x00,0x8e,0xff,0xff,0xfb,0x40,0x00,0x00,0x15,0x9c,0xff,0xff,0x80,0x00,0x00,0x00,
0x01,0x5d,0xff,0x50,0x00,0x00,0x00,0x00,0x1e,0xfb,0x00,0x00,0x00,0x00,0x00,0xaf,0xd0,0x00,0x00,0x00,
0x00,0x0a,0xfd,0x33,0x00,0x00,0x00,0x02,0xef,0xa5,0xfb,0x63,0x11,0x26,0xdf,0xf4,0x5f,0xff,0xff,0xff,
0xff,0xf6,0x00,0x27,0xad,0xff,0xec,0x82,0x00,0x00,0x00,0x00,0x06,0x84,0x00,0x00,0x00,0x05,0xfc,0x10,
0x00,0x00,0x02,0xee,0x20,0x00,0x00,0x00,0xcf,0x30,0x00,0x00,0x00,0x8f,0x50,0x00,0x00,0x00,0x00,0x00,
0x00,0x00,0x00,0x00,0x00,0x00,0x00,0x00,0x06,0xce,0xfe,0xc9,0x30,0x0b,0xff,0xfe,0xff,0xf9,0x05,0xfe,
0x50,0x00,0x16,0x70,0x9f,0x90,0x00,0x00,0x00,0x08,0xfa,0x00,0x00,0x00,0x00,0x4f,0xfb,0x51,0x00,0x00,
0x00,0x7f,0xff,0xfd,0x82,0x00,0x00,0x27,0xbe,0xff,0xf5,0x00,0x00,0x00,0x04,0xbf,0xe1,0x00,0x00,0x00,
0x01,0xff,0x40,0x00,0x00,0x00,0x0e,0xf4,0xa9,0x41,0x00,0x2a,0xfe,0x1b,0xff,0xfe,0xef,0xff,0x50,0x27,
0xbd,0xef,0xd9,0x20,0x00,0x00,0x00,0x04,0x87,0x00,0x00,0x00,0x00,0x03,0xfc,0xfa,0x00,0x00,0x00,0x02,
0xeb,0x05,0xf7,0x00,0x00,0x00,0x57,0x10,0x04,0x71,0x00,0x00,0x00,0x00,0x00,0x00,0x00,0x00,0x00,0x00,
0x00,0x00,0x00,0x00,0x00,0x06,0xbe,0xfe,0xda,0x62,0x00,0x2c,0xff,0xff,0xff,0xff,0xd0,0x0c,0xff,0x83,
0x11,0x26,0xbc,0x03,0xff,0x50,0x00,0x00,0x00,0x10,0x6f,0xf0,0x00,0x00,0x00,0x00,0x06,0xff,0x10,0x00,
0x00,0x00,0x00,0x2f,0xfa,0x10,0x00,0x00,0x00,0x00,0xaf,0xfe,0xa7,0x30,0x00,0x00,0x00,0x8e,0xff,0xff,
0xfb,0x40,0x00,0x00,0x15,0x9c,0xff,0xff,0x80,0x00,0x00,0x00,0x01,0x5d,0xff,0x50,0x00,0x00,0x00,0x00,
0x1e,0xfb,0x00,0x00,0x00,0x00,0x00,0xaf,0xd0,0x00,0x00,0x00,0x00,0x0a,0xfd,0x33,0x00,0x00,0x00,0x02,
0xef,0xa5,0xfb,0x63,0x11,0x26,0xdf,0xf4,0x5f,0xff,0xff,0xff,0xff,0xf6,0x00,0x27,0xad,0xff,0xec,0x82,
0x00,0x00,0x00,0x48,0x30,0x00,0x00,0x00,0x2e,0xfd,0x10,0x00,0x00,0x0b,0xe6,0xf9,0x00,0x00,0x05,0xf6,
0x08,0xf3,0x00,0x01,0xea,0x00,0x0c,0xc0,0x00,0x00,0x00,0x00,0x00,0x00,0x00,0x00,0x00,0x00,0x00,0x00,
0x06,0xce,0xfe,0xc9,0x30,0x0b,0xff,0xfe,0xff,0xf9,0x05,0xfe,0x50,0x00,0x16,0x70,0x9f,0x90,0x00,0x00,
0x00,0x08,0xfa,0x00,0x00,0x00,0x00,0x4f,0xfb,0x51,0x00,0x00,0x00,0x7f,0xff,0xfd,0x82,0x00,0x00,0x27,
0xbe,0xff,0xf5,0x00,0x00,0x00,0x04,0xbf,0xe1,0x00,0x00,0x00,0x01,0xff,0x40,0x00,0x00,0x00,0x0e,0xf4,
0xa9,0x41,0x00,0x2a,0xfe,0x1b,0xff,0xfe,0xef,0xff,0x50,0x27,0xbd,0xef,0xd9,0x20,0x00,0x00,0x06,0xbe,
0xfe,0xda,0x62,0x00,0x2c,0xff,0xff,0xff,0xff,0xd0,0x0c,0xff,0x83,0x11,0x26,0xbc,0x03,0xff,0x50,0x00,
0x00,0x00,0x10,0x6f,0xf0,0x00,0x00,0x00,0x00,0x06,0xff,0x10,0x00,0x00,0x00,0x00,0x2f,0xfa,0x10,0x00,
0x00,0x00,0x00,0xaf,0xfe,0xa7,0x30,0x00,0x00,0x00,0x8e,0xff,0xff,0xfb,0x40,0x00,0x00,0x15,0x9c,0xff,
0xff,0x80,0x00,0x00,0x00,0x01,0x5d,0xff,0x50,0x00,0x00,0x00,0x00,0x1e,0xfb,0x00,0x00,0x00,0x00,0x00,
0xaf,0xd0,0x00,0x00,0x00,0x00,0x0a,0xfd,0x33,0x00,0x00,0x00,0x02,0xef,0xa5,0xfb,0x63,0x11,0x26,0xdf,
0xf4,0x5f,0xff,0xff,0xff,0xff,0xf6,0x00,0x27,0xad,0xff,0xfc,0x82,0x00,0x00,0x00,0x00,0x4f,0x40,0x00,
0x00,0x00,0x00,0x00,0xdb,0x00,0x00,0x00,0x00,0x30,0x2e,0xd0,0x00,0x00,0x00,0x0e,0xff,0xf8,0x00,0x00,
0x00,0x00,0x47,0x74,0x00,0x00,0x00,0x00,0x6c,0xef,0xec,0x93,0x00,0xbf,0xff,0xef,0xff,0x90,0x5f,0xe5,
0x00,0x01,0x67,0x09,0xf9,0x00,0x00,0x00,0x00,0x8f,0xa0,0x00,0x00,0x00,0x04,0xff,0xb5,0x10,0x00,0x00,
0x07,0xff,0xff,0xd8,0x20,0x00,0x02,0x7b,0xef,0xff,0x50,0x00,0x00,0x00,0x4b,0xfe,0x10,0x00,0x00,0x00,
0x1f,0xf4,0x00,0x00,0x00,0x00,0xef,0x4a,0x94,0x10,0x02,0xaf,0xe1,0xbf,0xff,0xee,0xff,0xf5,0x02,0x7b,
0xdf,0xff,0x92,0x00,0x00,0x00,0x09,0xd0,0x00,0x00,0x00,0x00,0x3f,0x60,0x00,0x00,0x22,0x06,0xf7,0x00,
0x00,0x05,0xff,0xff,0x30,0x00,0x00,0x16,0x76,0x20,0x00,0x00,0x00,0x05,0x70,0x00,0x57,0x00,0x00,0x00,
0x3e,0xa0,0x6f,0x60,0x00,0x00,0x00,0x5f,0xbf,0x80,0x00,0x00,0x00,0x00,0x58,0x70,0x00,0x00,0x00,0x00,
0x00,0x00,0x00,0x00,0x00,0x00,0x00,0x00,0x00,0x00,0x00,0x00,0x06,0xbe,0xfe,0xda,0x62,0x00,0x2c,0xff,
0xff,0xff,0xff,0xd0,0x0c,0xff,0x83,0x11,0x26,0xbc,0x03,0xff,0x50,0x00,0x00,0x00,0x10,0x6f,0xf0,0x00,
0x00,0x00,0x00,0x06,0xff,0x10,0x00,0x00,0x00,0x00,0x2f,0xfa,0x10,0x00,0x00,0x00,0x00,0xaf,0xfe,0xa7,
0x30,0x00,0x00,0x00,0x8e,0xff,0xff,0xfb,0x40,0x00,0x00,0x15,0x9c,0xff,0xff,0x80,0x00,0x00,0x00,0x01,
0x5d,0xff,0x50,0x00,0x00,0x00,0x00,0x1e,0xfb,0x00,0x00,0x00,0x00,0x00,0xaf,0xd0,0x00,0x00,0x00,0x00,
0x0a,0xfd,0x33,0x00,0x00,0x00,0x02,0xef,0xa5,0xfb,0x63,0x11,0x26,0xdf,0xf4,0x5f,0xff,0xff,0xff,0xff,
0xf6,0x00,0x27,0xad,0xff,0xec,0x82,0x00,0x01,0x74,0x00,0x04,0x71,0x00,0x09,0xe2,0x02,0xe9,0x00,0x00,
0x1d,0xc1,0xce,0x10,0x00,0x00,0x5f,0xdf,0x50,0x00,0x00,0x00,0xaf,0xa0,0x00,0x00,0x00,0x00,0x00,0x00,
0x00,0x00,0x00,0x00,0x00,0x00,0x00,0x06,0xce,0xfe,0xc9,0x30,0x0b,0xff,0xfe,0xff,0xf9,0x05,0xfe,0x50,
0x00,0x16,0x70,0x9f,0x90,0x00,0x00,0x00,0x08,0xfa,0x00,0x00,0x00,0x00,0x4f,0xfb,0x51,0x00,0x00,0x00,
0x7f,0xff,0xfd,0x82,0x00,0x00,0x27,0xbe,0xff,0xf5,0x00,0x00,0x00,0x04,0xbf,0xe1,0x00,0x00,0x00,0x01,
0xff,0x40,0x00,0x00,0x00,0x0e,0xf4,0xa9,0x41,0x00,0x2a,0xfe,0x1b,0xff,0xfe,0xef,0xff,0x50,0x27,0xbd,
0xef,0xd9,0x20,0x00,0x1f,0xff,0xff,0xff,0xff,0xff,0xff,0xfb,0x1f,0xff,0xff,0xff,0xff,0xff,0xff,0xfb,
0x01,0x11,0x11,0x1d,0xf8,0x11,0x11,0x11,0x00,0x00,0x00,0x0d,0xf8,0x00,0x00,0x00,0x00,0x00,0x00,0x0d,
0xf8,0x00,0x00,0x00,0x00,0x00,0x00,0x0d,0xf8,0x00,0x00,0x00,0x00,0x00,0x00,0x0d,0xf8,0x00,0x00,0x00,
0x00,0x00,0x00,0x0d,0xf8,0x00,0x00,0x00,0x00,0x00,0x00,0x0d,0xf8,0x00,0x00,0x00,0x00,0x00,0x00,0x0d,
0xf8,0x00,0x00,0x00,0x00,0x00,0x00,0x0d,0xf8,0x00,0x00,0x00,0x00,0x00,0x00,0x0d,0xf8,0x00,0x00,0x00,
0x00,0x00,0x00,0x0d,0xf8,0x00,0x00,0x00,0x00,0x00,0x00,0x0d,0xf8,0x00,0x00,0x00,0x00,0x00,0x00,0x0d,
0xf8,0x00,0x00,0x00,0x00,0x00,0x00,0x0d,0xf8,0x00,0x00,0x00,0x00,0x00,0x00,0x0d,0xf8,0x00,0x00,0x00,
0x00,0x00,0x00,0x0d,0xf8,0x00,0x00,0x00,0x00,0x00,0x00,0x03,0xf4,0x00,0x00,0x00,0x00,0x00,0x00,0x00,
0xad,0x00,0x00,0x00,0x00,0x00,0x00,0x00,0x8f,0x20,0x00,0x00,0x00,0x00,0x08,0x98,0xef,0x10,0x00,0x00,
0x00,0x00,0x08,0xef,0xd5,0x00,0x00,0x00,0x00,0x68,0x30,0x00,0x00,0x0c,0xf6,0x00,0x00,0x00,0xcf,0x60,
0x00,0x00,0x0c,0xf6,0x00,0x00,0x5f,0xff,0xff,0xff,0xd4,0xbe,0xfd,0xbb,0xba,0x00,0xcf,0x60,0x00,0x00,
0x0c,0xf6,0x00,0x00,0x00,0xcf,0x60,0x00,0x00,0x0c,0xf6,0x00,0x00,0x00,0xcf,0x60,0x00,0x00,0x0c,0xf6,
0x00,0x00,0x00,0xcf,0x60,0x00,0x00,0x0b,0xf6,0x00,0x00,0x00,0xbf,0x70,0x00,0x00,0x08,0xfc,0x10,0x00,
0x00,0x3f,0xff,0xdd,0xb0,0x00,0x4b,0xef,0xfd,0x00,0x00,0x07,0xe1,0x00,0x00,0x00,0x0e,0x90,0x00,0x00,
0x00,0xcd,0x00,0x00,0xa8,0xaf,0xb0,0x00,0x0c,0xee,0xb2,0x00,0x00,0x00,0x0c,0xc1,0x04,0xe8,0x00,0x00,
0x00,0x00,0x01,0xdc,0x4e,0xa0,0x00,0x00,0x00,0x00,0x00,0x3e,0xfc,0x10,0x00,0x00,0x00,0x00,0x00,0x00,
0x00,0x00,0x00,0x00,0x00,0x00,0x00,0x00,0x00,0x00,0x00,0x00,0x1f,0xff,0xff,0xff,0xff,0xff,0xff,0xfb,
0x1f,0xff,0xff,0xff,0xff,0xff,0xff,0xfb,0x01,0x11,0x11,0x1d,0xf8,0x11,0x11,0x11,0x00,0x00,0x00,0x0d,
0xf8,0x00,0x00,0x00,0x00,0x00,0x00,0x0d,0xf8,0x00,0x00,0x00,0x00,0x00,0x00,0x0d,0xf8,0x00,0x00,0x00,
0x00,0x00,0x00,0x0d,0xf8,0x00,0x00,0x00,0x00,0x00,0x00,0x0d,0xf8,0x00,0x00,0x00,0x00,0x00,0x00,0x0d,
0xf8,0x00,0x00,0x00,0x00,0x00,0x00,0x0d,0xf8,0x00,0x00,0x00,0x00,0x00,0x00,0x0d,0xf8,0x00,0x00,0x00,
0x00,0x00,0x00,0x0d,0xf8,0x00,0x00,0x00,0x00,0x00,0x00,0x0d,0xf8,0x00,0x00,0x00,0x00,0x00,0x00,0x0d,
0xf8,0x00,0x00,0x00,0x00,0x00,0x00,0x0d,0xf8,0x00,0x00,0x00,0x00,0x00,0x00,0x0d,0xf8,0x00,0x00,0x00,
0x00,0x00,0x00,0x0d,0xf8,0x00,0x00,0x00,0x00,0x00,0x00,0x0d,0xf8,0x00,0x00,0x00,0x00,0x00,0x00,0x49,
0x80,0x00,0x00,0x08,0xfa,0x00,0x00,0x00,0xbf,0x50,0x09,0xc5,0x0e,0xf1,0x00,0xcf,0x61,0xfb,0x00,0x0c,
0xf6,0x00,0x00,0x00,0xcf,0x60,0x00,0x05,0xff,0xff,0xff,0xfd,0x4b,0xef,0xdb,0xbb,0xa0,0x0c,0xf6,0x00,
0x00,0x00,0xcf,0x60,0x00,0x00,0x0c,0xf6,0x00,0x00,0x00,0xcf,0x60,0x00,0x00,0x0c,0xf6,0x00,0x00,0x00,
0xcf,0x60,0x00,0x00,0x0c,0xf6,0x00,0x00,0x00,0xbf,0x60,0x00,0x00,0x0b,0xf7,0x00,0x00,0x00,0x8f,0xc1,
0x00,0x00,0x03,0xff,0xfd,0xdb,0x00,0x04,0xbe,0xff,0xd0,0x1f,0xff,0xff,0xff,0xff,0xff,0xff,0xfb,0x1f,
0xff,0xff,0xff,0xff,0xff,0xff,0xfb,0x01,0x11,0x11,0x1d,0xf8,0x11,0x11,0x11,0x00,0x00,0x00,0x0d,0xf8,
0x00,0x00,0x00,0x00,0x00,0x00,0x0d,0xf8,0x00,0x00,0x00,0x00,0x00,0x00,0x0d,0xf8,0x00,0x00,0x00,0x00,
0x00,0x00,0x0d,0xf8,0x00,0x00,0x00,0x00,0x00,0x00,0x0d,0xf8,0x00,0x00,0x00,0x00,0x00,0x11,0x1d,0xf8,
0x11,0x10,0x00,0x00,0x00,0xff,0xff,0xff,0xff,0x90,0x00,0x00,0x00,0xff,0xff,0xff,0xff,0x90,0x00,0x00,
0x00,0x00,0x0d,0xf8,0x00,0x00,0x00,0x00,0x00,0x00,0x0d,0xf8,0x00,0x00,0x00,0x00,0x00,0x00,0x0d,0xf8,
0x00,0x00,0x00,0x00,0x00,0x00,0x0d,0xf8,0x00,0x00,0x00,0x00,0x00,0x00,0x0d,0xf8,0x00,0x00,0x00,0x00,
0x00,0x00,0x0d,0xf8,0x00,0x00,0x00,0x00,0x00,0x00,0x0d,0xf8,0x00,0x00,0x00,0x00,0x68,0x30,0x00,0x00,
0x0c,0xf6,0x00,0x00,0x00,0xcf,0x60,0x00,0x00,0x0c,0xf6,0x00,0x00,0x5f,0xff,0xff,0xff,0xd4,0xbe,0xfd,
0xbb,0xba,0x00,0xcf,0x60,0x00,0x00,0x0c,0xf6,0x00,0x00,0x00,0xcf,0x60,0x00,0x05,0xff,0xff,0xff,0xfd,
0x4b,0xef,0xdb,0xbb,0x90,0x0c,0xf6,0x00,0x00,0x00,0xcf,0x60,0x00,0x00,0x0b,0xf6,0x00,0x00,0x00,0xbf,
0x70,0x00,0x00,0x08,0xfc,0x10,0x00,0x00,0x3f,0xff,0xdd,0xb0,0x00,0x4b,0xef,0xfd,0x00,0x02,0xac,0x71,
0x0b,0x70,0x00,0x00,0x0c,0xeb,0xfe,0xbf,0x50,0x00,0x00,0x0d,0x60,0x3a,0xc8,0x00,0x00,0x00,0x00,0x00,
0x00,0x00,0x00,0x00,0x00,0x00,0x00,0x00,0x00,0x00,0x00,0xef,0x70,0x00,0x00,0x00,0x0d,0xf7,0xef,0x70,
0x00,0x00,0x00,0x0d,0xf7,0xef,0x70,0x00,0x00,0x00,0x0d,0xf7,0xef,0x70,0x00,0x00,0x00,0x0d,0xf7,0xef,
0x70,0x00,0x00,0x00,0x0d,0xf7,0xef,0x70,0x00,0x00,0x00,0x0d,0xf7,0xef,0x70,0x00,0x00,0x00,0x0d,0xf7,
0xef,0x70,0x00,0x00,0x00,0x0d,0xf7,0xef,0x70,0x00,0x00,0x00,0x0d,0xf7,0xef,0x70,0x00,0x00,0x00,0x0d,
0xf7,0xef,0x70,0x00,0x00,0x00,0x0d,0xf7,0xdf,0x80,0x00,0x00,0x00,0x0e,0xf7,0xcf,0x90,0x00,0x00,0x00,
0x1f,0xf6,0x9f,0xd0,0x00,0x00,0x00,0x4f,0xf3,0x4f,0xf5,0x00,0x00,0x00,0xbf,0xd0,0x0b,0xff,0x72,0x01,
0x4b,0xff,0x50,0x01,0xcf,0xff,0xff,0xff,0xf7,0x00,0x00,0x06,0xbe,0xfe,0xd9,0x30,0x00,0x00,0x05,0x50,
0x00,0x72,0x00,0x00,0xaf,0xfb,0x13,0xf4,0x00,0x02,0xf8,0x6f,0xcc,0xe1,0x00,0x04,0xf3,0x04,0xde,0x60,
0x00,0x00,0x00,0x00,0x00,0x00,0x00,0x00,0x00,0x00,0x00,0x00,0x00,0xef,0x30,0x00,0x00,0x2f,0xf0,0xef,
0x30,0x00,0x00,0x2f,0xf0,0xef,0x30,0x00,0x00,0x2f,0xf0,0xef,0x30,0x00,0x00,0x2f,0xf0,0xef,0x30,0x00,
0x00,0x2f,0xf0,0xef,0x30,0x00,0x00,0x2f,0xf0,0xef,0x30,0x00,0x00,0x2f,0xf0,0xef,0x30,0x00,0x00,0x2f,
0xf0,0xef,0x40,0x00,0x00,0x3f,0xf0,0xdf,0x50,0x00,0x00,0x6f,0xf0,0xbf,0xa0,0x00,0x01,0xdf,0xf0,0x5f,
0xf7,0x10,0x3c,0xef,0xf0,0x0b,0xff,0xff,0xfe,0x4f,0xf0,0x01,0x8d,0xfe,0x92,0x2f,0xf0,0x00,0x09,0xcc,
0xcc,0xcc,0x40,0x00,0x00,0x0b,0xff,0xff,0xff,0x40,0x00,0x00,0x00,0x00,0x00,0x00,0x00,0x00,0x00,0x00,
0x00,0x00,0x00,0x00,0x00,0x00,0x00,0x00,0x00,0x00,0x00,0x00,0xef,0x70,0x00,0x00,0x00,0x0d,0xf7,0xef,
0x70,0x00,0x00,0x00,0x0d,0xf7,0xef,0x70,0x00,0x00,0x00,0x0d,0xf7,0xef,0x70,0x00,0x00,0x00,0x0d,0xf7,
0xef,0x70,0x00,0x00,0x00,0x0d,0xf7,0xef,0x70,0x00,0x00,0x00,0x0d,0xf7,0xef,0x70,0x00,0x00,0x00,0x0d,
0xf7,0xef,0x70,0x00,0x00,0x00,0x0d,0xf7,0xef,0x70,0x00,0x00,0x00,0x0d,0xf7,0xef,0x70,0x00,0x00,0x00,
0x0d,0xf7,0xef,0x70,0x00,0x00,0x00,0x0d,0xf7,0xdf,0x80,0x00,0x00,0x00,0x0e,0xf7,0xcf,0x90,0x00,0x00,
0x00,0x1f,0xf6,0x9f,0xd0,0x00,0x00,0x00,0x4f,0xf3,0x4f,0xf5,0x00,0x00,0x00,0xbf,0xd0,0x0b,0xff,0x72,
0x01,0x4b,0xff,0x50,0x01,0xcf,0xff,0xff,0xff,0xf7,0x00,0x00,0x06,0xbe,0xfe,0xd9,0x30,0x00,0x00,0xff,
0xff,0xff,0xf1,0x00,0x00,0xcc,0xcc,0xcc,0xc1,0x00,0x00,0x00,0x00,0x00,0x00,0x00,0x00,0x00,0x00,0x00,
0x00,0x00,0x00,0x00,0x00,0x00,0x00,0x00,0xef,0x30,0x00,0x00,0x2f,0xf0,0xef,0x30,0x00,0x00,0x2f,0xf0,
0xef,0x30,0x00,0x00,0x2f,0xf0,0xef,0x30,0x00,0x00,0x2f,0xf0,0xef,0x30,0x00,0x00,0x2f,0xf0,0xef,0x30,
0x00,0x00,0x2f,0xf0,0xef,0x30,0x00,0x00,0x2f,0xf0,0xef,0x30,0x00,0x00,0x2f,0xf0,0xef,0x40,0x00,0x00,
0x3f,0xf0,0xdf,0x50,0x00,0x00,0x6f,0xf0,0xbf,0xa0,0x00,0x01,0xdf,0xf0,0x5f,0xf7,0x10,0x3c,0xef,0xf0,
0x0b,0xff,0xff,0xfe,0x4f,0xf0,0x01,0x8d,0xfe,0x92,0x2f,0xf0,0x00,0x06,0x40,0x00,0x07,0x30,0x00,0x00,
0x0a,0xe4,0x01,0x9f,0x30,0x00,0x00,0x02,0xef,0xff,0xfa,0x00,0x00,0x00,0x00,0x16,0x98,0x40,0x00,0x00,
0x00,0x00,0x00,0x00,0x00,0x00,0x00,0x00,0x00,0x00,0x00,0x00,0x00,0x00,0xef,0x70,0x00,0x00,0x00,0x0d,
0xf7,0xef,0x70,0x00,0x00,0x00,0x0d,0xf7,0xef,0x70,0x00,0x00,0x00,0x0d,0xf7,0xef,0x70,0x00,0x00,0x00,
0x0d,0xf7,0xef,0x70,0x00,0x00,0x00,0x0d,0xf7,0xef,0x70,0x00,0x00,0x00,0x0d,0xf7,0xef,0x70,0x00,0x00,
0x00,0x0d,0xf7,0xef,0x70,0x00,0x00,0x00,0x0d,0xf7,0xef,0x70,0x00,0x00,0x00,0x0d,0xf7,0xef,0x70,0x00,
0x00,0x00,0x0d,0xf7,0xef,0x70,0x00,0x00,0x00,0x0d,0xf7,0xdf,0x80,0x00,0x00,0x00,0x0e,0xf7,0xcf,0x90,
0x00,0x00,0x00,0x1f,0xf6,0x9f,0xd0,0x00,0x00,0x00,0x4f,0xf3,0x4f,0xf5,0x00,0x00,0x00,0xbf,0xd0,0x0b,
0xff,0x72,0x01,0x4b,0xff,0x50,0x01,0xcf,0xff,0xff,0xff,0xf7,0x00,0x00,0x06,0xbe,0xfe,0xd9,0x30,0x00,
0x01,0xf6,0x00,0x05,0xf2,0x00,0x00,0xcd,0x30,0x3d,0xd0,0x00,0x00,0x4f,0xff,0xff,0x50,0x00,0x00,0x02,
0x8a,0x83,0x00,0x00,0x00,0x00,0x00,0x00,0x00,0x00,0x00,0x00,0x00,0x00,0x00,0x00,0xef,0x30,0x00,0x00,
0x2f,0xf0,0xef,0x30,0x00,0x00,0x2f,0xf0,0xef,0x30,0x00,0x00,0x2f,0xf0,0xef,0x30,0x00,0x00,0x2f,0xf0,
0xef,0x30,0x00,0x00,0x2f,0xf0,0xef,0x30,0x00,0x00,0x2f,0xf0,0xef,0x30,0x00,0x00,0x2f,0xf0,0xef,0x30,
0x00,0x00,0x2f,0xf0,0xef,0x40,0x00,0x00,0x3f,0xf0,0xdf,0x50,0x00,0x00,0x6f,0xf0,0xbf,0xa0,0x00,0x01,
0xdf,0xf0,0x5f,0xf7,0x10,0x3c,0xef,0xf0,0x0b,0xff,0xff,0xfe,0x4f,0xf0,0x01,0x8d,0xfe,0x92,0x2f,0xf0,
0x00,0x00,0x03,0x76,0x10,0x00,0x00,0x00,0x00,0x6f,0xff,0xd2,0x00,0x00,0x00,0x01,0xea,0x13,0xea,0x00,
0x00,0x00,0x04,0xf2,0x00,0x8e,0x00,0x00,0x00,0x05,0xf2,0x00,0x8e,0x00,0x00,0x00,0x02,0xfa,0x13,0xeb,
0x00,0x00,0xef,0x70,0x8f,0xff,0xe3,0x0d,0xf7,0xef,0x70,0x06,0xa9,0x30,0x0d,0xf7,0xef,0x70,0x00,0x00,
0x00,0x0d,0xf7,0xef,0x70,0x00,0x00,0x00,0x0d,0xf7,0xef,0x70,0x00,0x00,0x00,0x0d,0xf7,0xef,0x70,0x00,
0x00,0x00,0x0d,0xf7,0xef,0x70,0x00,0x00,0x00,0x0d,0xf7,0xef,0x70,0x00,0x00,0x00,0x0d,0xf7,0xef,0x70,
0x00,0x00,0x00,0x0d,0xf7,0xef,0x70,0x00,0x00,0x00,0x0d,0xf7,0xef,0x70,0x00,0x00,0x00,0x0d,0xf7,0xdf,
0x80,0x00,0x00,0x00,0x0e,0xf7,0xcf,0x90,0x00,0x00,0x00,0x1f,0xf6,0x9f,0xd0,0x00,0x00,0x00,0x4f,0xf3,
0x4f,0xf5,0x00,0x00,0x00,0xbf,0xd0,0x0b,0xff,0x72,0x01,0x4b,0xff,0x50,0x01,0xcf,0xff,0xff,0xff,0xf7,
0x00,0x00,0x06,0xbe,0xfe,0xd9,0x30,0x00,0x00,0x00,0x57,0x40,0x00,0x00,0x00,0x0b,0xff,0xfa,0x00,0x00,
0x00,0x7f,0x51,0x6f,0x60,0x00,0x00,0xab,0x00,0x0c,0x90,0x00,0x00,0x9d,0x00,0x1e,0x80,0x00,0x00,0x3f,
0xc8,0xde,0x20,0x00,0x00,0x04,0xce,0xc3,0x00,0x00,0x00,0x00,0x00,0x00,0x00,0x00,0xef,0x30,0x00,0x00,
0x2f,0xf0,0xef,0x30,0x00,0x00,0x2f,0xf0,0xef,0x30,0x00,0x00,0x2f,0xf0,0xef,0x30,0x00,0x00,0x2f,0xf0,
0xef,0x30,0x00,0x00,0x2f,0xf0,0xef,0x30,0x00,0x00,0x2f,0xf0,0xef,0x30,0x00,0x00,0x2f,0xf0,0xef,0x30,
0x00,0x00,0x2f,0xf0,0xef,0x40,0x00,0x00,0x3f,0xf0,0xdf,0x50,0x00,0x00,0x6f,0xf0,0xbf,0xa0,0x00,0x01,
0xdf,0xf0,0x5f,0xf7,0x10,0x3c,0xef,0xf0,0x0b,0xff,0xff,0xfe,0x4f,0xf0,0x01,0x8d,0xfe,0x92,0x2f,0xf0,
0x00,0x00,0x01,0x33,0x01,0x33,0x00,0x00,0x00,0x0b,0xf5,0x0c,0xf4,0x00,0x00,0x00,0x7f,0x80,0x8f,0x70,
0x00,0x00,0x03,0xfa,0x04,0xf9,0x00,0x00,0x00,0x00,0x00,0x00,0x00,0x00,0x00,0x00,0x00,0x00,0x00,0x00,
0x00,0x00,0xef,0x70,0x00,0x00,0x00,0x0d,0xf7,0xef,0x70,0x00,0x00,0x00,0x0d,0xf7,0xef,0x70,0x00,0x00,
0x00,0x0d,0xf7,0xef,0x70,0x00,0x00,0x00,0x0d,0xf7,0xef,0x70,0x00,0x00,0x00,0x0d,0xf7,0xef,0x70,0x00,
0x00,0x00,0x0d,0xf7,0xef,0x70,0x00,0x00,0x00,0x0d,0xf7,0xef,0x70,0x00,0x00,0x00,0x0d,0xf7,0xef,0x70,
0x00,0x00,0x00,0x0d,0xf7,0xef,0x70,0x00,0x00,0x00,0x0d,0xf7,0xef,0x70,0x00,0x00,0x00,0x0d,0xf7,0xdf,
0x80,0x00,0x00,0x00,0x0e,0xf7,0xcf,0x90,0x00,0x00,0x00,0x1f,0xf6,0x9f,0xd0,0x00,0x00,0x00,0x4f,0xf3,
0x4f,0xf5,0x00,0x00,0x00,0xbf,0xd0,0x0b,0xff,0x72,0x01,0x4b,0xff,0x50,0x01,0xcf,0xff,0xff,0xff,0xf7,
0x00,0x00,0x06,0xbe,0xfe,0xd9,0x30,0x00,0x00,0x00,0x09,0x80,0x19,0x80,0x00,0x00,0x6f,0x70,0x8f,0x60,
0x00,0x00,0xdd,0x02,0xfc,0x00,0x00,0x06,0xf5,0x09,0xf3,0x00,0x00,0x0d,0xc0,0x2f,0x80,0x00,0x00,0x00,
0x00,0x00,0x00,0x00,0x00,0x00,0x00,0x00,0x00,0x00,0xef,0x30,0x00,0x00,0x2f,0xf0,0xef,0x30,0x00,0x00,
0x2f,0xf0,0xef,0x30,0x00,0x00,0x2f,0xf0,0xef,0x30,0x00,0x00,0x2f,0xf0,0xef,0x30,0x00,0x00,0x2f,0xf0,
0xef,0x30,0x00,0x00,0x2f,0xf0,0xef,0x30,0x00,0x00,0x2f,0xf0,0xef,0x30,0x00,0x00,0x2f,0xf0,0xef,0x40,
0x00,0x00,0x3f,0xf0,0xdf,0x50,0x00,0x00,0x6f,0xf0,0xbf,0xa0,0x00,0x01,0xdf,0xf0,0x5f,0xf7,0x10,0x3c,
0xef,0xf0,0x0b,0xff,0xff,0xfe,0x4f,0xf0,0x01,0x8d,0xfe,0x92,0x2f,0xf0,0xef,0x70,0x00,0x00,0x00,0x0d,
0xf7,0xef,0x70,0x00,0x00,0x00,0x0d,0xf7,0xef,0x70,0x00,0x00,0x00,0x0d,0xf7,0xef,0x70,0x00,0x00,0x00,
0x0d,0xf7,0xef,0x70,0x00,0x00,0x00,0x0d,0xf7,0xef,0x70,0x00,0x00,0x00,0x0d,0xf7,0xef,0x70,0x00,0x00,
0x00,0x0d,0xf7,0xef,0x70,0x00,0x00,0x00,0x0d,0xf7,0xef,0x70,0x00,0x00,0x00,0x0d,0xf7,0xef,0x70,0x00,
0x00,0x00,0x0d,0xf7,0xef,0x70,0x00,0x00,0x00,0x0d,0xf7,0xdf,0x80,0x00,0x00,0x00,0x0e,0xf7,0xcf,0x90,
0x00,0x00,0x00,0x1f,0xf6,0x9f,0xd0,0x00,0x00,0x00,0x4f,0xf3,0x4f,0xf5,0x00,0x00,0x00,0xbf,0xd0,0x0b,
0xff,0x72,0x01,0x4b,0xff,0x50,0x01,0xcf,0xff,0xff,0xff,0xf7,0x00,0x00,0x06,0xbe,0xff,0xd9,0x30,0x00,
0x00,0x00,0x08,0xe1,0x00,0x00,0x00,0x00,0x00,0x1f,0x80,0x00,0x00,0x00,0x00,0x00,0x2f,0xa1,0x21,0x00,
0x00,0x00,0x00,0x0c,0xff,0xf3,0x00,0x00,0x00,0x00,0x01,0x57,0x61,0x00,0x00,0xef,0x30,0x00,0x00,0x2f,
0xf0,0x0e,0xf3,0x00,0x00,0x02,0xff,0x00,0xef,0x30,0x00,0x00,0x2f,0xf0,0x0e,0xf3,0x00,0x00,0x02,0xff,
0x00,0xef,0x30,0x00,0x00,0x2f,0xf0,0x0e,0xf3,0x00,0x00,0x02,0xff,0x00,0xef,0x30,0x00,0x00,0x2f,0xf0,
0x0e,0xf3,0x00,0x00,0x02,0xff,0x00,0xef,0x40,0x00,0x00,0x3f,0xf0,0x0d,0xf5,0x00,0x00,0x06,0xff,0x00,
0xbf,0xa0,0x00,0x01,0xdf,0xf0,0x05,0xff,0x71,0x03,0xce,0xff,0x00,0x0b,0xff,0xff,0xfe,0x4f,0xf0,0x00,
0x18,0xdf,0xe9,0x22,0xff,0x00,0x00,0x00,0x00,0x00,0x0c,0xa0,0x00,0x00,0x00,0x00,0x06,0xf2,0x00,0x00,
0x00,0x00,0x00,0x9f,0x31,0x30,0x00,0x00,0x00,0x05,0xff,0xfb,0x00,0x00,0x00,0x00,0x03,0x77,0x40,0x00,
0x00,0x00,0x00,0x00,0x38,0x71,0x00,0x00,0x00,0x00,0x00,0x00,0x00,0x00,0x00,0x1d,0xef,0xa0,0x00,0x00,
0x00,0x00,0x00,0x00,0x00,0x00,0x0a,0xe3,0x6f,0x60,0x00,0x00,0x00,0x00,0x00,0x00,0x00,0x05,0xf5,0x00,
0x9e,0x20,0x00,0x00,0x00,0x00,0x00,0x00,0x00,0x00,0x00,0x00,0x00,0x00,0x00,0x00,0x00,0x00,0x00,0x00,
0x00,0x00,0x00,0x00,0x00,0x00,0x00,0x00,0x1f,0xf5,0x00,0x00,0x00,0x9f,0xf5,0x00,0x00,0x00,0x9f,0xc0,
0xdf,0x80,0x00,0x00,0x0d,0xff,0x80,0x00,0x00,0x0c,0xf9,0x09,0xfc,0x00,0x00,0x01,0xfe,0xfc,0x00,0x00,
0x01,0xff,0x50,0x5f,0xf1,0x00,0x00,0x5f,0x9d,0xf1,0x00,0x00,0x5f,0xf1,0x02,0xff,0x40,0x00,0x08,0xf6,
0x9f,0x40,0x00,0x08,0xfd,0x00,0x0d,0xf8,0x00,0x00,0xcf,0x26,0xf8,0x00,0x00,0xcf,0x90,0x00,0x9f,0xb0,
0x00,0x1f,0xe0,0x2f,0xc0,0x00,0x1f,0xf5,0x00,0x06,0xff,0x00,0x04,0xfa,0x00,0xef,0x10,0x04,0xff,0x20,
0x00,0x2f,0xf4,0x00,0x8f,0x60,0x0a,0xf4,0x00,0x8f,0xd0,0x00,0x00,0xdf,0x70,0x0b,0xf3,0x00,0x6f,0x70,
0x0b,0xf9,0x00,0x00,0x0a,0xfb,0x00,0xfe,0x00,0x03,0xfb,0x00,0xef,0x60,0x00,0x00,0x6f,0xe0,0x4f,0xb0,
0x00,0x0e,0xe0,0x3f,0xf2,0x00,0x00,0x02,0xff,0x37,0xf7,0x00,0x00,0xbf,0x37,0xfd,0x00,0x00,0x00,0x0e,
0xf7,0xbf,0x30,0x00,0x07,0xf7,0xbf,0xa0,0x00,0x00,0x00,0xaf,0xbe,0xf0,0x00,0x00,0x4f,0xbe,0xf6,0x00,
0x00,0x00,0x06,0xff,0xfb,0x00,0x00,0x01,0xff,0xff,0x20,0x00,0x00,0x00,0x3f,0xff,0x80,0x00,0x00,0x0c,
0xff,0xe0,0x00,0x00,0x00,0x00,0xef,0xf4,0x00,0x00,0x00,0x8f,0xfa,0x00,0x00,0x00,0x00,0x00,0x06,0xfe,
0x10,0x00,0x00,0x00,0x00,0x00,0x00,0x1e,0xdf,0x90,0x00,0x00,0x00,0x00,0x00,0x00,0xaf,0x38,0xf4,0x00,
0x00,0x00,0x00,0x00,0x04,0xf6,0x00,0xcd,0x10,0x00,0x00,0x00,0x00,0x06,0x70,0x00,0x28,0x30,0x00,0x00,
0x00,0x00,0x00,0x00,0x00,0x00,0x00,0x00,0x00,0xdf,0x40,0x00,0x09,0xff,0x30,0x00,0x0a,0xf8,0x9f,0x80,
0x00,0x0c,0xff,0x70,0x00,0x0e,0xf4,0x6f,0xc0,0x00,0x1f,0xef,0xb0,0x00,0x2f,0xf1,0x2f,0xf1,0x00,0x5f,
0x9e,0xe0,0x00,0x6f,0xb0,0x0d,0xf4,0x00,0x8f,0x5a,0xf3,0x00,0xaf,0x80,0x0a,0xf8,0x00,0xcf,0x17,0xf7,
0x00,0xdf,0x40,0x06,0xfc,0x01,0xfd,0x03,0xfa,0x02,0xff,0x10,0x02,0xff,0x14,0xf9,0x00,0xee,0x06,0xfc,
0x00,0x00,0xef,0x48,0xf5,0x00,0xbf,0x39,0xf8,0x00,0x00,0xaf,0x8c,0xf1,0x00,0x7f,0x6d,0xf4,0x00,0x00,
0x6f,0xcf,0xd0,0x00,0x3f,0xcf,0xf1,0x00,0x00,0x3f,0xff,0x90,0x00,0x0e,0xff,0xc0,0x00,0x00,0x0e,0xff,
0x50,0x00,0x0b,0xff,0x80,0x00,0x00,0x0a,0xff,0x20,0x00,0x07,0xff,0x50,0x00,0x00,0x00,0x00,0x07,0x85,
0x00,0x00,0x00,0x00,0x00,0x00,0x7f,0xef,0x30,0x00,0x00,0x00,0x00,0x03,0xfa,0x1d,0xc0,0x00,0x00,0x00,
0x00,0x1d,0xc0,0x03,0xe8,0x00,0x00,0x00,0x00,0x00,0x00,0x00,0x00,0x00,0x00,0x00,0x00,0x00,0x00,0x00,
0x00,0x00,0x00,0x0b,0xfc,0x00,0x00,0x00,0x00,0x3f,0xf6,0x02,0xef,0x70,0x00,0x00,0x00,0xcf,0xb0,0x00,
0x6f,0xf2,0x00,0x00,0x07,0xfe,0x20,0x00,0x0b,0xfc,0x00,0x00,0x2e,0xf6,0x00,0x00,0x02,0xef,0x70,0x00,
0xbf,0xb0,0x00,0x00,0x00,0x7f,0xe2,0x06,0xfe,0x20,0x00,0x00,0x00,0x0c,0xfb,0x2e,0xf7,0x00,0x00,0x00,
0x00,0x02,0xff,0xdf,0xc0,0x00,0x00,0x00,0x00,0x00,0x7f,0xff,0x20,0x00,0x00,0x00,0x00,0x00,0x0e,0xf9,
0x00,0x00,0x00,0x00,0x00,0x00,0x0d,0xf8,0x00,0x00,0x00,0x00,0x00,0x00,0x0d,0xf8,0x00,0x00,0x00,0x00,
0x00,0x00,0x0d,0xf8,0x00,0x00,0x00,0x00,0x00,0x00,0x0d,0xf8,0x00,0x00,0x00,0x00,0x00,0x00,0x0d,0xf8,
0x00,0x00,0x00,0x00,0x00,0x00,0x0d,0xf8,0x00,0x00,0x00,0x00,0x00,0x00,0x0d,0xf8,0x00,0x00,0x00,0x00,
0x00,0x00,0x0d,0xf8,0x00,0x00,0x00,0x00,0x00,0x00,0x77,0x10,0x00,0x00,0x00,0x00,0x05,0xff,0x80,0x00,
0x00,0x00,0x00,0x1d,0xdb,0xf2,0x00,0x00,0x00,0x00,0x7f,0x42,0xea,0x00,0x00,0x00,0x02,0xea,0x00,0x6f,
0x40,0x00,0x00,0x04,0x81,0x00,0x07,0x50,0x00,0x00,0x00,0x00,0x00,0x00,0x00,0x00,0x2f,0xf3,0x00,0x00,
0x00,0x1e,0xf4,0x0a,0xf9,0x00,0x00,0x00,0x6f,0xd0,0x05,0xfe,0x00,0x00,0x00,0xbf,0x80,0x00,0xdf,0x50,
0x00,0x02,0xff,0x20,0x00,0x8f,0xb0,0x00,0x08,0xfb,0x00,0x00,0x2f,0xf2,0x00,0x0d,0xf6,0x00,0x00,0x0b,
0xf7,0x00,0x4f,0xe1,0x00,0x00,0x05,0xfd,0x00,0xaf,0x90,0x00,0x00,0x00,0xef,0x41,0xef,0x30,0x00,0x00,
0x00,0x8f,0x96,0xfd,0x00,0x00,0x00,0x00,0x3f,0xec,0xf7,0x00,0x00,0x00,0x00,0x0c,0xff,0xf1,0x00,0x00,
0x00,0x00,0x06,0xff,0xa0,0x00,0x00,0x00,0x00,0x01,0xff,0x50,0x00,0x00,0x00,0x00,0x05,0xfe,0x00,0x00,
0x00,0x00,0x00,0x0b,0xf8,0x00,0x00,0x00,0x00,0x00,0x5f,0xf2,0x00,0x00,0x00,0x01,0xde,0xff,0x80,0x00,
0x00,0x00,0x01,0xff,0xd7,0x00,0x00,0x00,0x00,0x00,0x00,0x2f,0xf4,0x08,0xfc,0x00,0x00,0x00,0x00,0x2f,
0xf4,0x08,0xfc,0x00,0x00,0x00,0x00,0x17,0x72,0x04,0x76,0x00,0x00,0x00,0x00,0x00,0x00,0x00,0x00,0x00,
0x00,0x00,0x00,0x00,0x00,0x00,0x00,0x00,0x00,0x0b,0xfc,0x00,0x00,0x00,0x00,0x3f,0xf6,0x02,0xef,0x70,
0x00,0x00,0x00,0xcf,0xb0,0x00,0x6f,0xf2,0x00,0x00,0x07,0xfe,0x20,0x00,0x0b,0xfc,0x00,0x00,0x2e,0xf6,
0x00,0x00,0x02,0xef,0x70,0x00,0xbf,0xb0,0x00,0x00,0x00,0x7f,0xe2,0x06,0xfe,0x20,0x00,0x00,0x00,0x0c,
0xfb,0x2e,0xf7,0x00,0x00,0x00,0x00,0x02,0xff,0xdf,0xc0,0x00,0x00,0x00,0x00,0x00,0x7f,0xff,0x20,0x00,
0x00,0x00,0x00,0x00,0x0e,0xf9,0x00,0x00,0x00,0x00,0x00,0x00,0x0d,0xf8,0x00,0x00,0x00,0x00,0x00,0x00,
0x0d,0xf8,0x00,0x00,0x00,0x00,0x00,0x00,0x0d,0xf8,0x00,0x00,0x00,0x00,0x00,0x00,0x0d,0xf8,0x00,0x00,
0x00,0x00,0x00,0x00,0x0d,0xf8,0x00,0x00,0x00,0x00,0x00,0x00,0x0d,0xf8,0x00,0x00,0x00,0x00,0x00,0x00,
0x0d,0xf8,0x00,0x00,0x00,0x00,0x00,0x00,0x0d,0xf8,0x00,0x00,0x00,0x00,0x00,0x00,0x1e,0xe3,0x00,0x00,
0x00,0x00,0x00,0x0b,0xf4,0x00,0x00,0x00,0x00,0x00,0x08,0xf5,0x00,0x00,0x00,0x00,0x00,0x00,0x00,0x00,
0x00,0x00,0x00,0x00,0x00,0x00,0x00,0x00,0x00,0x00,0x0a,0xff,0xff,0xff,0xff,0xff,0xff,0xf1,0xaf,0xff,
0xff,0xff,0xff,0xff,0xff,0x11,0x11,0x11,0x11,0x11,0x14,0xff,0x90,0x00,0x00,0x00,0x00,0x01,0xdf,0xc0,
0x00,0x00,0x00,0x00,0x00,0xbf,0xe2,0x00,0x00,0x00,0x00,0x00,0x8f,0xf4,0x00,0x00,0x00,0x00,0x00,0x5f,
0xf7,0x00,0x00,0x00,0x00,0x00,0x3e,0xfa,0x00,0x00,0x00,0x00,0x00,0x1d,0xfc,0x10,0x00,0x00,0x00,0x00,
0x0a,0xfe,0x20,0x00,0x00,0x00,0x00,0x07,0xff,0x50,0x00,0x00,0x00,0x00,0x04,0xff,0x80,0x00,0x00,0x00,
0x00,0x02,0xef,0xb0,0x00,0x00,0x00,0x00,0x01,0xcf,0xd1,0x00,0x00,0x00,0x00,0x00,0xaf,0xe3,0x00,0x00,
0x00,0x00,0x00,0x6f,0xf7,0x11,0x11,0x11,0x11,0x11,0x0e,0xff,0xff,0xff,0xff,0xff,0xff,0xf5,0xef,0xff,
0xff,0xff,0xff,0xff,0xff,0x50,0x00,0x00,0x00,0x1d,0xf5,0x00,0x00,0x00,0x0a,0xf7,0x00,0x00,0x00,0x06,
0xf9,0x00,0x00,0x00,0x03,0xfb,0x00,0x00,0x00,0x00,0x57,0x10,0x00,0x00,0x00,0x00,0x00,0x00,0x00,0xaf,
0xff,0xff,0xff,0xff,0x88,0xcc,0xcc,0xcc,0xcf,0xf8,0x00,0x00,0x00,0x06,0xff,0x30,0x00,0x00,0x04,0xff,
0x60,0x00,0x00,0x02,0xef,0x90,0x00,0x00,0x00,0xcf,0xc0,0x00,0x00,0x00,0x9f,0xe2,0x00,0x00,0x00,0x6f,
0xf4,0x00,0x00,0x00,0x4f,0xf6,0x00,0x00,0x00,0x2e,0xf9,0x00,0x00,0x00,0x0c,0xfc,0x00,0x00,0x00,0x09,
0xfe,0x20,0x00,0x00,0x00,0xff,0xec,0xcc,0xcc,0xcc,0x7f,0xff,0xff,0xff,0xff,0xf8,0x00,0x00,0x00,0xff,
0x60,0x00,0x00,0x00,0x00,0x00,0x0f,0xf6,0x00,0x00,0x00,0x00,0x00,0x00,0x78,0x30,0x00,0x00,0x00,0x00,
0x00,0x00,0x00,0x00,0x00,0x00,0x00,0x00,0x00,0x00,0x00,0x00,0x00,0x0a,0xff,0xff,0xff,0xff,0xff,0xff,
0xf1,0xaf,0xff,0xff,0xff,0xff,0xff,0xff,0x11,0x11,0x11,0x11,0x11,0x14,0xff,0x90,0x00,0x00,0x00,0x00,
0x01,0xdf,0xc0,0x00,0x00,0x00,0x00,0x00,0xbf,0xe2,0x00,0x00,0x00,0x00,0x00,0x8f,0xf4,0x00,0x00,0x00,
0x00,0x00,0x5f,0xf7,0x00,0x00,0x00,0x00,0x00,0x3e,0xfa,0x00,0x00,0x00,0x00,0x00,0x1d,0xfc,0x10,0x00,
0x00,0x00,0x00,0x0a,0xfe,0x20,0x00,0x00,0x00,0x00,0x07,0xff,0x50,0x00,0x00,0x00,0x00,0x04,0xff,0x80,
0x00,0x00,0x00,0x00,0x02,0xef,0xb0,0x00,0x00,0x00,0x00,0x01,0xcf,0xd1,0x00,0x00,0x00,0x00,0x00,0xaf,
0xe3,0x00,0x00,0x00,0x00,0x00,0x6f,0xf7,0x11,0x11,0x11,0x11,0x11,0x0e,0xff,0xff,0xff,0xff,0xff,0xff,
0xf5,0xef,0xff,0xff,0xff,0xff,0xff,0xff,0x50,0x00,0x00,0xcf,0x50,0x00,0x00,0x00,0x0c,0xf5,0x00,0x00,
0x00,0x00,0xad,0x40,0x00,0x00,0x00,0x00,0x00,0x00,0x00,0x00,0x00,0x00,0x00,0x00,0x0a,0xff,0xff,0xff,
0xff,0xf8,0x8c,0xcc,0xcc,0xcc,0xff,0x80,0x00,0x00,0x00,0x6f,0xf3,0x00,0x00,0x00,0x4f,0xf6,0x00,0x00,
0x00,0x2e,0xf9,0x00,0x00,0x00,0x0c,0xfc,0x00,0x00,0x00,0x09,0xfe,0x20,0x00,0x00,0x06,0xff,0x40,0x00,
0x00,0x04,0xff,0x60,0x00,0x00,0x02,0xef,0x90,0x00,0x00,0x00,0xcf,0xc0,0x00,0x00,0x00,0x9f,0xe2,0x00,
0x00,0x00,0x0f,0xfe,0xcc,0xcc,0xcc,0xc7,0xff,0xff,0xff,0xff,0xff,0x80,0x00,0x01,0xdb,0x00,0x5f,0x60,
0x00,0x00,0x00,0x02,0xeb,0x5f,0x80,0x00,0x00,0x00,0x00,0x04,0xff,0xb0,0x00,0x00,0x00,0x00,0x00,0x00,
0x00,0x00,0x00,0x00,0x00,0x00,0x00,0x00,0x00,0x00,0x00,0x0a,0xff,0xff,0xff,0xff,0xff,0xff,0xf1,0xaf,
0xff,0xff,0xff,0xff,0xff,0xff,0x11,0x11,0x11,0x11,0x11,0x14,0xff,0x90,0x00,0x00,0x00,0x00,0x01,0xdf,
0xc0,0x00,0x00,0x00,0x00,0x00,0xbf,0xe2,0x00,0x00,0x00,0x00,0x00,0x8f,0xf4,0x00,0x00,0x00,0x00,0x00,
0x5f,0xf7,0x00,0x00,0x00,0x00,0x00,0x3e,0xfa,0x00,0x00,0x00,0x00,0x00,0x1d,0xfc,0x10,0x00,0x00,0x00,
0x00,0x0a,0xfe,0x20,0x00,0x00,0x00,0x00,0x07,0xff,0x50,0x00,0x00,0x00,0x00,0x04,0xff,0x80,0x00,0x00,
0x00,0x00,0x02,0xef,0xb0,0x00,0x00,0x00,0x00,0x01,0xcf,0xd1,0x00,0x00,0x00,0x00,0x00,0xaf,0xe3,0x00,
0x00,0x00,0x00,0x00,0x6f,0xf7,0x11,0x11,0x11,0x11,0x11,0x0e,0xff,0xff,0xff,0xff,0xff,0xff,0xf5,0xef,
0xff,0xff,0xff,0xff,0xff,0xff,0x50,0x02,0xe8,0x00,0x1d,0xb0,0x00,0x07,0xf4,0x0a,0xe2,0x00,0x00,0x0c,
0xe7,0xf7,0x00,0x00,0x00,0x3f,0xfc,0x00,0x00,0x00,0x00,0x58,0x30,0x00,0x00,0x00,0x00,0x00,0x00,0x00,
0xaf,0xff,0xff,0xff,0xff,0x88,0xcc,0xcc,0xcc,0xcf,0xf8,0x00,0x00,0x00,0x06,0xff,0x30,0x00,0x00,0x04,
0xff,0x60,0x00,0x00,0x02,0xef,0x90,0x00,0x00,0x00,0xcf,0xc0,0x00,0x00,0x00,0x9f,0xe2,0x00,0x00,0x00,
0x6f,0xf4,0x00,0x00,0x00,0x4f,0xf6,0x00,0x00,0x00,0x2e,0xf9,0x00,0x00,0x00,0x0c,0xfc,0x00,0x00,0x00,
0x09,0xfe,0x20,0x00,0x00,0x00,0xff,0xec,0xcc,0xcc,0xcc,0x7f,0xff,0xff,0xff,0xff,0xf8,0x00,0x01,0x8d,
0xff,0xe0,0x00,0xbf,0xfe,0xdc,0x00,0x3f,0xf4,0x00,0x00,0x05,0xfd,0x00,0x00,0x00,0x6f,0xc0,0x00,0x07,
0xff,0xfc,0x00,0x00,0x5b,0xdf,0xc0,0x00,0x00,0x06,0xfc,0x00,0x00,0x00,0x6f,0xc0,0x00,0x00,0x06,0xfc,
0x00,0x00,0x00,0x6f,0xc0,0x00,0x00,0x06,0xfc,0x00,0x00,0x00,0x6f,0xc0,0x00,0x00,0x06,0xfc,0x00,0x00,
0x00,0x6f,0xc0,0x00,0x00,0x06,0xfc,0x00,0x00,0x00,0x6f,0xc0,0x00,0x00,0x06,0xfc,0x00,0x00,0x00,0x6f,
0xc0,0x00,0x00,0x00,0x00,0x01,0x8d,0xff,0xe0,0x00,0x00,0xbf,0xfe,0xdc,0x00,0x00,0x3f,0xf3,0x00,0x00,
0x00,0x05,0xfc,0x00,0x00,0x00,0x00,0x6f,0xc0,0x00,0x00,0x07,0xff,0xff,0xff,0xf5,0x00,0x5b,0xdf,0xeb,
0xbb,0x40,0x00,0x06,0xfc,0x00,0x00,0x00,0x00,0x6f,0xc0,0x00,0x00,0x00,0x06,0xfc,0x00,0x00,0x00,0x00,
0x6f,0xc0,0x00,0x00,0x00,0x06,0xfc,0x00,0x00,0x00,0x00,0x6f,0xc0,0x00,0x00,0x00,0x06,0xfc,0x00,0x00,
0x00,0x00,0x6f,0xc0,0x00,0x00,0x00,0x06,0xfc,0x00,0x00,0x00,0x00,0x6f,0xc0,0x00,0x00,0x00,0x06,0xfc,
0x00,0x00,0x00,0x00,0x6f,0xc0,0x00,0x00,0x00,0x06,0xfc,0x00,0x00,0x00,0x00,0x7f,0xb0,0x00,0x00,0x00,
0x1c,0xf8,0x00,0x00,0x7d,0xdf,0xfe,0x20,0x00,0x08,0xff,0xea,0x30,0x00,0x00,0x00,0x06,0xbe,0xfe,0xda,
0x62,0x00,0x2c,0xff,0xff,0xff,0xff,0xd0,0x0c,0xff,0x83,0x11,0x26,0xbc,0x03,0xff,0x50,0x00,0x00,0x00,
0x10,0x6f,0xf0,0x00,0x00,0x00,0x00,0x06,0xff,0x10,0x00,0x00,0x00,0x00,0x2f,0xfa,0x10,0x00,0x00,0x00,
0x00,0xaf,0xfe,0xa7,0x30,0x00,0x00,0x00,0x8e,0xff,0xff,0xfb,0x40,0x00,0x00,0x15,0x9c,0xff,0xff,0x80,
0x00,0x00,0x00,0x01,0x5d,0xff,0x50,0x00,0x00,0x00,0x00,0x1e,0xfb,0x00,0x00,0x00,0x00,0x00,0xaf,0xd0,
0x00,0x00,0x00,0x00,0x0a,0xfd,0x33,0x00,0x00,0x00,0x02,0xef,0xa5,0xfb,0x63,0x11,0x26,0xdf,0xf4,0x5f,
0xff,0xff,0xff,0xff,0xf6,0x00,0x27,0xad,0xff,0xec,0x82,0x00,0x00,0x00,0x00,0x00,0x00,0x00,0x00,0x00,
0x00,0x00,0x00,0x00,0x00,0x00,0x00,0x08,0xfc,0x00,0x00,0x00,0x00,0x00,0xcf,0x50,0x00,0x00,0x00,0x00,
0x1f,0xc0,0x00,0x00,0x00,0x00,0x04,0xe5,0x00,0x00,0x00,0x00,0x6c,0xef,0xec,0x93,0x00,0xbf,0xff,0xef,
0xff,0x90,0x5f,0xe5,0x00,0x01,0x67,0x09,0xf9,0x00,0x00,0x00,0x00,0x8f,0xa0,0x00,0x00,0x00,0x04,0xff,
0xb5,0x10,0x00,0x00,0x07,0xff,0xff,0xd8,0x20,0x00,0x02,0x7b,0xef,0xff,0x50,0x00,0x00,0x00,0x4b,0xfe,
0x10,0x00,0x00,0x00,0x1f,0xf4,0x00,0x00,0x00,0x00,0xef,0x4a,0x94,0x10,0x02,0xaf,0xe1,0xbf,0xff,0xee,
0xff,0xf5,0x02,0x7b,0xde,0xfd,0x92,0x00,0x00,0x00,0x00,0x00,0x00,0x00,0x00,0x00,0x00,0x00,0x00,0x00,
0x00,0x6f,0xe0,0x00,0x00,0x00,0x0a,0xf7,0x00,0x00,0x00,0x00,0xde,0x10,0x00,0x00,0x00,0x2e,0x70,0x00,
0x00,0x1f,0xff,0xff,0xff,0xff,0xff,0xff,0xfb,0x1f,0xff,0xff,0xff,0xff,0xff,0xff,0xfb,0x01,0x11,0x11,
0x1d,0xf8,0x11,0x11,0x11,0x00,0x00,0x00,0x0d,0xf8,0x00,0x00,0x00,0x00,0x00,0x00,0x0d,0xf8,0x00,0x00,
0x00,0x00,0x00,0x00,0x0d,0xf8,0x00,0x00,0x00,0x00,0x00,0x00,0x0d,0xf8,0x00,0x00,0x00,0x00,0x00,0x00,
0x0d,0xf8,0x00,0x00,0x00,0x00,0x00,0x00,0x0d,0xf8,0x00,0x00,0x00,0x00,0x00,0x00,0x0d,0xf8,0x00,0x00,
0x00,0x00,0x00,0x00,0x0d,0xf8,0x00,0x00,0x00,0x00,0x00,0x00,0x0d,0xf8,0x00,0x00,0x00,0x00,0x00,0x00,
0x0d,0xf8,0x00,0x00,0x00,0x00,0x00,0x00,0x0d,0xf8,0x00,0x00,0x00,0x00,0x00,0x00,0x0d,0xf8,0x00,0x00,
0x00,0x00,0x00,0x00,0x0d,0xf8,0x00,0x00,0x00,0x00,0x00,0x00,0x0d,0xf8,0x00,0x00,0x00,0x00,0x00,0x00,
0x0d,0xf8,0x00,0x00,0x00,0x00,0x00,0x00,0x00,0x00,0x00,0x00,0x00,0x00,0x00,0x00,0x00,0x00,0x00,0x00,
0x00,0x00,0x00,0x00,0x0d,0xe6,0x00,0x00,0x00,0x00,0x00,0x00,0x3f,0xe1,0x00,0x00,0x00,0x00,0x00,0x00,
0x6f,0x70,0x00,0x00,0x00,0x00,0x00,0x00,0xae,0x10,0x00,0x00,0x00,0x00,0x68,0x30,0x00,0x00,0x0c,0xf6,
0x00,0x00,0x00,0xcf,0x60,0x00,0x00,0x0c,0xf6,0x00,0x00,0x5f,0xff,0xff,0xff,0xd4,0xbe,0xfd,0xbb,0xba,
0x00,0xcf,0x60,0x00,0x00,0x0c,0xf6,0x00,0x00,0x00,0xcf,0x60,0x00,0x00,0x0c,0xf6,0x00,0x00,0x00,0xcf,
0x60,0x00,0x00,0x0c,0xf6,0x00,0x00,0x00,0xcf,0x60,0x00,0x00,0x0b,0xf6,0x00,0x00,0x00,0xbf,0x70,0x00,
0x00,0x08,0xfc,0x10,0x00,0x00,0x3f,0xff,0xdd,0xb0,0x00,0x4b,0xef,0xfd,0x00,0x00,0x00,0x00,0x00,0x00,
0x00,0x00,0x00,0x00,0x00,0x0c,0xe6,0x00,0x00,0x02,0xfe,0x10,0x00,0x00,0x6f,0x70,0x00,0x00,0x09,0xe1,
0x00,0x00,0x07,0x70,0x00,0x00,0x8f,0xf8,0x00,0x02,0xfa,0xaf,0x20,0x0c,0xd1,0x1d,0xc0,0x6f,0x40,0x04,
0xf6,0x47,0x10,0x01,0x74,0x2e,0x90,0x09,0xe2,0x07,0xf5,0x5f,0x70,0x00,0xce,0xec,0x00,0x00,0x3f,0xf3,
0x00,0x04,0x73,0x00,0x57,0x4f,0xff,0x50,0xbb,0xad,0x1b,0xfa,0xf7,0xca,0x00,0x9e,0xb1,0x00,0x00,0x00,
0x5f,0xfb,0x00,0x00,0x00,0x00,0x00,0x00,0x0a,0xff,0xf2,0x00,0x00,0x00,0x00,0x00,0x01,0xfe,0xaf,0x70,
0x00,0x00,0x00,0x00,0x00,0x6f,0xa4,0xfd,0x00,0x00,0x00,0x00,0x00,0x0c,0xf4,0x0d,0xf3,0x00,0x00,0x00,
0x00,0x03,0xfe,0x00,0x8f,0x90,0x00,0x00,0x00,0x00,0x8f,0x90,0x03,0xfe,0x00,0x00,0x00,0x00,0x0e,0xf4,
0x00,0x0c,0xf5,0x00,0x00,0x00,0x04,0xfd,0x00,0x00,0x7f,0xa0,0x00,0x00,0x00,0xaf,0x80,0x00,0x02,0xff,
0x10,0x00,0x00,0x1f,0xf3,0x00,0x00,0x0b,0xf7,0x00,0x00,0x06,0xff,0xff,0xff,0xff,0xff,0xc0,0x00,0x00,
0xcf,0xff,0xff,0xff,0xff,0xff,0x30,0x00,0x2f,0xf3,0x11,0x11,0x11,0x1a,0xf8,0x00,0x08,0xfc,0x00,0x00,
0x00,0x00,0x5f,0xe0,0x00,0xdf,0x70,0x00,0x00,0x00,0x01,0xff,0x40,0x4f,0xf3,0x00,0x00,0x00,0x00,0x0b,
0xfa,0x09,0xfd,0x00,0x00,0x00,0x00,0x00,0x6f,0xf1,0xaf,0xff,0xff,0xfe,0xc7,0x10,0x0a,0xff,0xff,0xff,
0xff,0xfd,0x20,0xaf,0xb0,0x00,0x13,0x8f,0xfa,0x0a,0xfb,0x00,0x00,0x00,0x9f,0xe0,0xaf,0xb0,0x00,0x00,
0x06,0xff,0x0a,0xfb,0x00,0x00,0x00,0x9f,0xd0,0xaf,0xb0,0x00,0x02,0x7f,0xf6,0x0a,0xff,0xff,0xff,0xff,
0xc5,0x00,0xaf,0xff,0xff,0xff,0xfe,0x80,0x0a,0xfb,0x00,0x00,0x15,0xef,0xa0,0xaf,0xb0,0x00,0x00,0x04,
0xff,0x4a,0xfb,0x00,0x00,0x00,0x0d,0xf9,0xaf,0xb0,0x00,0x00,0x00,0xcf,0xba,0xfb,0x00,0x00,0x00,0x0d,
0xfb,0xaf,0xb0,0x00,0x00,0x04,0xff,0x8a,0xfb,0x00,0x01,0x26,0xef,0xe2,0xaf,0xff,0xff,0xff,0xff,0xe5,
0x0a,0xff,0xff,0xff,0xec,0x82,0x00,0xaf,0xff,0xff,0xff,0xff,0xf4,0xaf,0xff,0xff,0xff,0xff,0xf4,0xaf,
0xb1,0x11,0x11,0x11,0x10,0xaf,0xb0,0x00,0x00,0x00,0x00,0xaf,0xb0,0x00,0x00,0x00,0x00,0xaf,0xb0,0x00,
0x00,0x00,0x00,0xaf,0xb0,0x00,0x00,0x00,0x00,0xaf,0xb0,0x00,0x00,0x00,0x00,0xaf,0xb0,0x00,0x00,0x00,
0x00,0xaf,0xb0,0x00,0x00,0x00,0x00,0xaf,0xb0,0x00,0x00,0x00,0x00,0xaf,0xb0,0x00,0x00,0x00,0x00,0xaf,
0xb0,0x00,0x00,0x00,0x00,0xaf,0xb0,0x00,0x00,0x00,0x00,0xaf,0xb0,0x00,0x00,0x00,0x00,0xaf,0xb0,0x00,
0x00,0x00,0x00,0xaf,0xb0,0x00,0x00,0x00,0x00,0xaf,0xb0,0x00,0x00,0x00,0x00,0x00,0x00,0x00,0x5f,0xfb,
0x00,0x00,0x00,0x00,0x00,0x00,0x0a,0xff,0xf2,0x00,0x00,0x00,0x00,0x00,0x01,0xff,0xcf,0x70,0x00,0x00,
0x00,0x00,0x00,0x6f,0xb5,0xfd,0x00,0x00,0x00,0x00,0x00,0x0c,0xf6,0x1e,0xf3,0x00,0x00,0x00,0x00,0x03,
0xff,0x10,0xaf,0x90,0x00,0x00,0x00,0x00,0x8f,0xb0,0x04,0xfe,0x00,0x00,0x00,0x00,0x0e,0xf5,0x00,0x0e,
0xf5,0x00,0x00,0x00,0x04,0xfe,0x10,0x00,0x9f,0xa0,0x00,0x00,0x00,0xaf,0xa0,0x00,0x04,0xff,0x10,0x00,
0x00,0x1f,0xf5,0x00,0x00,0x0d,0xf7,0x00,0x00,0x06,0xfe,0x00,0x00,0x00,0x8f,0xc0,0x00,0x00,0xcf,0x90,
0x00,0x00,0x03,0xff,0x30,0x00,0x2f,0xf4,0x00,0x00,0x00,0x0d,0xf8,0x00,0x08,0xfe,0x00,0x00,0x00,0x00,
0x7f,0xe0,0x00,0xdf,0x91,0x11,0x11,0x11,0x13,0xff,0x40,0x4f,0xff,0xff,0xff,0xff,0xff,0xff,0xfa,0x09,
0xff,0xff,0xff,0xff,0xff,0xff,0xff,0xf1,0xaf,0xff,0xff,0xff,0xff,0xf6,0xaf,0xff,0xff,0xff,0xff,0xf6,
0xaf,0xb1,0x11,0x11,0x11,0x10,0xaf,0xb0,0x00,0x00,0x00,0x00,0xaf,0xb0,0x00,0x00,0x00,0x00,0xaf,0xb0,
0x00,0x00,0x00,0x00,0xaf,0xb0,0x00,0x00,0x00,0x00,0xaf,0xff,0xff,0xff,0xff,0xf1,0xaf,0xff,0xff,0xff,
0xff,0xf1,0xaf,0xb1,0x11,0x11,0x11,0x10,0xaf,0xb0,0x00,0x00,0x00,0x00,0xaf,0xb0,0x00,0x00,0x00,0x00,
0xaf,0xb0,0x00,0x00,0x00,0x00,0xaf,0xb0,0x00,0x00,0x00,0x00,0xaf,0xb0,0x00,0x00,0x00,0x00,0xaf,0xb1,
0x11,0x11,0x11,0x11,0xaf,0xff,0xff,0xff,0xff,0xf9,0xaf,0xff,0xff,0xff,0xff,0xf9,0xaf,0xff,0xff,0xff,
0xff,0xff,0xff,0x1a,0xff,0xff,0xff,0xff,0xff,0xff,0xf1,0x11,0x11,0x11,0x11,0x11,0x4f,0xf9,0x00,0x00,
0x00,0x00,0x00,0x1d,0xfc,0x00,0x00,0x00,0x00,0x00,0x0b,0xfe,0x20,0x00,0x00,0x00,0x00,0x08,0xff,0x40,
0x00,0x00,0x00,0x00,0x05,0xff,0x70,0x00,0x00,0x00,0x00,0x03,0xef,0xa0,0x00,0x00,0x00,0x00,0x01,0xdf,
0xc1,0x00,0x00,0x00,0x00,0x00,0xaf,0xe2,0x00,0x00,0x00,0x00,0x00,0x7f,0xf5,0x00,0x00,0x00,0x00,0x00,
0x4f,0xf8,0x00,0x00,0x00,0x00,0x00,0x2e,0xfb,0x00,0x00,0x00,0x00,0x00,0x1c,0xfd,0x10,0x00,0x00,0x00,
0x00,0x0a,0xfe,0x30,0x00,0x00,0x00,0x00,0x06,0xff,0x71,0x11,0x11,0x11,0x11,0x10,0xef,0xff,0xff,0xff,
0xff,0xff,0xff,0x5e,0xff,0xff,0xff,0xff,0xff,0xff,0xf5,0xaf,0xb0,0x00,0x00,0x00,0x0a,0xfa,0xaf,0xb0,
0x00,0x00,0x00,0x0a,0xfa,0xaf,0xb0,0x00,0x00,0x00,0x0a,0xfa,0xaf,0xb0,0x00,0x00,0x00,0x0a,0xfa,0xaf,
0xb0,0x00,0x00,0x00,0x0a,0xfa,0xaf,0xb0,0x00,0x00,0x00,0x0a,0xfa,0xaf,0xb0,0x00,0x00,0x00,0x0a,0xfa,
0xaf,0xff,0xff,0xff,0xff,0xff,0xfa,0xaf,0xff,0xff,0xff,0xff,0xff,0xfa,0xaf,0xb1,0x11,0x11,0x11,0x1a,
0xfa,0xaf,0xb0,0x00,0x00,0x00,0x0a,0xfa,0xaf,0xb0,0x00,0x00,0x00,0x0a,0xfa,0xaf,0xb0,0x00,0x00,0x00,
0x0a,0xfa,0xaf,0xb0,0x00,0x00,0x00,0x0a,0xfa,0xaf,0xb0,0x00,0x00,0x00,0x0a,0xfa,0xaf,0xb0,0x00,0x00,
0x00,0x0a,0xfa,0xaf,0xb0,0x00,0x00,0x00,0x0a,0xfa,0xaf,0xb0,0x00,0x00,0x00,0x0a,0xfa,0x00,0x00,0x17,
0xce,0xfe,0xb7,0x10,0x00,0x00,0x00,0x6e,0xff,0xff,0xff,0xfe,0x50,0x00,0x00,0x7f,0xfd,0x51,0x02,0x6d,
0xff,0x50,0x00,0x3f,0xfb,0x00,0x00,0x00,0x1c,0xfe,0x20,0x0b,0xfe,0x10,0x00,0x00,0x00,0x2e,0xf9,0x02,
0xff,0x70,0x00,0x00,0x00,0x00,0x9f,0xf1,0x6f,0xf2,0x11,0x11,0x11,0x11,0x14,0xff,0x48,0xfe,0x0a,0xff,
0xff,0xff,0xf9,0x1f,0xf7,0x9f,0xd0,0xaf,0xff,0xff,0xff,0x90,0xff,0x89,0xfd,0x00,0x00,0x00,0x00,0x00,
0x0f,0xf8,0x8f,0xe0,0x00,0x00,0x00,0x00,0x01,0xff,0x76,0xff,0x20,0x00,0x00,0x00,0x00,0x4f,0xf4,0x2f,
0xf7,0x00,0x00,0x00,0x00,0x09,0xff,0x10,0xbf,0xd1,0x00,0x00,0x00,0x02,0xef,0x90,0x03,0xff,0xb0,0x00,
0x00,0x01,0xcf,0xe2,0x00,0x07,0xff,0xd5,0x10,0x26,0xdf,0xf5,0x00,0x00,0x06,0xef,0xff,0xff,0xff,0xe5,
0x00,0x00,0x00,0x01,0x7c,0xef,0xeb,0x71,0x00,0x00,0xaf,0xba,0xfb,0xaf,0xba,0xfb,0xaf,0xba,0xfb,0xaf,
0xba,0xfb,0xaf,0xba,0xfb,0xaf,0xba,0xfb,0xaf,0xba,0xfb,0xaf,0xba,0xfb,0xaf,0xba,0xfb,0xaf,0xb0,0x00,
0x00,0x01,0xdf,0xe3,0x0a,0xfb,0x00,0x00,0x02,0xdf,0xe2,0x00,0xaf,0xb0,0x00,0x02,0xdf,0xd2,0x00,0x0a,
0xfb,0x00,0x02,0xdf,0xd2,0x00,0x00,0xaf,0xb0,0x02,0xef,0xd2,0x00,0x00,0x0a,0xfb,0x03,0xef,0xd1,0x00,
0x00,0x00,0xaf,0xb3,0xef,0xc1,0x00,0x00,0x00,0x0a,0xfd,0xef,0xc1,0x00,0x00,0x00,0x00,0xaf,0xff,0xf3,
0x00,0x00,0x00,0x00,0x0a,0xfd,0xef,0xd2,0x00,0x00,0x00,0x00,0xaf,0xb3,0xef,0xd2,0x00,0x00,0x00,0x0a,
0xfb,0x03,0xef,0xd1,0x00,0x00,0x00,0xaf,0xb0,0x04,0xef,0xd1,0x00,0x00,0x0a,0xfb,0x00,0x04,0xff,0xc1,
0x00,0x00,0xaf,0xb0,0x00,0x04,0xff,0xc1,0x00,0x0a,0xfb,0x00,0x00,0x05,0xff,0xc1,0x00,0xaf,0xb0,0x00,
0x00,0x05,0xff,0xb1,0x0a,0xfb,0x00,0x00,0x00,0x06,0xff,0xb0,0x00,0x00,0x00,0x5f,0xfb,0x00,0x00,0x00,
0x00,0x00,0x00,0x0a,0xff,0xf2,0x00,0x00,0x00,0x00,0x00,0x01,0xff,0xdf,0x70,0x00,0x00,0x00,0x00,0x00,
0x6f,0xc6,0xfd,0x00,0x00,0x00,0x00,0x00,0x0c,0xf7,0x1f,0xf3,0x00,0x00,0x00,0x00,0x03,0xff,0x20,0xaf,
0x90,0x00,0x00,0x00,0x00,0x8f,0xb0,0x05,0xfe,0x00,0x00,0x00,0x00,0x0e,0xf6,0x00,0x1e,0xf5,0x00,0x00,
0x00,0x04,0xff,0x10,0x00,0x9f,0xa0,0x00,0x00,0x00,0xaf,0xa0,0x00,0x04,0xff,0x10,0x00,0x00,0x1f,0xf5,
0x00,0x00,0x0e,0xf7,0x00,0x00,0x06,0xfe,0x10,0x00,0x00,0x8f,0xc0,0x00,0x00,0xcf,0x90,0x00,0x00,0x03,
0xff,0x30,0x00,0x2f,0xf4,0x00,0x00,0x00,0x0d,0xf8,0x00,0x08,0xfe,0x00,0x00,0x00,0x00,0x7f,0xe0,0x00,
0xdf,0x90,0x00,0x00,0x00,0x02,0xff,0x40,0x4f,0xf3,0x00,0x00,0x00,0x00,0x0c,0xfa,0x09,0xfd,0x00,0x00,
0x00,0x00,0x00,0x6f,0xf1,0xaf,0xff,0x10,0x00,0x00,0x00,0x5f,0xff,0x5a,0xff,0xf7,0x00,0x00,0x00,0x0b,
0xff,0xf5,0xaf,0xdf,0xc0,0x00,0x00,0x01,0xfe,0xef,0x5a,0xfa,0xdf,0x20,0x00,0x00,0x7f,0x9e,0xf5,0xaf,
0xa8,0xf8,0x00,0x00,0x0c,0xf3,0xef,0x5a,0xfa,0x2f,0xd0,0x00,0x03,0xfd,0x0e,0xf5,0xaf,0xa0,0xcf,0x40,
0x00,0x8f,0x70,0xef,0x5a,0xfa,0x06,0xf9,0x00,0x0e,0xf2,0x0e,0xf5,0xaf,0xa0,0x1f,0xe1,0x04,0xfb,0x00,
0xef,0x5a,0xfa,0x00,0xaf,0x50,0xaf,0x60,0x0e,0xf5,0xaf,0xa0,0x05,0xfb,0x1e,0xf1,0x00,0xef,0x5a,0xfa,
0x00,0x0e,0xf7,0xfa,0x00,0x0e,0xf5,0xaf,0xa0,0x00,0x9f,0xff,0x40,0x00,0xef,0x5a,0xfa,0x00,0x03,0xff,
0xe0,0x00,0x0e,0xf5,0xaf,0xa0,0x00,0x08,0x85,0x00,0x00,0xef,0x5a,0xfa,0x00,0x00,0x00,0x00,0x00,0x0e,
0xf5,0xaf,0xa0,0x00,0x00,0x00,0x00,0x00,0xef,0x5a,0xfa,0x00,0x00,0x00,0x00,0x00,0x0e,0xf5,0xaf,0xfc,
0x00,0x00,0x00,0x0b,0xf9,0xaf,0xff,0x50,0x00,0x00,0x0b,0xf9,0xaf,0xff,0xc0,0x00,0x00,0x0b,0xf9,0xaf,
0xbe,0xf5,0x00,0x00,0x0b,0xf9,0xaf,0xa8,0xfd,0x00,0x00,0x0b,0xf9,0xaf,0xa1,0xef,0x60,0x00,0x0b,0xf9,
0xaf,0xa0,0x8f,0xd0,0x00,0x0b,0xf9,0xaf,0xa0,0x1e,0xf6,0x00,0x0b,0xf9,0xaf,0xa0,0x07,0xfd,0x00,0x0b,
0xf9,0xaf,0xa0,0x01,0xef,0x70,0x0b,0xf9,0xaf,0xa0,0x00,0x7f,0xe1,0x0b,0xf9,0xaf,0xa0,0x00,0x1e,0xf7,
0x0b,0xf9,0xaf,0xa0,0x00,0x06,0xfe,0x1b,0xf9,0xaf,0xa0,0x00,0x00,0xdf,0x7b,0xf9,0xaf,0xa0,0x00,0x00,
0x6f,0xec,0xf9,0xaf,0xa0,0x00,0x00,0x0d,0xff,0xf9,0xaf,0xa0,0x00,0x00,0x06,0xff,0xf9,0xaf,0xa0,0x00,
0x00,0x00,0xdf,0xf9,0xaf,0xff,0xff,0xff,0xff,0xf2,0xaf,0xff,0xff,0xff,0xff,0xf2,0x11,0x11,0x11,0x11,
0x11,0x10,0x00,0x00,0x00,0x00,0x00,0x00,0x00,0x00,0x00,0x00,0x00,0x00,0x00,0x00,0x00,0x00,0x00,0x00,
0x00,0x00,0x00,0x00,0x00,0x00,0x06,0xff,0xff,0xff,0xfe,0x00,0x06,0xff,0xff,0xff,0xfe,0x00,0x00,0x11,
0x11,0x11,0x11,0x00,0x00,0x00,0x00,0x00,0x00,0x00,0x00,0x00,0x00,0x00,0x00,0x00,0x00,0x00,0x00,0x00,
0x00,0x00,0x00,0x00,0x00,0x00,0x00,0x00,0x00,0x00,0x00,0x00,0x00,0x00,0x11,0x11,0x11,0x11,0x11,0x10,
0xaf,0xff,0xff,0xff,0xff,0xf2,0xaf,0xff,0xff,0xff,0xff,0xf2,0x00,0x00,0x17,0xce,0xfe,0xb7,0x10,0x00,
0x00,0x00,0x6e,0xff,0xff,0xff,0xfe,0x50,0x00,0x00,0x7f,0xfd,0x51,0x02,0x6d,0xff,0x50,0x00,0x3f,0xfb,
0x00,0x00,0x00,0x1c,0xfe,0x20,0x0b,0xfe,0x10,0x00,0x00,0x00,0x2e,0xf9,0x02,0xff,0x70,0x00,0x00,0x00,
0x00,0x9f,0xf1,0x6f,0xf2,0x00,0x00,0x00,0x00,0x04,0xff,0x48,0xfe,0x00,0x00,0x00,0x00,0x00,0x1f,0xf7,
0x9f,0xd0,0x00,0x00,0x00,0x00,0x00,0xff,0x89,0xfd,0x00,0x00,0x00,0x00,0x00,0x0f,0xf8,0x8f,0xe0,0x00,
0x00,0x00,0x00,0x01,0xff,0x76,0xff,0x20,0x00,0x00,0x00,0x00,0x4f,0xf4,0x2f,0xf7,0x00,0x00,0x00,0x00,
0x09,0xff,0x10,0xbf,0xd1,0x00,0x00,0x00,0x02,0xef,0x90,0x03,0xff,0xb0,0x00,0x00,0x01,0xcf,0xe2,0x00,
0x07,0xff,0xd5,0x10,0x26,0xdf,0xf5,0x00,0x00,0x06,0xef,0xff,0xff,0xff,0xe5,0x00,0x00,0x00,0x01,0x7c,
0xef,0xeb,0x71,0x00,0x00,0xaf,0xff,0xff,0xff,0xff,0xff,0xfa,0xaf,0xff,0xff,0xff,0xff,0xff,0xfa,0xaf,
0xb1,0x11,0x11,0x11,0x1a,0xfa,0xaf,0xb0,0x00,0x00,0x00,0x0a,0xfa,0xaf,0xb0,0x00,0x00,0x00,0x0a,0xfa,
0xaf,0xb0,0x00,0x00,0x00,0x0a,0xfa,0xaf,0xb0,0x00,0x00,0x00,0x0a,0xfa,0xaf,0xb0,0x00,0x00,0x00,0x0a,
0xfa,0xaf,0xb0,0x00,0x00,0x00,0x0a,0xfa,0xaf,0xb0,0x00,0x00,0x00,0x0a,0xfa,0xaf,0xb0,0x00,0x00,0x00,
0x0a,0xfa,0xaf,0xb0,0x00,0x00,0x00,0x0a,0xfa,0xaf,0xb0,0x00,0x00,0x00,0x0a,0xfa,0xaf,0xb0,0x00,0x00,
0x00,0x0a,0xfa,0xaf,0xb0,0x00,0x00,0x00,0x0a,0xfa,0xaf,0xb0,0x00,0x00,0x00,0x0a,0xfa,0xaf,0xb0,0x00,
0x00,0x00,0x0a,0xfa,0xaf,0xb0,0x00,0x00,0x00,0x0a,0xfa,0xaf,0xff,0xff,0xec,0x82,0x00,0xaf,0xff,0xff,
0xff,0xfe,0x40,0xaf,0xb0,0x01,0x27,0xef,0xe1,0xaf,0xb0,0x00,0x00,0x6f,0xf6,0xaf,0xb0,0x00,0x00,0x0f,
0xf9,0xaf,0xb0,0x00,0x00,0x0d,0xfa,0xaf,0xb0,0x00,0x00,0x0f,0xf9,0xaf,0xb0,0x00,0x00,0x6f,0xf6,0xaf,
0xb0,0x01,0x27,0xef,0xe1,0xaf,0xff,0xff,0xff,0xfe,0x40,0xaf,0xff,0xff,0xec,0x82,0x00,0xaf,0xb0,0x00,
0x00,0x00,0x00,0xaf,0xb0,0x00,0x00,0x00,0x00,0xaf,0xb0,0x00,0x00,0x00,0x00,0xaf,0xb0,0x00,0x00,0x00,
0x00,0xaf,0xb0,0x00,0x00,0x00,0x00,0xaf,0xb0,0x00,0x00,0x00,0x00,0xaf,0xb0,0x00,0x00,0x00,0x00,0xaf,
0xff,0xff,0xff,0xff,0xf6,0xaf,0xff,0xff,0xff,0xff,0xf6,0x4f,0xf8,0x11,0x11,0x11,0x10,0x06,0xff,0x50,
0x00,0x00,0x00,0x00,0x8f,0xf4,0x00,0x00,0x00,0x00,0x09,0xfe,0x30,0x00,0x00,0x00,0x00,0xbf,0xd2,0x00,
0x00,0x00,0x00,0x1c,0xfd,0x10,0x00,0x00,0x00,0x04,0xff,0x70,0x00,0x00,0x00,0x0c,0xfc,0x00,0x00,0x00,
0x00,0x9f,0xe2,0x00,0x00,0x00,0x05,0xff,0x50,0x00,0x00,0x00,0x2e,0xf9,0x00,0x00,0x00,0x00,0xcf,0xd1,
0x00,0x00,0x00,0x09,0xfe,0x30,0x00,0x00,0x00,0x5f,0xf7,0x11,0x11,0x11,0x11,0xaf,0xff,0xff,0xff,0xff,
0xf9,0xaf,0xff,0xff,0xff,0xff,0xf9,0x1f,0xff,0xff,0xff,0xff,0xff,0xff,0xfb,0x1f,0xff,0xff,0xff,0xff,
0xff,0xff,0xfb,0x01,0x11,0x11,0x1d,0xf8,0x11,0x11,0x11,0x00,0x00,0x00,0x0d,0xf8,0x00,0x00,0x00,0x00,
0x00,0x00,0x0d,0xf8,0x00,0x00,0x00,0x00,0x00,0x00,0x0d,0xf8,0x00,0x00,0x00,0x00,0x00,0x00,0x0d,0xf8,
0x00,0x00,0x00,0x00,0x00,0x00,0x0d,0xf8,0x00,0x00,0x00,0x00,0x00,0x00,0x0d,0xf8,0x00,0x00,0x00,0x00,
0x00,0x00,0x0d,0xf8,0x00,0x00,0x00,0x00,0x00,0x00,0x0d,0xf8,0x00,0x00,0x00,0x00,0x00,0x00,0x0d,0xf8,
0x00,0x00,0x00,0x00,0x00,0x00,0x0d,0xf8,0x00,0x00,0x00,0x00,0x00,0x00,0x0d,0xf8,0x00,0x00,0x00,0x00,
0x00,0x00,0x0d,0xf8,0x00,0x00,0x00,0x00,0x00,0x00,0x0d,0xf8,0x00,0x00,0x00,0x00,0x00,0x00,0x0d,0xf8,
0x00,0x00,0x00,0x00,0x00,0x00,0x0d,0xf8,0x00,0x00,0x00,0x0b,0xfc,0x00,0x00,0x00,0x00,0x3f,0xf6,0x02,
0xef,0x70,0x00,0x00,0x00,0xcf,0xb0,0x00,0x6f,0xf2,0x00,0x00,0x07,0xfe,0x20,0x00,0x0b,0xfc,0x00,0x00,
0x2e,0xf6,0x00,0x00,0x02,0xef,0x70,0x00,0xbf,0xb0,0x00,0x00,0x00,0x7f,0xe2,0x06,0xfe,0x20,0x00,0x00,
0x00,0x0c,0xfb,0x2e,0xf7,0x00,0x00,0x00,0x00,0x02,0xff,0xdf,0xc0,0x00,0x00,0x00,0x00,0x00,0x7f,0xff,
0x20,0x00,0x00,0x00,0x00,0x00,0x0e,0xf9,0x00,0x00,0x00,0x00,0x00,0x00,0x0d,0xf8,0x00,0x00,0x00,0x00,
0x00,0x00,0x0d,0xf8,0x00,0x00,0x00,0x00,0x00,0x00,0x0d,0xf8,0x00,0x00,0x00,0x00,0x00,0x00,0x0d,0xf8,
0x00,0x00,0x00,0x00,0x00,0x00,0x0d,0xf8,0x00,0x00,0x00,0x00,0x00,0x00,0x0d,0xf8,0x00,0x00,0x00,0x00,
0x00,0x00,0x0d,0xf8,0x00,0x00,0x00,0x00,0x00,0x00,0x0d,0xf8,0x00,0x00,0x00,0x00,0x00,0x00,0x0b,0xfa,
0x00,0x00,0x00,0x00,0x00,0x00,0x00,0xbf,0xa0,0x00,0x00,0x00,0x00,0x00,0x6b,0xef,0xff,0xea,0x50,0x00,
0x00,0x03,0xdf,0xff,0xff,0xff,0xff,0xc2,0x00,0x02,0xef,0xf8,0x2b,0xfa,0x38,0xff,0xd1,0x00,0xcf,0xe3,
0x00,0xbf,0xa0,0x04,0xff,0xa0,0x3f,0xf6,0x00,0x0b,0xfa,0x00,0x08,0xff,0x28,0xff,0x10,0x00,0xbf,0xa0,
0x00,0x2f,0xf6,0x9f,0xd0,0x00,0x0b,0xfa,0x00,0x00,0xff,0x79,0xfd,0x00,0x00,0xbf,0xa0,0x00,0x0f,0xf8,
0x8f,0xf1,0x00,0x0b,0xfa,0x00,0x02,0xff,0x64,0xff,0x60,0x00,0xbf,0xa0,0x00,0x8f,0xf2,0x0c,0xfe,0x30,
0x0b,0xfa,0x00,0x4f,0xfa,0x00,0x3e,0xff,0x82,0xbf,0xa2,0x8f,0xfd,0x20,0x00,0x3d,0xff,0xff,0xff,0xff,
0xfc,0x20,0x00,0x00,0x06,0xbe,0xff,0xfe,0xb5,0x00,0x00,0x00,0x00,0x00,0x0b,0xfa,0x00,0x00,0x00,0x00,
0x00,0x00,0x00,0xbf,0xa0,0x00,0x00,0x00,0x03,0xff,0x60,0x00,0x00,0x00,0x8f,0xe1,0x00,0x8f,0xe1,0x00,
0x00,0x03,0xff,0x50,0x00,0x0d,0xfa,0x00,0x00,0x0c,0xfa,0x00,0x00,0x03,0xff,0x50,0x00,0x8f,0xe1,0x00,
0x00,0x00,0x8f,0xe1,0x03,0xff,0x60,0x00,0x00,0x00,0x1d,0xfa,0x0c,0xfb,0x00,0x00,0x00,0x00,0x04,0xff,
0xaf,0xe2,0x00,0x00,0x00,0x00,0x00,0x9f,0xff,0x60,0x00,0x00,0x00,0x00,0x00,0x3f,0xfd,0x00,0x00,0x00,
0x00,0x00,0x00,0xbf,0xff,0x40,0x00,0x00,0x00,0x00,0x06,0xff,0xbf,0xd0,0x00,0x00,0x00,0x00,0x2e,0xf7,
0x1e,0xf8,0x00,0x00,0x00,0x00,0xbf,0xc0,0x06,0xff,0x30,0x00,0x00,0x05,0xff,0x30,0x00,0xbf,0xc0,0x00,
0x00,0x1e,0xf8,0x00,0x00,0x2e,0xf7,0x00,0x00,0xaf,0xd0,0x00,0x00,0x07,0xfe,0x20,0x05,0xff,0x40,0x00,
0x00,0x00,0xcf,0xb0,0x1d,0xf9,0x00,0x00,0x00,0x00,0x3f,0xf5,0xaf,0xd0,0x00,0x0b,0xfa,0x00,0x00,0xef,
0x8a,0xfd,0x00,0x00,0xbf,0xa0,0x00,0x0e,0xf8,0xaf,0xd0,0x00,0x0b,0xfa,0x00,0x00,0xef,0x8a,0xfd,0x00,
0x00,0xbf,0xa0,0x00,0x0e,0xf8,0xaf,0xd0,0x00,0x0b,0xfa,0x00,0x00,0xef,0x89,0xfd,0x00,0x00,0xbf,0xa0,
0x00,0x0e,0xf8,0x8f,0xe0,0x00,0x0b,0xfa,0x00,0x00,0xff,0x76,0xff,0x20,0x00,0xbf,0xa0,0x00,0x3f,0xf4,
0x2f,0xf6,0x00,0x0b,0xfa,0x00,0x08,0xff,0x10,0xcf,0xd0,0x00,0xbf,0xa0,0x01,0xef,0xa0,0x04,0xff,0x80,
0x0b,0xfa,0x00,0x9f,0xf3,0x00,0x09,0xff,0x91,0xbf,0xa1,0xaf,0xf8,0x00,0x00,0x0a,0xff,0xfe,0xfe,0xff,
0xf9,0x00,0x00,0x00,0x06,0xdf,0xff,0xff,0xd5,0x00,0x00,0x00,0x00,0x00,0x2c,0xfb,0x20,0x00,0x00,0x00,
0x00,0x00,0x00,0xbf,0xa0,0x00,0x00,0x00,0x00,0x00,0x00,0x0b,0xfa,0x00,0x00,0x00,0x00,0x00,0x00,0x00,
0xbf,0xa0,0x00,0x00,0x00,0x00,0x00,0x03,0x9d,0xef,0xda,0x50,0x00,0x00,0x00,0x00,0x9f,0xff,0xff,0xff,
0xfc,0x20,0x00,0x00,0x0b,0xff,0xb5,0x32,0x49,0xff,0xe2,0x00,0x00,0x8f,0xf7,0x00,0x00,0x00,0x3e,0xfd,
0x00,0x01,0xff,0x90,0x00,0x00,0x00,0x04,0xff,0x60,0x07,0xff,0x10,0x00,0x00,0x00,0x00,0xbf,0xc0,0x0b,
0xfb,0x00,0x00,0x00,0x00,0x00,0x6f,0xf1,0x0c,0xf9,0x00,0x00,0x00,0x00,0x00,0x4f,0xf2,0x0d,0xf8,0x00,
0x00,0x00,0x00,0x00,0x3f,0xf3,0x0c,0xf9,0x00,0x00,0x00,0x00,0x00,0x4f,0xf2,0x0a,0xfc,0x00,0x00,0x00,
0x00,0x00,0x7f,0xf0,0x05,0xff,0x20,0x00,0x00,0x00,0x00,0xcf,0xa0,0x01,0xef,0x90,0x00,0x00,0x00,0x04,
0xff,0x50,0x00,0x6f,0xf5,0x00,0x00,0x00,0x1d,0xfb,0x00,0x00,0x0a,0xfe,0x40,0x00,0x01,0xcf,0xd1,0x00,
0x03,0x33,0xcf,0xf7,0x00,0x4e,0xfe,0x53,0x31,0x1f,0xff,0xff,0xfe,0x00,0x9f,0xff,0xff,0xf6,0x1f,0xff,
0xff,0xfe,0x00,0x9f,0xff,0xff,0xf6,0x00,0x07,0xce,0xea,0x30,0x0d,0xf1,0x01,0xbf,0xfe,0xff,0xf3,0x3f,
0xb0,0x0a,0xfe,0x40,0x1a,0xfb,0x8f,0x60,0x2f,0xf6,0x00,0x01,0xef,0xdf,0x20,0x6f,0xe1,0x00,0x00,0xaf,
0xfc,0x00,0x9f,0xb0,0x00,0x00,0x7f,0xf7,0x00,0xaf,0xa0,0x00,0x00,0x4f,0xf3,0x00,0xaf,0x90,0x00,0x00,
0x2f,0xd0,0x00,0x9f,0xa0,0x00,0x00,0x6f,0xe0,0x00,0x6f,0xd0,0x00,0x00,0xcf,0xf2,0x00,0x2f,0xf4,0x00,
0x03,0xff,0xf5,0x00,0x0a,0xfe,0x30,0x1c,0xfd,0xfc,0x10,0x02,0xdf,0xfe,0xff,0xd2,0xef,0xe9,0x00,0x18,
0xdf,0xfc,0x20,0x3c,0xfa,0x00,0x5b,0xef,0xda,0x40,0x00,0x08,0xff,0xfd,0xef,0xf6,0x00,0x3f,0xf8,0x00,
0x08,0xfe,0x00,0x8f,0xc0,0x00,0x00,0xef,0x30,0xaf,0x80,0x00,0x00,0xcf,0x50,0xbf,0x70,0x00,0x00,0xef,
0x40,0xbf,0x60,0x00,0x05,0xff,0x10,0xbf,0x60,0x02,0x7f,0xfa,0x00,0xbf,0x60,0xff,0xff,0xb1,0x00,0xbf,
0x60,0xff,0xff,0xe8,0x00,0xbf,0x60,0x01,0x49,0xff,0xa0,0xbf,0x60,0x00,0x00,0x4f,0xf4,0xbf,0x60,0x00,
0x00,0x0b,0xf7,0xbf,0x60,0x00,0x00,0x09,0xf9,0xbf,0x60,0x00,0x00,0x0b,0xf7,0xbf,0xc0,0x00,0x00,0x2f,
0xf4,0xbf,0xfc,0x30,0x03,0xcf,0xd0,0xbf,0xff,0xfe,0xff,0xfe,0x40,0xbf,0x89,0xdf,0xfd,0x92,0x00,0xbf,
0x60,0x00,0x00,0x00,0x00,0xbf,0x60,0x00,0x00,0x00,0x00,0xbf,0x60,0x00,0x00,0x00,0x00,0xbf,0x60,0x00,
0x00,0x00,0x00,0xbf,0x60,0x00,0x00,0x00,0x00,0x9e,0xb2,0x00,0x00,0x00,0x1e,0xf4,0x9f,0xfd,0x00,0x00,
0x00,0x6f,0xd0,0x02,0xdf,0x50,0x00,0x00,0xbf,0x80,0x00,0x6f,0xa0,0x00,0x02,0xff,0x20,0x00,0x1f,0xf1,
0x00,0x08,0xfb,0x00,0x00,0x0b,0xf5,0x00,0x0d,0xf5,0x00,0x00,0x06,0xfb,0x00,0x4f,0xe1,0x00,0x00,0x01,
0xff,0x10,0xaf,0x90,0x00,0x00,0x00,0xbf,0x61,0xff,0x30,0x00,0x00,0x00,0x6f,0xb7,0xfc,0x00,0x00,0x00,
0x00,0x1f,0xfd,0xf7,0x00,0x00,0x00,0x00,0x0b,0xff,0xf1,0x00,0x00,0x00,0x00,0x06,0xff,0xa0,0x00,0x00,
0x00,0x00,0x01,0xff,0x40,0x00,0x00,0x00,0x00,0x00,0xff,0x30,0x00,0x00,0x00,0x00,0x00,0xff,0x30,0x00,
0x00,0x00,0x00,0x00,0xff,0x30,0x00,0x00,0x00,0x00,0x00,0xff,0x30,0x00,0x00,0x00,0x00,0x00,0xff,0x30,
0x00,0x00,0x00,0x17,0xce,0xff,0xda,0x40,0x00,0x0c,0xff,0xfd,0xef,0xfc,0x00,0x04,0xff,0x40,0x00,0x03,
0x60,0x00,0x5f,0xe1,0x00,0x00,0x00,0x00,0x01,0xef,0xd8,0x41,0x00,0x00,0x00,0x03,0xde,0xce,0xfb,0x40,
0x00,0x00,0x9d,0x20,0x04,0xcf,0x90,0x00,0x7f,0x40,0x00,0x01,0xcf,0x60,0x1e,0xd0,0x00,0x00,0x05,0xfe,
0x06,0xfa,0x00,0x00,0x00,0x1f,0xf3,0x9f,0x90,0x00,0x00,0x00,0xef,0x5a,0xf9,0x00,0x00,0x00,0x0e,0xf5,
0x9f,0xb0,0x00,0x00,0x01,0xff,0x46,0xfe,0x10,0x00,0x00,0x5f,0xf2,0x1f,0xf8,0x00,0x00,0x0c,0xfc,0x00,
0x8f,0xf7,0x10,0x2b,0xff,0x40,0x00,0xaf,0xff,0xef,0xff,0x60,0x00,0x00,0x5b,0xef,0xda,0x30,0x00,0x00,
0x39,0xde,0xed,0xa7,0x00,0x5f,0xff,0xff,0xff,0xe0,0x0e,0xfb,0x30,0x01,0x36,0x01,0xff,0x10,0x00,0x00,
0x00,0x0d,0xf9,0x10,0x00,0x00,0x00,0x4e,0xff,0xed,0xa0,0x00,0x00,0x3d,0xff,0xfc,0x00,0x00,0x7f,0xc4,
0x10,0x00,0x00,0x2f,0xe1,0x00,0x00,0x00,0x06,0xfb,0x00,0x00,0x00,0x00,0x5f,0xe1,0x00,0x00,0x00,0x01,
0xff,0xc3,0x00,0x02,0x74,0x06,0xff,0xff,0xef,0xff,0x50,0x03,0x9d,0xef,0xec,0x82,0x4f,0xff,0xff,0xff,
0xff,0xe4,0xff,0xff,0xff,0xff,0xfe,0x14,0x44,0x44,0xaf,0xfe,0x70,0x00,0x01,0xbf,0xfa,0x10,0x00,0x02,
0xdf,0xe5,0x00,0x00,0x02,0xdf,0xd2,0x00,0x00,0x00,0xcf,0xd2,0x00,0x00,0x00,0x7f,0xe2,0x00,0x00,0x00,
0x0e,0xf7,0x00,0x00,0x00,0x05,0xfe,0x10,0x00,0x00,0x00,0x9f,0xa0,0x00,0x00,0x00,0x0b,0xf7,0x00,0x00,
0x00,0x00,0xbf,0x70,0x00,0x00,0x00,0x0a,0xf8,0x00,0x00,0x00,0x00,0x7f,0xc0,0x00,0x00,0x00,0x02,0xff,
0x50,0x00,0x00,0x00,0x09,0xff,0x82,0x00,0x00,0x00,0x0a,0xff,0xfe,0xda,0x30,0x00,0x04,0x9d,0xef,0xff,
0x30,0x00,0x00,0x00,0x1a,0xfa,0x00,0x00,0x00,0x00,0x4f,0xc0,0x00,0x00,0x00,0x08,0xfa,0x00,0x00,0x00,
0x0c,0xff,0x30,0x00,0x00,0x00,0xdc,0x40,0xcf,0x51,0x8d,0xfe,0xa2,0x00,0xcf,0x6c,0xff,0xff,0xfe,0x20,
0xcf,0xed,0x40,0x15,0xef,0x90,0xcf,0xf2,0x00,0x00,0x7f,0xe0,0xcf,0xa0,0x00,0x00,0x2f,0xf1,0xcf,0x70,
0x00,0x00,0x0f,0xf2,0xcf,0x50,0x00,0x00,0x0f,0xf3,0xcf,0x50,0x00,0x00,0x0f,0xf3,0xcf,0x50,0x00,0x00,
0x0f,0xf3,0xcf,0x50,0x00,0x00,0x0f,0xf3,0xcf,0x50,0x00,0x00,0x0f,0xf3,0xcf,0x50,0x00,0x00,0x0f,0xf3,
0xcf,0x50,0x00,0x00,0x0f,0xf3,0xcf,0x50,0x00,0x00,0x0f,0xf3,0x00,0x00,0x00,0x00,0x0f,0xf3,0x00,0x00,
0x00,0x00,0x0f,0xf3,0x00,0x00,0x00,0x00,0x0f,0xf3,0x00,0x00,0x00,0x00,0x0f,0xf3,0x00,0x00,0x00,0x00,
0x0f,0xf3,0x00,0x02,0xad,0xfd,0x81,0x00,0x00,0x04,0xef,0xed,0xff,0xc1,0x00,0x01,0xef,0x80,0x02,0xcf,
0xb0,0x00,0x9f,0xb0,0x00,0x01,0xef,0x40,0x0e,0xf4,0x00,0x00,0x09,0xfa,0x04,0xfe,0x00,0x00,0x00,0x5f,
0xe0,0x7f,0xc0,0x00,0x00,0x02,0xff,0x29,0xfa,0x00,0x00,0x00,0x0f,0xf4,0x9f,0xff,0xff,0xff,0xff,0xff,
0x5a,0xff,0xff,0xff,0xff,0xff,0xf5,0x9f,0xa1,0x11,0x11,0x11,0xef,0x59,0xfb,0x00,0x00,0x00,0x0f,0xf4,
0x6f,0xd0,0x00,0x00,0x02,0xff,0x24,0xff,0x10,0x00,0x00,0x5f,0xe0,0x0e,0xf4,0x00,0x00,0x09,0xfa,0x00,
0x8f,0xb0,0x00,0x02,0xef,0x40,0x01,0xef,0x91,0x02,0xcf,0xb0,0x00,0x04,0xef,0xed,0xff,0xc1,0x00,0x00,
0x02,0xae,0xfd,0x81,0x00,0x00,0x1f,0xf2,0x00,0x01,0xff,0x20,0x00,0x1f,0xf2,0x00,0x01,0xff,0x20,0x00,
0x1f,0xf2,0x00,0x01,0xff,0x20,0x00,0x1f,0xf2,0x00,0x01,0xff,0x20,0x00,0x1f,0xf2,0x00,0x00,0xff,0x30,
0x00,0x0e,0xf4,0x00,0x00,0xbf,0xa0,0x00,0x04,0xff,0xfe,0x40,0x05,0xce,0xf4,0xcf,0x70,0x00,0x06,0xff,
0x40,0xcf,0x70,0x00,0x5f,0xf5,0x00,0xcf,0x70,0x05,0xff,0x50,0x00,0xcf,0x70,0x5f,0xf5,0x00,0x00,0xcf,
0x74,0xff,0x50,0x00,0x00,0xcf,0xbf,0xfc,0x00,0x00,0x00,0xcf,0xff,0xff,0x60,0x00,0x00,0xcf,0xf6,0x7f,
0xe2,0x00,0x00,0xcf,0x80,0x0b,0xfc,0x00,0x00,0xcf,0x70,0x02,0xef,0x70,0x00,0xcf,0x70,0x00,0x6f,0xf3,
0x00,0xcf,0x70,0x00,0x0b,0xfc,0x00,0xcf,0x70,0x00,0x02,0xef,0x80,0xcf,0x70,0x00,0x00,0x6f,0xf3,0x00,
0x5f,0xeb,0x40,0x00,0x00,0x00,0x00,0x4e,0xff,0xf2,0x00,0x00,0x00,0x00,0x00,0x2d,0xf9,0x00,0x00,0x00,
0x00,0x00,0x06,0xfe,0x00,0x00,0x00,0x00,0x00,0x01,0xef,0x50,0x00,0x00,0x00,0x00,0x00,0xaf,0xa0,0x00,
0x00,0x00,0x00,0x00,0xcf,0xe1,0x00,0x00,0x00,0x00,0x04,0xff,0xf6,0x00,0x00,0x00,0x00,0x0a,0xff,0xfb,
0x00,0x00,0x00,0x00,0x2f,0xf7,0xff,0x10,0x00,0x00,0x00,0x8f,0xc0,0xdf,0x70,0x00,0x00,0x01,0xef,0x50,
0x8f,0xc0,0x00,0x00,0x07,0xfd,0x00,0x2f,0xf2,0x00,0x00,0x0d,0xf7,0x00,0x0c,0xf8,0x00,0x00,0x5f,0xe1,
0x00,0x06,0xfd,0x00,0x00,0xbf,0x80,0x00,0x01,0xff,0x30,0x03,0xff,0x20,0x00,0x00,0xbf,0x90,0x09,0xfa,
0x00,0x00,0x00,0x5f,0xe0,0x1f,0xf3,0x00,0x00,0x00,0x1e,0xf5,0xef,0x30,0x00,0x00,0x2f,0xf0,0x0e,0xf3,
0x00,0x00,0x02,0xff,0x00,0xef,0x30,0x00,0x00,0x2f,0xf0,0x0e,0xf3,0x00,0x00,0x02,0xff,0x00,0xef,0x30,
0x00,0x00,0x2f,0xf0,0x0e,0xf3,0x00,0x00,0x02,0xff,0x00,0xef,0x30,0x00,0x00,0x2f,0xf0,0x0e,0xf3,0x00,
0x00,0x02,0xff,0x00,0xef,0x30,0x00,0x00,0x3f,0xf0,0x0e,0xf5,0x00,0x00,0x05,0xff,0x00,0xef,0xa0,0x00,
0x00,0xbf,0xf1,0x0e,0xff,0x81,0x02,0x9f,0xff,0x32,0xef,0xbf,0xff,0xff,0xad,0xff,0xae,0xf3,0x7d,0xfd,
0x80,0x5e,0xd6,0xef,0x30,0x00,0x00,0x00,0x00,0x0e,0xf3,0x00,0x00,0x00,0x00,0x00,0xef,0x30,0x00,0x00,
0x00,0x00,0x0e,0xf3,0x00,0x00,0x00,0x00,0x00,0xef,0x30,0x00,0x00,0x00,0x00,0x00,0x0e,0xf5,0x00,0x00,
0x6f,0xb0,0x00,0xaf,0x90,0x00,0x00,0xcf,0x40,0x06,0xfe,0x00,0x00,0x06,0xfb,0x00,0x2f,0xf3,0x00,0x00,
0x2f,0xf1,0x00,0xdf,0x70,0x00,0x00,0xef,0x30,0x08,0xfc,0x00,0x00,0x0f,0xf4,0x00,0x4f,0xf1,0x00,0x03,
0xff,0x20,0x00,0xef,0x50,0x00,0x9f,0xd0,0x00,0x0a,0xfa,0x00,0x2f,0xf6,0x00,0x00,0x6f,0xe0,0x0b,0xfc,
0x00,0x00,0x02,0xff,0x36,0xfe,0x20,0x00,0x00,0x0d,0xfb,0xff,0x50,0x00,0x00,0x00,0x8f,0xff,0x80,0x00,
0x00,0x00,0x04,0xff,0x90,0x00,0x00,0x0f,0xff,0xff,0xff,0xff,0x40,0x0f,0xff,0xff,0xff,0xff,0x40,0x04,
0x8e,0xfd,0x97,0x54,0x10,0x05,0xfe,0x40,0x00,0x00,0x00,0x0e,0xf3,0x00,0x00,0x00,0x00,0x1f,0xe0,0x00,
0x00,0x00,0x00,0x0f,0xf3,0x00,0x00,0x00,0x00,0x09,0xfe,0x84,0x21,0x00,0x00,0x00,0x8e,0xff,0xff,0xf1,
0x00,0x00,0x3a,0xff,0xff,0xf1,0x00,0x07,0xff,0xc6,0x31,0x00,0x00,0x3f,0xf6,0x00,0x00,0x00,0x00,0x9f,
0xa0,0x00,0x00,0x00,0x00,0xbf,0x70,0x00,0x00,0x00,0x00,0xaf,0x80,0x00,0x00,0x00,0x00,0x7f,0xd1,0x00,
0x00,0x00,0x00,0x1e,0xfd,0x62,0x00,0x00,0x00,0x03,0xdf,0xff,0xfe,0xc6,0x00,0x00,0x16,0xad,0xef,0xff,
0x60,0x00,0x00,0x00,0x00,0x8f,0xd0,0x00,0x00,0x00,0x00,0x1f,0xf0,0x00,0x00,0x00,0x00,0x6f,0xd0,0x00,
0x00,0x00,0x0a,0xff,0x60,0x00,0x00,0x00,0x0a,0xd6,0x00,0x00,0x05,0xbe,0xfd,0xa3,0x00,0x00,0x0a,0xff,
0xfe,0xff,0xf6,0x00,0x08,0xff,0x71,0x02,0xaf,0xf3,0x01,0xef,0x70,0x00,0x00,0xcf,0xb0,0x5f,0xe1,0x00,
0x00,0x05,0xff,0x18,0xfb,0x00,0x00,0x00,0x1f,0xf4,0xaf,0x90,0x00,0x00,0x00,0xef,0x5a,0xfa,0x00,0x00,
0x00,0x0e,0xf5,0x8f,0xc0,0x00,0x00,0x01,0xff,0x45,0xfe,0x10,0x00,0x00,0x5f,0xf1,0x1e,0xf8,0x00,0x00,
0x0c,0xfb,0x00,0x8f,0xf7,0x10,0x2a,0xff,0x30,0x00,0xaf,0xff,0xef,0xff,0x60,0x00,0x00,0x5b,0xef,0xda,
0x30,0x00,0x2f,0xff,0xff,0xff,0xff,0xff,0xf7,0x2f,0xff,0xff,0xff,0xff,0xff,0xf7,0x04,0x9f,0xc4,0x44,
0x48,0xfd,0x42,0x00,0x7f,0xb0,0x00,0x06,0xfc,0x00,0x00,0x7f,0xb0,0x00,0x06,0xfc,0x00,0x00,0x7f,0xb0,
0x00,0x06,0xfc,0x00,0x00,0x7f,0xb0,0x00,0x06,0xfc,0x00,0x00,0x7f,0xb0,0x00,0x06,0xfc,0x00,0x00,0x7f,
0xb0,0x00,0x06,0xfc,0x00,0x00,0x7f,0xb0,0x00,0x06,0xfc,0x00,0x00,0x7f,0xb0,0x00,0x06,0xfc,0x00,0x00,
0x7f,0xb0,0x00,0x05,0xfe,0x10,0x00,0x7f,0xb0,0x00,0x02,0xff,0xea,0x00,0x7f,0xb0,0x00,0x00,0x7e,0xfc,
0x00,0x06,0xce,0xfd,0x91,0x00,0x00,0xaf,0xfe,0xef,0xfd,0x20,0x09,0xfd,0x40,0x04,0xdf,0xc0,0x2f,0xf3,
0x00,0x00,0x3f,0xf4,0x7f,0xb0,0x00,0x00,0x0a,0xf9,0xaf,0x70,0x00,0x00,0x07,0xfc,0xcf,0x60,0x00,0x00,
0x05,0xfd,0xcf,0x60,0x00,0x00,0x05,0xfd,0xcf,0x70,0x00,0x00,0x07,0xfc,0xcf,0xb0,0x00,0x00,0x0a,0xf9,
0xcf,0xf3,0x00,0x00,0x3f,0xf4,0xcf,0xed,0x40,0x04,0xdf,0xc0,0xcf,0x7d,0xfe,0xef,0xfd,0x20,0xcf,0x51,
0x9d,0xfd,0x91,0x00,0xcf,0x50,0x00,0x00,0x00,0x00,0xcf,0x50,0x00,0x00,0x00,0x00,0xcf,0x50,0x00,0x00,
0x00,0x00,0xcf,0x50,0x00,0x00,0x00,0x00,0xcf,0x50,0x00,0x00,0x00,0x00,0x00,0x03,0x9d,0xee,0xc8,0x30,
0x07,0xff,0xfe,0xff,0xfb,0x06,0xff,0x92,0x00,0x26,0x81,0xef,0x90,0x00,0x00,0x00,0x5f,0xe1,0x00,0x00,
0x00,0x08,0xfb,0x00,0x00,0x00,0x00,0xaf,0x90,0x00,0x00,0x00,0x0a,0xf9,0x00,0x00,0x00,0x00,0x8f,0xb0,
0x00,0x00,0x00,0x05,0xfe,0x10,0x00,0x00,0x00,0x1e,0xf9,0x00,0x00,0x00,0x00,0x6f,0xf9,0x20,0x00,0x00,
0x00,0x7f,0xff,0xec,0x81,0x00,0x00,0x39,0xde,0xff,0xb0,0x00,0x00,0x00,0x03,0xef,0x40,0x00,0x00,0x00,
0x0a,0xf6,0x00,0x00,0x00,0x01,0xdf,0x40,0x00,0x00,0x04,0xff,0xc0,0x00,0x00,0x00,0x4e,0xa1,0x00,0x00,
0x17,0xce,0xff,0xff,0xff,0xf8,0x01,0xdf,0xfd,0xce,0xff,0xff,0xf8,0x0a,0xfe,0x50,0x00,0x8f,0xf7,0x42,
0x2f,0xf6,0x00,0x00,0x0b,0xfb,0x00,0x6f,0xe0,0x00,0x00,0x04,0xff,0x10,0x9f,0xb0,0x00,0x00,0x01,0xff,
0x40,0xaf,0x90,0x00,0x00,0x00,0xef,0x50,0xaf,0x90,0x00,0x00,0x00,0xef,0x50,0x8f,0xb0,0x00,0x00,0x01,
0xff,0x40,0x5f,0xe1,0x00,0x00,0x05,0xff,0x10,0x1e,0xf8,0x00,0x00,0x0c,0xfa,0x00,0x07,0xff,0x71,0x02,
0xbf,0xf3,0x00,0x00,0x9f,0xff,0xef,0xff,0x50,0x00,0x00,0x05,0xbe,0xfd,0x92,0x00,0x00,0xcf,0xff,0xff,
0xff,0xff,0xff,0x4c,0xff,0xff,0xff,0xff,0xff,0xf4,0x34,0x44,0x4e,0xf7,0x44,0x44,0x10,0x00,0x00,0xef,
0x40,0x00,0x00,0x00,0x00,0x0e,0xf4,0x00,0x00,0x00,0x00,0x00,0xef,0x40,0x00,0x00,0x00,0x00,0x0e,0xf4,
0x00,0x00,0x00,0x00,0x00,0xef,0x40,0x00,0x00,0x00,0x00,0x0e,0xf4,0x00,0x00,0x00,0x00,0x00,0xdf,0x50,
0x00,0x00,0x00,0x00,0x0c,0xf6,0x00,0x00,0x00,0x00,0x00,0x8f,0xb1,0x00,0x00,0x00,0x00,0x02,0xef,0xfe,
0x60,0x00,0x00,0x00,0x03,0xbe,0xf6,0x00,0x4f,0xf0,0x00,0x03,0xfe,0x10,0x4f,0xf0,0x00,0x00,0x9f,0x80,
0x4f,0xf0,0x00,0x00,0x2f,0xe0,0x4f,0xf0,0x00,0x00,0x0d,0xf3,0x4f,0xf0,0x00,0x00,0x0b,0xf6,0x4f,0xf0,
0x00,0x00,0x0b,0xf7,0x4f,0xf0,0x00,0x00,0x0c,0xf7,0x4f,0xf0,0x00,0x00,0x0e,0xf5,0x3f,0xf0,0x00,0x00,
0x3f,0xf3,0x3f,0xf1,0x00,0x00,0x9f,0xd0,0x1f,0xf3,0x00,0x02,0xff,0x60,0x0a,0xfc,0x20,0x3d,0xfb,0x00,
0x02,0xef,0xfe,0xff,0xc1,0x00,0x00,0x2a,0xee,0xc7,0x00,0x00,0x00,0x07,0xc1,0x2b,0xed,0x70,0x00,0x01,
0xcf,0xf1,0xbf,0xff,0xfa,0x00,0x0a,0xff,0x51,0xff,0x25,0xff,0x70,0x2f,0xf7,0x02,0xff,0x00,0x8f,0xe0,
0x6f,0xe1,0x03,0xfe,0x00,0x2f,0xf3,0x9f,0xb0,0x03,0xfe,0x00,0x0e,0xf5,0xaf,0xa0,0x03,0xfe,0x00,0x0d,
0xf6,0xaf,0x90,0x03,0xfe,0x00,0x0d,0xf6,0x9f,0xb0,0x03,0xfe,0x00,0x0e,0xf5,0x6f,0xe1,0x03,0xfe,0x00,
0x3f,0xf2,0x1f,0xf7,0x03,0xfe,0x00,0xaf,0xc0,0x08,0xff,0x63,0xfe,0x2a,0xff,0x40,0x00,0xaf,0xff,0xff,
0xff,0xf7,0x00,0x00,0x06,0xcf,0xff,0xeb,0x40,0x00,0x00,0x00,0x03,0xfe,0x00,0x00,0x00,0x00,0x00,0x03,
0xfe,0x00,0x00,0x00,0x00,0x00,0x03,0xfe,0x00,0x00,0x00,0x00,0x00,0x03,0xfe,0x00,0x00,0x00,0x00,0x00,
0x03,0xfe,0x00,0x00,0x00,0x5f,0xea,0x20,0x00,0x00,0xaf,0xd0,0x4d,0xff,0xe1,0x00,0x03,0xff,0x60,0x00,
0x2d,0xf7,0x00,0x0a,0xfd,0x00,0x00,0x05,0xfc,0x00,0x3f,0xf5,0x00,0x00,0x00,0xef,0x30,0xbf,0xc0,0x00,
0x00,0x00,0x9f,0x84,0xff,0x40,0x00,0x00,0x00,0x3f,0xec,0xfb,0x00,0x00,0x00,0x00,0x0d,0xff,0xf4,0x00,
0x00,0x00,0x00,0x07,0xff,0xb0,0x00,0x00,0x00,0x00,0x06,0xff,0x30,0x00,0x00,0x00,0x00,0x0d,0xff,0x60,
0x00,0x00,0x00,0x00,0x6f,0xff,0xb0,0x00,0x00,0x00,0x00,0xdf,0xaf,0xf2,0x00,0x00,0x00,0x07,0xff,0x2a,
0xf7,0x00,0x00,0x00,0x1e,0xf9,0x04,0xfd,0x00,0x00,0x00,0x7f,0xe1,0x00,0xef,0x40,0x00,0x01,0xef,0x80,
0x00,0x8f,0xd3,0x00,0x08,0xfe,0x10,0x00,0x2e,0xff,0xf2,0x1e,0xf7,0x00,0x00,0x03,0xae,0xf3,0xaf,0x80,
0x03,0xfe,0x00,0x0b,0xf7,0xaf,0x80,0x03,0xfe,0x00,0x0b,0xf7,0xaf,0x80,0x03,0xfe,0x00,0x0b,0xf7,0xaf,
0x80,0x03,0xfe,0x00,0x0b,0xf7,0xaf,0x80,0x03,0xfe,0x00,0x0b,0xf7,0xaf,0x80,0x03,0xfe,0x00,0x0b,0xf7,
0xaf,0x80,0x03,0xfe,0x00,0x0b,0xf7,0xaf,0x80,0x03,0xfe,0x00,0x0b,0xf7,0xaf,0x80,0x03,0xfe,0x00,0x0c,
0xf6,0x8f,0xa0,0x03,0xfe,0x00,0x0e,0xf5,0x5f,0xe2,0x03,0xfe,0x00,0x5f,0xf1,0x0d,0xfd,0x53,0xfe,0x17,
0xef,0x90,0x02,0xdf,0xff,0xff,0xff,0xfb,0x10,0x00,0x16,0xcf,0xff,0xea,0x40,0x00,0x00,0x00,0x03,0xfe,
0x00,0x00,0x00,0x00,0x00,0x03,0xfe,0x00,0x00,0x00,0x00,0x00,0x03,0xfe,0x00,0x00,0x00,0x00,0x00,0x03,
0xfe,0x00,0x00,0x00,0x00,0x00,0x03,0xfe,0x00,0x00,0x00,0x00,0xcf,0x80,0x00,0x00,0x00,0x07,0xfd,0x00,
0x03,0xff,0x20,0x00,0x00,0x00,0x02,0xff,0x40,0x09,0xfc,0x00,0x00,0x00,0x00,0x00,0xbf,0x90,0x0e,0xf8,
0x00,0x00,0x00,0x00,0x00,0x7f,0xe0,0x2f,0xf4,0x00,0x00,0x00,0x00,0x00,0x4f,0xf3,0x5f,0xf2,0x00,0x00,
0x77,0x00,0x00,0x1f,0xf5,0x6f,0xf1,0x00,0x00,0xff,0x10,0x00,0x0f,0xf6,0x6f,0xf1,0x00,0x01,0xff,0x10,
0x00,0x0f,0xf6,0x5f,0xf2,0x00,0x02,0xff,0x30,0x00,0x1f,0xf5,0x3f,0xf4,0x00,0x05,0xff,0x50,0x00,0x4f,
0xf3,0x0e,0xf9,0x00,0x09,0xee,0xa0,0x00,0x8f,0xe0,0x08,0xff,0x40,0x4f,0xbb,0xf4,0x04,0xff,0x90,0x01,
0xdf,0xfe,0xff,0x44,0xff,0xef,0xfd,0x10,0x00,0x19,0xdf,0xc5,0x00,0x5c,0xee,0x91,0x00,0x00,0x00,0x9f,
0x80,0x00,0x00,0x00,0x00,0x0b,0xf4,0x00,0x00,0x00,0x00,0x01,0xce,0x20,0x00,0x00,0x00,0x00,0x00,0x00,
0x00,0x00,0x00,0x00,0x00,0x00,0x00,0xaf,0xff,0xff,0xff,0xff,0xf6,0xaf,0xff,0xff,0xff,0xff,0xf6,0xaf,
0xb1,0x11,0x11,0x11,0x10,0xaf,0xb0,0x00,0x00,0x00,0x00,0xaf,0xb0,0x00,0x00,0x00,0x00,0xaf,0xb0,0x00,
0x00,0x00,0x00,0xaf,0xb0,0x00,0x00,0x00,0x00,0xaf,0xff,0xff,0xff,0xff,0xf1,0xaf,0xff,0xff,0xff,0xff,
0xf1,0xaf,0xb1,0x11,0x11,0x11,0x10,0xaf,0xb0,0x00,0x00,0x00,0x00,0xaf,0xb0,0x00,0x00,0x00,0x00,0xaf,
0xb0,0x00,0x00,0x00,0x00,0xaf,0xb0,0x00,0x00,0x00,0x00,0xaf,0xb0,0x00,0x00,0x00,0x00,0xaf,0xb1,0x11,
0x11,0x11,0x11,0xaf,0xff,0xff,0xff,0xff,0xf9,0xaf,0xff,0xff,0xff,0xff,0xf9,0x00,0xaf,0xb0,0x1f,0xf5,
0x00,0x00,0xaf,0xb0,0x1f,0xf5,0x00,0x00,0x47,0x50,0x07,0x72,0x00,0x00,0x00,0x00,0x00,0x00,0x00,0x00,
0x00,0x00,0x00,0x00,0x00,0xaf,0xff,0xff,0xff,0xff,0xf6,0xaf,0xff,0xff,0xff,0xff,0xf6,0xaf,0xb1,0x11,
0x11,0x11,0x10,0xaf,0xb0,0x00,0x00,0x00,0x00,0xaf,0xb0,0x00,0x00,0x00,0x00,0xaf,0xb0,0x00,0x00,0x00,
0x00,0xaf,0xb0,0x00,0x00,0x00,0x00,0xaf,0xff,0xff,0xff,0xff,0xf1,0xaf,0xff,0xff,0xff,0xff,0xf1,0xaf,
0xb1,0x11,0x11,0x11,0x10,0xaf,0xb0,0x00,0x00,0x00,0x00,0xaf,0xb0,0x00,0x00,0x00,0x00,0xaf,0xb0,0x00,
0x00,0x00,0x00,0xaf,0xb0,0x00,0x00,0x00,0x00,0xaf,0xb0,0x00,0x00,0x00,0x00,0xaf,0xb1,0x11,0x11,0x11,
0x11,0xaf,0xff,0xff,0xff,0xff,0xf9,0xaf,0xff,0xff,0xff,0xff,0xf9,0x1f,0xff,0xff,0xff,0xff,0xff,0xff,
0x80,0x00,0x01,0xff,0xff,0xff,0xff,0xff,0xff,0xf8,0x00,0x00,0x01,0x11,0x12,0xff,0x61,0x11,0x11,0x10,
0x00,0x00,0x00,0x00,0x0f,0xf5,0x00,0x00,0x00,0x00,0x00,0x00,0x00,0x00,0xff,0x50,0x00,0x00,0x00,0x00,
0x00,0x00,0x00,0x0f,0xf5,0x00,0x00,0x00,0x00,0x00,0x00,0x00,0x00,0xff,0x50,0x00,0x00,0x00,0x00,0x00,
0x00,0x00,0x0f,0xff,0xff,0xff,0xfc,0x70,0x00,0x00,0x00,0x00,0xff,0xff,0xff,0xff,0xff,0xb0,0x00,0x00,
0x00,0x0f,0xf6,0x11,0x11,0x3b,0xff,0x50,0x00,0x00,0x00,0xff,0x50,0x00,0x00,0x0d,0xfb,0x00,0x00,0x00,
0x0f,0xf5,0x00,0x00,0x00,0x8f,0xe0,0x00,0x00,0x00,0xff,0x50,0x00,0x00,0x06,0xff,0x00,0x00,0x00,0x0f,
0xf5,0x00,0x00,0x00,0x5f,0xf0,0x00,0x00,0x00,0xff,0x50,0x00,0x00,0x05,0xff,0x00,0x00,0x00,0x0f,0xf5,
0x00,0x00,0x00,0x5f,0xf0,0x00,0x00,0x00,0xff,0x50,0x00,0x00,0x05,0xff,0x00,0x00,0x00,0x0f,0xf5,0x00,
0x00,0x00,0x6f,0xf0,0x00,0x00,0x00,0x00,0x00,0x00,0x00,0x07,0xfd,0x00,0x00,0x00,0x00,0x00,0x00,0x00,
0x00,0xcf,0xa0,0x00,0x00,0x00,0x00,0x00,0x00,0x13,0x9f,0xf5,0x00,0x00,0x00,0x00,0x00,0x00,0x0e,0xff,
0xfb,0x00,0x00,0x00,0x00,0x00,0x00,0x00,0xee,0xc7,0x10,0x00,0x00,0x00,0x00,0xaf,0x60,0x00,0x00,0x00,
0x07,0xf8,0x00,0x00,0x00,0x00,0x4f,0x90,0x00,0x00,0x00,0x00,0x00,0x00,0x00,0x00,0x00,0x00,0x00,0x00,
0x00,0x00,0xaf,0xff,0xff,0xff,0xff,0xf4,0xaf,0xff,0xff,0xff,0xff,0xf4,0xaf,0xb1,0x11,0x11,0x11,0x10,
0xaf,0xb0,0x00,0x00,0x00,0x00,0xaf,0xb0,0x00,0x00,0x00,0x00,0xaf,0xb0,0x00,0x00,0x00,0x00,0xaf,0xb0,
0x00,0x00,0x00,0x00,0xaf,0xb0,0x00,0x00,0x00,0x00,0xaf,0xb0,0x00,0x00,0x00,0x00,0xaf,0xb0,0x00,0x00,
0x00,0x00,0xaf,0xb0,0x00,0x00,0x00,0x00,0xaf,0xb0,0x00,0x00,0x00,0x00,0xaf,0xb0,0x00,0x00,0x00,0x00,
0xaf,0xb0,0x00,0x00,0x00,0x00,0xaf,0xb0,0x00,0x00,0x00,0x00,0xaf,0xb0,0x00,0x00,0x00,0x00,0xaf,0xb0,
0x00,0x00,0x00,0x00,0xaf,0xb0,0x00,0x00,0x00,0x00,0x00,0x00,0x16,0xbd,0xfe,0xda,0x40,0x00,0x00,0x5e,
0xff,0xff,0xff,0xff,0xc3,0x00,0x6f,0xfd,0x62,0x11,0x37,0xdf,0x70,0x3f,0xfa,0x00,0x00,0x00,0x00,0x76,
0x0b,0xfd,0x10,0x00,0x00,0x00,0x00,0x02,0xff,0x60,0x00,0x00,0x00,0x00,0x00,0x6f,0xf1,0x00,0x00,0x00,
0x00,0x00,0x08,0xfe,0x11,0x11,0x11,0x11,0x10,0x00,0x9f,0xff,0xff,0xff,0xff,0xff,0x30,0x09,0xff,0xff,
0xff,0xff,0xff,0xf3,0x00,0x8f,0xe0,0x00,0x00,0x00,0x00,0x00,0x06,0xff,0x20,0x00,0x00,0x00,0x00,0x00,
0x2f,0xf6,0x00,0x00,0x00,0x00,0x00,0x00,0xbf,0xd1,0x00,0x00,0x00,0x00,0x00,0x03,0xff,0xa0,0x00,0x00,
0x00,0x07,0x70,0x06,0xff,0xc6,0x21,0x13,0x7d,0xf7,0x00,0x05,0xef,0xff,0xff,0xff,0xfc,0x30,0x00,0x01,
0x7b,0xdf,0xed,0x94,0x00,0x00,0x06,0xbe,0xfe,0xda,0x62,0x00,0x2c,0xff,0xff,0xff,0xff,0xd0,0x0c,0xff,
0x83,0x11,0x26,0xbc,0x03,0xff,0x50,0x00,0x00,0x00,0x10,0x6f,0xf0,0x00,0x00,0x00,0x00,0x06,0xff,0x10,
0x00,0x00,0x00,0x00,0x2f,0xfa,0x10,0x00,0x00,0x00,0x00,0xaf,0xfe,0xa7,0x30,0x00,0x00,0x00,0x8e,0xff,
0xff,0xfb,0x40,0x00,0x00,0x15,0x9c,0xff,0xff,0x80,0x00,0x00,0x00,0x01,0x5d,0xff,0x50,0x00,0x00,0x00,
0x00,0x1e,0xfb,0x00,0x00,0x00,0x00,0x00,0xaf,0xd0,0x00,0x00,0x00,0x00,0x0a,0xfd,0x33,0x00,0x00,0x00,
0x02,0xef,0xa5,0xfb,0x63,0x11,0x26,0xdf,0xf4,0x5f,0xff,0xff,0xff,0xff,0xf6,0x00,0x27,0xad,0xff,0xec,
0x82,0x00,0xaf,0xba,0xfb,0xaf,0xba,0xfb,0xaf,0xba,0xfb,0xaf,0xba,0xfb,0xaf,0xba,0xfb,0xaf,0xba,0xfb,
0xaf,0xba,0xfb,0xaf,0xba,0xfb,0xaf,0xba,0xfb,0xef,0x70,0x5f,0xf0,0xef,0x70,0x5f,0xf0,0x67,0x30,0x27,
0x70,0x00,0x00,0x00,0x00,0x00,0x00,0x00,0x00,0x00,0xaf,0xb0,0x00,0x00,0xaf,0xb0,0x00,0x00,0xaf,0xb0,
0x00,0x00,0xaf,0xb0,0x00,0x00,0xaf,0xb0,0x00,0x00,0xaf,0xb0,0x00,0x00,0xaf,0xb0,0x00,0x00,0xaf,0xb0,
0x00,0x00,0xaf,0xb0,0x00,0x00,0xaf,0xb0,0x00,0x00,0xaf,0xb0,0x00,0x00,0xaf,0xb0,0x00,0x00,0xaf,0xb0,
0x00,0x00,0xaf,0xb0,0x00,0x00,0xaf,0xb0,0x00,0x00,0xaf,0xb0,0x00,0x00,0xaf,0xb0,0x00,0x00,0xaf,0xb0,
0x00,0x00,0x00,0xaf,0xb0,0x00,0x0a,0xfb,0x00,0x00,0xaf,0xb0,0x00,0x0a,0xfb,0x00,0x00,0xaf,0xb0,0x00,
0x0a,0xfb,0x00,0x00,0xaf,0xb0,0x00,0x0a,0xfb,0x00,0x00,0xaf,0xb0,0x00,0x0a,0xfb,0x00,0x00,0xaf,0xb0,
0x00,0x0a,0xfb,0x00,0x00,0xaf,0xb0,0x00,0x0a,0xfb,0x00,0x00,0xaf,0xb0,0x00,0x0a,0xfb,0x00,0x00,0xaf,
0xb0,0x00,0x0a,0xfa,0x00,0x00,0xcf,0x90,0x00,0x1f,0xf6,0x01,0x4c,0xff,0x24,0xff,0xff,0x70,0x4f,0xeb,
0x50,0x00,0x00,0x00,0x0b,0xff,0xff,0xff,0xff,0xfa,0x00,0x00,0x00,0x00,0x00,0x00,0x00,0xbf,0xff,0xff,
0xff,0xff,0xa0,0x00,0x00,0x00,0x00,0x00,0x00,0x0b,0xfa,0x11,0x11,0x1b,0xfa,0x00,0x00,0x00,0x00,0x00,
0x00,0x00,0xbf,0x90,0x00,0x00,0xaf,0xa0,0x00,0x00,0x00,0x00,0x00,0x00,0x0b,0xf9,0x00,0x00,0x0a,0xfa,
0x00,0x00,0x00,0x00,0x00,0x00,0x00,0xbf,0x90,0x00,0x00,0xaf,0xa0,0x00,0x00,0x00,0x00,0x00,0x00,0x0c,
0xf9,0x00,0x00,0x0a,0xfa,0x00,0x00,0x00,0x00,0x00,0x00,0x00,0xcf,0x80,0x00,0x00,0xaf,0xff,0xff,0xec,
0x71,0x00,0x00,0x00,0x0d,0xf7,0x00,0x00,0x0a,0xff,0xff,0xff,0xff,0xd2,0x00,0x00,0x00,0xff,0x60,0x00,
0x00,0xaf,0xa0,0x01,0x38,0xff,0xc0,0x00,0x00,0x1f,0xf4,0x00,0x00,0x0a,0xfa,0x00,0x00,0x07,0xff,0x40,
0x00,0x04,0xff,0x20,0x00,0x00,0xaf,0xa0,0x00,0x00,0x1f,0xf7,0x00,0x00,0x8f,0xe0,0x00,0x00,0x0a,0xfa,
0x00,0x00,0x00,0xff,0x80,0x00,0x0d,0xfa,0x00,0x00,0x00,0xaf,0xa0,0x00,0x00,0x1f,0xf7,0x00,0x09,0xff,
0x40,0x00,0x00,0x0a,0xfa,0x00,0x00,0x07,0xff,0x40,0x4b,0xff,0xb0,0x00,0x00,0x00,0xaf,0xa0,0x01,0x38,
0xff,0xc0,0x0f,0xff,0xa0,0x00,0x00,0x00,0x0a,0xff,0xff,0xff,0xff,0xd2,0x00,0xd9,0x30,0x00,0x00,0x00,
0x00,0xaf,0xff,0xff,0xec,0x71,0x00,0xaf,0xb0,0x00,0x00,0x00,0xdf,0x80,0x00,0x00,0x00,0x00,0xaf,0xb0,
0x00,0x00,0x00,0xdf,0x80,0x00,0x00,0x00,0x00,0xaf,0xb0,0x00,0x00,0x00,0xdf,0x80,0x00,0x00,0x00,0x00,
0xaf,0xb0,0x00,0x00,0x00,0xdf,0x80,0x00,0x00,0x00,0x00,0xaf,0xb0,0x00,0x00,0x00,0xdf,0x80,0x00,0x00,
0x00,0x00,0xaf,0xb0,0x00,0x00,0x00,0xdf,0x80,0x00,0x00,0x00,0x00,0xaf,0xb0,0x00,0x00,0x00,0xdf,0x80,
0x00,0x00,0x00,0x00,0xaf,0xff,0xff,0xff,0xff,0xff,0xff,0xff,0xeb,0x60,0x00,0xaf,0xff,0xff,0xff,0xff,
0xff,0xff,0xff,0xff,0xfc,0x10,0xaf,0xb1,0x11,0x11,0x11,0xdf,0x81,0x11,0x39,0xff,0xa0,0xaf,0xb0,0x00,
0x00,0x00,0xdf,0x80,0x00,0x00,0xaf,0xf2,0xaf,0xb0,0x00,0x00,0x00,0xdf,0x80,0x00,0x00,0x4f,0xf5,0xaf,
0xb0,0x00,0x00,0x00,0xdf,0x80,0x00,0x00,0x2f,0xf6,0xaf,0xb0,0x00,0x00,0x00,0xdf,0x80,0x00,0x00,0x4f,
0xf5,0xaf,0xb0,0x00,0x00,0x00,0xdf,0x80,0x00,0x00,0xaf,0xf2,0xaf,0xb0,0x00,0x00,0x00,0xdf,0x80,0x01,
0x39,0xff,0xa0,0xaf,0xb0,0x00,0x00,0x00,0xdf,0xff,0xff,0xff,0xfc,0x10,0xaf,0xb0,0x00,0x00,0x00,0xdf,
0xff,0xff,0xeb,0x60,0x00,0x1f,0xff,0xff,0xff,0xff,0xff,0xff,0x80,0x00,0x01,0xff,0xff,0xff,0xff,0xff,
0xff,0xf8,0x00,0x00,0x01,0x11,0x12,0xff,0x61,0x11,0x11,0x10,0x00,0x00,0x00,0x00,0x0f,0xf5,0x00,0x00,
0x00,0x00,0x00,0x00,0x00,0x00,0xff,0x50,0x00,0x00,0x00,0x00,0x00,0x00,0x00,0x0f,0xf5,0x00,0x00,0x00,
0x00,0x00,0x00,0x00,0x00,0xff,0x50,0x00,0x00,0x00,0x00,0x00,0x00,0x00,0x0f,0xff,0xff,0xff,0xfc,0x70,
0x00,0x00,0x00,0x00,0xff,0xff,0xff,0xff,0xff,0xb0,0x00,0x00,0x00,0x0f,0xf6,0x11,0x11,0x3b,0xff,0x50,
0x00,0x00,0x00,0xff,0x50,0x00,0x00,0x0d,0xfb,0x00,0x00,0x00,0x0f,0xf5,0x00,0x00,0x00,0x8f,0xe0,0x00,
0x00,0x00,0xff,0x50,0x00,0x00,0x06,0xff,0x00,0x00,0x00,0x0f,0xf5,0x00,0x00,0x00,0x5f,0xf0,0x00,0x00,
0x00,0xff,0x50,0x00,0x00,0x05,0xff,0x00,0x00,0x00,0x0f,0xf5,0x00,0x00,0x00,0x5f,0xf0,0x00,0x00,0x00,
0xff,0x50,0x00,0x00,0x05,0xff,0x00,0x00,0x00,0x0f,0xf5,0x00,0x00,0x00,0x5f,0xf0,0x00,0x00,0x00,0x1d,
0xe3,0x00,0x00,0x00,0x00,0x00,0x0b,0xf4,0x00,0x00,0x00,0x00,0x00,0x07,0xf6,0x00,0x00,0x00,0x00,0x00,
0x00,0x00,0x00,0x00,0x00,0x00,0x00,0x00,0x00,0x00,0x00,0x00,0x00,0x0a,0xfb,0x00,0x00,0x00,0x05,0xff,
0xb0,0xaf,0xb0,0x00,0x00,0x04,0xff,0xb1,0x0a,0xfb,0x00,0x00,0x04,0xef,0xc1,0x00,0xaf,0xb0,0x00,0x03,
0xef,0xc1,0x00,0x0a,0xfb,0x00,0x03,0xef,0xd1,0x00,0x00,0xaf,0xb0,0x02,0xef,0xd2,0x00,0x00,0x0a,0xfb,
0x02,0xdf,0xd2,0x00,0x00,0x00,0xaf,0xb1,0xdf,0xfb,0x00,0x00,0x00,0x0a,0xfc,0xcf,0xef,0xf5,0x00,0x00,
0x00,0xaf,0xff,0xe4,0x9f,0xe1,0x00,0x00,0x0a,0xff,0xf4,0x01,0xdf,0xa0,0x00,0x00,0xaf,0xf5,0x00,0x04,
0xff,0x50,0x00,0x0a,0xfb,0x00,0x00,0x09,0xfe,0x10,0x00,0xaf,0xb0,0x00,0x00,0x1d,0xfa,0x00,0x0a,0xfb,
0x00,0x00,0x00,0x4f,0xf4,0x00,0xaf,0xb0,0x00,0x00,0x00,0xaf,0xd1,0x0a,0xfb,0x00,0x00,0x00,0x01,0xef,
0x90,0xaf,0xb0,0x00,0x00,0x00,0x05,0xff,0x40,0x00,0x00,0xbf,0x60,0x00,0x00,0x00,0x00,0x00,0x1c,0xf3,
0x00,0x00,0x00,0x00,0x00,0x01,0xdd,0x10,0x00,0x00,0x00,0x00,0x00,0x00,0x00,0x00,0x00,0x00,0x00,0x00,
0x00,0x00,0x00,0x00,0xaf,0xa0,0x00,0x00,0x00,0xdf,0xf9,0xaf,0xa0,0x00,0x00,0x06,0xff,0xf9,0xaf,0xa0,
0x00,0x00,0x0d,0xff,0xf9,0xaf,0xa0,0x00,0x00,0x6f,0xec,0xf9,0xaf,0xa0,0x00,0x00,0xdf,0x7b,0xf9,0xaf,
0xa0,0x00,0x06,0xfe,0x1b,0xf9,0xaf,0xa0,0x00,0x1e,0xf7,0x0b,0xf9,0xaf,0xa0,0x00,0x7f,0xe1,0x0b,0xf9,
0xaf,0xa0,0x01,0xef,0x70,0x0b,0xf9,0xaf,0xa0,0x07,0xfd,0x00,0x0b,0xf9,0xaf,0xa0,0x1e,0xf6,0x00,0x0b,
0xf9,0xaf,0xa0,0x8f,0xd0,0x00,0x0b,0xf9,0xaf,0xa1,0xef,0x60,0x00,0x0b,0xf9,0xaf,0xa8,0xfd,0x00,0x00,
0x0b,0xf9,0xaf,0xbe,0xf5,0x00,0x00,0x0b,0xf9,0xaf,0xff,0xc0,0x00,0x00,0x0b,0xf9,0xaf,0xff,0x50,0x00,
0x00,0x0b,0xf9,0xaf,0xfc,0x00,0x00,0x00,0x0b,0xf9,0x00,0x03,0xf7,0x10,0x2b,0xd0,0x00,0x00,0x00,0x0a,
0xff,0xff,0xf5,0x00,0x00,0x00,0x00,0x04,0x89,0x72,0x00,0x00,0x00,0x00,0x00,0x00,0x00,0x00,0x00,0x00,
0x00,0x00,0x00,0x00,0x00,0x00,0x00,0x06,0xff,0x20,0x00,0x00,0x00,0x8f,0xe1,0x1e,0xf9,0x00,0x00,0x00,
0x0e,0xf9,0x00,0x8f,0xe1,0x00,0x00,0x06,0xff,0x30,0x02,0xff,0x60,0x00,0x00,0xcf,0xc0,0x00,0x0b,0xfc,
0x00,0x00,0x3f,0xf5,0x00,0x00,0x5f,0xf3,0x00,0x09,0xfe,0x00,0x00,0x00,0xdf,0x90,0x01,0xef,0x80,0x00,
0x00,0x07,0xff,0x10,0x7f,0xf2,0x00,0x00,0x00,0x1f,0xf7,0x0d,0xfb,0x00,0x00,0x00,0x00,0xaf,0xd4,0xff,
0x40,0x00,0x00,0x00,0x04,0xff,0xdf,0xd0,0x00,0x00,0x00,0x00,0x0d,0xff,0xf7,0x00,0x00,0x00,0x00,0x00,
0x6f,0xff,0x10,0x00,0x00,0x00,0x00,0x01,0xff,0xa0,0x00,0x00,0x00,0x00,0x00,0x5f,0xf3,0x00,0x00,0x00,
0x00,0x12,0x4d,0xfc,0x00,0x00,0x00,0x00,0x0b,0xff,0xff,0x40,0x00,0x00,0x00,0x00,0xbf,0xeb,0x40,0x00,
0x00,0x00,0x00,0xaf,0xb0,0x00,0x00,0x00,0x0a,0xfa,0xaf,0xb0,0x00,0x00,0x00,0x0a,0xfa,0xaf,0xb0,0x00,
0x00,0x00,0x0a,0xfa,0xaf,0xb0,0x00,0x00,0x00,0x0a,0xfa,0xaf,0xb0,0x00,0x00,0x00,0x0a,0xfa,0xaf,0xb0,
0x00,0x00,0x00,0x0a,0xfa,0xaf,0xb0,0x00,0x00,0x00,0x0a,0xfa,0xaf,0xb0,0x00,0x00,0x00,0x0a,0xfa,0xaf,
0xb0,0x00,0x00,0x00,0x0a,0xfa,0xaf,0xb0,0x00,0x00,0x00,0x0a,0xfa,0xaf,0xb0,0x00,0x00,0x00,0x0a,0xfa,
0xaf,0xb0,0x00,0x00,0x00,0x0a,0xfa,0xaf,0xb0,0x00,0x00,0x00,0x0a,0xfa,0xaf,0xb0,0x00,0x00,0x00,0x0a,
0xfa,0xaf,0xb0,0x00,0x00,0x00,0x0a,0xfa,0xaf,0xb1,0x11,0x11,0x11,0x1a,0xfa,0xaf,0xff,0xff,0xff,0xff,
0xff,0xfa,0xaf,0xff,0xff,0xff,0xff,0xff,0xfa,0x00,0x00,0x00,0xff,0x00,0x00,0x00,0x00,0x00,0x00,0xff,
0x00,0x00,0x00,0x00,0x00,0x00,0xff,0x00,0x00,0x00,0x00,0x00,0x00,0xff,0x00,0x00,0x00,0x00,0x00,0x00,
0x5f,0xfb,0x00,0x00,0x00,0x00,0x00,0x00,0x0a,0xff,0xf2,0x00,0x00,0x00,0x00,0x00,0x01,0xfe,0xaf,0x70,
0x00,0x00,0x00,0x00,0x00,0x6f,0xa4,0xfd,0x00,0x00,0x00,0x00,0x00,0x0c,0xf4,0x0d,0xf3,0x00,0x00,0x00,
0x00,0x03,0xfe,0x00,0x8f,0x90,0x00,0x00,0x00,0x00,0x8f,0x90,0x03,0xfe,0x00,0x00,0x00,0x00,0x0e,0xf4,
0x00,0x0c,0xf5,0x00,0x00,0x00,0x04,0xfd,0x00,0x00,0x7f,0xa0,0x00,0x00,0x00,0xaf,0x80,0x00,0x02,0xff,
0x10,0x00,0x00,0x1f,0xf3,0x00,0x00,0x0b,0xf7,0x00,0x00,0x06,0xff,0xff,0xff,0xff,0xff,0xc0,0x00,0x00,
0xcf,0xff,0xff,0xff,0xff,0xff,0x30,0x00,0x2f,0xf3,0x11,0x11,0x11,0x1a,0xf8,0x00,0x08,0xfc,0x00,0x00,
0x00,0x00,0x5f,0xe0,0x00,0xdf,0x70,0x00,0x00,0x00,0x01,0xff,0x40,0x4f,0xf3,0x00,0x00,0x00,0x00,0x0b,
0xfa,0x09,0xfd,0x00,0x00,0x00,0x00,0x00,0x6f,0xf1,0xaf,0xff,0xff,0xff,0xff,0xf8,0x0a,0xff,0xff,0xff,
0xff,0xff,0x80,0xaf,0xb0,0x00,0x00,0x00,0x00,0x0a,0xfb,0x00,0x00,0x00,0x00,0x00,0xaf,0xb0,0x00,0x00,
0x00,0x00,0x0a,0xfb,0x00,0x00,0x00,0x00,0x00,0xaf,0xb0,0x00,0x00,0x00,0x00,0x0a,0xff,0xff,0xff,0xec,
0x82,0x00,0xaf,0xff,0xff,0xff,0xff,0xe5,0x0a,0xfb,0x00,0x01,0x26,0xef,0xe1,0xaf,0xb0,0x00,0x00,0x04,
0xff,0x7a,0xfb,0x00,0x00,0x00,0x0d,0xfa,0xaf,0xb0,0x00,0x00,0x00,0xcf,0xba,0xfb,0x00,0x00,0x00,0x0d,
0xfa,0xaf,0xb0,0x00,0x00,0x04,0xff,0x7a,0xfb,0x00,0x01,0x26,0xef,0xf2,0xaf,0xff,0xff,0xff,0xff,0xf5,
0x0a,0xff,0xff,0xff,0xec,0x92,0x00,0xaf,0xff,0xff,0xfe,0xc7,0x10,0x0a,0xff,0xff,0xff,0xff,0xfd,0x20,
0xaf,0xb0,0x00,0x13,0x8f,0xfa,0x0a,0xfb,0x00,0x00,0x00,0x9f,0xe0,0xaf,0xb0,0x00,0x00,0x06,0xff,0x0a,
0xfb,0x00,0x00,0x00,0x9f,0xd0,0xaf,0xb0,0x00,0x02,0x7f,0xf6,0x0a,0xff,0xff,0xff,0xff,0xc5,0x00,0xaf,
0xff,0xff,0xff,0xfe,0x80,0x0a,0xfb,0x00,0x00,0x15,0xef,0xa0,0xaf,0xb0,0x00,0x00,0x04,0xff,0x4a,0xfb,
0x00,0x00,0x00,0x0d,0xf9,0xaf,0xb0,0x00,0x00,0x00,0xcf,0xba,0xfb,0x00,0x00,0x00,0x0d,0xfb,0xaf,0xb0,
0x00,0x00,0x04,0xff,0x8a,0xfb,0x00,0x01,0x26,0xef,0xe2,0xaf,0xff,0xff,0xff,0xff,0xe5,0x0a,0xff,0xff,
0xff,0xec,0x82,0x00,0xaf,0xff,0xff,0xff,0xff,0xf4,0xaf,0xff,0xff,0xff,0xff,0xf4,0xaf,0xb1,0x11,0x11,
0x11,0x10,0xaf,0xb0,0x00,0x00,0x00,0x00,0xaf,0xb0,0x00,0x00,0x00,0x00,0xaf,0xb0,0x00,0x00,0x00,0x00,
0xaf,0xb0,0x00,0x00,0x00,0x00,0xaf,0xb0,0x00,0x00,0x00,0x00,0xaf,0xb0,0x00,0x00,0x00,0x00,0xaf,0xb0,
0x00,0x00,0x00,0x00,0xaf,0xb0,0x00,0x00,0x00,0x00,0xaf,0xb0,0x00,0x00,0x00,0x00,0xaf,0xb0,0x00,0x00,
0x00,0x00,0xaf,0xb0,0x00,0x00,0x00,0x00,0xaf,0xb0,0x00,0x00,0x00,0x00,0xaf,0xb0,0x00,0x00,0x00,0x00,
0xaf,0xb0,0x00,0x00,0x00,0x00,0xaf,0xb0,0x00,0x00,0x00,0x00,0x00,0x00,0xcf,0xff,0xff,0xff,0xff,0x90,
0x00,0x00,0x0c,0xff,0xff,0xff,0xff,0xf9,0x00,0x00,0x00,0xcf,0x91,0x11,0x11,0xcf,0x90,0x00,0x00,0x0d,
0xf8,0x00,0x00,0x0c,0xf9,0x00,0x00,0x00,0xdf,0x80,0x00,0x00,0xcf,0x90,0x00,0x00,0x0d,0xf8,0x00,0x00,
0x0c,0xf9,0x00,0x00,0x00,0xef,0x70,0x00,0x00,0xcf,0x90,0x00,0x00,0x0f,0xf7,0x00,0x00,0x0c,0xf9,0x00,
0x00,0x01,0xff,0x50,0x00,0x00,0xcf,0x90,0x00,0x00,0x2f,0xf4,0x00,0x00,0x0c,0xf9,0x00,0x00,0x04,0xff,
0x20,0x00,0x00,0xcf,0x90,0x00,0x00,0x7f,0xe0,0x00,0x00,0x0c,0xf9,0x00,0x00,0x0a,0xfc,0x00,0x00,0x00,
0xcf,0x90,0x00,0x00,0xef,0x80,0x00,0x00,0x0c,0xf9,0x00,0x00,0x5f,0xf3,0x00,0x00,0x00,0xcf,0x90,0x01,
0x6e,0xfc,0x11,0x11,0x11,0x1c,0xf9,0x11,0xcf,0xff,0xff,0xff,0xff,0xff,0xff,0xff,0x8c,0xff,0xff,0xff,
0xff,0xff,0xff,0xff,0xf8,0xcf,0x30,0x00,0x00,0x00,0x00,0x00,0x6f,0x8c,0xf3,0x00,0x00,0x00,0x00,0x00,
0x06,0xf8,0xcf,0x30,0x00,0x00,0x00,0x00,0x00,0x6f,0x8b,0xe2,0x00,0x00,0x00,0x00,0x00,0x06,0xe8,0xaf,
0xff,0xff,0xff,0xff,0xf6,0xaf,0xff,0xff,0xff,0xff,0xf6,0xaf,0xb1,0x11,0x11,0x11,0x10,0xaf,0xb0,0x00,
0x00,0x00,0x00,0xaf,0xb0,0x00,0x00,0x00,0x00,0xaf,0xb0,0x00,0x00,0x00,0x00,0xaf,0xb0,0x00,0x00,0x00,
0x00,0xaf,0xff,0xff,0xff,0xff,0xf1,0xaf,0xff,0xff,0xff,0xff,0xf1,0xaf,0xb1,0x11,0x11,0x11,0x10,0xaf,
0xb0,0x00,0x00,0x00,0x00,0xaf,0xb0,0x00,0x00,0x00,0x00,0xaf,0xb0,0x00,0x00,0x00,0x00,0xaf,0xb0,0x00,
0x00,0x00,0x00,0xaf,0xb0,0x00,0x00,0x00,0x00,0xaf,0xb1,0x11,0x11,0x11,0x11,0xaf,0xff,0xff,0xff,0xff,
0xf9,0xaf,0xff,0xff,0xff,0xff,0xf9,0x0a,0xfe,0x30,0x00,0x00,0x04,0xff,0x20,0x00,0x00,0x05,0xff,0x80,
0x00,0xbf,0xe2,0x00,0x00,0x04,0xff,0x20,0x00,0x00,0x4f,0xf9,0x00,0x00,0x1c,0xfd,0x20,0x00,0x04,0xff,
0x20,0x00,0x03,0xef,0xb0,0x00,0x00,0x01,0xdf,0xc1,0x00,0x04,0xff,0x20,0x00,0x2e,0xfc,0x10,0x00,0x00,
0x00,0x2e,0xfb,0x00,0x04,0xff,0x20,0x01,0xdf,0xd1,0x00,0x00,0x00,0x00,0x03,0xef,0xa0,0x04,0xff,0x20,
0x1c,0xfe,0x20,0x00,0x00,0x00,0x00,0x00,0x4f,0xf9,0x04,0xff,0x20,0xbf,0xe3,0x00,0x00,0x00,0x00,0x00,
0x00,0x1e,0xff,0x74,0xff,0x2a,0xff,0xd0,0x00,0x00,0x00,0x00,0x00,0x00,0x9f,0xef,0xfa,0xff,0xaf,0xfe,
0xf7,0x00,0x00,0x00,0x00,0x00,0x04,0xff,0x49,0xff,0xff,0xff,0x76,0xfe,0x20,0x00,0x00,0x00,0x00,0x0d,
0xf9,0x00,0xaf,0xff,0xf8,0x00,0xbf,0xb0,0x00,0x00,0x00,0x00,0x7f,0xe1,0x00,0x0b,0xff,0xa0,0x00,0x2f,
0xf5,0x00,0x00,0x00,0x02,0xff,0x60,0x00,0x04,0xff,0x20,0x00,0x08,0xfe,0x10,0x00,0x00,0x0b,0xfb,0x00,
0x00,0x04,0xff,0x20,0x00,0x00,0xdf,0x90,0x00,0x00,0x5f,0xf2,0x00,0x00,0x04,0xff,0x20,0x00,0x00,0x4f,
0xf3,0x00,0x01,0xef,0x70,0x00,0x00,0x04,0xff,0x20,0x00,0x00,0x0a,0xfc,0x00,0x09,0xfd,0x00,0x00,0x00,
0x04,0xff,0x20,0x00,0x00,0x01,0xef,0x70,0x3f,0xf4,0x00,0x00,0x00,0x04,0xff,0x20,0x00,0x00,0x00,0x6f,
0xe2,0x05,0x9c,0xef,0xfd,0xa5,0x00,0x04,0xff,0xff,0xff,0xff,0xfc,0x20,0x4d,0x84,0x21,0x23,0x7e,0xfd,
0x00,0x00,0x00,0x00,0x00,0x4f,0xf4,0x00,0x00,0x00,0x00,0x00,0xff,0x50,0x00,0x00,0x00,0x00,0x3f,0xf2,
0x00,0x00,0x00,0x02,0x5e,0xf8,0x00,0x00,0x6f,0xff,0xff,0xc6,0x00,0x00,0x06,0xff,0xff,0xfe,0x91,0x00,
0x00,0x00,0x00,0x26,0xef,0xc0,0x00,0x00,0x00,0x00,0x02,0xff,0x60,0x00,0x00,0x00,0x00,0x0a,0xfa,0x00,
0x00,0x00,0x00,0x00,0x9f,0xc0,0x00,0x00,0x00,0x00,0x0b,0xfa,0x43,0x00,0x00,0x00,0x04,0xff,0x66,0xfa,
0x52,0x12,0x49,0xff,0xc0,0x6f,0xff,0xff,0xff,0xff,0xb1,0x00,0x48,0xbe,0xfe,0xd9,0x40,0x00,0xaf,0xa0,
0x00,0x00,0x00,0xdf,0xf9,0xaf,0xa0,0x00,0x00,0x06,0xff,0xf9,0xaf,0xa0,0x00,0x00,0x0d,0xff,0xf9,0xaf,
0xa0,0x00,0x00,0x6f,0xec,0xf9,0xaf,0xa0,0x00,0x00,0xdf,0x7b,0xf9,0xaf,0xa0,0x00,0x06,0xfe,0x1b,0xf9,
0xaf,0xa0,0x00,0x1e,0xf7,0x0b,0xf9,0xaf,0xa0,0x00,0x7f,0xe1,0x0b,0xf9,0xaf,0xa0,0x01,0xef,0x70,0x0b,
0xf9,0xaf,0xa0,0x07,0xfd,0x00,0x0b,0xf9,0xaf,0xa0,0x1e,0xf6,0x00,0x0b,0xf9,0xaf,0xa0,0x8f,0xd0,0x00,
0x0b,0xf9,0xaf,0xa1,0xef,0x60,0x00,0x0b,0xf9,0xaf,0xa8,0xfd,0x00,0x00,0x0b,0xf9,0xaf,0xbe,0xf5,0x00,
0x00,0x0b,0xf9,0xaf,0xff,0xc0,0x00,0x00,0x0b,0xf9,0xaf,0xff,0x50,0x00,0x00,0x0b,0xf9,0xaf,0xfc,0x00,
0x00,0x00,0x0b,0xf9,0x00,0x0a,0xd3,0x01,0x5f,0x60,0x00,0x00,0x03,0xef,0xff,0xfc,0x10,0x00,0x00,0x00,
0x17,0x98,0x50,0x00,0x00,0x00,0x00,0x00,0x00,0x00,0x00,0x00,0x00,0x00,0x00,0x00,0x00,0x00,0x00,0xaf,
0xa0,0x00,0x00,0x00,0xdf,0xf9,0xaf,0xa0,0x00,0x00,0x06,0xff,0xf9,0xaf,0xa0,0x00,0x00,0x0d,0xff,0xf9,
0xaf,0xa0,0x00,0x00,0x6f,0xec,0xf9,0xaf,0xa0,0x00,0x00,0xdf,0x7b,0xf9,0xaf,0xa0,0x00,0x06,0xfe,0x1b,
0xf9,0xaf,0xa0,0x00,0x1e,0xf7,0x0b,0xf9,0xaf,0xa0,0x00,0x7f,0xe1,0x0b,0xf9,0xaf,0xa0,0x01,0xef,0x70,
0x0b,0xf9,0xaf,0xa0,0x07,0xfd,0x00,0x0b,0xf9,0xaf,0xa0,0x1e,0xf6,0x00,0x0b,0xf9,0xaf,0xa0,0x8f,0xd0,
0x00,0x0b,0xf9,0xaf,0xa1,0xef,0x60,0x00,0x0b,0xf9,0xaf,0xa8,0xfd,0x00,0x00,0x0b,0xf9,0xaf,0xbe,0xf5,
0x00,0x00,0x0b,0xf9,0xaf,0xff,0xc0,0x00,0x00,0x0b,0xf9,0xaf,0xff,0x50,0x00,0x00,0x0b,0xf9,0xaf,0xfc,
0x00,0x00,0x00,0x0b,0xf9,0xaf,0xb0,0x00,0x00,0x00,0x5f,0xfb,0x0a,0xfb,0x00,0x00,0x00,0x4f,0xfb,0x10,
0xaf,0xb0,0x00,0x00,0x4e,0xfc,0x10,0x0a,0xfb,0x00,0x00,0x3e,0xfc,0x10,0x00,0xaf,0xb0,0x00,0x3e,0xfd,
0x10,0x00,0x0a,0xfb,0x00,0x2e,0xfd,0x20,0x00,0x00,0xaf,0xb0,0x2d,0xfd,0x20,0x00,0x00,0x0a,0xfb,0x1d,
0xff,0xb0,0x00,0x00,0x00,0xaf,0xcc,0xfe,0xff,0x50,0x00,0x00,0x0a,0xff,0xfe,0x49,0xfe,0x10,0x00,0x00,
0xaf,0xff,0x40,0x1d,0xfa,0x00,0x00,0x0a,0xff,0x50,0x00,0x4f,0xf5,0x00,0x00,0xaf,0xb0,0x00,0x00,0x9f,
0xe1,0x00,0x0a,0xfb,0x00,0x00,0x01,0xdf,0xa0,0x00,0xaf,0xb0,0x00,0x00,0x04,0xff,0x40,0x0a,0xfb,0x00,
0x00,0x00,0x0a,0xfd,0x10,0xaf,0xb0,0x00,0x00,0x00,0x1e,0xf9,0x0a,0xfb,0x00,0x00,0x00,0x00,0x5f,0xf4,
0x00,0x00,0x0b,0xff,0xff,0xff,0xff,0xfa,0x00,0x00,0x0b,0xff,0xff,0xff,0xff,0xfa,0x00,0x00,0x0b,0xfa,
0x11,0x11,0x1b,0xfa,0x00,0x00,0x0b,0xf9,0x00,0x00,0x0a,0xfa,0x00,0x00,0x0b,0xf9,0x00,0x00,0x0a,0xfa,
0x00,0x00,0x0b,0xf9,0x00,0x00,0x0a,0xfa,0x00,0x00,0x0c,0xf9,0x00,0x00,0x0a,0xfa,0x00,0x00,0x0d,0xf8,
0x00,0x00,0x0a,0xfa,0x00,0x00,0x0e,0xf7,0x00,0x00,0x0a,0xfa,0x00,0x00,0x0f,0xf6,0x00,0x00,0x0a,0xfa,
0x00,0x00,0x2f,0xf4,0x00,0x00,0x0a,0xfa,0x00,0x00,0x4f,0xf2,0x00,0x00,0x0a,0xfa,0x00,0x00,0x8f,0xe0,
0x00,0x00,0x0a,0xfa,0x00,0x00,0xcf,0xa0,0x00,0x00,0x0a,0xfa,0x00,0x07,0xff,0x50,0x00,0x00,0x0a,0xfa,
0x03,0xaf,0xfb,0x00,0x00,0x00,0x0a,0xfa,0x0f,0xff,0xa1,0x00,0x00,0x00,0x0a,0xfa,0x0d,0x93,0x00,0x00,
0x00,0x00,0x0a,0xfa,0xaf,0xff,0x10,0x00,0x00,0x00,0x5f,0xff,0x5a,0xff,0xf7,0x00,0x00,0x00,0x0b,0xff,
0xf5,0xaf,0xdf,0xc0,0x00,0x00,0x01,0xfe,0xef,0x5a,0xfa,0xdf,0x20,0x00,0x00,0x7f,0x9e,0xf5,0xaf,0xa8,
0xf8,0x00,0x00,0x0c,0xf3,0xef,0x5a,0xfa,0x2f,0xd0,0x00,0x03,0xfd,0x0e,0xf5,0xaf,0xa0,0xcf,0x40,0x00,
0x8f,0x70,0xef,0x5a,0xfa,0x06,0xf9,0x00,0x0e,0xf2,0x0e,0xf5,0xaf,0xa0,0x1f,0xe1,0x04,0xfb,0x00,0xef,
0x5a,0xfa,0x00,0xaf,0x50,0xaf,0x60,0x0e,0xf5,0xaf,0xa0,0x05,0xfb,0x1e,0xf1,0x00,0xef,0x5a,0xfa,0x00,
0x0e,0xf7,0xfa,0x00,0x0e,0xf5,0xaf,0xa0,0x00,0x9f,0xff,0x40,0x00,0xef,0x5a,0xfa,0x00,0x03,0xff,0xe0,
0x00,0x0e,0xf5,0xaf,0xa0,0x00,0x08,0x85,0x00,0x00,0xef,0x5a,0xfa,0x00,0x00,0x00,0x00,0x00,0x0e,0xf5,
0xaf,0xa0,0x00,0x00,0x00,0x00,0x00,0xef,0x5a,0xfa,0x00,0x00,0x00,0x00,0x00,0x0e,0xf5,0xaf,0xb0,0x00,
0x00,0x00,0x0a,0xfa,0xaf,0xb0,0x00,0x00,0x00,0x0a,0xfa,0xaf,0xb0,0x00,0x00,0x00,0x0a,0xfa,0xaf,0xb0,
0x00,0x00,0x00,0x0a,0xfa,0xaf,0xb0,0x00,0x00,0x00,0x0a,0xfa,0xaf,0xb0,0x00,0x00,0x00,0x0a,0xfa,0xaf,
0xb0,0x00,0x00,0x00,0x0a,0xfa,0xaf,0xff,0xff,0xff,0xff,0xff,0xfa,0xaf,0xff,0xff,0xff,0xff,0xff,0xfa,
0xaf,0xb1,0x11,0x11,0x11,0x1a,0xfa,0xaf,0xb0,0x00,0x00,0x00,0x0a,0xfa,0xaf,0xb0,0x00,0x00,0x00,0x0a,
0xfa,0xaf,0xb0,0x00,0x00,0x00,0x0a,0xfa,0xaf,0xb0,0x00,0x00,0x00,0x0a,0xfa,0xaf,0xb0,0x00,0x00,0x00,
0x0a,0xfa,0xaf,0xb0,0x00,0x00,0x00,0x0a,0xfa,0xaf,0xb0,0x00,0x00,0x00,0x0a,0xfa,0xaf,0xb0,0x00,0x00,
0x00,0x0a,0xfa,0x00,0x00,0x17,0xce,0xfe,0xb7,0x10,0x00,0x00,0x00,0x6e,0xff,0xff,0xff,0xfe,0x50,0x00,
0x00,0x7f,0xfd,0x51,0x02,0x6d,0xff,0x50,0x00,0x3f,0xfb,0x00,0x00,0x00,0x1c,0xfe,0x20,0x0b,0xfe,0x10,
0x00,0x00,0x00,0x2e,0xf9,0x02,0xff,0x70,0x00,0x00,0x00,0x00,0x9f,0xf1,0x6f,0xf2,0x00,0x00,0x00,0x00,
0x04,0xff,0x48,0xfe,0x00,0x00,0x00,0x00,0x00,0x1f,0xf7,0x9f,0xd0,0x00,0x00,0x00,0x00,0x00,0xff,0x89,
0xfd,0x00,0x00,0x00,0x00,0x00,0x0f,0xf8,0x8f,0xe0,0x00,0x00,0x00,0x00,0x01,0xff,0x76,0xff,0x20,0x00,
0x00,0x00,0x00,0x4f,0xf4,0x2f,0xf7,0x00,0x00,0x00,0x00,0x09,0xff,0x10,0xbf,0xd1,0x00,0x00,0x00,0x02,
0xef,0x90,0x03,0xff,0xb0,0x00,0x00,0x01,0xcf,0xe2,0x00,0x07,0xff,0xd5,0x10,0x26,0xdf,0xf5,0x00,0x00,
0x06,0xef,0xff,0xff,0xff,0xe5,0x00,0x00,0x00,0x01,0x7c,0xef,0xeb,0x71,0x00,0x00,0xaf,0xff,0xff,0xff,
0xff,0xff,0xfa,0xaf,0xff,0xff,0xff,0xff,0xff,0xfa,0xaf,0xb1,0x11,0x11,0x11,0x1a,0xfa,0xaf,0xb0,0x00,
0x00,0x00,0x0a,0xfa,0xaf,0xb0,0x00,0x00,0x00,0x0a,0xfa,0xaf,0xb0,0x00,0x00,0x00,0x0a,0xfa,0xaf,0xb0,
0x00,0x00,0x00,0x0a,0xfa,0xaf,0xb0,0x00,0x00,0x00,0x0a,0xfa,0xaf,0xb0,0x00,0x00,0x00,0x0a,0xfa,0xaf,
0xb0,0x00,0x00,0x00,0x0a,0xfa,0xaf,0xb0,0x00,0x00,0x00,0x0a,0xfa,0xaf,0xb0,0x00,0x00,0x00,0x0a,0xfa,
0xaf,0xb0,0x00,0x00,0x00,0x0a,0xfa,0xaf,0xb0,0x00,0x00,0x00,0x0a,0xfa,0xaf,0xb0,0x00,0x00,0x00,0x0a,
0xfa,0xaf,0xb0,0x00,0x00,0x00,0x0a,0xfa,0xaf,0xb0,0x00,0x00,0x00,0x0a,0xfa,0xaf,0xb0,0x00,0x00,0x00,
0x0a,0xfa,0xaf,0xff,0xff,0xec,0x82,0x00,0xaf,0xff,0xff,0xff,0xfe,0x40,0xaf,0xb0,0x01,0x27,0xef,0xe1,
0xaf,0xb0,0x00,0x00,0x6f,0xf6,0xaf,0xb0,0x00,0x00,0x0f,0xf9,0xaf,0xb0,0x00,0x00,0x0d,0xfa,0xaf,0xb0,
0x00,0x00,0x0f,0xf9,0xaf,0xb0,0x00,0x00,0x6f,0xf6,0xaf,0xb0,0x01,0x27,0xef,0xe1,0xaf,0xff,0xff,0xff,
0xfe,0x40,0xaf,0xff,0xff,0xec,0x82,0x00,0xaf,0xb0,0x00,0x00,0x00,0x00,0xaf,0xb0,0x00,0x00,0x00,0x00,
0xaf,0xb0,0x00,0x00,0x00,0x00,0xaf,0xb0,0x00,0x00,0x00,0x00,0xaf,0xb0,0x00,0x00,0x00,0x00,0xaf,0xb0,
0x00,0x00,0x00,0x00,0xaf,0xb0,0x00,0x00,0x00,0x00,0x00,0x00,0x16,0xbd,0xfe,0xda,0x40,0x00,0x00,0x5e,
0xff,0xff,0xff,0xff,0xc3,0x00,0x6f,0xfe,0x73,0x11,0x37,0xdf,0x70,0x3f,0xfb,0x10,0x00,0x00,0x00,0x77,
0x0b,0xfe,0x10,0x00,0x00,0x00,0x00,0x02,0xff,0x70,0x00,0x00,0x00,0x00,0x00,0x6f,0xf2,0x00,0x00,0x00,
0x00,0x00,0x08,0xfe,0x00,0x00,0x00,0x00,0x00,0x00,0x9f,0xd0,0x00,0x00,0x00,0x00,0x00,0x09,0xfd,0x00,
0x00,0x00,0x00,0x00,0x00,0x8f,0xe0,0x00,0x00,0x00,0x00,0x00,0x06,0xff,0x20,0x00,0x00,0x00,0x00,0x00,
0x2f,0xf7,0x00,0x00,0x00,0x00,0x00,0x00,0xbf,0xd1,0x00,0x00,0x00,0x00,0x00,0x03,0xff,0xb1,0x00,0x00,
0x00,0x07,0x70,0x06,0xff,0xe7,0x31,0x13,0x7d,0xf7,0x00,0x05,0xef,0xff,0xff,0xff,0xfc,0x30,0x00,0x01,
0x6b,0xdf,0xed,0xa4,0x00,0x1f,0xff,0xff,0xff,0xff,0xff,0xff,0xfb,0x1f,0xff,0xff,0xff,0xff,0xff,0xff,
0xfb,0x01,0x11,0x11,0x1d,0xf8,0x11,0x11,0x11,0x00,0x00,0x00,0x0d,0xf8,0x00,0x00,0x00,0x00,0x00,0x00,
0x0d,0xf8,0x00,0x00,0x00,0x00,0x00,0x00,0x0d,0xf8,0x00,0x00,0x00,0x00,0x00,0x00,0x0d,0xf8,0x00,0x00,
0x00,0x00,0x00,0x00,0x0d,0xf8,0x00,0x00,0x00,0x00,0x00,0x00,0x0d,0xf8,0x00,0x00,0x00,0x00,0x00,0x00,
0x0d,0xf8,0x00,0x00,0x00,0x00,0x00,0x00,0x0d,0xf8,0x00,0x00,0x00,0x00,0x00,0x00,0x0d,0xf8,0x00,0x00,
0x00,0x00,0x00,0x00,0x0d,0xf8,0x00,0x00,0x00,0x00,0x00,0x00,0x0d,0xf8,0x00,0x00,0x00,0x00,0x00,0x00,
0x0d,0xf8,0x00,0x00,0x00,0x00,0x00,0x00,0x0d,0xf8,0x00,0x00,0x00,0x00,0x00,0x00,0x0d,0xf8,0x00,0x00,
0x00,0x00,0x00,0x00,0x0d,0xf8,0x00,0x00,0x00,0x6f,0xf2,0x00,0x00,0x00,0x08,0xfe,0x11,0xef,0x90,0x00,
0x00,0x00,0xef,0x90,0x08,0xfe,0x10,0x00,0x00,0x6f,0xf3,0x00,0x2f,0xf6,0x00,0x00,0x0c,0xfc,0x00,0x00,
0xbf,0xc0,0x00,0x03,0xff,0x50,0x00,0x05,0xff,0x30,0x00,0x9f,0xe0,0x00,0x00,0x0d,0xf9,0x00,0x1e,0xf8,
0x00,0x00,0x00,0x7f,0xf1,0x07,0xff,0x20,0x00,0x00,0x01,0xff,0x70,0xdf,0xb0,0x00,0x00,0x00,0x0a,0xfd,
0x4f,0xf4,0x00,0x00,0x00,0x00,0x4f,0xfd,0xfd,0x00,0x00,0x00,0x00,0x00,0xdf,0xff,0x70,0x00,0x00,0x00,
0x00,0x06,0xff,0xf1,0x00,0x00,0x00,0x00,0x00,0x1f,0xfa,0x00,0x00,0x00,0x00,0x00,0x05,0xff,0x30,0x00,
0x00,0x00,0x01,0x24,0xdf,0xc0,0x00,0x00,0x00,0x00,0xbf,0xff,0xf4,0x00,0x00,0x00,0x00,0x0b,0xfe,0xb4,
0x00,0x00,0x00,0x00,0x00,0x00,0x00,0x00,0xdf,0x80,0x00,0x00,0x00,0x00,0x00,0x00,0x01,0x4d,0xfa,0x31,
0x00,0x00,0x00,0x00,0x01,0x7d,0xff,0xff,0xff,0xfb,0x50,0x00,0x00,0x04,0xef,0xff,0xce,0xfd,0xdf,0xff,
0xb2,0x00,0x04,0xff,0xe6,0x10,0xdf,0x80,0x29,0xff,0xd1,0x00,0xdf,0xd2,0x00,0x0d,0xf8,0x00,0x05,0xff,
0x80,0x4f,0xf6,0x00,0x00,0xdf,0x80,0x00,0x0a,0xfe,0x07,0xff,0x10,0x00,0x0d,0xf8,0x00,0x00,0x6f,0xf2,
0x8f,0xe0,0x00,0x00,0xdf,0x80,0x00,0x04,0xff,0x38,0xff,0x00,0x00,0x0d,0xf8,0x00,0x00,0x5f,0xf3,0x6f,
0xf2,0x00,0x00,0xdf,0x80,0x00,0x07,0xff,0x12,0xff,0x90,0x00,0x0d,0xf8,0x00,0x01,0xdf,0xb0,0x09,0xff,
0x70,0x00,0xdf,0x80,0x01,0xbf,0xf4,0x00,0x1c,0xff,0xc7,0x4d,0xf9,0x58,0xef,0xf7,0x00,0x00,0x08,0xef,
0xff,0xff,0xff,0xff,0xd5,0x00,0x00,0x00,0x01,0x69,0xcf,0xfe,0xb8,0x40,0x00,0x00,0x00,0x00,0x00,0x00,
0xdf,0x80,0x00,0x00,0x00,0x00,0x00,0x00,0x00,0x0d,0xf8,0x00,0x00,0x00,0x00,0x03,0xff,0x60,0x00,0x00,
0x00,0x8f,0xe1,0x00,0x8f,0xe1,0x00,0x00,0x03,0xff,0x50,0x00,0x0d,0xfa,0x00,0x00,0x0c,0xfa,0x00,0x00,
0x03,0xff,0x50,0x00,0x8f,0xe1,0x00,0x00,0x00,0x8f,0xe1,0x03,0xff,0x60,0x00,0x00,0x00,0x1d,0xfa,0x0c,
0xfb,0x00,0x00,0x00,0x00,0x04,0xff,0xaf,0xe2,0x00,0x00,0x00,0x00,0x00,0x9f,0xff,0x60,0x00,0x00,0x00,
0x00,0x00,0x3f,0xfd,0x00,0x00,0x00,0x00,0x00,0x00,0xbf,0xff,0x40,0x00,0x00,0x00,0x00,0x06,0xff,0xbf,
0xd0,0x00,0x00,0x00,0x00,0x2e,0xf7,0x1e,0xf8,0x00,0x00,0x00,0x00,0xbf,0xc0,0x06,0xff,0x30,0x00,0x00,
0x05,0xff,0x30,0x00,0xbf,0xc0,0x00,0x00,0x1e,0xf8,0x00,0x00,0x2e,0xf7,0x00,0x00,0xaf,0xd0,0x00,0x00,
0x07,0xfe,0x20,0x05,0xff,0x40,0x00,0x00,0x00,0xcf,0xb0,0x1d,0xf9,0x00,0x00,0x00,0x00,0x3f,0xf5,0xaf,
0xb0,0x00,0x00,0x00,0x0a,0xfa,0x00,0xaf,0xb0,0x00,0x00,0x00,0x0a,0xfa,0x00,0xaf,0xb0,0x00,0x00,0x00,
0x0a,0xfa,0x00,0xaf,0xb0,0x00,0x00,0x00,0x0a,0xfa,0x00,0xaf,0xb0,0x00,0x00,0x00,0x0a,0xfa,0x00,0xaf,
0xb0,0x00,0x00,0x00,0x0a,0xfa,0x00,0xaf,0xb0,0x00,0x00,0x00,0x0a,0xfa,0x00,0xaf,0xb0,0x00,0x00,0x00,
0x0a,0xfa,0x00,0xaf,0xb0,0x00,0x00,0x00,0x0a,0xfa,0x00,0xaf,0xb0,0x00,0x00,0x00,0x0a,0xfa,0x00,0xaf,
0xb0,0x00,0x00,0x00,0x0a,0xfa,0x00,0xaf,0xb0,0x00,0x00,0x00,0x0a,0xfa,0x00,0xaf,0xb0,0x00,0x00,0x00,
0x0a,0xfa,0x00,0xaf,0xb0,0x00,0x00,0x00,0x0a,0xfa,0x00,0xaf,0xb0,0x00,0x00,0x00,0x0a,0xfa,0x00,0xaf,
0xb1,0x11,0x11,0x11,0x1a,0xfb,0x11,0xaf,0xff,0xff,0xff,0xff,0xff,0xff,0xfa,0xaf,0xff,0xff,0xff,0xff,
0xff,0xff,0xfa,0x00,0x00,0x00,0x00,0x00,0x00,0x05,0xfa,0x00,0x00,0x00,0x00,0x00,0x00,0x05,0xfa,0x00,
0x00,0x00,0x00,0x00,0x00,0x05,0xfa,0x00,0x00,0x00,0x00,0x00,0x00,0x04,0xea,0xef,0x60,0x00,0x00,0x04,
0xff,0x1e,0xf6,0x00,0x00,0x00,0x4f,0xf1,0xef,0x60,0x00,0x00,0x04,0xff,0x1e,0xf6,0x00,0x00,0x00,0x4f,
0xf1,0xef,0x60,0x00,0x00,0x04,0xff,0x1e,0xf8,0x00,0x00,0x00,0x4f,0xf1,0xbf,0xc0,0x00,0x00,0x04,0xff,
0x17,0xff,0x92,0x00,0x00,0x4f,0xf1,0x0c,0xff,0xff,0xff,0xff,0xff,0x10,0x18,0xef,0xff,0xff,0xff,0xf1,
0x00,0x00,0x11,0x11,0x15,0xff,0x10,0x00,0x00,0x00,0x00,0x4f,0xf1,0x00,0x00,0x00,0x00,0x04,0xff,0x10,
0x00,0x00,0x00,0x00,0x4f,0xf1,0x00,0x00,0x00,0x00,0x04,0xff,0x10,0x00,0x00,0x00,0x00,0x4f,0xf1,0x00,
0x00,0x00,0x00,0x04,0xff,0x10,0x00,0x00,0x00,0x00,0x4f,0xf1,0xaf,0xb0,0x00,0x00,0x05,0xff,0x00,0x00,
0x00,0x1f,0xf5,0xaf,0xb0,0x00,0x00,0x05,0xff,0x00,0x00,0x00,0x1f,0xf5,0xaf,0xb0,0x00,0x00,0x05,0xff,
0x00,0x00,0x00,0x1f,0xf5,0xaf,0xb0,0x00,0x00,0x05,0xff,0x00,0x00,0x00,0x1f,0xf5,0xaf,0xb0,0x00,0x00,
0x05,0xff,0x00,0x00,0x00,0x1f,0xf5,0xaf,0xb0,0x00,0x00,0x05,0xff,0x00,0x00,0x00,0x1f,0xf5,0xaf,0xb0,
0x00,0x00,0x05,0xff,0x00,0x00,0x00,0x1f,0xf5,0xaf,0xb0,0x00,0x00,0x05,0xff,0x00,0x00,0x00,0x1f,0xf5,
0xaf,0xb0,0x00,0x00,0x05,0xff,0x00,0x00,0x00,0x1f,0xf5,0xaf,0xb0,0x00,0x00,0x05,0xff,0x00,0x00,0x00,
0x1f,0xf5,0xaf,0xb0,0x00,0x00,0x05,0xff,0x00,0x00,0x00,0x1f,0xf5,0xaf,0xb0,0x00,0x00,0x05,0xff,0x00,
0x00,0x00,0x1f,0xf5,0xaf,0xb0,0x00,0x00,0x05,0xff,0x00,0x00,0x00,0x1f,0xf5,0xaf,0xb0,0x00,0x00,0x05,
0xff,0x00,0x00,0x00,0x1f,0xf5,0xaf,0xb0,0x00,0x00,0x05,0xff,0x00,0x00,0x00,0x1f,0xf5,0xaf,0xb1,0x11,
0x11,0x16,0xff,0x11,0x11,0x11,0x2f,0xf5,0xaf,0xff,0xff,0xff,0xff,0xff,0xff,0xff,0xff,0xff,0xf5,0xaf,
0xff,0xff,0xff,0xff,0xff,0xff,0xff,0xff,0xff,0xf5,0xaf,0xb0,0x00,0x00,0x05,0xff,0x00,0x00,0x00,0x1f,
0xf5,0x00,0xaf,0xb0,0x00,0x00,0x05,0xff,0x00,0x00,0x00,0x1f,0xf5,0x00,0xaf,0xb0,0x00,0x00,0x05,0xff,
0x00,0x00,0x00,0x1f,0xf5,0x00,0xaf,0xb0,0x00,0x00,0x05,0xff,0x00,0x00,0x00,0x1f,0xf5,0x00,0xaf,0xb0,
0x00,0x00,0x05,0xff,0x00,0x00,0x00,0x1f,0xf5,0x00,0xaf,0xb0,0x00,0x00,0x05,0xff,0x00,0x00,0x00,0x1f,
0xf5,0x00,0xaf,0xb0,0x00,0x00,0x05,0xff,0x00,0x00,0x00,0x1f,0xf5,0x00,0xaf,0xb0,0x00,0x00,0x05,0xff,
0x00,0x00,0x00,0x1f,0xf5,0x00,0xaf,0xb0,0x00,0x00,0x05,0xff,0x00,0x00,0x00,0x1f,0xf5,0x00,0xaf,0xb0,
0x00,0x00,0x05,0xff,0x00,0x00,0x00,0x1f,0xf5,0x00,0xaf,0xb0,0x00,0x00,0x05,0xff,0x00,0x00,0x00,0x1f,
0xf5,0x00,0xaf,0xb0,0x00,0x00,0x05,0xff,0x00,0x00,0x00,0x1f,0xf5,0x00,0xaf,0xb0,0x00,0x00,0x05,0xff,
0x00,0x00,0x00,0x1f,0xf5,0x00,0xaf,0xb0,0x00,0x00,0x05,0xff,0x00,0x00,0x00,0x1f,0xf5,0x00,0xaf,0xb0,
0x00,0x00,0x05,0xff,0x00,0x00,0x00,0x1f,0xf5,0x00,0xaf,0xb1,0x11,0x11,0x16,0xff,0x11,0x11,0x11,0x2f,
0xf5,0x10,0xaf,0xff,0xff,0xff,0xff,0xff,0xff,0xff,0xff,0xff,0xff,0xf4,0xaf,0xff,0xff,0xff,0xff,0xff,
0xff,0xff,0xff,0xff,0xff,0xf4,0x00,0x00,0x00,0x00,0x00,0x00,0x00,0x00,0x00,0x00,0x0a,0xf4,0x00,0x00,
0x00,0x00,0x00,0x00,0x00,0x00,0x00,0x00,0x0a,0xf4,0x00,0x00,0x00,0x00,0x00,0x00,0x00,0x00,0x00,0x00,
0x0a,0xf4,0x00,0x00,0x00,0x00,0x00,0x00,0x00,0x00,0x00,0x00,0x0a,0xe4,0x4f,0xff,0xff,0xff,0x40,0x00,
0x00,0x00,0x00,0x04,0xff,0xff,0xff,0xf4,0x00,0x00,0x00,0x00,0x00,0x01,0x11,0x13,0xff,0x40,0x00,0x00,
0x00,0x00,0x00,0x00,0x00,0x2f,0xf4,0x00,0x00,0x00,0x00,0x00,0x00,0x00,0x02,0xff,0x40,0x00,0x00,0x00,
0x00,0x00,0x00,0x00,0x2f,0xf4,0x00,0x00,0x00,0x00,0x00,0x00,0x00,0x02,0xff,0x40,0x00,0x00,0x00,0x00,
0x00,0x00,0x00,0x2f,0xff,0xff,0xff,0xeb,0x50,0x00,0x00,0x00,0x02,0xff,0xff,0xff,0xff,0xff,0xb1,0x00,
0x00,0x00,0x2f,0xf4,0x00,0x01,0x3a,0xff,0x90,0x00,0x00,0x02,0xff,0x40,0x00,0x00,0x0b,0xfe,0x00,0x00,
0x00,0x2f,0xf4,0x00,0x00,0x00,0x6f,0xf3,0x00,0x00,0x02,0xff,0x40,0x00,0x00,0x04,0xff,0x40,0x00,0x00,
0x2f,0xf4,0x00,0x00,0x00,0x6f,0xf3,0x00,0x00,0x02,0xff,0x40,0x00,0x00,0x0b,0xfe,0x00,0x00,0x00,0x2f,
0xf4,0x00,0x01,0x4a,0xff,0x90,0x00,0x00,0x02,0xff,0xff,0xff,0xff,0xff,0xb1,0x00,0x00,0x00,0x2f,0xff,
0xff,0xff,0xeb,0x50,0x00,0xaf,0xb0,0x00,0x00,0x00,0x00,0x00,0x8f,0xca,0xfb,0x00,0x00,0x00,0x00,0x00,
0x08,0xfc,0xaf,0xb0,0x00,0x00,0x00,0x00,0x00,0x8f,0xca,0xfb,0x00,0x00,0x00,0x00,0x00,0x08,0xfc,0xaf,
0xb0,0x00,0x00,0x00,0x00,0x00,0x8f,0xca,0xfb,0x00,0x00,0x00,0x00,0x00,0x08,0xfc,0xaf,0xb0,0x00,0x00,
0x00,0x00,0x00,0x8f,0xca,0xff,0xff,0xff,0xec,0x82,0x00,0x08,0xfc,0xaf,0xff,0xff,0xff,0xff,0xe5,0x00,
0x8f,0xca,0xfb,0x00,0x01,0x26,0xef,0xe1,0x08,0xfc,0xaf,0xb0,0x00,0x00,0x04,0xff,0x70,0x8f,0xca,0xfb,
0x00,0x00,0x00,0x0d,0xfa,0x08,0xfc,0xaf,0xb0,0x00,0x00,0x00,0xcf,0xb0,0x8f,0xca,0xfb,0x00,0x00,0x00,
0x0d,0xfa,0x08,0xfc,0xaf,0xb0,0x00,0x00,0x04,0xff,0x70,0x8f,0xca,0xfb,0x00,0x01,0x26,0xef,0xe2,0x08,
0xfc,0xaf,0xff,0xff,0xff,0xff,0xe5,0x00,0x8f,0xca,0xff,0xff,0xff,0xec,0x82,0x00,0x08,0xfc,0xaf,0xb0,
0x00,0x00,0x00,0x00,0x0a,0xfb,0x00,0x00,0x00,0x00,0x00,0xaf,0xb0,0x00,0x00,0x00,0x00,0x0a,0xfb,0x00,
0x00,0x00,0x00,0x00,0xaf,0xb0,0x00,0x00,0x00,0x00,0x0a,0xfb,0x00,0x00,0x00,0x00,0x00,0xaf,0xb0,0x00,
0x00,0x00,0x00,0x0a,0xff,0xff,0xff,0xec,0x82,0x00,0xaf,0xff,0xff,0xff,0xff,0xe5,0x0a,0xfb,0x00,0x01,
0x26,0xef,0xe1,0xaf,0xb0,0x00,0x00,0x04,0xff,0x7a,0xfb,0x00,0x00,0x00,0x0d,0xfa,0xaf,0xb0,0x00,0x00,
0x00,0xcf,0xba,0xfb,0x00,0x00,0x00,0x0d,0xfa,0xaf,0xb0,0x00,0x00,0x04,0xff,0x7a,0xfb,0x00,0x01,0x26,
0xef,0xe2,0xaf,0xff,0xff,0xff,0xff,0xe5,0x0a,0xff,0xff,0xff,0xec,0x82,0x00,0x01,0x6a,0xdf,0xed,0xa5,
0x00,0x00,0x05,0xef,0xff,0xff,0xff,0xfc,0x20,0x00,0xbf,0xc6,0x21,0x13,0x7e,0xfe,0x30,0x09,0x40,0x00,
0x00,0x00,0x1c,0xfd,0x10,0x00,0x00,0x00,0x00,0x00,0x2f,0xf7,0x00,0x00,0x00,0x00,0x00,0x00,0xaf,0xd0,
0x00,0x00,0x00,0x00,0x00,0x05,0xff,0x20,0x00,0x11,0x11,0x11,0x11,0x3f,0xf4,0x00,0x7f,0xff,0xff,0xff,
0xff,0xff,0x60,0x07,0xff,0xff,0xff,0xff,0xff,0xf6,0x00,0x00,0x00,0x00,0x00,0x02,0xff,0x40,0x00,0x00,
0x00,0x00,0x00,0x5f,0xf2,0x00,0x00,0x00,0x00,0x00,0x0a,0xfd,0x00,0x00,0x00,0x00,0x00,0x02,0xff,0x70,
0x95,0x00,0x00,0x00,0x01,0xcf,0xd1,0x0b,0xfc,0x62,0x11,0x37,0xef,0xe3,0x00,0x5e,0xff,0xff,0xff,0xff,
0xc3,0x00,0x00,0x16,0xad,0xfe,0xda,0x50,0x00,0x00,0x8f,0xd0,0x00,0x00,0x00,0x17,0xce,0xfe,0xb7,0x10,
0x00,0x08,0xfd,0x00,0x00,0x00,0x6e,0xff,0xff,0xff,0xfe,0x50,0x00,0x8f,0xd0,0x00,0x00,0x6f,0xfd,0x62,
0x02,0x6d,0xff,0x60,0x08,0xfd,0x00,0x00,0x3f,0xfb,0x10,0x00,0x00,0x1c,0xfe,0x20,0x8f,0xd0,0x00,0x0b,
0xfe,0x10,0x00,0x00,0x00,0x2e,0xfa,0x08,0xfd,0x00,0x02,0xff,0x70,0x00,0x00,0x00,0x00,0x8f,0xf1,0x8f,
0xd0,0x00,0x6f,0xf2,0x00,0x00,0x00,0x00,0x03,0xff,0x48,0xfd,0x11,0x18,0xfe,0x00,0x00,0x00,0x00,0x00,
0x1f,0xf7,0x8f,0xff,0xff,0xff,0xd0,0x00,0x00,0x00,0x00,0x00,0xff,0x88,0xff,0xff,0xff,0xfd,0x00,0x00,
0x00,0x00,0x00,0x0f,0xf8,0x8f,0xd0,0x00,0x8f,0xe0,0x00,0x00,0x00,0x00,0x01,0xff,0x78,0xfd,0x00,0x06,
0xff,0x20,0x00,0x00,0x00,0x00,0x3f,0xf4,0x8f,0xd0,0x00,0x2f,0xf7,0x00,0x00,0x00,0x00,0x08,0xff,0x18,
0xfd,0x00,0x00,0xbf,0xe1,0x00,0x00,0x00,0x02,0xef,0xa0,0x8f,0xd0,0x00,0x03,0xff,0xb1,0x00,0x00,0x01,
0xcf,0xe2,0x08,0xfd,0x00,0x00,0x06,0xff,0xd6,0x10,0x26,0xdf,0xf5,0x00,0x8f,0xd0,0x00,0x00,0x05,0xef,
0xff,0xff,0xff,0xe5,0x00,0x08,0xfd,0x00,0x00,0x00,0x01,0x7c,0xef,0xeb,0x71,0x00,0x00,0x00,0x03,0x9d,
0xef,0xff,0xff,0xf5,0x00,0x7f,0xff,0xff,0xff,0xff,0xf5,0x03,0xff,0xd6,0x21,0x00,0x1f,0xf5,0x09,0xff,
0x30,0x00,0x00,0x1f,0xf5,0x0b,0xfd,0x00,0x00,0x00,0x1f,0xf5,0x0b,0xfd,0x00,0x00,0x00,0x1f,0xf5,0x09,
0xff,0x30,0x00,0x00,0x1f,0xf5,0x03,0xff,0xd5,0x10,0x00,0x1f,0xf5,0x00,0x4d,0xff,0xff,0xff,0xff,0xf5,
0x00,0x01,0x6e,0xff,0xff,0xff,0xf5,0x00,0x00,0x1e,0xf8,0x00,0x1f,0xf5,0x00,0x00,0xaf,0xd1,0x00,0x1f,
0xf5,0x00,0x03,0xff,0x50,0x00,0x1f,0xf5,0x00,0x0c,0xfc,0x00,0x00,0x1f,0xf5,0x00,0x6f,0xf3,0x00,0x00,
0x1f,0xf5,0x01,0xef,0x90,0x00,0x00,0x1f,0xf5,0x08,0xfe,0x10,0x00,0x00,0x1f,0xf5,0x2f,0xf7,0x00,0x00,
0x00,0x1f,0xf5,0x01,0x6a,0xde,0xec,0x81,0x00,0x09,0xff,0xfe,0xff,0xfd,0x20,0x07,0x83,0x10,0x04,0xcf,
0xb0,0x00,0x00,0x00,0x00,0x1e,0xf2,0x00,0x00,0x00,0x00,0x0a,0xf6,0x00,0x39,0xde,0xff,0xff,0xf7,0x06,
0xff,0xfd,0xcb,0xbe,0xf8,0x2f,0xf8,0x10,0x00,0x0a,0xf8,0x6f,0xc0,0x00,0x00,0x0b,0xf8,0x8f,0xa0,0x00,
0x00,0x1e,0xf8,0x7f,0xc0,0x00,0x00,0x8f,0xf8,0x3f,0xf8,0x10,0x18,0xfe,0xf8,0x09,0xff,0xfe,0xff,0x99,
0xf8,0x00,0x7c,0xfe,0xc6,0x09,0xf8,0x00,0x00,0x00,0x00,0x00,0x10,0x00,0x00,0x03,0x8b,0xdd,0xef,0x20,
0x00,0x1a,0xff,0xff,0xff,0xf5,0x00,0x0b,0xff,0x83,0x00,0x00,0x00,0x08,0xff,0x40,0x00,0x00,0x00,0x01,
0xef,0x60,0x00,0x00,0x00,0x00,0x5f,0xd0,0x00,0x00,0x00,0x00,0x08,0xf9,0x4a,0xef,0xea,0x40,0x00,0xaf,
0xdf,0xff,0xef,0xff,0x70,0x0a,0xff,0xf8,0x10,0x19,0xff,0x50,0xaf,0xf9,0x00,0x00,0x0a,0xfd,0x09,0xff,
0x20,0x00,0x00,0x3f,0xf3,0x9f,0xd0,0x00,0x00,0x00,0xef,0x68,0xfb,0x00,0x00,0x00,0x0c,0xf7,0x7f,0xc0,
0x00,0x00,0x00,0xcf,0x76,0xfd,0x00,0x00,0x00,0x0e,0xf6,0x3f,0xf2,0x00,0x00,0x03,0xff,0x30,0xcf,0x90,
0x00,0x00,0xaf,0xd0,0x05,0xff,0x81,0x01,0x9f,0xf5,0x00,0x08,0xff,0xfe,0xff,0xf7,0x00,0x00,0x04,0xae,
0xfe,0xa4,0x00,0x00,0xcf,0xff,0xff,0xeb,0x40,0x0c,0xfd,0xcc,0xdf,0xff,0x60,0xcf,0x50,0x00,0x1a,0xfe,
0x0c,0xf5,0x00,0x00,0x2f,0xf1,0xcf,0x50,0x00,0x03,0xff,0x0c,0xf5,0x00,0x14,0xdf,0x80,0xcf,0xff,0xff,
0xfe,0x70,0x0c,0xfd,0xcc,0xce,0xfe,0x60,0xcf,0x50,0x00,0x05,0xff,0x4c,0xf5,0x00,0x00,0x0a,0xf9,0xcf,
0x50,0x00,0x00,0xaf,0xac,0xf5,0x00,0x00,0x5f,0xf7,0xcf,0xdc,0xcc,0xef,0xfc,0x1c,0xff,0xff,0xfe,0xc7,
0x10,0xcf,0xff,0xff,0xff,0xf7,0xcf,0xdc,0xcc,0xcc,0xc5,0xcf,0x50,0x00,0x00,0x00,0xcf,0x50,0x00,0x00,
0x00,0xcf,0x50,0x00,0x00,0x00,0xcf,0x50,0x00,0x00,0x00,0xcf,0x50,0x00,0x00,0x00,0xcf,0x50,0x00,0x00,
0x00,0xcf,0x50,0x00,0x00,0x00,0xcf,0x50,0x00,0x00,0x00,0xcf,0x50,0x00,0x00,0x00,0xcf,0x50,0x00,0x00,
0x00,0xcf,0x50,0x00,0x00,0x00,0xcf,0x50,0x00,0x00,0x00,0x00,0x04,0xff,0xff,0xff,0xff,0x90,0x00,0x00,
0x4f,0xfc,0xcc,0xce,0xf9,0x00,0x00,0x04,0xfe,0x00,0x00,0x8f,0x90,0x00,0x00,0x4f,0xe0,0x00,0x08,0xf9,
0x00,0x00,0x05,0xfd,0x00,0x00,0x8f,0x90,0x00,0x00,0x5f,0xd0,0x00,0x08,0xf9,0x00,0x00,0x07,0xfc,0x00,
0x00,0x8f,0x90,0x00,0x00,0x9f,0xa0,0x00,0x08,0xf9,0x00,0x00,0x0c,0xf7,0x00,0x00,0x8f,0x90,0x00,0x01,
0xff,0x40,0x00,0x08,0xf9,0x00,0x00,0x6f,0xe0,0x00,0x00,0x8f,0x90,0x00,0x2e,0xf8,0x00,0x00,0x08,0xf9,
0x00,0x9e,0xff,0xdc,0xcc,0xcc,0xef,0xec,0x4b,0xff,0xff,0xff,0xff,0xff,0xff,0xf5,0xbf,0x00,0x00,0x00,
0x00,0x00,0x6f,0x5b,0xf0,0x00,0x00,0x00,0x00,0x06,0xf5,0xbf,0x00,0x00,0x00,0x00,0x00,0x6f,0x55,0x70,
0x00,0x00,0x00,0x00,0x03,0x72,0x00,0x03,0x9d,0xfe,0xc6,0x00,0x00,0x07,0xff,0xfe,0xff,0xfb,0x10,0x05,
0xfe,0x71,0x00,0x5d,0xf9,0x00,0xef,0x50,0x00,0x00,0x3f,0xf1,0x5f,0xd0,0x00,0x00,0x00,0xcf,0x58,0xfe,
0xbb,0xbb,0xbb,0xbe,0xf7,0xaf,0xff,0xff,0xff,0xff,0xff,0x7a,0xfa,0x00,0x00,0x00,0x00,0x00,0x8f,0xc0,
0x00,0x00,0x00,0x00,0x05,0xff,0x20,0x00,0x00,0x00,0x00,0x1e,0xfb,0x00,0x00,0x00,0x01,0x00,0x5f,0xfb,
0x30,0x00,0x38,0xe0,0x00,0x6f,0xff,0xfe,0xff,0xff,0x00,0x00,0x29,0xde,0xfe,0xb7,0x20,0x02,0xef,0x70,
0x00,0x04,0xfd,0x00,0x00,0x1c,0xfa,0x00,0x03,0xef,0x50,0x00,0x4f,0xd0,0x00,0x0a,0xfc,0x10,0x00,0x05,
0xff,0x30,0x04,0xfd,0x00,0x09,0xfd,0x10,0x00,0x00,0x07,0xfe,0x20,0x4f,0xd0,0x07,0xfe,0x20,0x00,0x00,
0x00,0x08,0xfd,0x14,0xfd,0x05,0xfe,0x30,0x00,0x00,0x00,0x00,0x0e,0xfb,0x4f,0xd3,0xef,0x90,0x00,0x00,
0x00,0x00,0x07,0xff,0xfd,0xfe,0xef,0xfe,0x20,0x00,0x00,0x00,0x02,0xef,0x4d,0xff,0xff,0x98,0xfb,0x00,
0x00,0x00,0x00,0xbf,0x80,0x2e,0xff,0xa0,0x1d,0xf5,0x00,0x00,0x00,0x5f,0xd1,0x00,0x5f,0xe1,0x00,0x5f,
0xe1,0x00,0x00,0x1e,0xf5,0x00,0x04,0xfd,0x00,0x00,0xaf,0x90,0x00,0x09,0xfa,0x00,0x00,0x4f,0xd0,0x00,
0x02,0xef,0x40,0x04,0xfe,0x20,0x00,0x04,0xfd,0x00,0x00,0x07,0xfd,0x00,0xdf,0x70,0x00,0x00,0x4f,0xd0,
0x00,0x00,0x0c,0xf7,0x08,0xbd,0xee,0xc9,0x20,0x00,0xff,0xff,0xff,0xff,0x40,0x06,0x31,0x00,0x3b,0xfc,
0x00,0x00,0x00,0x00,0x3f,0xe0,0x00,0x00,0x00,0x1a,0xfc,0x00,0x00,0xbd,0xef,0xfe,0x30,0x00,0x0d,0xff,
0xfc,0x30,0x00,0x00,0x00,0x14,0xcf,0x50,0x00,0x00,0x00,0x01,0xfe,0x10,0x00,0x00,0x00,0x0d,0xf4,0x00,
0x00,0x00,0x01,0xff,0x45,0x72,0x00,0x04,0xcf,0xe1,0x7f,0xff,0xef,0xff,0xf4,0x02,0x8c,0xef,0xec,0x82,
0x00,0xcf,0x50,0x00,0x00,0xaf,0xf6,0xcf,0x50,0x00,0x03,0xff,0xf6,0xcf,0x50,0x00,0x0b,0xff,0xf6,0xcf,
0x50,0x00,0x5f,0xdb,0xf6,0xcf,0x50,0x00,0xdf,0x5b,0xf6,0xcf,0x50,0x07,0xfb,0x0b,0xf6,0xcf,0x50,0x1e,
0xf3,0x0b,0xf6,0xcf,0x50,0x9f,0x90,0x0b,0xf6,0xcf,0x52,0xfe,0x10,0x0b,0xf6,0xcf,0x5b,0xf7,0x00,0x0b,
0xf6,0xcf,0x9f,0xd1,0x00,0x0b,0xf6,0xcf,0xff,0x50,0x00,0x0b,0xf6,0xcf,0xfc,0x00,0x00,0x0b,0xf6,0xcf,
0xf4,0x00,0x00,0x0b,0xf6,0x00,0xca,0x00,0x01,0xf6,0x00,0x00,0x8f,0x51,0x2a,0xf2,0x00,0x00,0x1d,0xff,
0xff,0x80,0x00,0x00,0x01,0x79,0x95,0x00,0x00,0x00,0x00,0x00,0x00,0x00,0x00,0xcf,0x50,0x00,0x00,0xaf,
0xf6,0xcf,0x50,0x00,0x03,0xff,0xf6,0xcf,0x50,0x00,0x0b,0xff,0xf6,0xcf,0x50,0x00,0x5f,0xdb,0xf6,0xcf,
0x50,0x00,0xdf,0x5b,0xf6,0xcf,0x50,0x07,0xfb,0x0b,0xf6,0xcf,0x50,0x1e,0xf3,0x0b,0xf6,0xcf,0x50,0x9f,
0x90,0x0b,0xf6,0xcf,0x52,0xfe,0x10,0x0b,0xf6,0xcf,0x5b,0xf7,0x00,0x0b,0xf6,0xcf,0x9f,0xd1,0x00,0x0b,
0xf6,0xcf,0xff,0x50,0x00,0x0b,0xf6,0xcf,0xfc,0x00,0x00,0x0b,0xf6,0xcf,0xf4,0x00,0x00,0x0b,0xf6,0xcf,
0x50,0x00,0x02,0xef,0x90,0xcf,0x50,0x00,0x2d,0xfa,0x00,0xcf,0x50,0x01,0xdf,0xb0,0x00,0xcf,0x50,0x1c,
0xfc,0x10,0x00,0xcf,0x50,0xbf,0xc1,0x00,0x00,0xcf,0x5a,0xff,0x40,0x00,0x00,0xcf,0xdf,0xff,0xb0,0x00,
0x00,0xcf,0xfe,0x4e,0xf6,0x00,0x00,0xcf,0xe4,0x05,0xfe,0x20,0x00,0xcf,0x60,0x00,0xaf,0xb0,0x00,0xcf,
0x50,0x00,0x1e,0xf6,0x00,0xcf,0x50,0x00,0x05,0xfe,0x20,0xcf,0x50,0x00,0x00,0xbf,0xb0,0xcf,0x50,0x00,
0x00,0x2e,0xf6,0x00,0x00,0x8f,0xff,0xff,0xff,0xf5,0x00,0x00,0x8f,0xec,0xcc,0xce,0xf5,0x00,0x00,0x8f,
0xa0,0x00,0x0c,0xf5,0x00,0x00,0x8f,0x90,0x00,0x0c,0xf5,0x00,0x00,0x8f,0x90,0x00,0x0c,0xf5,0x00,0x00,
0x9f,0x90,0x00,0x0c,0xf5,0x00,0x00,0xaf,0x80,0x00,0x0c,0xf5,0x00,0x00,0xcf,0x60,0x00,0x0c,0xf5,0x00,
0x00,0xef,0x40,0x00,0x0c,0xf5,0x00,0x02,0xff,0x10,0x00,0x0c,0xf5,0x00,0x08,0xfc,0x00,0x00,0x0c,0xf5,
0x01,0x8f,0xf5,0x00,0x00,0x0c,0xf5,0x2f,0xff,0x80,0x00,0x00,0x0c,0xf5,0x2d,0xa4,0x00,0x00,0x00,0x0c,
0xf5,0xcf,0xf8,0x00,0x00,0x00,0x6f,0xfe,0xcf,0xfe,0x00,0x00,0x00,0xcf,0xfe,0xcf,0xdf,0x50,0x00,0x03,
0xfd,0xfe,0xcf,0x7f,0xb0,0x00,0x09,0xf7,0xfe,0xcf,0x5b,0xf2,0x00,0x1e,0xd4,0xfe,0xcf,0x55,0xf8,0x00,
0x6f,0x74,0xfe,0xcf,0x50,0xee,0x00,0xcf,0x14,0xfe,0xcf,0x50,0x8f,0x53,0xfa,0x04,0xfe,0xcf,0x50,0x2f,
0xb9,0xf4,0x04,0xfe,0xcf,0x50,0x0b,0xfe,0xd0,0x04,0xfe,0xcf,0x50,0x05,0xff,0x70,0x04,0xfe,0xcf,0x50,
0x00,0x55,0x10,0x04,0xfe,0xcf,0x50,0x00,0x00,0x00,0x04,0xfe,0xcf,0x50,0x00,0x00,0x00,0x04,0xfe,0xcf,
0x50,0x00,0x00,0x0a,0xf8,0xcf,0x50,0x00,0x00,0x0a,0xf8,0xcf,0x50,0x00,0x00,0x0a,0xf8,0xcf,0x50,0x00,
0x00,0x0a,0xf8,0xcf,0x50,0x00,0x00,0x0a,0xf8,0xcf,0x50,0x00,0x00,0x0a,0xf8,0xcf,0xff,0xff,0xff,0xff,
0xf8,0xcf,0xdc,0xcc,0xcc,0xce,0xf8,0xcf,0x50,0x00,0x00,0x0a,0xf8,0xcf,0x50,0x00,0x00,0x0a,0xf8,0xcf,
0x50,0x00,0x00,0x0a,0xf8,0xcf,0x50,0x00,0x00,0x0a,0xf8,0xcf,0x50,0x00,0x00,0x0a,0xf8,0xcf,0x50,0x00,
0x00,0x0a,0xf8,0x00,0x05,0xbe,0xfd,0xa3,0x00,0x00,0x0a,0xff,0xfe,0xff,0xf6,0x00,0x08,0xff,0x71,0x02,
0xaf,0xf3,0x01,0xef,0x70,0x00,0x00,0xcf,0xb0,0x5f,0xe1,0x00,0x00,0x05,0xff,0x18,0xfb,0x00,0x00,0x00,
0x1f,0xf4,0xaf,0x90,0x00,0x00,0x00,0xef,0x5a,0xfa,0x00,0x00,0x00,0x0e,0xf5,0x8f,0xc0,0x00,0x00,0x01,
0xff,0x45,0xfe,0x10,0x00,0x00,0x5f,0xf1,0x1e,0xf8,0x00,0x00,0x0c,0xfb,0x00,0x8f,0xf7,0x10,0x2a,0xff,
0x30,0x00,0xaf,0xff,0xef,0xff,0x60,0x00,0x00,0x5b,0xef,0xda,0x30,0x00,0xcf,0xff,0xff,0xff,0xff,0xf8,
0xcf,0xdc,0xcc,0xcc,0xce,0xf8,0xcf,0x50,0x00,0x00,0x0a,0xf8,0xcf,0x50,0x00,0x00,0x0a,0xf8,0xcf,0x50,
0x00,0x00,0x0a,0xf8,0xcf,0x50,0x00,0x00,0x0a,0xf8,0xcf,0x50,0x00,0x00,0x0a,0xf8,0xcf,0x50,0x00,0x00,
0x0a,0xf8,0xcf,0x50,0x00,0x00,0x0a,0xf8,0xcf,0x50,0x00,0x00,0x0a,0xf8,0xcf,0x50,0x00,0x00,0x0a,0xf8,
0xcf,0x50,0x00,0x00,0x0a,0xf8,0xcf,0x50,0x00,0x00,0x0a,0xf8,0xcf,0x50,0x00,0x00,0x0a,0xf8,0xcf,0x51,
0x9d,0xfd,0x91,0x00,0xcf,0x7d,0xfe,0xef,0xfd,0x20,0xcf,0xed,0x40,0x04,0xdf,0xc0,0xcf,0xf3,0x00,0x00,
0x3f,0xf4,0xcf,0xb0,0x00,0x00,0x0a,0xf9,0xcf,0x70,0x00,0x00,0x07,0xfc,0xcf,0x60,0x00,0x00,0x05,0xfd,
0xcf,0x60,0x00,0x00,0x05,0xfd,0xcf,0x70,0x00,0x00,0x07,0xfc,0xcf,0xb0,0x00,0x00,0x0a,0xf9,0xcf,0xf3,
0x00,0x00,0x3f,0xf4,0xcf,0xed,0x40,0x04,0xdf,0xc0,0xcf,0x7d,0xfe,0xef,0xfd,0x20,0xcf,0x51,0x9d,0xfd,
0x91,0x00,0xcf,0x50,0x00,0x00,0x00,0x00,0xcf,0x50,0x00,0x00,0x00,0x00,0xcf,0x50,0x00,0x00,0x00,0x00,
0xcf,0x50,0x00,0x00,0x00,0x00,0xcf,0x50,0x00,0x00,0x00,0x00,0x00,0x03,0x9d,0xee,0xc8,0x30,0x07,0xff,
0xfe,0xff,0xfb,0x06,0xff,0x92,0x00,0x26,0x81,0xef,0x90,0x00,0x00,0x00,0x5f,0xe1,0x00,0x00,0x00,0x08,
0xfb,0x00,0x00,0x00,0x00,0xaf,0x90,0x00,0x00,0x00,0x0a,0xf9,0x00,0x00,0x00,0x00,0x8f,0xb0,0x00,0x00,
0x00,0x05,0xfe,0x10,0x00,0x00,0x00,0x1e,0xf9,0x00,0x00,0x00,0x00,0x6f,0xf9,0x20,0x02,0x68,0x00,0x7f,
0xff,0xef,0xff,0xb0,0x00,0x3a,0xdf,0xec,0x83,0x4f,0xff,0xff,0xff,0xff,0xff,0xf4,0x4c,0xcc,0xcc,0xff,
0xcc,0xcc,0xc3,0x00,0x00,0x01,0xff,0x10,0x00,0x00,0x00,0x00,0x01,0xff,0x10,0x00,0x00,0x00,0x00,0x01,
0xff,0x10,0x00,0x00,0x00,0x00,0x01,0xff,0x10,0x00,0x00,0x00,0x00,0x01,0xff,0x10,0x00,0x00,0x00,0x00,
0x01,0xff,0x10,0x00,0x00,0x00,0x00,0x01,0xff,0x10,0x00,0x00,0x00,0x00,0x01,0xff,0x10,0x00,0x00,0x00,
0x00,0x01,0xff,0x10,0x00,0x00,0x00,0x00,0x01,0xff,0x10,0x00,0x00,0x00,0x00,0x01,0xff,0x10,0x00,0x00,
0x00,0x00,0x01,0xff,0x10,0x00,0x00,0x2f,0xf3,0x00,0x00,0x00,0x1e,0xf4,0x0a,0xf9,0x00,0x00,0x00,0x6f,
0xd0,0x05,0xfe,0x00,0x00,0x00,0xbf,0x80,0x00,0xdf,0x50,0x00,0x02,0xff,0x20,0x00,0x8f,0xb0,0x00,0x08,
0xfb,0x00,0x00,0x2f,0xf2,0x00,0x0d,0xf6,0x00,0x00,0x0b,0xf7,0x00,0x4f,0xe1,0x00,0x00,0x05,0xfd,0x00,
0xaf,0x90,0x00,0x00,0x00,0xef,0x41,0xef,0x30,0x00,0x00,0x00,0x8f,0x96,0xfd,0x00,0x00,0x00,0x00,0x3f,
0xec,0xf7,0x00,0x00,0x00,0x00,0x0c,0xff,0xf1,0x00,0x00,0x00,0x00,0x06,0xff,0xa0,0x00,0x00,0x00,0x00,
0x01,0xff,0x50,0x00,0x00,0x00,0x00,0x05,0xfe,0x00,0x00,0x00,0x00,0x00,0x0b,0xf8,0x00,0x00,0x00,0x00,
0x00,0x5f,0xf2,0x00,0x00,0x00,0x01,0xde,0xff,0x80,0x00,0x00,0x00,0x01,0xff,0xd7,0x00,0x00,0x00,0x00,
0x00,0x00,0x00,0x00,0xcf,0x50,0x00,0x00,0x00,0x00,0x00,0x00,0x00,0x0c,0xf5,0x00,0x00,0x00,0x00,0x00,
0x00,0x00,0x00,0xcf,0x50,0x00,0x00,0x00,0x00,0x00,0x00,0x00,0x0c,0xf5,0x00,0x00,0x00,0x00,0x00,0x1a,
0xee,0x91,0xcf,0x54,0xcf,0xd6,0x00,0x00,0x1d,0xff,0xef,0xbd,0xf9,0xfe,0xef,0xf8,0x00,0x0a,0xfd,0x20,
0x2d,0xff,0xf8,0x00,0x7f,0xf3,0x02,0xff,0x20,0x00,0x2e,0xf9,0x00,0x00,0xaf,0xa0,0x6f,0xc0,0x00,0x00,
0xcf,0x50,0x00,0x04,0xfe,0x09,0xf9,0x00,0x00,0x0c,0xf5,0x00,0x00,0x2f,0xf1,0xaf,0x80,0x00,0x00,0xcf,
0x50,0x00,0x01,0xff,0x3a,0xf9,0x00,0x00,0x0c,0xf5,0x00,0x00,0x1f,0xf3,0x9f,0xa0,0x00,0x00,0xcf,0x50,
0x00,0x02,0xff,0x26,0xfc,0x00,0x00,0x0c,0xf5,0x00,0x00,0x4f,0xe0,0x2f,0xf2,0x00,0x02,0xef,0x90,0x00,
0x0a,0xfa,0x00,0xbf,0xd3,0x03,0xdf,0xff,0x80,0x07,0xff,0x30,0x02,0xdf,0xfe,0xfb,0xdf,0x9f,0xee,0xff,
0x80,0x00,0x02,0xae,0xe9,0x1c,0xf5,0x4c,0xfd,0x60,0x00,0x00,0x00,0x00,0x00,0xcf,0x50,0x00,0x00,0x00,
0x00,0x00,0x00,0x00,0x0c,0xf5,0x00,0x00,0x00,0x00,0x00,0x00,0x00,0x00,0xcf,0x50,0x00,0x00,0x00,0x00,
0x00,0x00,0x00,0x0c,0xf5,0x00,0x00,0x00,0x00,0x00,0x00,0x00,0x00,0xcf,0x50,0x00,0x00,0x00,0x00,0x08,
0xfe,0x10,0x00,0x00,0xbf,0xc0,0x00,0xcf,0xb0,0x00,0x06,0xfe,0x20,0x00,0x2e,0xf6,0x00,0x2e,0xf6,0x00,
0x00,0x06,0xfe,0x20,0xcf,0xb0,0x00,0x00,0x00,0xbf,0xc8,0xfe,0x20,0x00,0x00,0x00,0x1e,0xff,0xf5,0x00,
0x00,0x00,0x00,0x06,0xff,0xa0,0x00,0x00,0x00,0x00,0x0c,0xff,0xd1,0x00,0x00,0x00,0x00,0x7f,0xed,0xf9,
0x00,0x00,0x00,0x03,0xff,0x54,0xff,0x40,0x00,0x00,0x1d,0xfa,0x00,0x8f,0xe1,0x00,0x00,0x9f,0xe1,0x00,
0x0c,0xfa,0x00,0x04,0xff,0x40,0x00,0x03,0xff,0x60,0x1d,0xf9,0x00,0x00,0x00,0x7f,0xe2,0xcf,0x50,0x00,
0x00,0x0a,0xf8,0x00,0xcf,0x50,0x00,0x00,0x0a,0xf8,0x00,0xcf,0x50,0x00,0x00,0x0a,0xf8,0x00,0xcf,0x50,
0x00,0x00,0x0a,0xf8,0x00,0xcf,0x50,0x00,0x00,0x0a,0xf8,0x00,0xcf,0x50,0x00,0x00,0x0a,0xf8,0x00,0xcf,
0x50,0x00,0x00,0x0a,0xf8,0x00,0xcf,0x50,0x00,0x00,0x0a,0xf8,0x00,0xcf,0x50,0x00,0x00,0x0a,0xf8,0x00,
0xcf,0x50,0x00,0x00,0x0a,0xf8,0x00,0xcf,0x50,0x00,0x00,0x0a,0xf8,0x00,0xcf,0x50,0x00,0x00,0x0a,0xf8,
0x00,0xcf,0xdc,0xcc,0xcc,0xce,0xfe,0xc3,0xcf,0xff,0xff,0xff,0xff,0xff,0xf4,0x00,0x00,0x00,0x00,0x00,
0x07,0xf4,0x00,0x00,0x00,0x00,0x00,0x07,0xf4,0x00,0x00,0x00,0x00,0x00,0x07,0xf4,0x00,0x00,0x00,0x00,
0x00,0x03,0x72,0x4f,0xe0,0x00,0x00,0x2f,0xf4,0xfe,0x00,0x00,0x02,0xff,0x4f,0xe0,0x00,0x00,0x2f,0xf3,
0xfe,0x00,0x00,0x02,0xff,0x2f,0xf2,0x00,0x00,0x2f,0xf0,0xef,0xa0,0x00,0x02,0xff,0x06,0xff,0xec,0xcc,
0xcf,0xf0,0x05,0xcf,0xff,0xff,0xff,0x00,0x00,0x00,0x00,0x2f,0xf0,0x00,0x00,0x00,0x02,0xff,0x00,0x00,
0x00,0x00,0x2f,0xf0,0x00,0x00,0x00,0x02,0xff,0x00,0x00,0x00,0x00,0x2f,0xf0,0x00,0x00,0x00,0x02,0xff,
0xcf,0x50,0x00,0x02,0xff,0x10,0x00,0x06,0xfc,0xcf,0x50,0x00,0x02,0xff,0x10,0x00,0x06,0xfc,0xcf,0x50,
0x00,0x02,0xff,0x10,0x00,0x06,0xfc,0xcf,0x50,0x00,0x02,0xff,0x10,0x00,0x06,0xfc,0xcf,0x50,0x00,0x02,
0xff,0x10,0x00,0x06,0xfc,0xcf,0x50,0x00,0x02,0xff,0x10,0x00,0x06,0xfc,0xcf,0x50,0x00,0x02,0xff,0x10,
0x00,0x06,0xfc,0xcf,0x50,0x00,0x02,0xff,0x10,0x00,0x06,0xfc,0xcf,0x50,0x00,0x02,0xff,0x10,0x00,0x06,
0xfc,0xcf,0x50,0x00,0x02,0xff,0x10,0x00,0x06,0xfc,0xcf,0x50,0x00,0x02,0xff,0x10,0x00,0x06,0xfc,0xcf,
0x50,0x00,0x02,0xff,0x10,0x00,0x06,0xfc,0xcf,0xdc,0xcc,0xcc,0xff,0xcc,0xcc,0xcd,0xfc,0xcf,0xff,0xff,
0xff,0xff,0xff,0xff,0xff,0xfc,0xcf,0x50,0x00,0x02,0xff,0x10,0x00,0x06,0xfc,0x00,0xcf,0x50,0x00,0x02,
0xff,0x10,0x00,0x06,0xfc,0x00,0xcf,0x50,0x00,0x02,0xff,0x10,0x00,0x06,0xfc,0x00,0xcf,0x50,0x00,0x02,
0xff,0x10,0x00,0x06,0xfc,0x00,0xcf,0x50,0x00,0x02,0xff,0x10,0x00,0x06,0xfc,0x00,0xcf,0x50,0x00,0x02,
0xff,0x10,0x00,0x06,0xfc,0x00,0xcf,0x50,0x00,0x02,0xff,0x10,0x00,0x06,0xfc,0x00,0xcf,0x50,0x00,0x02,
0xff,0x10,0x00,0x06,0xfc,0x00,0xcf,0x50,0x00,0x02,0xff,0x10,0x00,0x06,0xfc,0x00,0xcf,0x50,0x00,0x02,
0xff,0x10,0x00,0x06,0xfc,0x00,0xcf,0x50,0x00,0x02,0xff,0x10,0x00,0x06,0xfc,0x00,0xcf,0x50,0x00,0x02,
0xff,0x10,0x00,0x06,0xfc,0x00,0xcf,0xdc,0xcc,0xcc,0xff,0xcc,0xcc,0xcd,0xfe,0xc6,0xcf,0xff,0xff,0xff,
0xff,0xff,0xff,0xff,0xff,0xf8,0x00,0x00,0x00,0x00,0x00,0x00,0x00,0x00,0x03,0xf8,0x00,0x00,0x00,0x00,
0x00,0x00,0x00,0x00,0x03,0xf8,0x00,0x00,0x00,0x00,0x00,0x00,0x00,0x00,0x03,0xf8,0x00,0x00,0x00,0x00,
0x00,0x00,0x00,0x00,0x01,0x73,0x4f,0xff,0xff,0xf2,0x00,0x00,0x00,0x00,0x3c,0xcc,0xcf,0xf2,0x00,0x00,
0x00,0x00,0x00,0x00,0x0f,0xf2,0x00,0x00,0x00,0x00,0x00,0x00,0x0f,0xf2,0x00,0x00,0x00,0x00,0x00,0x00,
0x0f,0xf2,0x00,0x00,0x00,0x00,0x00,0x00,0x0f,0xf2,0x00,0x00,0x00,0x00,0x00,0x00,0x0f,0xff,0xff,0xfe,
0xb6,0x00,0x00,0x00,0x0f,0xfc,0xcc,0xce,0xff,0xa0,0x00,0x00,0x0f,0xf2,0x00,0x00,0x7f,0xf4,0x00,0x00,
0x0f,0xf2,0x00,0x00,0x0d,0xf8,0x00,0x00,0x0f,0xf2,0x00,0x00,0x0d,0xf7,0x00,0x00,0x0f,0xf2,0x00,0x00,
0x7f,0xf4,0x00,0x00,0x0f,0xfc,0xcc,0xce,0xff,0xa0,0x00,0x00,0x0f,0xff,0xff,0xfe,0xb6,0x00,0xcf,0x50,
0x00,0x00,0x00,0x00,0x5f,0xcc,0xf5,0x00,0x00,0x00,0x00,0x05,0xfc,0xcf,0x50,0x00,0x00,0x00,0x00,0x5f,
0xcc,0xf5,0x00,0x00,0x00,0x00,0x05,0xfc,0xcf,0x50,0x00,0x00,0x00,0x00,0x5f,0xcc,0xf5,0x00,0x00,0x00,
0x00,0x05,0xfc,0xcf,0xff,0xff,0xec,0x71,0x00,0x5f,0xcc,0xfd,0xcc,0xce,0xff,0xc1,0x05,0xfc,0xcf,0x50,
0x00,0x05,0xff,0x70,0x5f,0xcc,0xf5,0x00,0x00,0x0a,0xfa,0x05,0xfc,0xcf,0x50,0x00,0x00,0xaf,0xa0,0x5f,
0xcc,0xf5,0x00,0x00,0x5f,0xf7,0x05,0xfc,0xcf,0xdc,0xcc,0xef,0xfc,0x10,0x5f,0xcc,0xff,0xff,0xfe,0xc7,
0x10,0x05,0xfc,0xcf,0x50,0x00,0x00,0x00,0x0c,0xf5,0x00,0x00,0x00,0x00,0xcf,0x50,0x00,0x00,0x00,0x0c,
0xf5,0x00,0x00,0x00,0x00,0xcf,0x50,0x00,0x00,0x00,0x0c,0xf5,0x00,0x00,0x00,0x00,0xcf,0xff,0xff,0xec,
0x71,0x0c,0xfd,0xcc,0xce,0xff,0xc1,0xcf,0x50,0x00,0x05,0xff,0x7c,0xf5,0x00,0x00,0x0a,0xfa,0xcf,0x50,
0x00,0x00,0xaf,0xac,0xf5,0x00,0x00,0x5f,0xf7,0xcf,0xdc,0xcc,0xef,0xfc,0x1c,0xff,0xff,0xfe,0xc7,0x10,
0x38,0xce,0xed,0x93,0x00,0x0a,0xff,0xfe,0xff,0xf7,0x00,0x75,0x10,0x01,0x7f,0xf6,0x00,0x00,0x00,0x00,
0x6f,0xe1,0x00,0x00,0x00,0x00,0xdf,0x50,0x3c,0xcc,0xcc,0xce,0xf9,0x04,0xff,0xff,0xff,0xff,0xa0,0x00,
0x00,0x00,0x0a,0xfa,0x00,0x00,0x00,0x00,0xcf,0x90,0x00,0x00,0x00,0x2f,0xf5,0x00,0x00,0x00,0x0a,0xfe,
0x19,0x72,0x00,0x3a,0xff,0x60,0xaf,0xfe,0xef,0xff,0x80,0x02,0x8c,0xef,0xda,0x40,0x00,0xbf,0x60,0x00,
0x03,0x9d,0xfe,0xc7,0x00,0x0b,0xf6,0x00,0x05,0xff,0xfe,0xff,0xfc,0x10,0xbf,0x60,0x02,0xff,0xc3,0x00,
0x5e,0xfb,0x0b,0xf6,0x00,0xaf,0xe1,0x00,0x00,0x4f,0xf4,0xbf,0x60,0x0e,0xf8,0x00,0x00,0x00,0xcf,0x9b,
0xfe,0xdd,0xff,0x40,0x00,0x00,0x08,0xfc,0xbf,0xff,0xff,0xf2,0x00,0x00,0x00,0x6f,0xdb,0xf6,0x01,0xff,
0x30,0x00,0x00,0x06,0xfd,0xbf,0x60,0x0f,0xf5,0x00,0x00,0x00,0x8f,0xcb,0xf6,0x00,0xbf,0x80,0x00,0x00,
0x0c,0xf9,0xbf,0x60,0x06,0xfe,0x10,0x00,0x04,0xff,0x4b,0xf6,0x00,0x0d,0xfc,0x30,0x05,0xef,0xb0,0xbf,
0x60,0x00,0x2e,0xff,0xef,0xff,0xc1,0x0b,0xf6,0x00,0x00,0x18,0xdf,0xec,0x70,0x00,0x00,0x18,0xde,0xff,
0xff,0xf6,0x01,0xdf,0xfd,0xcc,0xce,0xf6,0x08,0xfe,0x40,0x00,0x0c,0xf6,0x0b,0xf8,0x00,0x00,0x0c,0xf6,
0x0b,0xf8,0x00,0x00,0x0c,0xf6,0x08,0xfe,0x40,0x00,0x0c,0xf6,0x01,0xdf,0xfd,0xcc,0xce,0xf6,0x00,0x17,
0xef,0xff,0xff,0xf6,0x00,0x02,0xef,0x30,0x0c,0xf6,0x00,0x0b,0xf9,0x00,0x0c,0xf6,0x00,0x6f,0xd1,0x00,
0x0c,0xf6,0x01,0xef,0x40,0x00,0x0c,0xf6,0x0a,0xfa,0x00,0x00,0x0c,0xf6,0x5f,0xe1,0x00,0x00,0x0c,0xf6,
0x00,0x68,0x40,0x00,0x00,0x00,0x00,0x02,0xee,0x20,0x00,0x00,0x00,0x00,0x04,0xfc,0x00,0x00,0x00,0x00,
0x00,0x06,0xf8,0x00,0x00,0x00,0x00,0x00,0x08,0xf4,0x00,0x00,0x00,0x00,0x00,0x00,0x00,0x00,0x00,0x00,
0x00,0x00,0x00,0x00,0x00,0x00,0x00,0x39,0xdf,0xec,0x60,0x00,0x00,0x7f,0xff,0xef,0xff,0xb1,0x00,0x5f,
0xe7,0x10,0x05,0xdf,0x90,0x0e,0xf5,0x00,0x00,0x03,0xff,0x15,0xfd,0x00,0x00,0x00,0x0c,0xf5,0x8f,0xeb,
0xbb,0xbb,0xbb,0xef,0x7a,0xff,0xff,0xff,0xff,0xff,0xf7,0xaf,0xa0,0x00,0x00,0x00,0x00,0x08,0xfc,0x00,
0x00,0x00,0x00,0x00,0x5f,0xf2,0x00,0x00,0x00,0x00,0x01,0xef,0xb0,0x00,0x00,0x00,0x10,0x05,0xff,0xb3,
0x00,0x03,0x8e,0x00,0x06,0xff,0xff,0xef,0xff,0xf0,0x00,0x02,0x9d,0xef,0xeb,0x72,0x00,0x00,0x05,0x75,
0x01,0x77,0x20,0x00,0x00,0xbf,0xa0,0x2f,0xf4,0x00,0x00,0x0b,0xfa,0x02,0xff,0x40,0x00,0x00,0x00,0x00,
0x00,0x00,0x00,0x00,0x00,0x00,0x00,0x00,0x00,0x00,0x00,0x00,0x00,0x00,0x00,0x00,0x00,0x03,0x9d,0xfe,
0xc6,0x00,0x00,0x07,0xff,0xfe,0xff,0xfb,0x10,0x05,0xfe,0x71,0x00,0x5d,0xf9,0x00,0xef,0x50,0x00,0x00,
0x3f,0xf1,0x5f,0xd0,0x00,0x00,0x00,0xcf,0x58,0xfe,0xbb,0xbb,0xbb,0xbe,0xf7,0xaf,0xff,0xff,0xff,0xff,
0xff,0x7a,0xfa,0x00,0x00,0x00,0x00,0x00,0x8f,0xc0,0x00,0x00,0x00,0x00,0x05,0xff,0x20,0x00,0x00,0x00,
0x00,0x1e,0xfb,0x00,0x00,0x00,0x01,0x00,0x5f,0xfb,0x30,0x00,0x38,0xe0,0x00,0x6f,0xff,0xfe,0xff,0xff,
0x00,0x00,0x29,0xde,0xfe,0xb7,0x20,0x00,0x6f,0xc0,0x00,0x00,0x00,0x00,0x00,0x6f,0xc0,0x00,0x00,0x00,
0x00,0x00,0x6f,0xc0,0x00,0x00,0x00,0x00,0x00,0x6f,0xc0,0x00,0x00,0x00,0x00,0x00,0x6f,0xc0,0x00,0x00,
0x00,0x00,0x7f,0xff,0xff,0xff,0xff,0xf2,0x00,0x5b,0xdf,0xeb,0xbb,0xbb,0xb1,0x00,0x00,0x6f,0xc0,0x00,
0x00,0x00,0x00,0x00,0x6f,0xc0,0x00,0x00,0x00,0x00,0x00,0x6f,0xc0,0x00,0x00,0x00,0x00,0x00,0x6f,0xc0,
0x4b,0xee,0xc5,0x00,0x00,0x6f,0xc7,0xff,0xff,0xff,0x70,0x00,0x6f,0xef,0x71,0x02,0xbf,0xf2,0x00,0x6f,
0xf8,0x00,0x00,0x1e,0xf6,0x00,0x6f,0xf1,0x00,0x00,0x0a,0xf9,0x00,0x6f,0xd0,0x00,0x00,0x09,0xfa,0x00,
0x6f,0xc0,0x00,0x00,0x09,0xfa,0x00,0x6f,0xc0,0x00,0x00,0x0a,0xf8,0x00,0x6f,0xc0,0x00,0x00,0x0e,0xf3,
0x00,0x00,0x00,0x00,0x00,0x5f,0xc0,0x00,0x00,0x00,0x00,0x02,0xef,0x30,0x00,0x00,0x00,0x00,0x2d,0xf6,
0x00,0x00,0x00,0x00,0x08,0xff,0x70,0x00,0x00,0x00,0x00,0x0d,0xb3,0x00,0x00,0x00,0x00,0x00,0x01,0x00,
0x00,0x00,0x00,0x00,0x00,0x3f,0xe2,0x00,0x00,0x01,0xdf,0x40,0x00,0x00,0x09,0xf6,0x00,0x00,0x00,0x5f,
0x80,0x00,0x00,0x00,0x77,0x00,0x00,0x00,0x00,0x00,0x00,0x00,0xcf,0xff,0xff,0xff,0xf7,0xcf,0xdc,0xcc,
0xcc,0xc5,0xcf,0x50,0x00,0x00,0x00,0xcf,0x50,0x00,0x00,0x00,0xcf,0x50,0x00,0x00,0x00,0xcf,0x50,0x00,
0x00,0x00,0xcf,0x50,0x00,0x00,0x00,0xcf,0x50,0x00,0x00,0x00,0xcf,0x50,0x00,0x00,0x00,0xcf,0x50,0x00,
0x00,0x00,0xcf,0x50,0x00,0x00,0x00,0xcf,0x50,0x00,0x00,0x00,0xcf,0x50,0x00,0x00,0x00,0xcf,0x50,0x00,
0x00,0x00,0x00,0x03,0x9d,0xee,0xc8,0x30,0x07,0xff,0xfe,0xef,0xfb,0x05,0xff,0x71,0x00,0x15,0x71,0xef,
0x70,0x00,0x00,0x00,0x5f,0xe0,0x00,0x00,0x00,0x08,0xfe,0xcc,0xcc,0xcc,0x30,0xaf,0xff,0xff,0xff,0xf4,
0x0a,0xfa,0x00,0x00,0x00,0x00,0x8f,0xd0,0x00,0x00,0x00,0x05,0xff,0x20,0x00,0x00,0x00,0x1e,0xfa,0x00,
0x00,0x00,0x00,0x6f,0xfb,0x30,0x02,0x79,0x00,0x8f,0xff,0xee,0xff,0xb0,0x00,0x3a,0xdf,0xec,0x83,0x00,
0x6c,0xef,0xec,0x93,0x00,0xbf,0xff,0xef,0xff,0x90,0x5f,0xe5,0x00,0x01,0x67,0x09,0xf9,0x00,0x00,0x00,
0x00,0x8f,0xa0,0x00,0x00,0x00,0x04,0xff,0xb5,0x10,0x00,0x00,0x07,0xff,0xff,0xd8,0x20,0x00,0x02,0x7b,
0xef,0xff,0x50,0x00,0x00,0x00,0x4b,0xfe,0x10,0x00,0x00,0x00,0x1f,0xf4,0x00,0x00,0x00,0x00,0xef,0x4a,
0x94,0x10,0x02,0xaf,0xe1,0xbf,0xff,0xee,0xff,0xf5,0x02,0x7b,0xde,0xfd,0x92,0x00,0xbf,0x6b,0xf6,0x9d,
0x50,0x00,0x00,0x0b,0xf6,0xbf,0x6b,0xf6,0xbf,0x6b,0xf6,0xbf,0x6b,0xf6,0xbf,0x6b,0xf6,0xbf,0x6b,0xf6,
0xbf,0x6b,0xf6,0xbf,0x60,0x2f,0xf4,0x08,0xfc,0x2f,0xf4,0x08,0xfc,0x17,0x72,0x04,0x76,0x00,0x00,0x00,
0x00,0x00,0x00,0x00,0x00,0x00,0x0b,0xf6,0x00,0x00,0x0b,0xf6,0x00,0x00,0x0b,0xf6,0x00,0x00,0x0b,0xf6,
0x00,0x00,0x0b,0xf6,0x00,0x00,0x0b,0xf6,0x00,0x00,0x0b,0xf6,0x00,0x00,0x0b,0xf6,0x00,0x00,0x0b,0xf6,
0x00,0x00,0x0b,0xf6,0x00,0x00,0x0b,0xf6,0x00,0x00,0x0b,0xf6,0x00,0x00,0x0b,0xf6,0x00,0x00,0x0b,0xf6,
0x00,0x00,0x0b,0xf6,0x00,0x0b,0xf6,0x00,0x09,0xd5,0x00,0x00,0x00,0x00,0x00,0x00,0x00,0x0b,0xf6,0x00,
0x0b,0xf6,0x00,0x0b,0xf6,0x00,0x0b,0xf6,0x00,0x0b,0xf6,0x00,0x0b,0xf6,0x00,0x0b,0xf6,0x00,0x0b,0xf6,
0x00,0x0b,0xf6,0x00,0x0b,0xf6,0x00,0x0b,0xf6,0x00,0x0b,0xf6,0x00,0x0b,0xf6,0x00,0x0b,0xf6,0x00,0x0b,
0xf6,0x00,0x0d,0xf5,0x00,0x5f,0xf2,0x6e,0xff,0xa0,0x7f,0xd8,0x10,0x00,0x00,0x8f,0xff,0xff,0xff,0xf0,
0x00,0x00,0x00,0x00,0x00,0x08,0xfe,0xcc,0xcc,0xff,0x00,0x00,0x00,0x00,0x00,0x00,0x8f,0xa0,0x00,0x2f,
0xf0,0x00,0x00,0x00,0x00,0x00,0x08,0xf9,0x00,0x02,0xff,0x00,0x00,0x00,0x00,0x00,0x00,0x8f,0x90,0x00,
0x2f,0xf0,0x00,0x00,0x00,0x00,0x00,0x09,0xf9,0x00,0x02,0xff,0x00,0x00,0x00,0x00,0x00,0x00,0xaf,0x80,
0x00,0x2f,0xff,0xff,0xda,0x30,0x00,0x00,0x0c,0xf6,0x00,0x02,0xff,0xcc,0xdf,0xff,0x60,0x00,0x00,0xef,
0x40,0x00,0x2f,0xf0,0x00,0x1b,0xfe,0x00,0x00,0x2f,0xf1,0x00,0x02,0xff,0x00,0x00,0x2f,0xf3,0x00,0x07,
0xfc,0x00,0x00,0x2f,0xf0,0x00,0x03,0xff,0x30,0x17,0xff,0x50,0x00,0x02,0xff,0x00,0x01,0xbf,0xe0,0x1f,
0xff,0x80,0x00,0x00,0x2f,0xfc,0xcd,0xff,0xf6,0x02,0xda,0x40,0x00,0x00,0x02,0xff,0xff,0xfd,0xa4,0x00,
0xcf,0x50,0x00,0x00,0x4f,0xe0,0x00,0x00,0x00,0x0c,0xf5,0x00,0x00,0x04,0xfe,0x00,0x00,0x00,0x00,0xcf,
0x50,0x00,0x00,0x4f,0xe0,0x00,0x00,0x00,0x0c,0xf5,0x00,0x00,0x04,0xfe,0x00,0x00,0x00,0x00,0xcf,0x50,
0x00,0x00,0x4f,0xe0,0x00,0x00,0x00,0x0c,0xf5,0x00,0x00,0x04,0xfe,0x00,0x00,0x00,0x00,0xcf,0xff,0xff,
0xff,0xff,0xff,0xff,0xd9,0x30,0x0c,0xfd,0xcc,0xcc,0xcd,0xff,0xcc,0xdf,0xff,0x50,0xcf,0x50,0x00,0x00,
0x4f,0xe0,0x00,0x2c,0xfd,0x0c,0xf5,0x00,0x00,0x04,0xfe,0x00,0x00,0x4f,0xf1,0xcf,0x50,0x00,0x00,0x4f,
0xe0,0x00,0x04,0xff,0x1c,0xf5,0x00,0x00,0x04,0xfe,0x00,0x02,0xcf,0xd0,0xcf,0x50,0x00,0x00,0x4f,0xfc,
0xcd,0xff,0xf4,0x0c,0xf5,0x00,0x00,0x04,0xff,0xff,0xfd,0xa3,0x00,0x00,0x6f,0xc0,0x00,0x00,0x00,0x00,
0x00,0x6f,0xc0,0x00,0x00,0x00,0x00,0x00,0x6f,0xc0,0x00,0x00,0x00,0x00,0x00,0x6f,0xc0,0x00,0x00,0x00,
0x00,0x00,0x6f,0xc0,0x00,0x00,0x00,0x00,0x7f,0xff,0xff,0xff,0xff,0xf2,0x00,0x5b,0xdf,0xeb,0xbb,0xbb,
0xb1,0x00,0x00,0x6f,0xc0,0x00,0x00,0x00,0x00,0x00,0x6f,0xc0,0x00,0x00,0x00,0x00,0x00,0x6f,0xc0,0x00,
0x00,0x00,0x00,0x00,0x6f,0xc0,0x4b,0xee,0xc5,0x00,0x00,0x6f,0xc7,0xff,0xff,0xff,0x70,0x00,0x6f,0xef,
0x71,0x02,0xbf,0xf2,0x00,0x6f,0xf8,0x00,0x00,0x1e,0xf6,0x00,0x6f,0xf1,0x00,0x00,0x0a,0xf8,0x00,0x6f,
0xd0,0x00,0x00,0x09,0xf9,0x00,0x6f,0xc0,0x00,0x00,0x08,0xf9,0x00,0x6f,0xc0,0x00,0x00,0x08,0xf9,0x00,
0x6f,0xc0,0x00,0x00,0x08,0xf9,0x00,0x00,0x00,0x6f,0xc1,0x00,0x00,0x00,0x03,0xfd,0x10,0x00,0x00,0x00,
0x1d,0xe3,0x00,0x00,0x00,0x00,0x9f,0x40,0x00,0x00,0x00,0x01,0x75,0x00,0x00,0x00,0x00,0x00,0x00,0x00,
0x00,0x00,0xcf,0x50,0x00,0x02,0xef,0x90,0xcf,0x50,0x00,0x2d,0xfa,0x00,0xcf,0x50,0x01,0xdf,0xb0,0x00,
0xcf,0x50,0x1c,0xfc,0x10,0x00,0xcf,0x50,0xbf,0xc1,0x00,0x00,0xcf,0x5a,0xff,0x40,0x00,0x00,0xcf,0xdf,
0xff,0xb0,0x00,0x00,0xcf,0xfe,0x4e,0xf6,0x00,0x00,0xcf,0xe4,0x05,0xfe,0x20,0x00,0xcf,0x60,0x00,0xaf,
0xb0,0x00,0xcf,0x50,0x00,0x1e,0xf6,0x00,0xcf,0x50,0x00,0x05,0xfe,0x20,0xcf,0x50,0x00,0x00,0xbf,0xb0,
0xcf,0x50,0x00,0x00,0x2e,0xf6,0x08,0xfb,0x00,0x00,0x00,0x00,0x00,0xaf,0x70,0x00,0x00,0x00,0x00,0x0c,
0xf4,0x00,0x00,0x00,0x00,0x01,0xdd,0x10,0x00,0x00,0x00,0x00,0x28,0x40,0x00,0x00,0x00,0x00,0x00,0x00,
0x00,0x00,0xcf,0x50,0x00,0x00,0xaf,0xf6,0xcf,0x50,0x00,0x03,0xff,0xf6,0xcf,0x50,0x00,0x0b,0xff,0xf6,
0xcf,0x50,0x00,0x5f,0xdb,0xf6,0xcf,0x50,0x00,0xdf,0x5b,0xf6,0xcf,0x50,0x07,0xfb,0x0b,0xf6,0xcf,0x50,
0x1e,0xf3,0x0b,0xf6,0xcf,0x50,0x9f,0x90,0x0b,0xf6,0xcf,0x52,0xfe,0x10,0x0b,0xf6,0xcf,0x5b,0xf7,0x00,
0x0b,0xf6,0xcf,0x9f,0xd1,0x00,0x0b,0xf6,0xcf,0xff,0x50,0x00,0x0b,0xf6,0xcf,0xfc,0x00,0x00,0x0b,0xf6,
0xcf,0xf4,0x00,0x00,0x0b,0xf6,0x00,0x07,0xe2,0x00,0x1d,0xa0,0x00,0x00,0x02,0xee,0xbb,0xef,0x40,0x00,
0x00,0x00,0x3b,0xee,0xc5,0x00,0x00,0x00,0x00,0x00,0x00,0x00,0x00,0x00,0x00,0x00,0x00,0x00,0x00,0x00,
0x00,0x2f,0xf3,0x00,0x00,0x00,0x1e,0xf4,0x0a,0xf9,0x00,0x00,0x00,0x6f,0xd0,0x05,0xfe,0x00,0x00,0x00,
0xbf,0x80,0x00,0xdf,0x50,0x00,0x02,0xff,0x20,0x00,0x8f,0xb0,0x00,0x08,0xfb,0x00,0x00,0x2f,0xf2,0x00,
0x0d,0xf6,0x00,0x00,0x0b,0xf7,0x00,0x4f,0xe1,0x00,0x00,0x05,0xfd,0x00,0xaf,0x90,0x00,0x00,0x00,0xef,
0x41,0xef,0x30,0x00,0x00,0x00,0x8f,0x96,0xfd,0x00,0x00,0x00,0x00,0x3f,0xec,0xf7,0x00,0x00,0x00,0x00,
0x0c,0xff,0xf1,0x00,0x00,0x00,0x00,0x06,0xff,0xa0,0x00,0x00,0x00,0x00,0x01,0xff,0x50,0x00,0x00,0x00,
0x00,0x05,0xfe,0x00,0x00,0x00,0x00,0x00,0x0b,0xf8,0x00,0x00,0x00,0x00,0x00,0x5f,0xf2,0x00,0x00,0x00,
0x01,0xde,0xff,0x80,0x00,0x00,0x00,0x01,0xff,0xd7,0x00,0x00,0x00,0x00,0xcf,0x50,0x00,0x00,0x0a,0xf8,
0xcf,0x50,0x00,0x00,0x0a,0xf8,0xcf,0x50,0x00,0x00,0x0a,0xf8,0xcf,0x50,0x00,0x00,0x0a,0xf8,0xcf,0x50,
0x00,0x00,0x0a,0xf8,0xcf,0x50,0x00,0x00,0x0a,0xf8,0xcf,0x50,0x00,0x00,0x0a,0xf8,0xcf,0x50,0x00,0x00,
0x0a,0xf8,0xcf,0x50,0x00,0x00,0x0a,0xf8,0xcf,0x50,0x00,0x00,0x0a,0xf8,0xcf,0x50,0x00,0x00,0x0a,0xf8,
0xcf,0x50,0x00,0x00,0x0a,0xf8,0xcf,0xdc,0xcc,0xcc,0xce,0xf8,0xcf,0xff,0xff,0xff,0xff,0xf8,0x00,0x00,
0x0f,0xb0,0x00,0x00,0x00,0x00,0x0f,0xb0,0x00,0x00,0x00,0x00,0x0f,0xb0,0x00,0x00,0x00,0x00,0x08,0x50,
0x00,0x00,0xcf,0xff,0xff,0x7c,0xff,0xff,0xf7,0xcf,0xff,0xff,0x7c,0xff,0xff,0xf7,0xac,0xcc,0xcc,0xcc,
0xcc,0xcc,0xc1,0xcf,0xff,0xff,0xff,0xff,0xff,0xf1,0xac,0xcc,0xcc,0xcc,0xca,0xcf,0xff,0xff,0xff,0xfc,
0xac,0xcc,0xcc,0xcc,0xcc,0xcc,0xcc,0xcc,0xcc,0xcc,0xca,0xcf,0xff,0xff,0xff,0xff,0xff,0xff,0xff,0xff,
0xff,0xfc,0xcc,0xcc,0xcc,0xcc,0xcc,0xcc,0xcc,0xcc,0xcc,0xcc,0xcc,0xcc,0xff,0xff,0xff,0xff,0xff,0xff,
0xff,0xff,0xff,0xff,0xff,0xff,0x04,0xf5,0x0c,0xf2,0x4f,0xd0,0xbf,0x90,0xef,0x80,0xef,0x80,0x00,0x00,
0x0e,0xf8,0x0e,0xf8,0x2f,0xf3,0x5f,0xb0,0x9f,0x30,0x99,0x00,0x0f,0xf7,0x0f,0xf7,0x1f,0xf4,0x5f,0xc0,
0x9f,0x40,0xdc,0x00,0xef,0x80,0xef,0x80,0x9f,0xb0,0x2f,0xe0,0x09,0xf3,0x02,0xb5,0x04,0xf5,0x00,0x7f,
0x20,0xcf,0x20,0x1e,0xe0,0x4f,0xd0,0x07,0xfa,0x0b,0xf9,0x01,0xef,0x60,0xef,0x80,0x2f,0xf5,0x0e,0xf8,
0x02,0xff,0x50,0x00,0x00,0x00,0x00,0x00,0x0f,0xf7,0x03,0xff,0x40,0xff,0x70,0x3f,0xf4,0x1f,0xf4,0x04,
0xff,0x25,0xfc,0x00,0x8f,0x90,0x9f,0x40,0x0c,0xf2,0x0c,0xc0,0x01,0xf9,0x00,0x00,0x00,0x00,0x00,0x00,
0x0f,0xf7,0x03,0xff,0x40,0xff,0x70,0x3f,0xf4,0x1f,0xf4,0x04,0xff,0x25,0xfc,0x00,0x8f,0x90,0x9f,0x40,
0x0c,0xf2,0x0d,0xc0,0x01,0xf9,0x00,0xef,0x80,0x2f,0xf5,0x0e,0xf8,0x02,0xff,0x50,0xbf,0x90,0x1e,0xf6,
0x04,0xfd,0x00,0x7f,0xa0,0x0c,0xf1,0x01,0xee,0x00,0x4f,0x50,0x07,0xf2,0x00,0x00,0x00,0x00,0x00,0x00,
0x00,0x0f,0xf0,0x00,0x00,0x00,0x00,0x0f,0xf0,0x00,0x00,0x00,0x00,0x0f,0xf0,0x00,0x00,0x00,0x00,0x0f,
0xf0,0x00,0x00,0x00,0x00,0x0f,0xf0,0x00,0x00,0x4d,0xdd,0xdf,0xfd,0xdd,0xd4,0x5f,0xff,0xff,0xff,0xff,
0xf5,0x00,0x00,0x0f,0xf0,0x00,0x00,0x00,0x00,0x0f,0xf0,0x00,0x00,0x00,0x00,0x0f,0xf0,0x00,0x00,0x00,
0x00,0x0f,0xf0,0x00,0x00,0x00,0x00,0x0f,0xf0,0x00,0x00,0x00,0x00,0x0f,0xf0,0x00,0x00,0x00,0x00,0x0f,
0xf0,0x00,0x00,0x00,0x00,0x0f,0xf0,0x00,0x00,0x00,0x00,0x0f,0xf0,0x00,0x00,0x00,0x00,0x0f,0xf0,0x00,
0x00,0x00,0x00,0x0f,0xf0,0x00,0x00,0x00,0x00,0x0f,0xf0,0x00,0x00,0x00,0x00,0x0f,0xf0,0x00,0x00,0x00,
0x00,0x08,0x80,0x00,0x00,0x00,0x00,0x0f,0xf0,0x00,0x00,0x00,0x00,0x0f,0xf0,0x00,0x00,0x00,0x00,0x0f,
0xf0,0x00,0x00,0x00,0x00,0x0f,0xf0,0x00,0x00,0x00,0x00,0x0f,0xf0,0x00,0x00,0x4d,0xdd,0xdf,0xfd,0xdd,
0xd4,0x5f,0xff,0xff,0xff,0xff,0xf5,0x00,0x00,0x0f,0xf0,0x00,0x00,0x00,0x00,0x0f,0xf0,0x00,0x00,0x00,
0x00,0x0f,0xf0,0x00,0x00,0x00,0x00,0x0f,0xf0,0x00,0x00,0x00,0x00,0x0f,0xf0,0x00,0x00,0x00,0x00,0x0f,
0xf0,0x00,0x00,0x00,0x00,0x0f,0xf0,0x00,0x00,0x5f,0xff,0xff,0xff,0xff,0xf5,0x4d,0xdd,0xdf,0xfd,0xdd,
0xd4,0x00,0x00,0x0f,0xf0,0x00,0x00,0x00,0x00,0x0f,0xf0,0x00,0x00,0x00,0x00,0x0f,0xf0,0x00,0x00,0x00,
0x00,0x0f,0xf0,0x00,0x00,0x00,0x00,0x08,0x80,0x00,0x00,0x00,0x02,0x30,0x00,0x02,0xcf,0xfd,0x40,0x0d,
0xff,0xff,0xe1,0x4f,0xff,0xff,0xf6,0x5f,0xff,0xff,0xf8,0x3f,0xff,0xff,0xf6,0x0a,0xff,0xff,0xd1,0x01,
0x9e,0xea,0x20,0x01,0x10,0x00,0x00,0x01,0x10,0x00,0x00,0x01,0x10,0x4f,0xf4,0x00,0x00,0x4f,0xf4,0x00,
0x00,0x4f,0xf4,0x4f,0xf4,0x00,0x00,0x4f,0xf4,0x00,0x00,0x4f,0xf4,0x4f,0xf4,0x00,0x00,0x4f,0xf4,0x00,
0x00,0x4f,0xf4,0x01,0x9e,0xfd,0x60,0x00,0x00,0x00,0x6f,0x80,0x00,0x00,0x00,0x00,0x00,0x00,0x0c,0xfc,
0x9e,0xf7,0x00,0x00,0x01,0xed,0x00,0x00,0x00,0x00,0x00,0x00,0x00,0x5f,0xb0,0x01,0xef,0x10,0x00,0x09,
0xf4,0x00,0x00,0x00,0x00,0x00,0x00,0x00,0x9f,0x50,0x00,0x9f,0x50,0x00,0x3f,0xa0,0x00,0x00,0x00,0x00,
0x00,0x00,0x00,0xaf,0x30,0x00,0x7f,0x60,0x00,0xce,0x20,0x00,0x00,0x00,0x00,0x00,0x00,0x00,0x9f,0x50,
0x00,0x9f,0x50,0x06,0xf7,0x00,0x00,0x00,0x00,0x00,0x00,0x00,0x00,0x5f,0xb0,0x01,0xef,0x10,0x1e,0xd0,
0x00,0x00,0x00,0x00,0x00,0x00,0x00,0x00,0x0c,0xfc,0x9d,0xf8,0x00,0x9f,0x40,0x00,0x00,0x00,0x00,0x00,
0x00,0x00,0x00,0x01,0x9e,0xfd,0x60,0x03,0xfa,0x00,0x7d,0xfd,0x60,0x00,0x03,0xbe,0xea,0x10,0x00,0x00,
0x00,0x00,0x0c,0xe1,0x09,0xfd,0x9d,0xf7,0x00,0x3e,0xfa,0xbf,0xc0,0x00,0x00,0x00,0x00,0x7f,0x60,0x2f,
0xd1,0x02,0xee,0x10,0xbf,0x50,0x09,0xf7,0x00,0x00,0x00,0x02,0xec,0x00,0x7f,0x70,0x00,0x9f,0x51,0xfd,
0x00,0x03,0xfb,0x00,0x00,0x00,0x0a,0xf3,0x00,0x9f,0x50,0x00,0x7f,0x72,0xfb,0x00,0x01,0xfd,0x00,0x00,
0x00,0x4f,0x90,0x00,0x9f,0x50,0x00,0x7f,0x72,0xfb,0x00,0x01,0xfd,0x00,0x00,0x00,0xde,0x10,0x00,0x7f,
0x70,0x00,0x9f,0x51,0xfd,0x00,0x03,0xfb,0x00,0x00,0x07,0xf6,0x00,0x00,0x2f,0xd1,0x01,0xef,0x10,0xbf,
0x50,0x09,0xf7,0x00,0x00,0x2e,0xc0,0x00,0x00,0x09,0xfd,0x9d,0xf7,0x00,0x3f,0xfa,0xbf,0xd1,0x00,0x00,
0xaf,0x30,0x00,0x00,0x00,0x7d,0xfd,0x60,0x00,0x04,0xbf,0xea,0x10,0x00,0x00,0x03,0x40,0x00,0x04,0xe5,
0x00,0x05,0xfe,0x30,0x05,0xfe,0x30,0x06,0xfe,0x30,0x02,0xff,0x20,0x00,0x0b,0xfa,0x00,0x00,0x0a,0xfb,
0x10,0x00,0x09,0xfc,0x10,0x00,0x09,0xf5,0x00,0x00,0x07,0x50,0x00,0x00,0x01,0x70,0x00,0x00,0xbb,0x10,
0x00,0x8f,0xc1,0x00,0x08,0xfd,0x20,0x00,0x7f,0xd2,0x00,0x08,0xfb,0x00,0x3e,0xf6,0x03,0xef,0x50,0x4e,
0xe4,0x00,0xbe,0x40,0x00,0xa3,0x00,0x00,0x10,0x00,0x00,0x00,0x00,0x01,0x7c,0xef,0xd8,0x20,0x00,0x00,
0x3d,0xff,0xff,0xff,0xe5,0x00,0x02,0xef,0xd5,0x10,0x16,0xea,0x00,0x0b,0xfe,0x20,0x00,0x00,0x17,0x00,
0x2f,0xf6,0x00,0x00,0x00,0x00,0x00,0x6f,0xf1,0x00,0x00,0x00,0x00,0x9f,0xff,0xff,0xff,0xff,0xf6,0x00,
0x78,0xdf,0xc8,0x88,0x88,0x71,0x00,0x00,0xbf,0x90,0x00,0x00,0x00,0x00,0x00,0xbf,0xa0,0x00,0x00,0x00,
0x00,0x9f,0xff,0xff,0xff,0xfa,0x00,0x00,0x78,0xbf,0xf8,0x88,0x83,0x00,0x00,0x00,0x5f,0xf2,0x00,0x00,
0x00,0x00,0x00,0x1e,0xf8,0x00,0x00,0x00,0x00,0x00,0x08,0xff,0x30,0x00,0x00,0x29,0x00,0x01,0xdf,0xe6,
0x10,0x17,0xea,0x00,0x00,0x2c,0xff,0xff,0xff,0xe5,0x00,0x00,0x00,0x6b,0xef,0xd8,0x20,0x00,0x24,0x44,
0x00,0x00,0x00,0x00,0x00,0x33,0x00,0x00,0x00,0x00,0x6f,0xff,0x30,0x00,0x00,0x00,0x5e,0xfa,0x00,0x00,
0x00,0x00,0x6f,0xff,0xb0,0x00,0x00,0x01,0xef,0xe7,0x00,0x00,0x00,0x00,0x6f,0xef,0xf4,0x00,0x00,0x05,
0xff,0x10,0x00,0x00,0x00,0x00,0x6f,0xd9,0xfc,0x00,0x00,0x06,0xfe,0x00,0x00,0x00,0x00,0x00,0x6f,0xd2,
0xef,0x60,0x00,0x06,0xfe,0x00,0x00,0x00,0x00,0x00,0x6f,0xd0,0x8f,0xd0,0x00,0x06,0xfe,0x00,0x00,0x20,
0x00,0x00,0x6f,0xd0,0x1e,0xf7,0x00,0x06,0xfe,0x00,0x1c,0xfe,0x40,0x00,0x6f,0xd0,0x07,0xfe,0x10,0x06,
0xfe,0x00,0xaf,0xae,0xe1,0x00,0x6f,0xd0,0x00,0xdf,0x80,0x06,0xfe,0x01,0xfa,0x05,0xf6,0x00,0x6f,0xd0,
0x00,0x5f,0xf2,0x06,0xfe,0x03,0xf7,0x02,0xf8,0x00,0x6f,0xd0,0x00,0x0c,0xfa,0x06,0xfe,0x02,0xf8,0x03,
0xf7,0x00,0x6f,0xd0,0x00,0x04,0xff,0x36,0xfe,0x00,0xdd,0x3a,0xf3,0x00,0x6f,0xd0,0x00,0x00,0xbf,0xb6,
0xfe,0x00,0x5f,0xff,0xa0,0x00,0x6f,0xd0,0x00,0x00,0x3f,0xfa,0xfe,0x00,0x04,0x86,0x00,0x01,0xbf,0xb0,
0x00,0x00,0x0a,0xff,0xfe,0x00,0x00,0x00,0x00,0x2f,0xff,0x60,0x00,0x00,0x02,0xff,0xfe,0x02,0x77,0x77,
0x74,0x2f,0xc6,0x00,0x00,0x00,0x00,0x8f,0xfe,0x04,0xff,0xff,0xf8,0x8b,0xbb,0xbb,0x34,0xb9,0x00,0x08,
0xb4,0x46,0xae,0x66,0x25,0xfe,0x60,0x5e,0xe6,0x00,0x6e,0x00,0x05,0xf5,0xe3,0xd6,0xe6,0x00,0x6e,0x00,
0x05,0xf0,0xae,0xb0,0xe6,0x00,0x6e,0x00,0x05,0xf0,0x1d,0x30,0xe6,0x00,0x6e,0x00,0x05,0xf0,0x00,0x00,
0xe6,0x00,0x6e,0x00,0x05,0xf0,0x00,0x00,0xe6,0x00,0x01,0x00,0x00,0x10,0x00,0x00,0x10,0x00,0x00,0x92,
0x00,0x00,0x00,0x00,0x00,0x00,0x00,0x0a,0xfd,0x00,0x00,0x00,0x00,0x00,0x00,0x00,0xaf,0xe3,0x00,0x00,
0x00,0x00,0x00,0x00,0x0a,0xfe,0x30,0x00,0x00,0x00,0x00,0x00,0x00,0xaf,0xfd,0xbb,0xbb,0xbb,0xbb,0xbb,
0xbb,0xb7,0xdf,0xff,0xff,0xff,0xff,0xff,0xff,0xff,0xfa,0x4e,0xfc,0x44,0x44,0x44,0x44,0x44,0x44,0x42,
0x04,0xef,0x90,0x00,0x00,0x00,0x00,0x00,0x00,0x00,0x4e,0xf9,0x00,0x00,0x00,0x00,0x00,0x00,0x00,0x04,
0xe9,0x00,0x00,0x00,0x00,0x00,0x00,0x00,0x00,0x20,0x00,0x00,0x00,0x00,0x00,0x00,0x00,0x00,0x07,0x70,
0x00,0x00,0x00,0x00,0x8f,0xfa,0x00,0x00,0x00,0x08,0xff,0xff,0xa0,0x00,0x00,0x8f,0xff,0xfe,0xfa,0x00,
0x08,0xff,0x4e,0xf4,0xef,0x90,0x09,0xf4,0x0e,0xf1,0x3e,0xa0,0x00,0x30,0x0e,0xf1,0x03,0x00,0x00,0x00,
0x0e,0xf1,0x00,0x00,0x00,0x00,0x0e,0xf1,0x00,0x00,0x00,0x00,0x0e,0xf1,0x00,0x00,0x00,0x00,0x0e,0xf1,
0x00,0x00,0x00,0x00,0x0e,0xf1,0x00,0x00,0x00,0x00,0x0e,0xf1,0x00,0x00,0x00,0x00,0x0e,0xf1,0x00,0x00,
0x00,0x00,0x0e,0xf1,0x00,0x00,0x00,0x00,0x0e,0xf1,0x00,0x00,0x00,0x00,0x0e,0xf1,0x00,0x00,0x00,0x00,
0x0e,0xf1,0x00,0x00,0x00,0x00,0x00,0x00,0x00,0x00,0x29,0x00,0x00,0x00,0x00,0x00,0x00,0x00,0x00,0xcf,
0xa0,0x00,0x00,0x00,0x00,0x00,0x00,0x00,0x3e,0xfa,0x00,0x00,0x00,0x00,0x00,0x00,0x00,0x03,0xef,0xa0,
0x7b,0xbb,0xbb,0xbb,0xbb,0xbb,0xbb,0xdf,0xfa,0x9f,0xff,0xff,0xff,0xff,0xff,0xff,0xff,0xfe,0x24,0x44,
0x44,0x44,0x44,0x44,0x44,0xcf,0xe4,0x00,0x00,0x00,0x00,0x00,0x00,0x09,0xfe,0x40,0x00,0x00,0x00,0x00,
0x00,0x00,0x9f,0xe4,0x00,0x00,0x00,0x00,0x00,0x00,0x00,0x8e,0x40,0x00,0x00,0x00,0x00,0x00,0x00,0x00,
0x02,0x00,0x00,0x00,0x00,0x07,0x80,0x00,0x00,0x00,0x00,0x0e,0xf1,0x00,0x00,0x00,0x00,0x0e,0xf1,0x00,
0x00,0x00,0x00,0x0e,0xf1,0x00,0x00,0x00,0x00,0x0e,0xf1,0x00,0x00,0x00,0x00,0x0e,0xf1,0x00,0x00,0x00,
0x00,0x0e,0xf1,0x00,0x00,0x00,0x00,0x0e,0xf1,0x00,0x00,0x00,0x00,0x0e,0xf1,0x00,0x00,0x00,0x00,0x0e,
0xf1,0x00,0x00,0x00,0x00,0x0e,0xf1,0x00,0x00,0x00,0x00,0x0e,0xf1,0x00,0x00,0x03,0xa1,0x0e,0xf1,0x0a,
0x40,0x0c,0xfb,0x1e,0xf1,0xaf,0xd0,0x02,0xdf,0xbe,0xfb,0xfe,0x30,0x00,0x2d,0xff,0xff,0xe3,0x00,0x00,
0x02,0xdf,0xfe,0x30,0x00,0x00,0x00,0x2d,0xe3,0x00,0x00,0x00,0x00,0x00,0x00,0x00,0x00,0x3b,0xbb,0xbb,
0xbb,0xbb,0xbb,0xbb,0xb9,0x4f,0xff,0xff,0xff,0xff,0xff,0xff,0xfc,0x14,0x44,0x44,0x44,0x44,0x44,0x44,
0x43,0x00,0x00,0x00,0x00,0x01,0x00,0x00,0x00,0x00,0x00,0x00,0x00,0x00,0x04,0xa0,0x00,0x00,0x00,0x00,
0x00,0x00,0x00,0x00,0xbf,0x30,0x00,0x00,0x00,0x00,0x00,0x00,0x00,0x4f,0xfa,0x00,0x00,0x00,0x00,0x00,
0x00,0x00,0x0b,0xff,0xf3,0x00,0x00,0x00,0x00,0x00,0x00,0x03,0xff,0xff,0xa0,0x00,0x00,0x00,0x00,0x00,
0x00,0xbf,0xff,0xff,0x30,0x00,0x00,0x00,0x00,0x00,0x3f,0xff,0xff,0xfa,0x00,0x00,0x00,0x00,0x00,0x0b,
0xff,0xff,0xff,0xf3,0x00,0x00,0x00,0x00,0x03,0xff,0xff,0xff,0xff,0xa0,0x00,0x00,0x00,0x00,0xbf,0xff,
0xff,0xff,0xff,0x30,0x00,0x00,0x00,0x3f,0xff,0xff,0xff,0xff,0xfa,0x00,0x00,0x00,0x0b,0xff,0xff,0xff,
0xff,0xff,0xf3,0x00,0x00,0x03,0xff,0xff,0xff,0xff,0xff,0xff,0xa0,0x00,0x00,0xbf,0xff,0xff,0xff,0xff,
0xff,0xff,0x30,0x00,0x3f,0xff,0xff,0xff,0xff,0xff,0xff,0xfa,0x00,0x0b,0xff,0xff,0xff,0xff,0xff,0xff,
0xff,0xf3,0x03,0xff,0xff,0xff,0xff,0xff,0xff,0xff,0xff,0xa0,0xae,0xee,0xee,0xee,0xee,0xee,0xee,0xee,
0xee,0x20,0x30,0x00,0x00,0x00,0x00,0x00,0x00,0x00,0x00,0x0e,0xb3,0x00,0x00,0x00,0x00,0x00,0x00,0x00,
0x00,0xef,0xfb,0x30,0x00,0x00,0x00,0x00,0x00,0x00,0x0e,0xff,0xff,0xb3,0x00,0x00,0x00,0x00,0x00,0x00,
0xef,0xff,0xff,0xfa,0x30,0x00,0x00,0x00,0x00,0x0e,0xff,0xff,0xff,0xff,0xa3,0x00,0x00,0x00,0x00,0xef,
0xff,0xff,0xff,0xff,0xfa,0x30,0x00,0x00,0x0e,0xff,0xff,0xff,0xff,0xff,0xff,0xa3,0x00,0x00,0xef,0xff,
0xff,0xff,0xff,0xff,0xff,0xfa,0x30,0x0e,0xff,0xff,0xff,0xff,0xff,0xff,0xff,0xff,0xa1,0xef,0xff,0xff,
0xff,0xff,0xff,0xff,0xff,0xb3,0x0e,0xff,0xff,0xff,0xff,0xff,0xff,0xfb,0x30,0x00,0xef,0xff,0xff,0xff,
0xff,0xff,0xb3,0x00,0x00,0x0e,0xff,0xff,0xff,0xff,0xfb,0x30,0x00,0x00,0x00,0xef,0xff,0xff,0xff,0xb3,
0x00,0x00,0x00,0x00,0x0e,0xff,0xff,0xfb,0x30,0x00,0x00,0x00,0x00,0x00,0xef,0xff,0xb3,0x00,0x00,0x00,
0x00,0x00,0x00,0x0e,0xfb,0x40,0x00,0x00,0x00,0x00,0x00,0x00,0x00,0xa4,0x00,0x00,0x00,0x00,0x00,0x00,
0x00,0x00,0x00,0x56,0x66,0x66,0x66,0x66,0x66,0x66,0x66,0x66,0x27,0xff,0xff,0xff,0xff,0xff,0xff,0xff,
0xff,0xd0,0x1e,0xff,0xff,0xff,0xff,0xff,0xff,0xff,0xf6,0x00,0x7f,0xff,0xff,0xff,0xff,0xff,0xff,0xfe,
0x00,0x01,0xef,0xff,0xff,0xff,0xff,0xff,0xff,0x60,0x00,0x07,0xff,0xff,0xff,0xff,0xff,0xff,0xe0,0x00,
0x00,0x1e,0xff,0xff,0xff,0xff,0xff,0xf7,0x00,0x00,0x00,0x7f,0xff,0xff,0xff,0xff,0xfe,0x00,0x00,0x00,
0x01,0xef,0xff,0xff,0xff,0xff,0x70,0x00,0x00,0x00,0x07,0xff,0xff,0xff,0xff,0xe0,0x00,0x00,0x00,0x00,
0x1e,0xff,0xff,0xff,0xf7,0x00,0x00,0x00,0x00,0x00,0x7f,0xff,0xff,0xfe,0x10,0x00,0x00,0x00,0x00,0x01,
0xef,0xff,0xff,0x70,0x00,0x00,0x00,0x00,0x00,0x07,0xff,0xff,0xe1,0x00,0x00,0x00,0x00,0x00,0x00,0x1e,
0xff,0xf7,0x00,0x00,0x00,0x00,0x00,0x00,0x00,0x8f,0xfe,0x10,0x00,0x00,0x00,0x00,0x00,0x00,0x01,0xef,
0x70,0x00,0x00,0x00,0x00,0x00,0x00,0x00,0x08,0xe1,0x00,0x00,0x00,0x00,0x00,0x00,0x00,0x00,0x16,0x00,
0x00,0x00,0x00,0x00,0x00,0x00,0x00,0x00,0x00,0x00,0x00,0x00,0x01,0x20,0x00,0x00,0x00,0x00,0x00,0x00,
0x00,0x17,0xe6,0x00,0x00,0x00,0x00,0x00,0x00,0x01,0x7e,0xff,0x60,0x00,0x00,0x00,0x00,0x00,0x17,0xef,
0xff,0xf6,0x00,0x00,0x00,0x00,0x01,0x7e,0xff,0xff,0xff,0x60,0x00,0x00,0x00,0x17,0xef,0xff,0xff,0xff,
0xf6,0x00,0x00,0x01,0x7e,0xff,0xff,0xff,0xff,0xff,0x60,0x00,0x17,0xef,0xff,0xff,0xff,0xff,0xff,0xf6,
0x01,0x7e,0xff,0xff,0xff,0xff,0xff,0xff,0xff,0x66,0xef,0xff,0xff,0xff,0xff,0xff,0xff,0xff,0xf6,0x17,
0xef,0xff,0xff,0xff,0xff,0xff,0xff,0xff,0x60,0x01,0x7e,0xff,0xff,0xff,0xff,0xff,0xff,0xf6,0x00,0x00,
0x17,0xef,0xff,0xff,0xff,0xff,0xff,0x60,0x00,0x00,0x01,0x7e,0xff,0xff,0xff,0xff,0xf6,0x00,0x00,0x00,
0x00,0x17,0xef,0xff,0xff,0xff,0x60,0x00,0x00,0x00,0x00,0x01,0x7e,0xff,0xff,0xf6,0x00,0x00,0x00,0x00,
0x00,0x00,0x18,0xef,0xff,0x60,0x00,0x00,0x00,0x00,0x00,0x00,0x01,0x8e,0xf6,0x00,0x00,0x00,0x00,0x00,
0x00,0x00,0x00,0x18,0x50,0x00,0x00,0x00,0x02,0x55,0x42,0x00,0x00,0x00,0x00,0x00,0x01,0x7d,0xff,0xff,
0xfc,0x60,0x00,0x00,0x00,0x03,0xdf,0xff,0xff,0xff,0xff,0xb1,0x00,0x00,0x04,0xef,0xff,0xff,0xff,0xff,
0xff,0xd2,0x00,0x01,0xef,0xff,0xff,0xff,0xff,0xff,0xff,0xc0,0x00,0xaf,0xff,0xff,0xff,0xff,0xff,0xff,
0xff,0x70,0x2f,0xff,0xff,0xff,0xff,0xff,0xff,0xff,0xfe,0x07,0xff,0xff,0xff,0xff,0xff,0xff,0xff,0xff,
0xf4,0xaf,0xff,0xff,0xff,0xff,0xff,0xff,0xff,0xff,0x7b,0xff,0xff,0xff,0xff,0xff,0xff,0xff,0xff,0xf8,
0xbf,0xff,0xff,0xff,0xff,0xff,0xff,0xff,0xff,0x79,0xff,0xff,0xff,0xff,0xff,0xff,0xff,0xff,0xf6,0x5f,
0xff,0xff,0xff,0xff,0xff,0xff,0xff,0xff,0x21,0xef,0xff,0xff,0xff,0xff,0xff,0xff,0xff,0xb0,0x06,0xff,
0xff,0xff,0xff,0xff,0xff,0xff,0xf3,0x00,0x0a,0xff,0xff,0xff,0xff,0xff,0xff,0xf7,0x00,0x00,0x1b,0xff,
0xff,0xff,0xff,0xff,0xf8,0x00,0x00,0x00,0x07,0xff,0xff,0xff,0xff,0xe5,0x00,0x00,0x00,0x00,0x01,0x7b,
0xde,0xda,0x61,0x00,0x00,0x00,0x00,0x00,0x00,0x00,0x00,0x6c,0xc0,0x00,0x00,0x00,0x00,0x06,0xff,0x30,
0x00,0x00,0x00,0x00,0x4f,0xf6,0x00,0x00,0x00,0x00,0x01,0xdf,0xa0,0x00,0x00,0x00,0x00,0x0b,0xfc,0x10,
0x00,0x00,0x00,0x00,0x6f,0xe2,0x00,0x00,0x00,0x00,0x02,0xef,0x50,0x00,0x00,0x03,0x50,0x0b,0xf9,0x00,
0x00,0x00,0x4f,0xf1,0x6f,0xd1,0x00,0x00,0x00,0x4f,0xfa,0xef,0x40,0x00,0x00,0x00,0x0e,0xff,0xf9,0x00,
0x00,0x00,0x00,0x09,0xff,0xd1,0x00,0x00,0x00,0x00,0x02,0xcc,0x30,0x00,0x00,0x00,0x00,0x07,0x20,0x00,
0x00,0x00,0x01,0x80,0x08,0xfd,0x20,0x00,0x00,0x01,0xcf,0xa0,0x6f,0xfd,0x20,0x00,0x01,0xcf,0xf7,0x00,
0x6f,0xfd,0x20,0x01,0xcf,0xf7,0x00,0x00,0x6f,0xfd,0x21,0xcf,0xf7,0x00,0x00,0x00,0x6f,0xfd,0xcf,0xf7,
0x00,0x00,0x00,0x00,0x6f,0xff,0xf7,0x00,0x00,0x00,0x00,0x01,0xdf,0xfe,0x10,0x00,0x00,0x00,0x01,0xcf,
0xff,0xfd,0x10,0x00,0x00,0x01,0xcf,0xf7,0x5f,0xfd,0x10,0x00,0x01,0xcf,0xf7,0x00,0x5f,0xfd,0x10,0x01,
0xcf,0xf7,0x00,0x00,0x5f,0xfd,0x10,0xbf,0xf7,0x00,0x00,0x00,0x5f,0xfc,0x02,0xe7,0x00,0x00,0x00,0x00,
0x6e,0x30,0x01,0x00,0x00,0x00,0x00,0x00,0x10,0x00,0x00,0x00,0x00,0x00,0x00,0x02,0x90,0x00,0x00,0x00,
0x00,0x00,0x00,0x00,0x00,0x00,0x00,0x02,0xef,0xa0,0x00,0x00,0x00,0x00,0x00,0x00,0x00,0x00,0x00,0x02,
0xef,0xff,0xa0,0x00,0x00,0x00,0x00,0x00,0x00,0x00,0x00,0x02,0xef,0xff,0xff,0xa0,0x00,0x00,0x00,0x00,
0x00,0x00,0x00,0x02,0xed,0x85,0x34,0x6c,0xa0,0x00,0x00,0x00,0x00,0x00,0x00,0x02,0xe7,0x00,0x00,0x00,
0x09,0xa0,0x00,0x00,0x00,0x00,0x00,0x02,0xef,0x41,0x7c,0xda,0x30,0x0c,0xa0,0x00,0x00,0x00,0x00,0x02,
0xef,0xfa,0xef,0xff,0xfe,0x10,0x8f,0xa0,0x00,0x00,0x00,0x02,0xef,0xff,0xff,0xff,0xff,0xf3,0x07,0xff,
0xa0,0x00,0x00,0x02,0xef,0xff,0xff,0xff,0xff,0xfd,0x00,0xaf,0xff,0xa0,0x00,0x02,0xef,0xff,0xff,0xff,
0xff,0xfe,0x30,0x3f,0xff,0xff,0xa0,0x02,0xef,0xff,0xff,0xff,0xff,0xfe,0x30,0x2d,0xff,0xff,0xff,0xa0,
0x4e,0xff,0xff,0xff,0xff,0xff,0x40,0x2d,0xff,0xff,0xff,0xfc,0x10,0x4e,0xff,0xff,0xff,0xff,0x90,0x1d,
0xff,0xff,0xff,0xfc,0x10,0x00,0x4e,0xff,0xff,0xff,0xf4,0x07,0xff,0xff,0xff,0xfc,0x10,0x00,0x00,0x4e,
0xff,0xff,0xff,0x30,0x9f,0xff,0xff,0xfc,0x10,0x00,0x00,0x00,0x4e,0xff,0xff,0xf3,0x09,0xff,0xff,0xfc,
0x10,0x00,0x00,0x00,0x00,0x4e,0xff,0xff,0xbb,0xdf,0xff,0xfc,0x10,0x00,0x00,0x00,0x00,0x00,0x4e,0xff,
0xff,0xff,0xff,0xfc,0x10,0x00,0x00,0x00,0x00,0x00,0x00,0x4e,0xff,0x20,0x8f,0xfc,0x10,0x00,0x00,0x00,
0x00,0x00,0x00,0x00,0x4e,0xf2,0x08,0xfc,0x10,0x00,0x00,0x00,0x00,0x00,0x00,0x00,0x00,0x4e,0x20,0x8b,
0x10,0x00,0x00,0x00,0x00,0x00,0x00,0x00,0x00,0x00,0x4e,0xfb,0x10,0x00,0x00,0x00,0x00,0x00,0x00,0x00,
0x00,0x00,0x00,0x4b,0x10,0x00,0x00,0x00,0x00,0x00,0x00,0x00,0x00,0x00,0x00,0x00,0x00,0x00,0x00,0x00,
0x00,0x00,0x00,
};

static const font_glyph_t s_glyphs[509] = {
{0x0020,0,0,0,0,8,0,0},
{0x0021,3,18,3,18,10,0,0},
{0x0022,7,7,2,18,11,0,27},
{0x0023,18,18,1,18,20,0,52},
{0x0024,12,23,2,19,15,0,214},
{0x0025,21,18,1,18,23,0,352},
{0x0026,17,18,1,18,19,0,541},
{0x0027,3,7,2,18,7,0,694},
{0x0028,6,23,2,19,9,0,705},
{0x0029,7,23,1,19,9,0,774},
{0x002a,12,12,0,18,12,0,855},
{0x002b,16,16,2,16,20,0,927},
{0x002c,5,6,1,3,8,0,1055},
{0x002d,7,2,1,8,9,0,1070},
{0x002e,4,4,2,4,8,0,1077},
{0x002f,9,21,0,18,8,0,1085},
{0x0030,13,18,1,18,15,0,1180},
{0x0031,12,18,2,18,15,0,1297},
{0x0032,12,18,1,18,15,0,1405},
{0x0033,13,18,1,18,15,0,1513},
{0x0034,13,18,1,18,15,0,1630},
{0x0035,13,18,1,18,15,0,1747},
{0x0036,13,18,1,18,15,0,1864},
{0x0037,13,18,1,18,15,0,1981},
{0x0038,13,18,1,18,15,0,2098},
{0x0039,13,18,1,18,15,0,2215},
{0x003a,4,13,2,13,8,0,2332},
{0x003b,5,16,1,13,8,0,2358},
{0x003c,16,14,2,15,20,0,2398},
{0x003d,16,8,2,12,20,0,2510},
{0x003e,16,14,2,15,20,0,2574},
{0x003f,11,18,1,18,13,0,2686},
{0x0040,22,22,1,18,24,0,2785},
{0x0041,17,18,0,18,16,0,3027},
{0x0042,13,18,2,18,16,0,3180},
{0x0043,15,18,1,18,17,0,3297},
{0x0044,16,18,2,18,18,0,3432},
{0x0045,12,18,2,18,15,0,3576},
{0x0046,11,18,2,18,14,0,3684},
{0x0047,16,18,1,18,19,0,3783},
{0x0048,14,18,2,18,18,0,3927},
{0x0049,3,18,2,18,7,0,4053},
{0x004a,7,23,-2,18,7,0,4080},
{0x004b,15,18,2,18,16,0,4161},
{0x004c,12,18,2,18,13,0,4296},
{0x004d,17,18,2,18,21,0,4404},
{0x004e,14,18,2,18,18,0,4557},
{0x004f,17,18,1,18,19,0,4683},
{0x0050,12,18,2,18,14,0,4836},
{0x0051,17,21,1,18,19,0,4944},
{0x0052,14,18,2,18,17,0,5123},
{0x0053,13,18,1,18,15,0,5249},
{0x0054,16,18,-1,18,15,0,5366},
{0x0055,14,18,2,18,18,0,5510},
{0x0056,17,18,0,18,16,0,5636},
{0x0057,23,18,0,18,24,0,5789},
{0x0058,16,18,0,18,16,0,5996},
{0x0059,16,18,-1,18,15,0,6140},
{0x005a,15,18,1,18,16,0,6284},
{0x005b,6,22,2,19,9,0,6419},
{0x005c,9,21,0,18,8,0,6485},
{0x005d,6,22,2,19,9,0,6580},
{0x005e,16,7,2,18,20,0,6646},
{0x005f,14,2,-1,-4,12,0,6702},
{0x0060,6,5,2,20,12,0,6716},
{0x0061,12,14,1,14,15,0,6731},
{0x0062,12,19,2,19,15,0,6815},
{0x0063,11,14,1,14,13,0,6929},
{0x0064,13,19,1,19,15,0,7006},
{0x0065,13,14,1,14,15,0,7130},
{0x0066,9,19,0,19,8,0,7221},
{0x0067,13,19,1,14,15,0,7307},
{0x0068,12,19,2,19,15,0,7431},
{0x0069,3,19,2,19,7,0,7545},
{0x006a,6,24,-1,19,7,0,7574},
{0x006b,12,19,2,19,14,0,7646},
{0x006c,3,19,2,19,7,0,7760},
{0x006d,20,14,2,14,23,0,7789},
{0x006e,12,14,2,14,15,0,7929},
{0x006f,13,14,1,14,15,0,8013},
{0x0070,12,19,2,14,15,0,8104},
{0x0071,13,19,1,14,15,0,8218},
{0x0072,8,14,2,14,10,0,8342},
{0x0073,11,14,1,14,13,0,8398},
{0x0074,9,18,0,18,9,0,8475},
{0x0075,12,14,2,14,15,0,8556},
{0x0076,14,14,0,14,14,0,8640},
{0x0077,18,14,1,14,20,0,8738},
{0x0078,14,14,0,14,14,0,8864},
{0x0079,14,19,0,14,14,0,8962},
{0x007a,11,14,1,14,13,0,9095},
{0x007b,10,23,3,19,15,0,9172},
{0x007c,3,25,3,19,8,0,9287},
{0x007d,10,23,3,19,15,0,9325},
{0x007e,16,6,2,11,20,0,9440},
{0x00a0,0,0,0,0,8,0,9488},
{0x00a1,3,19,3,14,10,0,9488},
{0x00a2,11,22,2,18,15,0,9517},
{0x00a3,13,18,1,18,15,0,9638},
{0x00a4,14,14,1,15,15,0,9755},
{0x00a5,15,18,0,18,15,0,9853},
{0x00a6,3,22,3,18,8,0,9988},
{0x00a7,10,21,1,18,12,0,10021},
{0x00a8,8,3,2,19,12,0,10126},
{0x00a9,18,20,3,19,24,0,10138},
{0x00aa,9,12,1,17,11,0,10318},
{0x00ab,12,12,1,13,15,0,10372},
{0x00ac,16,8,2,11,20,0,10444},
{0x00ad,7,2,1,8,9,0,10508},
{0x00ae,18,20,3,19,24,0,10515},
{0x00af,8,2,2,19,12,0,10695},
{0x00b0,8,8,2,19,12,0,10703},
{0x00b1,16,16,2,16,20,0,10735},
{0x00b2,8,9,1,17,10,0,10863},
{0x00b3,8,9,1,17,10,0,10899},
{0x00b4,6,5,4,20,12,0,10935},
{0x00b5,13,19,2,14,15,0,10950},
{0x00b6,12,21,1,18,15,0,11074},
{0x00b7,4,4,2,11,8,0,11200},
{0x00b8,6,5,3,0,12,0,11208},
{0x00b9,8,9,1,17,10,0,11223},
{0x00ba,10,12,1,17,11,0,11259},
{0x00bb,11,12,2,13,15,0,11319},
{0x00bc,22,19,1,19,23,0,11385},
{0x00bd,21,20,1,19,23,0,11594},
{0x00be,22,20,1,20,23,0,11804},
{0x00bf,11,19,1,14,13,0,12024},
{0x00c0,17,23,0,23,16,0,12129},
{0x00c1,17,23,0,23,16,0,12325},
{0x00c2,17,23,0,23,16,0,12521},
{0x00c3,17,23,0,23,16,0,12717},
{0x00c4,17,23,0,23,16,0,12913},
{0x00c5,17,23,0,23,16,0,13109},
{0x00c6,22,18,0,18,23,0,13305},
{0x00c7,15,23,1,18,17,0,13503},
{0x00c8,12,23,2,23,15,0,13676},
{0x00c9,12,23,2,23,15,0,13814},
{0x00ca,12,23,2,23,15,0,13952},
{0x00cb,12,23,2,23,15,0,14090},
{0x00cc,6,23,0,23,7,0,14228},
{0x00cd,6,23,1,23,7,0,14297},
{0x00ce,9,23,-1,23,7,0,14366},
{0x00cf,8,23,0,23,7,0,14470},
{0x00d0,18,18,0,18,19,0,14562},
{0x00d1,14,23,2,23,18,0,14724},
{0x00d2,17,24,1,24,19,0,14885},
{0x00d3,17,24,1,24,19,0,15089},
{0x00d4,17,24,1,24,19,0,15293},
{0x00d5,17,23,1,23,19,0,15497},
{0x00d6,17,23,1,23,19,0,15693},
{0x00d7,14,15,3,15,20,0,15889},
{0x00d8,17,20,1,19,19,0,15994},
{0x00d9,14,24,2,24,18,0,16164},
{0x00da,14,24,2,24,18,0,16332},
{0x00db,14,24,2,24,18,0,16500},
{0x00dc,14,23,2,23,18,0,16668},
{0x00dd,16,23,-1,23,15,0,16829},
{0x00de,12,18,2,18,15,0,17013},
{0x00df,13,19,2,19,15,0,17121},
{0x00e0,12,21,1,21,15,0,17245},
{0x00e1,12,21,1,21,15,0,17371},
{0x00e2,12,21,1,21,15,0,17497},
{0x00e3,12,20,1,20,15,0,17623},
{0x00e4,12,19,1,19,15,0,17743},
{0x00e5,12,23,1,23,15,0,17857},
{0x00e6,22,14,1,14,24,0,17995},
{0x00e7,11,19,1,14,13,0,18149},
{0x00e8,13,21,1,21,15,0,18254},
{0x00e9,13,21,1,21,15,0,18391},
{0x00ea,13,21,1,21,15,0,18528},
{0x00eb,13,19,1,19,15,0,18665},
{0x00ec,6,20,-1,20,7,0,18789},
{0x00ed,7,20,1,20,7,0,18849},
{0x00ee,9,20,-1,20,7,0,18919},
{0x00ef,8,19,-1,19,7,0,19009},
{0x00f0,13,19,1,19,15,0,19085},
{0x00f1,12,20,2,20,15,0,19209},
{0x00f2,13,21,1,21,15,0,19329},
{0x00f3,13,21,1,21,15,0,19466},
{0x00f4,13,21,1,21,15,0,19603},
{0x00f5,13,20,1,20,15,0,19740},
{0x00f6,13,19,1,19,15,0,19870},
{0x00f7,16,12,2,14,20,0,19994},
{0x00f8,14,16,0,15,15,0,20090},
{0x00f9,12,21,2,21,15,0,20202},
{0x00fa,12,21,2,21,15,0,20328},
{0x00fb,12,21,2,21,15,0,20454},
{0x00fc,12,19,2,19,15,0,20580},
{0x00fd,14,25,0,20,14,0,20694},
{0x00fe,12,24,2,19,15,0,20869},
{0x00ff,14,24,0,19,14,0,21013},
{0x0100,17,23,0,23,16,0,21181},
{0x0101,12,19,1,19,15,0,21377},
{0x0102,17,24,0,24,16,0,21491},
{0x0103,12,19,1,19,15,0,21695},
{0x0104,17,23,0,18,16,0,21809},
{0x0105,13,19,1,14,15,0,22005},
{0x0106,15,24,1,24,17,0,22129},
{0x0107,11,21,1,21,13,0,22309},
{0x0108,15,24,1,24,17,0,22425},
{0x0109,11,21,1,21,13,0,22605},
{0x010a,15,23,1,23,17,0,22721},
{0x010b,11,19,1,19,13,0,22894},
{0x010c,15,24,1,24,17,0,22999},
{0x010d,11,21,1,21,13,0,23179},
{0x010e,16,23,2,23,18,0,23295},
{0x010f,17,19,1,19,15,0,23479},
{0x0110,18,18,0,18,19,0,23641},
{0x0111,14,19,1,19,15,0,23803},
{0x0112,12,23,2,23,15,0,23936},
{0x0113,13,19,1,19,15,0,24074},
{0x0114,12,23,2,23,15,0,24198},
{0x0115,13,20,1,20,15,0,24336},
{0x0116,12,23,2,23,15,0,24466},
{0x0117,13,19,1,19,15,0,24604},
{0x0118,12,23,2,18,15,0,24728},
{0x0119,13,19,1,14,15,0,24866},
{0x011a,12,23,2,23,15,0,24990},
{0x011b,13,21,1,21,15,0,25128},
{0x011c,16,24,1,24,19,0,25265},
{0x011d,13,25,1,20,15,0,25457},
{0x011e,16,24,1,24,19,0,25620},
{0x011f,13,25,1,20,15,0,25812},
{0x0120,16,23,1,23,19,0,25975},
{0x0121,13,24,1,19,15,0,26159},
{0x0122,16,24,1,18,19,0,26315},
{0x0123,13,24,1,19,15,0,26507},
{0x0124,14,23,2,23,18,0,26663},
{0x0125,15,23,-1,23,15,0,26824},
{0x0126,18,18,2,18,22,0,26997},
{0x0127,13,19,1,19,17,0,27159},
{0x0128,9,23,-1,23,7,0,27283},
{0x0129,9,20,-1,20,7,0,27387},
{0x012a,8,23,0,23,7,0,27477},
{0x012b,8,19,-1,19,7,0,27569},
{0x012c,9,23,-1,23,7,0,27645},
{0x012d,9,20,-1,20,7,0,27749},
{0x012e,5,23,2,18,7,0,27839},
{0x012f,6,24,1,19,7,0,27897},
{0x0130,3,23,2,23,7,0,27969},
{0x0131,3,14,2,14,7,0,28004},
{0x0132,10,23,2,18,14,0,28025},
{0x0133,10,24,2,19,13,0,28140},
{0x0134,10,28,-2,23,7,0,28260},
{0x0135,9,25,-1,20,7,0,28400},
{0x0136,15,24,2,18,16,0,28513},
{0x0137,12,25,2,19,14,0,28693},
{0x0138,12,14,2,14,14,0,28843},
{0x0139,12,23,2,23,13,0,28927},
{0x013a,5,23,2,23,7,0,29065},
{0x013b,12,24,2,18,13,0,29123},
{0x013c,5,25,1,19,7,0,29267},
{0x013d,12,18,2,18,13,0,29330},
{0x013e,7,19,2,19,9,0,29438},
{0x013f,12,18,2,18,13,0,29505},
{0x0140,6,19,2,19,8,0,29613},
{0x0141,15,18,-1,18,13,0,29670},
{0x0142,7,19,0,19,7,0,29805},
{0x0143,14,23,2,23,18,0,29872},
{0x0144,12,20,2,20,15,0,30033},
{0x0145,14,24,2,18,18,0,30153},
{0x0146,12,20,2,14,15,0,30321},
{0x0147,14,23,2,23,18,0,30441},
{0x0148,12,20,2,20,15,0,30602},
{0x0149,16,18,2,18,20,0,30722},
{0x014a,14,23,2,18,18,0,30866},
{0x014b,12,19,2,14,15,0,31027},
{0x014c,17,23,1,23,19,0,31141},
{0x014d,13,19,1,19,15,0,31337},
{0x014e,17,24,1,24,19,0,31461},
{0x014f,13,20,1,20,15,0,31665},
{0x0150,17,24,1,24,19,0,31795},
{0x0151,13,21,1,21,15,0,31999},
{0x0152,24,18,1,18,26,0,32136},
{0x0153,23,14,1,14,25,0,32352},
{0x0154,14,23,2,23,17,0,32513},
{0x0155,9,20,2,20,10,0,32674},
{0x0156,14,24,2,18,17,0,32764},
{0x0157,9,20,1,14,10,0,32932},
{0x0158,14,23,2,23,17,0,33022},
{0x0159,9,20,2,20,10,0,33183},
{0x015a,13,24,1,24,15,0,33273},
{0x015b,11,21,1,21,13,0,33429},
{0x015c,13,24,1,24,15,0,33545},
{0x015d,11,21,1,21,13,0,33701},
{0x015e,13,23,1,18,15,0,33817},
{0x015f,11,19,1,14,13,0,33967},
{0x0160,13,24,1,24,15,0,34072},
{0x0161,11,21,1,21,13,0,34228},
{0x0162,16,23,-1,18,15,0,34344},
{0x0163,9,23,0,18,9,0,34528},
{0x0164,16,23,-1,23,15,0,34632},
{0x0165,9,21,0,21,9,0,34816},
{0x0166,16,18,-1,18,15,0,34911},
{0x0167,9,18,0,18,9,0,35055},
{0x0168,14,23,2,23,18,0,35136},
{0x0169,12,20,2,20,15,0,35297},
{0x016a,14,23,2,23,18,0,35417},
{0x016b,12,19,2,19,15,0,35578},
{0x016c,14,24,2,24,18,0,35692},
{0x016d,12,20,2,20,15,0,35860},
{0x016e,14,24,2,24,18,0,35980},
{0x016f,12,22,2,22,15,0,36148},
{0x0170,14,24,2,24,18,0,36280},
{0x0171,12,21,2,21,15,0,36448},
{0x0172,14,23,2,18,18,0,36574},
{0x0173,13,19,2,14,15,0,36735},
{0x0174,23,24,0,24,24,0,36859},
{0x0175,18,20,1,20,20,0,37135},
{0x0176,16,24,-1,24,15,0,37315},
{0x0177,14,26,0,21,14,0,37507},
{0x0178,16,23,-1,23,15,0,37689},
{0x0179,15,23,1,23,16,0,37873},
{0x017a,11,20,1,20,13,0,38046},
{0x017b,15,23,1,23,16,0,38156},
{0x017c,11,19,1,19,13,0,38329},
{0x017d,15,23,1,23,16,0,38434},
{0x017e,11,20,1,20,13,0,38607},
{0x017f,9,19,0,19,8,0,38717},
{0x0192,11,24,-2,19,8,0,38803},
{0x0218,13,24,1,18,15,0,38935},
{0x0219,11,20,1,14,13,0,39091},
{0x021a,16,24,-1,18,15,0,39201},
{0x021b,9,24,0,18,9,0,39393},
{0x02c6,8,5,2,20,12,0,39501},
{0x02c7,8,5,2,20,12,0,39521},
{0x02dc,8,4,2,20,12,0,39541},
{0x0391,17,18,0,18,16,0,39557},
{0x0392,13,18,2,18,16,0,39710},
{0x0393,12,18,2,18,13,0,39827},
{0x0394,17,18,0,18,16,0,39935},
{0x0395,12,18,2,18,15,0,40088},
{0x0396,15,18,1,18,16,0,40196},
{0x0397,14,18,2,18,18,0,40331},
{0x0398,17,18,1,18,19,0,40457},
{0x0399,3,18,2,18,7,0,40610},
{0x039a,15,18,2,18,16,0,40637},
{0x039b,17,18,0,18,16,0,40772},
{0x039c,17,18,2,18,21,0,40925},
{0x039d,14,18,2,18,18,0,41078},
{0x039e,12,18,2,18,15,0,41204},
{0x039f,17,18,1,18,19,0,41312},
{0x03a0,14,18,2,18,18,0,41465},
{0x03a1,12,18,2,18,14,0,41591},
{0x03a3,12,18,2,18,15,0,41699},
{0x03a4,16,18,-1,18,15,0,41807},
{0x03a5,16,18,-1,18,15,0,41951},
{0x03a6,17,18,1,18,19,0,42095},
{0x03a7,16,18,0,18,16,0,42248},
{0x03a8,17,18,1,18,19,0,42392},
{0x03a9,18,18,0,18,18,0,42545},
{0x03b1,14,14,1,14,16,0,42707},
{0x03b2,12,24,2,19,15,0,42805},
{0x03b3,14,19,0,14,14,0,42949},
{0x03b4,13,18,1,18,15,0,43082},
{0x03b5,11,14,1,14,13,0,43199},
{0x03b6,11,24,1,19,13,0,43276},
{0x03b7,12,19,2,14,15,0,43408},
{0x03b8,13,19,1,19,15,0,43522},
{0x03b9,7,14,1,14,8,0,43646},
{0x03ba,12,14,2,14,14,0,43695},
{0x03bb,14,19,0,19,14,0,43779},
{0x03bc,13,19,2,14,15,0,43912},
{0x03bd,13,14,0,14,13,0,44036},
{0x03be,12,24,1,19,13,0,44127},
{0x03bf,13,14,1,14,15,0,44271},
{0x03c0,14,14,0,14,14,0,44362},
{0x03c1,12,19,2,14,15,0,44460},
{0x03c2,11,19,1,14,14,0,44574},
{0x03c3,14,14,1,14,15,0,44679},
{0x03c4,13,14,1,14,14,0,44777},
{0x03c5,12,14,1,14,14,0,44868},
{0x03c6,14,19,1,14,16,0,44952},
{0x03c7,14,19,0,14,14,0,45085},
{0x03c8,14,19,1,14,16,0,45218},
{0x03c9,18,14,1,14,20,0,45351},
{0x0400,12,23,2,23,15,0,45477},
{0x0401,12,23,2,23,15,0,45615},
{0x0402,19,23,-1,18,19,0,45753},
{0x0403,12,23,2,23,15,0,45972},
{0x0404,15,18,1,18,17,0,46110},
{0x0405,13,18,1,18,15,0,46245},
{0x0406,3,18,2,18,7,0,46362},
{0x0407,8,23,0,23,7,0,46389},
{0x0408,7,23,-2,18,7,0,46481},
{0x0409,25,18,0,18,26,0,46562},
{0x040a,22,18,2,18,25,0,46787},
{0x040b,19,18,-1,18,19,0,46985},
{0x040c,15,23,2,23,17,0,47156},
{0x040d,14,23,2,23,18,0,47329},
{0x040e,15,23,0,23,15,0,47490},
{0x040f,14,22,2,18,18,0,47663},
{0x0410,17,18,0,18,16,0,47817},
{0x0411,13,18,2,18,16,0,47970},
{0x0412,13,18,2,18,16,0,48087},
{0x0413,12,18,2,18,15,0,48204},
{0x0414,17,22,1,18,19,0,48312},
{0x0415,12,18,2,18,15,0,48499},
{0x0416,26,18,0,18,26,0,48607},
{0x0417,13,18,1,18,15,0,48841},
{0x0418,14,18,2,18,18,0,48958},
{0x0419,14,23,2,23,18,0,49084},
{0x041a,15,18,2,18,17,0,49245},
{0x041b,16,18,0,18,18,0,49380},
{0x041c,17,18,2,18,21,0,49524},
{0x041d,14,18,2,18,18,0,49677},
{0x041e,17,18,1,18,19,0,49803},
{0x041f,14,18,2,18,18,0,49956},
{0x0420,12,18,2,18,14,0,50082},
{0x0421,15,18,1,18,17,0,50190},
{0x0422,16,18,-1,18,15,0,50325},
{0x0423,15,18,0,18,15,0,50469},
{0x0424,19,18,1,18,21,0,50604},
{0x0425,16,18,0,18,16,0,50775},
{0x0426,16,22,2,18,19,0,50919},
{0x0427,13,18,2,18,16,0,51095},
{0x0428,22,18,2,18,26,0,51212},
{0x0429,24,22,2,18,26,0,51410},
{0x042a,19,18,0,18,20,0,51674},
{0x042b,17,18,2,18,21,0,51845},
{0x042c,13,18,2,18,16,0,51998},
{0x042d,15,18,1,18,17,0,52115},
{0x042e,23,18,2,18,26,0,52250},
{0x042f,14,18,1,18,17,0,52457},
{0x0430,12,14,1,14,15,0,52583},
{0x0431,13,21,1,21,15,0,52667},
{0x0432,11,14,2,14,14,0,52804},
{0x0433,10,14,2,14,13,0,52881},
{0x0434,15,18,1,14,17,0,52951},
{0x0435,13,14,1,14,15,0,53086},
{0x0436,21,14,0,14,22,0,53177},
{0x0437,11,14,1,14,13,0,53324},
{0x0438,12,14,2,14,16,0,53401},
{0x0439,12,19,2,19,16,0,53485},
{0x043a,12,14,2,14,15,0,53599},
{0x043b,14,14,0,14,15,0,53683},
{0x043c,14,14,2,14,18,0,53781},
{0x043d,12,14,2,14,16,0,53879},
{0x043e,13,14,1,14,15,0,53963},
{0x043f,12,14,2,14,16,0,54054},
{0x0440,12,19,2,14,15,0,54138},
{0x0441,11,14,1,14,13,0,54252},
{0x0442,14,14,0,14,14,0,54329},
{0x0443,14,19,0,14,14,0,54427},
{0x0444,19,23,1,18,21,0,54560},
{0x0445,14,14,0,14,14,0,54779},
{0x0446,14,18,2,14,16,0,54877},
{0x0447,11,14,1,14,14,0,55003},
{0x0448,18,14,2,14,22,0,55080},
{0x0449,20,18,2,14,23,0,55206},
{0x044a,16,14,0,14,17,0,55386},
{0x044b,15,14,2,14,19,0,55498},
{0x044c,11,14,2,14,14,0,55603},
{0x044d,11,14,1,14,13,0,55680},
{0x044e,17,14,2,14,20,0,55757},
{0x044f,12,14,1,14,14,0,55876},
{0x0450,13,21,1,21,15,0,55960},
{0x0451,13,20,1,20,15,0,56097},
{0x0452,14,25,0,19,15,0,56227},
{0x0453,10,20,2,20,13,0,56402},
{0x0454,11,14,1,14,13,0,56502},
{0x0455,11,14,1,14,13,0,56579},
{0x0456,3,19,2,19,7,0,56656},
{0x0457,8,19,-1,19,7,0,56685},
{0x0458,6,24,-1,19,7,0,56761},
{0x0459,21,14,0,14,22,0,56833},
{0x045a,19,14,2,14,22,0,56980},
{0x045b,14,19,0,19,16,0,57113},
{0x045c,12,20,2,20,15,0,57246},
{0x045d,12,20,2,20,16,0,57366},
{0x045e,14,24,0,19,14,0,57486},
{0x045f,12,18,2,14,16,0,57654},
{0x2010,7,2,1,8,9,0,57762},
{0x2011,7,2,1,8,9,0,57769},
{0x2012,14,2,1,8,15,0,57776},
{0x2013,10,2,1,8,12,0,57790},
{0x2014,22,2,1,8,24,0,57800},
{0x2015,24,2,0,8,24,0,57822},
{0x2018,4,7,2,18,8,0,57846},
{0x2019,4,6,2,18,8,0,57860},
{0x201a,4,6,2,3,8,0,57872},
{0x201b,4,6,2,18,8,0,57884},
{0x201c,9,7,2,18,12,0,57896},
{0x201d,9,7,2,18,12,0,57928},
{0x201e,9,6,2,3,12,0,57960},
{0x201f,9,7,2,18,12,0,57987},
{0x2020,12,21,0,18,12,0,58019},
{0x2021,12,21,0,18,12,0,58145},
{0x2022,8,8,3,14,14,0,58271},
{0x2026,20,4,2,4,24,0,58303},
{0x2030,30,18,1,18,32,0,58343},
{0x2039,7,12,1,13,10,0,58613},
{0x203a,6,12,2,13,10,0,58655},
{0x20ac,14,18,0,18,15,0,58691},
{0x2116,24,18,0,18,25,0,58817},
{0x2122,16,8,3,18,24,0,59033},
{0x2190,18,11,1,13,20,0,59097},
{0x2191,12,18,4,18,20,0,59196},
{0x2192,18,11,1,13,20,0,59304},
{0x2193,12,19,4,18,20,0,59403},
{0x2212,16,3,2,9,20,0,59517},
{0x25b2,19,19,0,16,18,0,59541},
{0x25b6,19,19,0,16,18,0,59722},
{0x25bc,19,19,0,16,18,0,59903},
{0x25c0,19,19,0,16,18,0,60084},
{0x25cf,19,19,1,16,21,0,60265},
{0x2713,14,13,3,15,20,0,60446},
{0x2715,15,15,3,16,20,0,60537},
{0xfffd,25,25,0,22,25,0,60650},
};

const font_t font_sans_24 = {
    .px = 24, .line_h = 29, .ascent = 23, .descent = 6,
    .count = 509, .glyphs = s_glyphs, .bitmap = s_bits,
};
