/* Generated by tools/fontgen.c from DejaVuSans.ttf at 14px - do not edit.
 * DejaVu fonts: Bitstream Vera license (see tools/LICENSE). */
#include "font.h"

static const uint8_t s_bits[21728] = {
0xd8,0xd8,0xd8,0xd8,0xd7,0xd7,0xc6,0x10,0xa6,0xd8,0xa8,0x1f,0x1a,0x81,0xf1,0xa8,0x1f,0x18,0x71,0xd1,
0x00,0x01,0xf0,0x0e,0x20,0x00,0x05,0xc0,0x3d,0x00,0x00,0x08,0x80,0x7a,0x00,0x2e,0xef,0xee,0xff,0xe9,
0x02,0x3f,0x32,0xe4,0x21,0x00,0x5b,0x04,0xd0,0x00,0xde,0xff,0xee,0xfe,0xc0,0x22,0xd5,0x2c,0x62,0x20,
0x02,0xe0,0x1f,0x10,0x00,0x05,0xb0,0x4d,0x00,0x00,0x00,0x0a,0x00,0x00,0x00,0xa0,0x00,0x19,0xdf,0xeb,
0x19,0xc2,0xa1,0x51,0xc7,0x0a,0x00,0x08,0xe6,0xb0,0x00,0x06,0xcf,0xe8,0x00,0x00,0xb4,0xe8,0x00,0x0a,
0x09,0xb9,0x41,0xa3,0xd7,0x6c,0xef,0xe9,0x00,0x00,0xa0,0x00,0x00,0x0a,0x00,0x00,0x05,0xdd,0x80,0x00,
0x1d,0x20,0x01,0xe2,0x1d,0x40,0x0a,0x60,0x00,0x3d,0x00,0xa7,0x05,0xc0,0x00,0x01,0xe3,0x1d,0x41,0xd3,
0x00,0x00,0x05,0xcd,0x70,0x98,0x3c,0xd7,0x00,0x00,0x00,0x3d,0x1d,0x51,0xd3,0x00,0x00,0x0c,0x42,0xe0,
0x09,0x70,0x00,0x07,0x90,0x2e,0x00,0x97,0x00,0x02,0xd1,0x00,0xd4,0x1d,0x40,0x00,0xc5,0x00,0x04,0xdd,
0x80,0x00,0x2b,0xee,0xa1,0x00,0x00,0x0c,0xb3,0x37,0x10,0x00,0x00,0xd6,0x00,0x00,0x00,0x00,0x07,0xd1,
0x00,0x00,0x00,0x03,0xea,0xd2,0x00,0x38,0x00,0xc8,0x08,0xd2,0x07,0xc0,0x1f,0x40,0x09,0xd2,0xc7,0x01,
0xf6,0x00,0x09,0xed,0x10,0x09,0xe4,0x01,0x7f,0xe2,0x00,0x06,0xce,0xda,0x3a,0xd2,0xa8,0xa8,0xa8,0x87,
0x01,0xe2,0x09,0x90,0x1e,0x30,0x6d,0x00,0x9a,0x00,0xb9,0x00,0xc8,0x00,0xa9,0x00,0x8c,0x00,0x3f,0x10,
0x0c,0x60,0x05,0xc0,0x00,0x72,0x97,0x00,0x2e,0x10,0x0b,0x70,0x07,0xc0,0x04,0xf1,0x02,0xf3,0x01,0xf4,
0x03,0xf2,0x05,0xe0,0x09,0xa0,0x0e,0x40,0x6c,0x00,0x63,0x00,0x00,0x0c,0x00,0x04,0x50,0xc0,0x54,0x18,
0xad,0xb8,0x10,0x19,0xf9,0x10,0x4c,0x4c,0x4c,0x41,0x00,0xc0,0x01,0x00,0x06,0x00,0x00,0x00,0x00,0xa6,
0x00,0x00,0x00,0x00,0xb7,0x00,0x00,0x00,0x00,0xb7,0x00,0x00,0x00,0x00,0xb7,0x00,0x00,0x8f,0xff,0xff,
0xff,0xf4,0x13,0x33,0xb8,0x33,0x31,0x00,0x00,0xb7,0x00,0x00,0x00,0x00,0xb7,0x00,0x00,0x00,0x00,0xb7,
0x00,0x00,0x26,0x05,0xf1,0x8b,0x0c,0x30,0x5f,0xff,0x61,0x22,0x21,0x6b,0x8e,0x00,0x09,0x80,0x00,0xd4,
0x00,0x3e,0x00,0x08,0xa0,0x00,0xd5,0x00,0x2f,0x10,0x07,0xb0,0x00,0xb6,0x00,0x1f,0x10,0x06,0xc0,0x00,
0xa7,0x00,0x07,0x20,0x00,0x00,0x6d,0xfc,0x50,0x04,0xf7,0x38,0xf3,0x0b,0xb0,0x00,0xca,0x0e,0x70,0x00,
0x8d,0x1f,0x50,0x00,0x7e,0x1f,0x50,0x00,0x7e,0x0e,0x70,0x00,0x8d,0x0b,0xb0,0x00,0xca,0x04,0xf7,0x38,
0xf3,0x00,0x6d,0xfc,0x50,0x4b,0xef,0x50,0x05,0x85,0xf5,0x00,0x00,0x0f,0x50,0x00,0x00,0xf5,0x00,0x00,
0x0f,0x50,0x00,0x00,0xf5,0x00,0x00,0x0f,0x50,0x00,0x00,0xf5,0x00,0x13,0x3f,0x73,0x24,0xff,0xff,0xf9,
0x6c,0xee,0xb3,0x0c,0x74,0x4b,0xe2,0x00,0x00,0x1f,0x60,0x00,0x01,0xf5,0x00,0x00,0xad,0x00,0x00,0x8e,
0x20,0x00,0x8d,0x20,0x00,0x9d,0x20,0x00,0x9e,0x53,0x33,0x1f,0xff,0xff,0xf8,0x6c,0xee,0xc5,0x05,0x64,
0x48,0xf4,0x00,0x00,0x0d,0x70,0x00,0x05,0xf4,0x03,0xff,0xe5,0x00,0x03,0x38,0xe3,0x00,0x00,0x0b,0xa0,
0x00,0x00,0xbb,0x95,0x34,0x9f,0x59,0xdf,0xeb,0x50,0x00,0x00,0x7f,0xa0,0x00,0x00,0x3d,0xca,0x00,0x00,
0x1d,0x5b,0xa0,0x00,0x09,0x90,0xba,0x00,0x05,0xd1,0x0b,0xa0,0x02,0xe3,0x00,0xba,0x00,0x5f,0xff,0xff,
0xff,0x21,0x33,0x33,0xbb,0x30,0x00,0x00,0x0b,0xa0,0x00,0x00,0x00,0xba,0x00,0x7f,0xff,0xfe,0x07,0xc3,
0x33,0x30,0x7c,0x00,0x00,0x07,0xee,0xea,0x30,0x46,0x34,0xbe,0x20,0x00,0x01,0xe8,0x00,0x00,0x0b,0xa0,
0x00,0x01,0xe8,0x95,0x35,0xbe,0x29,0xdf,0xea,0x30,0x00,0x2a,0xee,0xc3,0x00,0x1d,0xb5,0x35,0x30,0x08,
0xd0,0x00,0x00,0x00,0xd9,0xae,0xc6,0x00,0x0f,0xf8,0x36,0xe7,0x00,0xfc,0x00,0x08,0xd0,0x0d,0xa0,0x00,
0x6f,0x00,0xac,0x00,0x08,0xd0,0x03,0xf8,0x25,0xe7,0x00,0x05,0xcf,0xd7,0x00,0xdf,0xff,0xff,0xa2,0x33,
0x34,0xf5,0x00,0x00,0x7e,0x00,0x00,0x0d,0x90,0x00,0x04,0xf3,0x00,0x00,0xac,0x00,0x00,0x1f,0x60,0x00,
0x07,0xe1,0x00,0x00,0xd9,0x00,0x00,0x4f,0x30,0x00,0x00,0x8d,0xfd,0x70,0x08,0xe5,0x25,0xe7,0x0c,0x90,
0x00,0xba,0x08,0xd2,0x03,0xe6,0x00,0x9f,0xff,0x70,0x06,0xe5,0x36,0xe6,0x0e,0x70,0x00,0x8d,0x0e,0x70,
0x00,0x8d,0x0a,0xe5,0x25,0xe8,0x01,0x9d,0xfd,0x80,0x01,0x8d,0xfc,0x40,0x0a,0xd4,0x28,0xe2,0x1f,0x60,
0x00,0xc8,0x1f,0x50,0x00,0xcc,0x0c,0xc2,0x05,0xfd,0x02,0xbf,0xfc,0xad,0x00,0x01,0x20,0xbb,0x00,0x00,
0x02,0xf7,0x05,0x63,0x5d,0xc0,0x05,0xdf,0xe9,0x10,0x5f,0x14,0xc1,0x00,0x00,0x00,0x00,0x04,0xc1,0x5f,
0x10,0x5f,0x14,0xc1,0x00,0x00,0x00,0x00,0x02,0x60,0x5f,0x18,0xb0,0xc3,0x00,0x00,0x00,0x00,0x00,0x11,
0x00,0x00,0x00,0x4a,0xe4,0x00,0x03,0x8e,0xe9,0x40,0x17,0xcf,0xa5,0x00,0x00,0x8f,0xb2,0x00,0x00,0x00,
0x27,0xde,0xa4,0x00,0x00,0x00,0x03,0x9e,0xe8,0x30,0x00,0x00,0x00,0x5b,0xf4,0x00,0x00,0x00,0x00,0x11,
0x8f,0xff,0xff,0xff,0xf4,0x13,0x33,0x33,0x33,0x31,0x00,0x00,0x00,0x00,0x00,0x8f,0xff,0xff,0xff,0xf4,
0x13,0x33,0x33,0x33,0x31,0x20,0x00,0x00,0x00,0x00,0x8e,0x83,0x00,0x00,0x00,0x05,0xbf,0xc7,0x10,0x00,
0x00,0x01,0x6c,0xfb,0x50,0x00,0x00,0x00,0x4d,0xf4,0x00,0x01,0x6b,0xfb,0x61,0x04,0xae,0xd7,0x20,0x00,
0x8e,0x93,0x00,0x00,0x00,0x20,0x00,0x00,0x00,0x00,0x7c,0xed,0x70,0xb5,0x37,0xf4,0x00,0x00,0xf6,0x00,
0x08,0xe1,0x00,0x8e,0x30,0x02,0xf3,0x00,0x04,0xf0,0x00,0x01,0x40,0x00,0x04,0xc1,0x00,0x05,0xf1,0x00,
0x00,0x00,0x6b,0xee,0xc7,0x10,0x00,0x00,0x1b,0xc5,0x21,0x39,0xd2,0x00,0x00,0xb8,0x00,0x00,0x00,0x5d,
0x10,0x06,0xb0,0x00,0x00,0x00,0x09,0x70,0x0b,0x40,0x19,0xed,0x6e,0x03,0xd0,0x0e,0x00,0x8b,0x22,0xbe,
0x00,0xf0,0x1e,0x00,0xc4,0x00,0x4e,0x01,0xe0,0x0e,0x00,0xc4,0x00,0x4e,0x05,0xb0,0x0c,0x40,0x8b,0x21,
0xbe,0x4d,0x30,0x06,0xb0,0x19,0xed,0x7e,0xb3,0x00,0x00,0xc8,0x00,0x00,0x00,0x00,0x00,0x00,0x1c,0xb4,
0x10,0x3a,0xb0,0x00,0x00,0x00,0x6c,0xef,0xc7,0x10,0x00,0x00,0x03,0xfc,0x00,0x00,0x00,0x09,0x9e,0x20,
0x00,0x00,0x1e,0x39,0x80,0x00,0x00,0x5c,0x04,0xe0,0x00,0x00,0xb7,0x00,0xd5,0x00,0x02,0xf2,0x00,0x8b,
0x00,0x08,0xff,0xff,0xff,0x20,0x0e,0x73,0x33,0x3c,0x70,0x5f,0x10,0x00,0x07,0xd0,0xab,0x00,0x00,0x02,
0xf4,0x9f,0xff,0xeb,0x30,0x9c,0x22,0x4b,0xe0,0x9b,0x00,0x04,0xf2,0x9b,0x00,0x19,0xd0,0x9f,0xff,0xfe,
0x30,0x9c,0x22,0x39,0xe2,0x9b,0x00,0x00,0xe8,0x9b,0x00,0x00,0xe8,0x9c,0x22,0x39,0xf4,0x9f,0xff,0xec,
0x50,0x00,0x18,0xdf,0xdb,0x50,0x02,0xdd,0x63,0x37,0xe0,0x0a,0xe1,0x00,0x00,0x10,0x1f,0x70,0x00,0x00,
0x00,0x3f,0x50,0x00,0x00,0x00,0x3f,0x50,0x00,0x00,0x00,0x1f,0x70,0x00,0x00,0x00,0x0a,0xe1,0x00,0x00,
0x10,0x02,0xdd,0x63,0x37,0xe0,0x00,0x18,0xdf,0xdb,0x40,0x9f,0xff,0xeb,0x60,0x09,0xc2,0x24,0x7e,0xb0,
0x9b,0x00,0x00,0x3f,0x79,0xb0,0x00,0x00,0xbc,0x9b,0x00,0x00,0x08,0xe9,0xb0,0x00,0x00,0x8e,0x9b,0x00,
0x00,0x0b,0xc9,0xb0,0x00,0x03,0xf7,0x9c,0x22,0x47,0xeb,0x09,0xff,0xfe,0xb6,0x00,0x9f,0xff,0xff,0xc9,
0xc3,0x33,0x32,0x9b,0x00,0x00,0x09,0xb0,0x00,0x00,0x9f,0xff,0xff,0x99,0xc3,0x33,0x32,0x9b,0x00,0x00,
0x09,0xb0,0x00,0x00,0x9c,0x33,0x33,0x39,0xff,0xff,0xfe,0x9f,0xff,0xff,0x49,0xc3,0x33,0x31,0x9b,0x00,
0x00,0x09,0xb0,0x00,0x00,0x9f,0xff,0xfc,0x09,0xc3,0x33,0x20,0x9b,0x00,0x00,0x09,0xb0,0x00,0x00,0x9b,
0x00,0x00,0x09,0xb0,0x00,0x00,0x00,0x18,0xdf,0xec,0x61,0x02,0xdd,0x63,0x36,0xb6,0x0a,0xe1,0x00,0x00,
0x00,0x1f,0x70,0x00,0x00,0x00,0x3f,0x50,0x00,0xef,0xfa,0x3f,0x50,0x00,0x23,0xbb,0x1f,0x70,0x00,0x00,
0xab,0x0a,0xe1,0x00,0x00,0xab,0x02,0xdd,0x63,0x36,0xda,0x00,0x18,0xdf,0xec,0x71,0x9b,0x00,0x00,0x4f,
0x29,0xb0,0x00,0x04,0xf2,0x9b,0x00,0x00,0x4f,0x29,0xb0,0x00,0x04,0xf2,0x9f,0xff,0xff,0xff,0x29,0xc3,
0x33,0x36,0xf2,0x9b,0x00,0x00,0x4f,0x29,0xb0,0x00,0x04,0xf2,0x9b,0x00,0x00,0x4f,0x29,0xb0,0x00,0x04,
0xf2,0x9b,0x9b,0x9b,0x9b,0x9b,0x9b,0x9b,0x9b,0x9b,0x9b,0x00,0x9b,0x00,0x9b,0x00,0x9b,0x00,0x9b,0x00,
0x9b,0x00,0x9b,0x00,0x9b,0x00,0x9b,0x00,0x9b,0x00,0xab,0x00,0xba,0x26,0xf6,0xbd,0x80,0x9b,0x00,0x04,
0xe8,0x09,0xb0,0x05,0xf7,0x00,0x9b,0x06,0xf6,0x00,0x09,0xb7,0xf5,0x00,0x00,0x9f,0xf5,0x00,0x00,0x09,
0xcd,0xc1,0x00,0x00,0x9b,0x1c,0xc1,0x00,0x09,0xb0,0x1c,0xd1,0x00,0x9b,0x00,0x1c,0xd1,0x09,0xb0,0x00,
0x1c,0xd2,0x9b,0x00,0x00,0x09,0xb0,0x00,0x00,0x9b,0x00,0x00,0x09,0xb0,0x00,0x00,0x9b,0x00,0x00,0x09,
0xb0,0x00,0x00,0x9b,0x00,0x00,0x09,0xb0,0x00,0x00,0x9c,0x33,0x33,0x29,0xff,0xff,0xfb,0x9f,0x90,0x00,
0x08,0xfb,0x9d,0xe1,0x00,0x0e,0xdb,0x9b,0xc6,0x00,0x5d,0xab,0x9b,0x6c,0x00,0xa7,0xab,0x9b,0x1e,0x21,
0xf2,0xab,0x9b,0x0a,0x87,0xb0,0xab,0x9b,0x04,0xdd,0x50,0xab,0x9b,0x00,0xde,0x00,0xab,0x9b,0x00,0x11,
0x00,0xab,0x9b,0x00,0x00,0x00,0xab,0x9f,0x80,0x00,0x4f,0x19,0xfe,0x10,0x04,0xf1,0x9b,0xc9,0x00,0x4f,
0x19,0xb4,0xf2,0x04,0xf1,0x9b,0x0b,0xa0,0x4f,0x19,0xb0,0x3f,0x34,0xf1,0x9b,0x00,0xab,0x4f,0x19,0xb0,
0x02,0xf8,0xf1,0x9b,0x00,0x09,0xff,0x19,0xb0,0x00,0x1e,0xf1,0x00,0x29,0xdf,0xd9,0x20,0x00,0x2e,0xc5,
0x24,0xce,0x20,0x0a,0xe1,0x00,0x01,0xda,0x01,0xf7,0x00,0x00,0x07,0xf1,0x3f,0x50,0x00,0x00,0x4f,0x33,
0xf5,0x00,0x00,0x04,0xf3,0x1f,0x70,0x00,0x00,0x7f,0x10,0xae,0x10,0x00,0x1d,0xa0,0x02,0xec,0x52,0x4c,
0xe2,0x00,0x02,0x9d,0xfe,0x92,0x00,0x9f,0xff,0xd8,0x09,0xc2,0x36,0xf8,0x9b,0x00,0x09,0xd9,0xb0,0x00,
0x8e,0x9b,0x00,0x3e,0xa9,0xff,0xff,0xb1,0x9c,0x32,0x10,0x09,0xb0,0x00,0x00,0x9b,0x00,0x00,0x09,0xb0,
0x00,0x00,0x00,0x29,0xdf,0xd9,0x20,0x00,0x2e,0xc5,0x24,0xce,0x20,0x0a,0xe1,0x00,0x01,0xea,0x01,0xf7,
0x00,0x00,0x07,0xf1,0x3f,0x50,0x00,0x00,0x4f,0x33,0xf5,0x00,0x00,0x04,0xf3,0x1f,0x70,0x00,0x00,0x7f,
0x10,0xae,0x10,0x00,0x1d,0xa0,0x02,0xec,0x42,0x4c,0xd1,0x00,0x02,0x9d,0xff,0xc1,0x00,0x00,0x00,0x00,
0x6f,0x50,0x00,0x00,0x00,0x00,0x57,0x10,0x9f,0xff,0xd9,0x10,0x09,0xc2,0x35,0xe9,0x00,0x9b,0x00,0x08,
0xd0,0x09,0xb0,0x02,0xcd,0x00,0x9f,0xff,0xff,0x60,0x09,0xc3,0x39,0xa0,0x00,0x9b,0x00,0x0c,0x70,0x09,
0xb0,0x00,0x4e,0x10,0x9b,0x00,0x00,0xc8,0x09,0xb0,0x00,0x06,0xf2,0x01,0x9d,0xfe,0xb4,0x00,0xbd,0x53,
0x47,0x60,0x0f,0x60,0x00,0x00,0x00,0xea,0x10,0x00,0x00,0x04,0xef,0xb8,0x30,0x00,0x00,0x47,0xbf,0x70,
0x00,0x00,0x00,0x8f,0x00,0x00,0x00,0x06,0xf1,0x0c,0x64,0x36,0xeb,0x00,0x8c,0xef,0xd8,0x10,0x1f,0xff,
0xff,0xff,0xf9,0x03,0x33,0x8f,0x33,0x32,0x00,0x00,0x6f,0x00,0x00,0x00,0x00,0x6f,0x00,0x00,0x00,0x00,
0x6f,0x00,0x00,0x00,0x00,0x6f,0x00,0x00,0x00,0x00,0x6f,0x00,0x00,0x00,0x00,0x6f,0x00,0x00,0x00,0x00,
0x6f,0x00,0x00,0x00,0x00,0x6f,0x00,0x00,0xc9,0x00,0x00,0x5f,0x0c,0x90,0x00,0x05,0xf0,0xc9,0x00,0x00,
0x5f,0x0c,0x90,0x00,0x05,0xf0,0xc9,0x00,0x00,0x5f,0x0c,0x90,0x00,0x05,0xf0,0xba,0x00,0x00,0x6f,0x09,
0xd0,0x00,0x0a,0xc0,0x2f,0xa3,0x37,0xf5,0x00,0x3b,0xee,0xc5,0x00,0xbb,0x00,0x00,0x02,0xf4,0x5f,0x20,
0x00,0x08,0xd0,0x0e,0x80,0x00,0x0e,0x70,0x08,0xd0,0x00,0x5f,0x20,0x02,0xf4,0x00,0xbb,0x00,0x00,0xba,
0x02,0xf5,0x00,0x00,0x5f,0x17,0xe0,0x00,0x00,0x1e,0x6d,0x80,0x00,0x00,0x09,0xef,0x20,0x00,0x00,0x03,
0xfc,0x00,0x00,0x6e,0x00,0x00,0xec,0x00,0x02,0xf4,0x2f,0x40,0x04,0xef,0x10,0x06,0xf0,0x0d,0x70,0x07,
0xac,0x50,0x0a,0xb0,0x0a,0xb0,0x0b,0x68,0x90,0x0e,0x70,0x06,0xf0,0x0f,0x24,0xd0,0x2f,0x40,0x02,0xf4,
0x4d,0x01,0xf1,0x6e,0x00,0x00,0xd8,0x8a,0x00,0xc5,0xab,0x00,0x00,0x9b,0xb6,0x00,0x89,0xe7,0x00,0x00,
0x6f,0xf2,0x00,0x4e,0xf3,0x00,0x00,0x2f,0xd0,0x00,0x1f,0xe0,0x00,0x0c,0xa0,0x00,0x1d,0x90,0x02,0xe6,
0x00,0x9d,0x10,0x00,0x6e,0x24,0xf4,0x00,0x00,0x0b,0xbd,0x80,0x00,0x00,0x02,0xfd,0x00,0x00,0x00,0x08,
0xef,0x20,0x00,0x00,0x3f,0x4a,0xc0,0x00,0x00,0xd9,0x01,0xe7,0x00,0x08,0xd1,0x00,0x5f,0x30,0x4f,0x40,
0x00,0x0a,0xc0,0x0a,0xc0,0x00,0x04,0xf4,0x01,0xe7,0x00,0x1d,0x80,0x00,0x5f,0x30,0x9c,0x00,0x00,0x09,
0xc5,0xf3,0x00,0x00,0x01,0xdf,0x70,0x00,0x00,0x00,0x7f,0x00,0x00,0x00,0x00,0x6f,0x00,0x00,0x00,0x00,
0x6f,0x00,0x00,0x00,0x00,0x6f,0x00,0x00,0x00,0x00,0x6f,0x00,0x00,0x3f,0xff,0xff,0xff,0xc1,0x33,0x33,
0x36,0xf7,0x00,0x00,0x02,0xe9,0x00,0x00,0x01,0xcb,0x00,0x00,0x00,0xad,0x10,0x00,0x00,0x8e,0x30,0x00,
0x00,0x5f,0x40,0x00,0x00,0x3f,0x70,0x00,0x00,0x2e,0xb3,0x33,0x33,0x36,0xff,0xff,0xff,0xff,0xcf,0xf2,
0xc7,0x00,0xc7,0x00,0xc7,0x00,0xc7,0x00,0xc7,0x00,0xc7,0x00,0xc7,0x00,0xc7,0x00,0xc7,0x00,0xc7,0x00,
0xc7,0x00,0xcf,0xf2,0xd5,0x00,0x08,0x90,0x00,0x3e,0x00,0x00,0xe4,0x00,0x09,0x80,0x00,0x4d,0x00,0x00,
0xe3,0x00,0x0a,0x70,0x00,0x6c,0x00,0x01,0xf2,0x00,0x0b,0x60,0x00,0x45,0xaf,0xf4,0x00,0xf4,0x00,0xf4,
0x00,0xf4,0x00,0xf4,0x00,0xf4,0x00,0xf4,0x00,0xf4,0x00,0xf4,0x00,0xf4,0x00,0xf4,0x00,0xf4,0x9f,0xf4,
0x00,0x04,0xfd,0x20,0x00,0x00,0x3e,0x8b,0xd1,0x00,0x03,0xe7,0x00,0xac,0x10,0x2e,0x60,0x00,0x0a,0xb0,
0x2f,0xff,0xff,0xff,0x20,0x55,0x00,0x1d,0x40,0x02,0xd2,0x05,0xce,0xea,0x20,0x05,0x52,0x3a,0xc0,0x00,
0x00,0x01,0xf3,0x03,0xae,0xff,0xf4,0x0d,0x92,0x00,0xf5,0x2f,0x20,0x03,0xf5,0x0e,0x70,0x1b,0xf5,0x04,
0xdd,0xd5,0xe5,0xb8,0x00,0x00,0x00,0xb8,0x00,0x00,0x00,0xb8,0x00,0x00,0x00,0xb8,0x9e,0xe8,0x00,0xbe,
0x82,0x5e,0x70,0xbc,0x00,0x07,0xd0,0xb9,0x00,0x04,0xf1,0xb9,0x00,0x04,0xf1,0xbc,0x00,0x07,0xd0,0xbe,
0x82,0x5e,0x70,0xb8,0x9e,0xe8,0x00,0x00,0x7d,0xfd,0x80,0x8e,0x62,0x36,0x1e,0x60,0x00,0x03,0xf2,0x00,
0x00,0x3f,0x20,0x00,0x01,0xe6,0x00,0x00,0x08,0xe6,0x23,0x60,0x07,0xdf,0xd8,0x00,0x00,0x00,0xa9,0x00,
0x00,0x00,0xa9,0x00,0x00,0x00,0xa9,0x00,0x9e,0xe8,0xa9,0x08,0xe4,0x2a,0xe9,0x1f,0x60,0x00,0xe9,0x3f,
0x20,0x00,0xb9,0x3f,0x20,0x00,0xa9,0x1f,0x40,0x00,0xd9,0x08,0xc1,0x07,0xf9,0x01,0x9e,0xd9,0xa9,0x00,
0x7d,0xfd,0x60,0x08,0xd4,0x25,0xe5,0x1e,0x40,0x00,0x7b,0x3f,0xff,0xff,0xfd,0x3f,0x30,0x00,0x00,0x1e,
0x70,0x00,0x00,0x08,0xe6,0x23,0x66,0x00,0x6d,0xfe,0xb4,0x00,0x9e,0xf3,0x05,0xe2,0x10,0x07,0xc0,0x00,
0xaf,0xff,0xd0,0x07,0xc0,0x00,0x07,0xc0,0x00,0x07,0xc0,0x00,0x07,0xc0,0x00,0x07,0xc0,0x00,0x07,0xc0,
0x00,0x07,0xc0,0x00,0x01,0x9e,0xe8,0xa9,0x09,0xd4,0x29,0xe9,0x1f,0x50,0x00,0xd9,0x3f,0x20,0x00,0xb9,
0x3f,0x20,0x00,0xb9,0x1f,0x50,0x00,0xd9,0x09,0xd4,0x29,0xe9,0x01,0x9e,0xe8,0xa9,0x00,0x00,0x00,0xd7,
0x03,0x52,0x29,0xe2,0x03,0xce,0xeb,0x30,0xb8,0x00,0x00,0x0b,0x80,0x00,0x00,0xb8,0x00,0x00,0x0b,0x88,
0xee,0x80,0xbe,0x83,0x5f,0x5b,0xb0,0x00,0xa9,0xb8,0x00,0x09,0xab,0x80,0x00,0x9a,0xb8,0x00,0x09,0xab,
0x80,0x00,0x9a,0xb8,0x00,0x09,0xa0,0xa9,0x65,0x00,0xa9,0xa9,0xa9,0xa9,0xa9,0xa9,0xa9,0xa9,0x00,0xa9,
0x00,0x65,0x00,0x00,0x00,0xa9,0x00,0xa9,0x00,0xa9,0x00,0xa9,0x00,0xa9,0x00,0xa9,0x00,0xa9,0x00,0xa9,
0x00,0xb8,0x03,0xe5,0x4e,0xa0,0xb8,0x00,0x00,0x00,0xb8,0x00,0x00,0x00,0xb8,0x00,0x00,0x00,0xb8,0x00,
0x4e,0x50,0xb8,0x05,0xe4,0x00,0xb8,0x7e,0x40,0x00,0xbd,0xf3,0x00,0x00,0xba,0xe9,0x00,0x00,0xb8,0x2e,
0x80,0x00,0xb8,0x02,0xe8,0x00,0xb8,0x00,0x2e,0x80,0xa9,0xa9,0xa9,0xa9,0xa9,0xa9,0xa9,0xa9,0xa9,0xa9,
0xa9,0xb8,0x9e,0xe6,0x09,0xed,0x60,0xbe,0x83,0x7f,0xb7,0x37,0xf2,0xbb,0x00,0x0d,0xb0,0x00,0xe5,0xb8,
0x00,0x0c,0x80,0x00,0xc7,0xb8,0x00,0x0c,0x80,0x00,0xc7,0xb8,0x00,0x0c,0x80,0x00,0xc7,0xb8,0x00,0x0c,
0x80,0x00,0xc7,0xb8,0x00,0x0c,0x80,0x00,0xc7,0xb8,0x9e,0xe8,0x0b,0xf5,0x03,0xe5,0xbb,0x00,0x0a,0x9b,
0x80,0x00,0x9a,0xb8,0x00,0x09,0xab,0x80,0x00,0x9a,0xb8,0x00,0x09,0xab,0x80,0x00,0x9a,0x00,0x8e,0xfc,
0x40,0x08,0xe5,0x29,0xf2,0x0f,0x60,0x00,0xc8,0x2f,0x20,0x00,0x9b,0x2f,0x20,0x00,0x9b,0x0f,0x60,0x00,
0xc8,0x08,0xe5,0x29,0xf2,0x00,0x8e,0xfc,0x40,0xb9,0xae,0xe8,0x00,0xbf,0x50,0x2d,0x70,0xbb,0x00,0x06,
0xd0,0xb9,0x00,0x04,0xf1,0xb9,0x00,0x04,0xf1,0xbc,0x00,0x07,0xd0,0xbe,0x82,0x5e,0x70,0xb8,0x9e,0xe8,
0x00,0xb8,0x00,0x00,0x00,0xb8,0x00,0x00,0x00,0xb8,0x00,0x00,0x00,0x00,0x9e,0xe8,0xa9,0x08,0xd4,0x29,
0xe9,0x1f,0x50,0x00,0xe9,0x3f,0x20,0x00,0xb9,0x3f,0x20,0x00,0xb9,0x1f,0x50,0x00,0xe9,0x08,0xd4,0x29,
0xe9,0x01,0x9e,0xe8,0xa9,0x00,0x00,0x00,0xa9,0x00,0x00,0x00,0xa9,0x00,0x00,0x00,0xa9,0x00,0x00,0x0b,
0x99,0xeb,0xbf,0x60,0x1b,0xb0,0x00,0xb8,0x00,0x0b,0x80,0x00,0xb8,0x00,0x0b,0x80,0x00,0xb8,0x00,0x00,
0x04,0xce,0xec,0x21,0xe7,0x22,0x52,0x2f,0x20,0x00,0x00,0xae,0xa6,0x10,0x00,0x37,0xce,0x30,0x00,0x00,
0xc8,0x37,0x32,0x4e,0x62,0xbe,0xfd,0x70,0x0b,0x80,0x00,0x0b,0x80,0x00,0x9f,0xff,0xf2,0x0b,0x80,0x00,
0x0b,0x80,0x00,0x0b,0x80,0x00,0x0b,0x80,0x00,0x0a,0x90,0x00,0x08,0xc2,0x10,0x02,0xbe,0xf2,0xc7,0x00,
0x0a,0x9c,0x70,0x00,0xa9,0xc7,0x00,0x0a,0x9c,0x70,0x00,0xa9,0xc7,0x00,0x0a,0x9b,0x80,0x00,0xc9,0x7d,
0x10,0x6f,0x90,0x9e,0xd8,0xa9,0x6e,0x00,0x00,0xaa,0x1f,0x40,0x01,0xe5,0x0a,0xa0,0x05,0xe0,0x05,0xe1,
0x0b,0x90,0x00,0xe5,0x1f,0x40,0x00,0x9b,0x6d,0x00,0x00,0x4f,0xd8,0x00,0x00,0x0d,0xf3,0x00,0x4e,0x00,
0x2f,0x90,0x08,0xb1,0xf3,0x06,0xed,0x00,0xc7,0x0c,0x70,0xa7,0xf1,0x1f,0x30,0x8b,0x0d,0x3b,0x54,0xe0,
0x04,0xe2,0xe0,0x89,0x8b,0x00,0x1f,0x9b,0x04,0xdc,0x70,0x00,0xcf,0x70,0x0f,0xf3,0x00,0x08,0xf3,0x00,
0xbe,0x00,0x1e,0x70,0x03,0xf5,0x04,0xf3,0x1d,0x90,0x00,0x8d,0x9d,0x10,0x00,0x0d,0xf3,0x00,0x00,0x2e,
0xf5,0x00,0x00,0xca,0x7e,0x20,0x08,0xd1,0x0b,0xb0,0x4f,0x40,0x01,0xe7,0x6e,0x00,0x00,0xaa,0x1e,0x50,
0x01,0xf4,0x09,0xb0,0x06,0xd0,0x03,0xf1,0x0c,0x80,0x00,0xc7,0x3f,0x20,0x00,0x6d,0x9b,0x00,0x00,0x1e,
0xf5,0x00,0x00,0x0a,0xe0,0x00,0x00,0x0b,0x90,0x00,0x01,0x5f,0x20,0x00,0x0d,0xe7,0x00,0x00,0x4f,0xff,
0xff,0xb0,0x00,0x02,0xe7,0x00,0x01,0xca,0x00,0x00,0xac,0x10,0x00,0x8e,0x20,0x00,0x5f,0x40,0x00,0x2e,
0x60,0x00,0x06,0xff,0xff,0xfb,0x00,0x07,0xdf,0x20,0x01,0xf6,0x00,0x00,0x2f,0x20,0x00,0x02,0xf2,0x00,
0x00,0x2f,0x20,0x00,0x18,0xe0,0x00,0x4f,0xf5,0x00,0x00,0x18,0xe0,0x00,0x00,0x2f,0x20,0x00,0x02,0xf2,
0x00,0x00,0x2f,0x20,0x00,0x00,0xf6,0x00,0x00,0x06,0xdf,0x20,0x3e,0x3e,0x3e,0x3e,0x3e,0x3e,0x3e,0x3e,
0x3e,0x3e,0x3e,0x3e,0x3e,0x3e,0x27,0x4f,0xd6,0x00,0x00,0x08,0xe0,0x00,0x00,0x4f,0x00,0x00,0x04,0xf0,
0x00,0x00,0x3f,0x10,0x00,0x01,0xf7,0x00,0x00,0x06,0xff,0x20,0x01,0xf7,0x00,0x00,0x3f,0x10,0x00,0x04,
0xf0,0x00,0x00,0x4f,0x00,0x00,0x08,0xd0,0x00,0x4f,0xd5,0x00,0x00,0x00,0x00,0x00,0x00,0x00,0x18,0xde,
0xa4,0x12,0x94,0x89,0x44,0x9e,0xff,0x91,0x10,0x00,0x00,0x20,0x00,0xd8,0xa6,0x00,0xc6,0xd7,0xd7,0xd8,
0xd8,0xd8,0xd8,0x10,0x00,0x05,0x50,0x00,0x00,0x55,0x00,0x02,0xbe,0xfc,0x22,0xe9,0x76,0x52,0x9d,0x05,
0x50,0x0b,0x90,0x55,0x00,0xb9,0x05,0x50,0x09,0xc0,0x55,0x00,0x2f,0x86,0x54,0x20,0x3c,0xff,0xd2,0x00,
0x06,0x60,0x00,0x00,0x55,0x00,0x00,0x00,0x00,0x00,0x00,0x05,0xdf,0xd5,0x00,0x2f,0x82,0x44,0x00,0x6e,
0x00,0x00,0x00,0x7d,0x00,0x00,0x00,0x8d,0x00,0x00,0x0d,0xff,0xff,0x80,0x00,0x8d,0x00,0x00,0x00,0x8d,
0x00,0x00,0x03,0x9d,0x33,0x32,0x2f,0xff,0xff,0xfa,0x19,0x10,0x00,0x1a,0x11,0xbb,0xbe,0xbc,0xa0,0x01,
0xf7,0x38,0xf1,0x00,0x5b,0x00,0x0c,0x40,0x06,0xb0,0x00,0xc5,0x00,0x2f,0x40,0x5e,0x10,0x09,0xde,0xfd,
0xd8,0x02,0xc2,0x02,0x02,0xc1,0x00,0x00,0x00,0x00,0x00,0x3f,0x20,0x00,0x4e,0x10,0xaa,0x00,0x0b,0x80,
0x02,0xf3,0x04,0xe1,0x00,0x09,0xb0,0xc7,0x00,0x1d,0xdf,0x9f,0xdc,0x00,0x00,0x7f,0x50,0x00,0x1d,0xdd,
0xfd,0xdc,0x00,0x00,0x4f,0x20,0x00,0x00,0x04,0xf2,0x00,0x00,0x00,0x4f,0x20,0x00,0x14,0x3e,0x3e,0x3e,
0x3e,0x3e,0x00,0x14,0x3e,0x3e,0x3e,0x3e,0x3e,0x03,0xcf,0xd7,0x00,0xc9,0x12,0x40,0x0c,0x90,0x00,0x00,
0x6f,0xa2,0x00,0x2e,0x59,0xe5,0x05,0xc0,0x05,0xf2,0x2f,0x60,0x0c,0x50,0x4d,0xb7,0xd1,0x00,0x18,0xf5,
0x00,0x00,0x08,0xc0,0x05,0x21,0x9b,0x00,0x9e,0xfc,0x20,0x12,0x02,0x18,0xd0,0xd8,0x24,0x04,0x20,0x00,
0x02,0x9b,0xb9,0x20,0x00,0x00,0x5a,0x20,0x02,0xa5,0x00,0x03,0xa0,0x7c,0xca,0x1a,0x30,0x0a,0x27,0xc1,
0x03,0x02,0xa0,0x0b,0x0d,0x40,0x00,0x00,0xb0,0x1a,0x0f,0x20,0x00,0x00,0xa1,0x0b,0x0d,0x40,0x00,0x00,
0xb0,0x0a,0x17,0xc1,0x02,0x01,0xa0,0x03,0xa0,0x7c,0xca,0x1a,0x30,0x00,0x5a,0x20,0x02,0xa5,0x00,0x00,
0x02,0x9b,0xb9,0x20,0x00,0x09,0xcc,0xb1,0x01,0x00,0x88,0x07,0xcc,0xda,0x2e,0x10,0x9a,0x0a,0xdb,0x98,
0x00,0x00,0x00,0x1d,0xdd,0xd8,0x00,0x01,0x00,0x10,0x0a,0x40,0xa4,0x1b,0xa1,0xb9,0x0c,0x90,0xc9,0x00,
0x7d,0x28,0xd2,0x00,0x6d,0x26,0xd2,0x00,0x54,0x05,0x30,0x00,0x00,0x00,0x8f,0xff,0xff,0xff,0xf4,0x13,
0x33,0x33,0x33,0xe4,0x00,0x00,0x00,0x00,0xe4,0x00,0x00,0x00,0x00,0xe4,0x00,0x00,0x00,0x00,0x31,0x5f,
0xff,0x61,0x22,0x21,0x00,0x02,0x9b,0xb9,0x20,0x00,0x00,0x5a,0x20,0x02,0xa5,0x00,0x03,0xa0,0x00,0x00,
0x0a,0x30,0x0a,0x21,0xdb,0xb8,0x02,0xa0,0x0b,0x01,0xf0,0x0e,0x30,0xb0,0x1a,0x01,0xfb,0xe7,0x00,0xa1,
0x0b,0x01,0xf0,0x99,0x00,0xb0,0x0a,0x11,0xf0,0x1e,0x31,0xa0,0x03,0xa1,0x60,0x04,0x4a,0x30,0x00,0x5a,
0x20,0x02,0xa5,0x00,0x00,0x02,0x9b,0xb9,0x20,0x00,0x8e,0xee,0x81,0x22,0x21,0x09,0xd9,0x06,0x90,0x96,
0x94,0x04,0x97,0x90,0x97,0x19,0xd9,0x00,0x00,0x00,0xb7,0x00,0x00,0x00,0x00,0xb7,0x00,0x00,0x00,0x00,
0xb7,0x00,0x00,0x8f,0xff,0xff,0xff,0xf4,0x13,0x33,0xb8,0x33,0x31,0x00,0x00,0xb7,0x00,0x00,0x00,0x00,
0x64,0x00,0x00,0x13,0x33,0x33,0x33,0x31,0x8f,0xff,0xff,0xff,0xf4,0x3b,0xcc,0x40,0x00,0x79,0x00,0x3c,
0x20,0x6a,0x10,0x5f,0xcc,0x90,0x1a,0xbb,0x50,0x2b,0xea,0x00,0x04,0x40,0x00,0x4d,0x4c,0xbd,0x50,0x00,
0x64,0x05,0xd1,0x2d,0x20,0xc7,0x00,0x0a,0x90,0xc7,0x00,0x0a,0x90,0xc7,0x00,0x0a,0x90,0xc7,0x00,0x0a,
0x90,0xc7,0x00,0x0a,0x90,0xc8,0x00,0x0c,0x90,0xce,0x52,0x7f,0xb2,0xc9,0xcf,0xb6,0xe7,0xc7,0x00,0x00,
0x00,0xc7,0x00,0x00,0x00,0xc7,0x00,0x00,0x00,0x07,0xdf,0xde,0x68,0xff,0xf2,0x96,0xdf,0xff,0x29,0x6c,
0xff,0xf2,0x96,0x7f,0xff,0x29,0x60,0x6c,0xf2,0x96,0x00,0x0d,0x29,0x60,0x00,0xd2,0x96,0x00,0x0d,0x29,
0x60,0x00,0xd2,0x96,0x00,0x0d,0x29,0x60,0x00,0xb2,0x75,0x6b,0x8e,0x00,0x10,0x00,0x76,0x01,0x4b,0x0c,
0xd6,0x1a,0xd7,0x00,0x08,0x70,0x00,0x87,0x00,0x08,0x70,0x0b,0xdd,0xa0,0x06,0xcc,0xb2,0x2e,0x10,0x7b,
0x5b,0x00,0x2d,0x2e,0x20,0x7b,0x06,0xcc,0xb2,0x00,0x00,0x00,0x1d,0xdd,0xd8,0x10,0x01,0x00,0x0a,0x50,
0xa4,0x00,0x3d,0x63,0xd6,0x00,0x2d,0x62,0xe5,0x06,0xd3,0x6d,0x36,0xd2,0x7d,0x20,0x71,0x07,0x10,0x00,
0x00,0x00,0x00,0x00,0x21,0x00,0x00,0x01,0x10,0x00,0x1c,0xd7,0x00,0x00,0x1d,0x20,0x00,0x00,0x87,0x00,
0x00,0x98,0x00,0x00,0x00,0x87,0x00,0x03,0xd1,0x00,0x00,0x00,0x87,0x00,0x0c,0x50,0x00,0x00,0x00,0x87,
0x00,0x6b,0x00,0x29,0x20,0x0b,0xcc,0xa1,0xd2,0x00,0xbe,0x30,0x00,0x00,0x09,0x70,0x08,0x7c,0x30,0x00,
0x00,0x3d,0x00,0x49,0x0c,0x30,0x00,0x00,0xc4,0x00,0x8c,0xce,0xc1,0x00,0x06,0xa0,0x00,0x00,0x0c,0x30,
0x00,0x05,0x10,0x00,0x00,0x04,0x10,0x06,0x94,0x00,0x00,0x07,0x30,0x00,0x6a,0x70,0x00,0x04,0xc0,0x00,
0x00,0x87,0x00,0x00,0xd4,0x00,0x00,0x08,0x70,0x00,0x79,0x00,0x00,0x00,0x87,0x00,0x2d,0x10,0x00,0x00,
0xbc,0xca,0x0a,0x64,0xbc,0xa1,0x00,0x00,0x04,0xc0,0x00,0x08,0x90,0x00,0x00,0xd3,0x00,0x00,0xb5,0x00,
0x00,0x89,0x00,0x00,0x98,0x00,0x00,0x2d,0x10,0x00,0xa7,0x00,0x00,0x09,0x50,0x00,0x5d,0xcc,0x80,0x1b,
0xbb,0x20,0x00,0x0b,0x30,0x00,0x01,0x07,0xa0,0x00,0x5b,0x00,0x00,0x00,0x07,0x80,0x01,0xd3,0x00,0x00,
0x02,0xce,0x40,0x07,0x90,0x00,0x00,0x00,0x05,0xd0,0x2e,0x10,0x00,0x00,0x10,0x05,0xb0,0x97,0x00,0x17,
0x10,0x3b,0xba,0x23,0xd0,0x00,0x9e,0x30,0x00,0x00,0x0b,0x50,0x07,0x6c,0x30,0x00,0x00,0x5c,0x00,0x38,
0x0c,0x30,0x00,0x00,0xd3,0x00,0x8c,0xce,0xc1,0x00,0x07,0xa0,0x00,0x00,0x0c,0x30,0x00,0x05,0x10,0x00,
0x00,0x04,0x10,0x00,0x09,0xc0,0x00,0x00,0x79,0x00,0x00,0x01,0x20,0x00,0x00,0x9b,0x00,0x00,0x0a,0xa0,
0x00,0x03,0xf5,0x00,0x03,0xe8,0x00,0x00,0xbb,0x00,0x00,0x0e,0x60,0x00,0x00,0xbc,0x44,0x96,0x02,0xbe,
0xea,0x20,0x00,0x06,0xc1,0x00,0x00,0x00,0x00,0x44,0x00,0x00,0x00,0x00,0x00,0x00,0x00,0x00,0x03,0xfc,
0x00,0x00,0x00,0x09,0x9e,0x20,0x00,0x00,0x1e,0x39,0x80,0x00,0x00,0x5c,0x04,0xe0,0x00,0x00,0xb7,0x00,
0xd5,0x00,0x02,0xf2,0x00,0x8b,0x00,0x08,0xff,0xff,0xff,0x20,0x0e,0x73,0x33,0x3c,0x70,0x5f,0x10,0x00,
0x07,0xd0,0xab,0x00,0x00,0x02,0xf4,0x00,0x00,0x4c,0x10,0x00,0x00,0x00,0x71,0x00,0x00,0x00,0x00,0x00,
0x00,0x00,0x00,0x03,0xfc,0x00,0x00,0x00,0x09,0x9e,0x20,0x00,0x00,0x1e,0x39,0x80,0x00,0x00,0x5c,0x04,
0xe0,0x00,0x00,0xb7,0x00,0xd5,0x00,0x02,0xf2,0x00,0x8b,0x00,0x08,0xff,0xff,0xff,0x20,0x0e,0x73,0x33,
0x3c,0x70,0x5f,0x10,0x00,0x07,0xd0,0xab,0x00,0x00,0x02,0xf4,0x00,0x00,0x75,0x00,0x00,0x00,0x09,0x8c,
0x30,0x00,0x00,0x16,0x02,0x50,0x00,0x00,0x00,0x00,0x00,0x00,0x00,0x03,0xfc,0x00,0x00,0x00,0x09,0x9e,
0x20,0x00,0x00,0x1e,0x39,0x80,0x00,0x00,0x5c,0x04,0xe0,0x00,0x00,0xb7,0x00,0xd5,0x00,0x02,0xf2,0x00,
0x8b,0x00,0x08,0xff,0xff,0xff,0x20,0x0e,0x73,0x33,0x3c,0x70,0x5f,0x10,0x00,0x07,0xd0,0xab,0x00,0x00,
0x02,0xf4,0x00,0x1c,0xa3,0xc0,0x00,0x00,0x68,0x6d,0x80,0x00,0x00,0x00,0x00,0x00,0x00,0x00,0x00,0x00,
0x00,0x00,0x00,0x03,0xfc,0x00,0x00,0x00,0x09,0x9e,0x20,0x00,0x00,0x1e,0x39,0x80,0x00,0x00,0x5c,0x04,
0xe0,0x00,0x00,0xb7,0x00,0xd5,0x00,0x02,0xf2,0x00,0x8b,0x00,0x08,0xff,0xff,0xff,0x20,0x0e,0x73,0x33,
0x3c,0x70,0x5f,0x10,0x00,0x07,0xd0,0xab,0x00,0x00,0x02,0xf4,0x00,0x02,0x01,0x10,0x00,0x00,0x4f,0x29,
0xc0,0x00,0x00,0x14,0x13,0x40,0x00,0x00,0x00,0x00,0x00,0x00,0x00,0x03,0xfc,0x00,0x00,0x00,0x09,0x9e,
0x20,0x00,0x00,0x1e,0x39,0x80,0x00,0x00,0x5c,0x04,0xe0,0x00,0x00,0xb7,0x00,0xd5,0x00,0x02,0xf2,0x00,
0x8b,0x00,0x08,0xff,0xff,0xff,0x20,0x0e,0x73,0x33,0x3c,0x70,0x5f,0x10,0x00,0x07,0xd0,0xab,0x00,0x00,
0x02,0xf4,0x00,0x05,0xcb,0x10,0x00,0x00,0x0d,0x15,0x90,0x00,0x00,0x0d,0x16,0x80,0x00,0x00,0x06,0xfe,
0x10,0x00,0x00,0x0a,0x9e,0x30,0x00,0x00,0x1e,0x39,0x90,0x00,0x00,0x6c,0x04,0xe1,0x00,0x00,0xc7,0x00,
0xd5,0x00,0x02,0xf2,0x00,0x8b,0x00,0x08,0xff,0xff,0xff,0x20,0x0e,0x73,0x33,0x3c,0x80,0x5f,0x10,0x00,
0x07,0xd0,0xbb,0x00,0x00,0x02,0xf4,0x00,0x00,0xdf,0xff,0xff,0xff,0x90,0x00,0x5f,0x4d,0x93,0x33,0x32,
0x00,0x0b,0xa0,0xd8,0x00,0x00,0x00,0x02,0xf3,0x0d,0x80,0x00,0x00,0x00,0x9b,0x00,0xdf,0xff,0xff,0x60,
0x1e,0x40,0x0d,0x93,0x33,0x31,0x07,0xff,0xff,0xf8,0x00,0x00,0x00,0xd7,0x33,0x3d,0x80,0x00,0x00,0x4f,
0x10,0x00,0xd9,0x33,0x33,0x2b,0xa0,0x00,0x0d,0xff,0xff,0xfb,0x00,0x18,0xdf,0xdb,0x50,0x02,0xdd,0x63,
0x37,0xe0,0x0a,0xe1,0x00,0x00,0x10,0x1f,0x70,0x00,0x00,0x00,0x3f,0x50,0x00,0x00,0x00,0x3f,0x50,0x00,
0x00,0x00,0x1f,0x70,0x00,0x00,0x00,0x0a,0xe1,0x00,0x00,0x10,0x02,0xdd,0x63,0x37,0xe0,0x00,0x18,0xdf,
0xeb,0x40,0x00,0x00,0x05,0x80,0x00,0x00,0x00,0x13,0xc0,0x00,0x00,0x00,0xcd,0x70,0x00,0x00,0x89,0x00,
0x00,0x00,0x62,0x00,0x00,0x00,0x00,0x09,0xff,0xff,0xfc,0x9c,0x33,0x33,0x29,0xb0,0x00,0x00,0x9b,0x00,
0x00,0x09,0xff,0xff,0xf9,0x9c,0x33,0x33,0x29,0xb0,0x00,0x00,0x9b,0x00,0x00,0x09,0xc3,0x33,0x33,0x9f,
0xff,0xff,0xe0,0x00,0x07,0xa0,0x00,0x01,0x70,0x00,0x00,0x00,0x00,0x09,0xff,0xff,0xfc,0x9c,0x33,0x33,
0x29,0xb0,0x00,0x00,0x9b,0x00,0x00,0x09,0xff,0xff,0xf9,0x9c,0x33,0x33,0x29,0xb0,0x00,0x00,0x9b,0x00,
0x00,0x09,0xc3,0x33,0x33,0x9f,0xff,0xff,0xe0,0x00,0x28,0x30,0x00,0x0b,0x7c,0x10,0x02,0x50,0x44,0x00,
0x00,0x00,0x00,0x9f,0xff,0xff,0xc9,0xc3,0x33,0x32,0x9b,0x00,0x00,0x09,0xb0,0x00,0x00,0x9f,0xff,0xff,
0x99,0xc3,0x33,0x32,0x9b,0x00,0x00,0x09,0xb0,0x00,0x00,0x9c,0x33,0x33,0x39,0xff,0xff,0xfe,0x01,0x20,
0x11,0x00,0x7e,0x0c,0x90,0x02,0x40,0x33,0x00,0x00,0x00,0x00,0x9f,0xff,0xff,0xc9,0xc3,0x33,0x32,0x9b,
0x00,0x00,0x09,0xb0,0x00,0x00,0x9f,0xff,0xff,0x99,0xc3,0x33,0x32,0x9b,0x00,0x00,0x09,0xb0,0x00,0x00,
0x9c,0x33,0x33,0x39,0xff,0xff,0xfe,0x3d,0x30,0x02,0x60,0x00,0x00,0x09,0xb0,0x09,0xb0,0x09,0xb0,0x09,
0xb0,0x09,0xb0,0x09,0xb0,0x09,0xb0,0x09,0xb0,0x09,0xb0,0x09,0xb0,0x2d,0x45,0x30,0x00,0x09,0xb0,0x9b,
0x09,0xb0,0x9b,0x09,0xb0,0x9b,0x09,0xb0,0x9b,0x09,0xb0,0x9b,0x00,0x00,0x67,0x00,0x04,0xba,0x70,0x06,
0x10,0x70,0x00,0x00,0x00,0x00,0x9b,0x00,0x00,0x9b,0x00,0x00,0x9b,0x00,0x00,0x9b,0x00,0x00,0x9b,0x00,
0x00,0x9b,0x00,0x00,0x9b,0x00,0x00,0x9b,0x00,0x00,0x9b,0x00,0x00,0x9b,0x00,0x21,0x02,0x0e,0x64,0xf2,
0x42,0x14,0x00,0x00,0x00,0x09,0xb0,0x00,0x9b,0x00,0x09,0xb0,0x00,0x9b,0x00,0x09,0xb0,0x00,0x9b,0x00,
0x09,0xb0,0x00,0x9b,0x00,0x09,0xb0,0x00,0x9b,0x00,0x08,0xff,0xfe,0xb7,0x00,0x00,0x8d,0x22,0x47,0xec,
0x10,0x08,0xc0,0x00,0x02,0xe8,0x00,0x8c,0x00,0x00,0x0a,0xd0,0xde,0xfe,0xe2,0x00,0x7f,0x01,0x9d,0x11,
0x00,0x07,0xf0,0x08,0xc0,0x00,0x00,0xad,0x00,0x8c,0x00,0x00,0x2e,0x80,0x08,0xd2,0x23,0x7e,0xc1,0x00,
0x8f,0xff,0xeb,0x70,0x00,0x00,0x7d,0x67,0x60,0x00,0x0c,0x3b,0xc2,0x00,0x00,0x00,0x00,0x00,0x00,0x00,
0x00,0x00,0x00,0x9f,0x80,0x00,0x4f,0x19,0xfe,0x10,0x04,0xf1,0x9b,0xc9,0x00,0x4f,0x19,0xb4,0xf2,0x04,
0xf1,0x9b,0x0b,0xa0,0x4f,0x19,0xb0,0x3f,0x34,0xf1,0x9b,0x00,0xab,0x4f,0x19,0xb0,0x02,0xf8,0xf1,0x9b,
0x00,0x09,0xff,0x19,0xb0,0x00,0x1e,0xf1,0x00,0x00,0x72,0x00,0x00,0x00,0x00,0x06,0xc0,0x00,0x00,0x00,
0x00,0x06,0x20,0x00,0x00,0x00,0x00,0x00,0x00,0x00,0x00,0x29,0xdf,0xd9,0x20,0x00,0x2e,0xc5,0x24,0xce,
0x20,0x0a,0xe1,0x00,0x01,0xda,0x01,0xf7,0x00,0x00,0x07,0xf1,0x3f,0x50,0x00,0x00,0x4f,0x33,0xf5,0x00,
0x00,0x04,0xf3,0x1f,0x70,0x00,0x00,0x7f,0x10,0xae,0x10,0x00,0x1d,0xa0,0x02,0xec,0x52,0x4c,0xe2,0x00,
0x02,0x9d,0xfe,0x92,0x00,0x00,0x00,0x02,0x70,0x00,0x00,0x00,0x00,0xc6,0x00,0x00,0x00,0x00,0x26,0x00,
0x00,0x00,0x00,0x00,0x00,0x00,0x00,0x00,0x29,0xdf,0xd9,0x20,0x00,0x2e,0xc5,0x24,0xce,0x20,0x0a,0xe1,
0x00,0x01,0xda,0x01,0xf7,0x00,0x00,0x07,0xf1,0x3f,0x50,0x00,0x00,0x4f,0x33,0xf5,0x00,0x00,0x04,0xf3,
0x1f,0x70,0x00,0x00,0x7f,0x10,0xae,0x10,0x00,0x1d,0xa0,0x02,0xec,0x52,0x4c,0xe2,0x00,0x02,0x9d,0xfe,
0x92,0x00,0x00,0x00,0x28,0x30,0x00,0x00,0x00,0x0c,0x7c,0x10,0x00,0x00,0x03,0x40,0x43,0x00,0x00,0x00,
0x00,0x00,0x00,0x00,0x00,0x29,0xdf,0xd9,0x20,0x00,0x2e,0xc5,0x24,0xce,0x20,0x0a,0xe1,0x00,0x01,0xda,
0x01,0xf7,0x00,0x00,0x07,0xf1,0x3f,0x50,0x00,0x00,0x4f,0x33,0xf5,0x00,0x00,0x04,0xf3,0x1f,0x70,0x00,
0x00,0x7f,0x10,0xae,0x10,0x00,0x1d,0xa0,0x02,0xec,0x52,0x4c,0xe2,0x00,0x02,0x9d,0xfe,0x92,0x00,0x00,
0x04,0xd8,0x4a,0x00,0x00,0x00,0x95,0x8d,0x40,0x00,0x00,0x00,0x00,0x00,0x00,0x00,0x00,0x00,0x00,0x00,
0x00,0x00,0x29,0xdf,0xd9,0x20,0x00,0x2e,0xc5,0x24,0xce,0x20,0x0a,0xe1,0x00,0x01,0xda,0x01,0xf7,0x00,
0x00,0x07,0xf1,0x3f,0x50,0x00,0x00,0x4f,0x33,0xf5,0x00,0x00,0x04,0xf3,0x1f,0x70,0x00,0x00,0x7f,0x10,
0xae,0x10,0x00,0x1d,0xa0,0x02,0xec,0x52,0x4c,0xe2,0x00,0x02,0x9d,0xfe,0x92,0x00,0x00,0x01,0x10,0x11,
0x00,0x00,0x00,0x8d,0x0d,0x80,0x00,0x00,0x02,0x40,0x42,0x00,0x00,0x00,0x00,0x00,0x00,0x00,0x00,0x29,
0xdf,0xd9,0x20,0x00,0x2e,0xc5,0x24,0xce,0x20,0x0a,0xe1,0x00,0x01,0xda,0x01,0xf7,0x00,0x00,0x07,0xf1,
0x3f,0x50,0x00,0x00,0x4f,0x33,0xf5,0x00,0x00,0x04,0xf3,0x1f,0x70,0x00,0x00,0x7f,0x10,0xae,0x10,0x00,
0x1d,0xa0,0x02,0xec,0x52,0x4c,0xe2,0x00,0x02,0x9d,0xfe,0x92,0x00,0x03,0x00,0x00,0x02,0x20,0xcb,0x00,
0x02,0xd8,0x01,0xda,0x02,0xda,0x00,0x02,0xda,0xda,0x00,0x00,0x03,0xfe,0x00,0x00,0x01,0xcb,0xd9,0x00,
0x01,0xcb,0x02,0xd9,0x00,0xcb,0x00,0x02,0xd8,0x04,0x10,0x00,0x02,0x20,0x00,0x00,0x00,0x00,0x01,0x00,
0x02,0x9d,0xfd,0x93,0xd1,0x02,0xec,0x53,0x5c,0xf6,0x00,0xae,0x10,0x01,0x9a,0xa0,0x1f,0x70,0x00,0xa3,
0x5f,0x13,0xf5,0x00,0x94,0x04,0xf3,0x3f,0x40,0x87,0x00,0x5f,0x31,0xf7,0x79,0x00,0x08,0xf1,0x09,0xeb,
0x00,0x01,0xeb,0x00,0x5f,0xd5,0x35,0xce,0x20,0x1d,0x38,0xdf,0xe9,0x20,0x00,0x10,0x00,0x00,0x00,0x00,
0x00,0x37,0x00,0x00,0x00,0x00,0xb6,0x00,0x00,0x00,0x01,0x70,0x00,0x00,0x00,0x00,0x00,0x00,0xc9,0x00,
0x00,0x5f,0x0c,0x90,0x00,0x05,0xf0,0xc9,0x00,0x00,0x5f,0x0c,0x90,0x00,0x05,0xf0,0xc9,0x00,0x00,0x5f,
0x0c,0x90,0x00,0x05,0xf0,0xba,0x00,0x00,0x6f,0x09,0xd0,0x00,0x0a,0xc0,0x2f,0xa3,0x37,0xf5,0x00,0x3b,
0xee,0xc5,0x00,0x00,0x00,0x54,0x00,0x00,0x00,0x3d,0x10,0x00,0x00,0x05,0x30,0x00,0x00,0x00,0x00,0x00,
0x00,0xc9,0x00,0x00,0x5f,0x0c,0x90,0x00,0x05,0xf0,0xc9,0x00,0x00,0x5f,0x0c,0x90,0x00,0x05,0xf0,0xc9,
0x00,0x00,0x5f,0x0c,0x90,0x00,0x05,0xf0,0xba,0x00,0x00,0x6f,0x09,0xd0,0x00,0x0a,0xc0,0x2f,0xa3,0x37,
0xf5,0x00,0x3b,0xee,0xc5,0x00,0x00,0x05,0x70,0x00,0x00,0x04,0xc9,0x70,0x00,0x00,0x62,0x07,0x00,0x00,
0x00,0x00,0x00,0x00,0xc9,0x00,0x00,0x5f,0x0c,0x90,0x00,0x05,0xf0,0xc9,0x00,0x00,0x5f,0x0c,0x90,0x00,
0x05,0xf0,0xc9,0x00,0x00,0x5f,0x0c,0x90,0x00,0x05,0xf0,0xba,0x00,0x00,0x6f,0x09,0xd0,0x00,0x0a,0xc0,
0x2f,0xa3,0x37,0xf5,0x00,0x3b,0xee,0xc5,0x00,0x00,0x11,0x02,0x00,0x00,0x0e,0x74,0xf2,0x00,0x00,0x42,
0x14,0x10,0x00,0x00,0x00,0x00,0x00,0xc9,0x00,0x00,0x5f,0x0c,0x90,0x00,0x05,0xf0,0xc9,0x00,0x00,0x5f,
0x0c,0x90,0x00,0x05,0xf0,0xc9,0x00,0x00,0x5f,0x0c,0x90,0x00,0x05,0xf0,0xba,0x00,0x00,0x6f,0x09,0xd0,
0x00,0x0a,0xc0,0x2f,0xa3,0x37,0xf5,0x00,0x3b,0xee,0xc5,0x00,0x00,0x00,0x0b,0x60,0x00,0x00,0x00,0x35,
0x00,0x00,0x00,0x00,0x00,0x00,0x00,0x0a,0xc0,0x00,0x04,0xf4,0x01,0xe7,0x00,0x1d,0x80,0x00,0x5f,0x30,
0x9c,0x00,0x00,0x09,0xc5,0xf3,0x00,0x00,0x01,0xdf,0x70,0x00,0x00,0x00,0x7f,0x00,0x00,0x00,0x00,0x6f,
0x00,0x00,0x00,0x00,0x6f,0x00,0x00,0x00,0x00,0x6f,0x00,0x00,0x00,0x00,0x6f,0x00,0x00,0x9b,0x00,0x00,
0x09,0xff,0xfd,0x80,0x9c,0x33,0x6f,0x89,0xb0,0x00,0x9d,0x9b,0x00,0x08,0xe9,0xb0,0x03,0xea,0x9f,0xff,
0xfb,0x19,0xc3,0x21,0x00,0x9b,0x00,0x00,0x09,0xb0,0x00,0x00,0x07,0xde,0xc3,0x00,0x6e,0x42,0x7e,0x10,
0xa9,0x00,0x4f,0x30,0xb8,0x08,0xc5,0x10,0xb8,0x0f,0x30,0x00,0xb8,0x0e,0x90,0x00,0xb8,0x04,0xec,0x20,
0xb8,0x00,0x1b,0xd0,0xb8,0x00,0x03,0xf2,0xb8,0x43,0x28,0xe0,0xb8,0x8e,0xec,0x40,0x01,0x72,0x00,0x00,
0x00,0x6c,0x00,0x00,0x00,0x07,0x90,0x00,0x00,0x00,0x00,0x00,0x05,0xce,0xea,0x20,0x05,0x52,0x3a,0xc0,
0x00,0x00,0x01,0xf3,0x03,0xae,0xff,0xf4,0x0d,0x92,0x00,0xf5,0x2f,0x20,0x03,0xf5,0x0e,0x70,0x1b,0xf5,
0x04,0xdd,0xd5,0xe5,0x00,0x00,0x17,0x10,0x00,0x00,0xb7,0x00,0x00,0x08,0x90,0x00,0x00,0x00,0x00,0x00,
0x05,0xce,0xea,0x20,0x05,0x52,0x3a,0xc0,0x00,0x00,0x01,0xf3,0x03,0xae,0xff,0xf4,0x0d,0x92,0x00,0xf5,
0x2f,0x20,0x03,0xf5,0x0e,0x70,0x1b,0xf5,0x04,0xdd,0xd5,0xe5,0x00,0x05,0x50,0x00,0x00,0x2d,0xc4,0x00,
0x00,0xb3,0x2c,0x10,0x00,0x00,0x00,0x00,0x05,0xce,0xea,0x20,0x05,0x52,0x3a,0xc0,0x00,0x00,0x01,0xf3,
0x03,0xae,0xff,0xf4,0x0d,0x92,0x00,0xf5,0x2f,0x20,0x03,0xf5,0x0e,0x70,0x1b,0xf5,0x04,0xdd,0xd5,0xe5,
0x00,0xbd,0x39,0x40,0x02,0xb2,0xcc,0x00,0x00,0x00,0x00,0x00,0x05,0xce,0xea,0x20,0x05,0x52,0x3a,0xc0,
0x00,0x00,0x01,0xf3,0x03,0xae,0xff,0xf4,0x0d,0x92,0x00,0xf5,0x2f,0x20,0x03,0xf5,0x0e,0x70,0x1b,0xf5,
0x04,0xdd,0xd5,0xe5,0x00,0xf6,0x4f,0x10,0x00,0x63,0x26,0x10,0x00,0x00,0x00,0x00,0x05,0xce,0xea,0x20,
0x05,0x52,0x3a,0xc0,0x00,0x00,0x01,0xf3,0x03,0xae,0xff,0xf4,0x0d,0x92,0x00,0xf5,0x2f,0x20,0x03,0xf5,
0x0e,0x70,0x1b,0xf5,0x04,0xdd,0xd5,0xe5,0x00,0x2c,0xc4,0x00,0x00,0xb3,0x2c,0x00,0x00,0xb3,0x2c,0x00,
0x00,0x2c,0xc4,0x00,0x00,0x00,0x00,0x00,0x05,0xce,0xea,0x20,0x05,0x52,0x3a,0xc0,0x00,0x00,0x01,0xf3,
0x03,0xae,0xff,0xf4,0x0d,0x92,0x00,0xf5,0x2f,0x20,0x03,0xf5,0x0e,0x70,0x1b,0xf5,0x04,0xdd,0xd5,0xe5,
0x05,0xce,0xeb,0x25,0xcf,0xd7,0x00,0x05,0x52,0x3a,0xee,0x52,0x4d,0x70,0x00,0x00,0x01,0xf6,0x00,0x05,
0xd0,0x03,0xae,0xff,0xff,0xff,0xff,0xf0,0x0d,0x92,0x00,0xf5,0x00,0x00,0x00,0x2f,0x20,0x03,0xf9,0x00,
0x00,0x00,0x0e,0x92,0x4d,0x9f,0x72,0x25,0x80,0x04,0xcf,0xd6,0x04,0xce,0xec,0x50,0x00,0x7d,0xfd,0x80,
0x8e,0x62,0x36,0x1e,0x60,0x00,0x03,0xf2,0x00,0x00,0x3f,0x20,0x00,0x01,0xe6,0x00,0x00,0x08,0xe6,0x23,
0x60,0x07,0xdf,0xe8,0x00,0x00,0x67,0x00,0x00,0x14,0xb0,0x00,0x0c,0xd6,0x00,0x00,0x55,0x00,0x00,0x00,
0x2d,0x40,0x00,0x00,0x03,0xd1,0x00,0x00,0x00,0x00,0x00,0x00,0x7d,0xfd,0x60,0x08,0xd4,0x25,0xe5,0x1e,
0x40,0x00,0x7b,0x3f,0xff,0xff,0xfd,0x3f,0x30,0x00,0x00,0x1e,0x70,0x00,0x00,0x08,0xe6,0x23,0x66,0x00,
0x6d,0xfe,0xb4,0x00,0x00,0x06,0x40,0x00,0x00,0x5c,0x10,0x00,0x03,0xd1,0x00,0x00,0x00,0x00,0x00,0x00,
0x7d,0xfd,0x60,0x08,0xd4,0x25,0xe5,0x1e,0x40,0x00,0x7b,0x3f,0xff,0xff,0xfd,0x3f,0x30,0x00,0x00,0x1e,
0x70,0x00,0x00,0x08,0xe6,0x23,0x66,0x00,0x6d,0xfe,0xb4,0x00,0x02,0x71,0x00,0x00,0x0b,0xb9,0x00,0x00,
0x69,0x0a,0x40,0x00,0x00,0x00,0x00,0x00,0x7d,0xfd,0x60,0x08,0xd4,0x25,0xe5,0x1e,0x40,0x00,0x7b,0x3f,
0xff,0xff,0xfd,0x3f,0x30,0x00,0x00,0x1e,0x70,0x00,0x00,0x08,0xe6,0x23,0x66,0x00,0x6d,0xfe,0xb4,0x00,
0x9c,0x0e,0x70,0x00,0x45,0x06,0x30,0x00,0x00,0x00,0x00,0x00,0x7d,0xfd,0x60,0x08,0xd4,0x25,0xe5,0x1e,
0x40,0x00,0x7b,0x3f,0xff,0xff,0xfd,0x3f,0x30,0x00,0x00,0x1e,0x70,0x00,0x00,0x08,0xe6,0x23,0x66,0x00,
0x6d,0xfe,0xb4,0x17,0x10,0x07,0xb0,0x00,0x98,0x00,0x00,0x00,0xa9,0x00,0xa9,0x00,0xa9,0x00,0xa9,0x00,
0xa9,0x00,0xa9,0x00,0xa9,0x00,0xa9,0x00,0x27,0x10,0x1c,0x60,0x09,0x70,0x00,0x00,0x00,0x0a,0x90,0x00,
0xa9,0x00,0x0a,0x90,0x00,0xa9,0x00,0x0a,0x90,0x00,0xa9,0x00,0x0a,0x90,0x00,0xa9,0x00,0x00,0x55,0x00,
0x04,0xcd,0x20,0x1c,0x23,0xb0,0x00,0x00,0x00,0x00,0xa9,0x00,0x00,0xa9,0x00,0x00,0xa9,0x00,0x00,0xa9,
0x00,0x00,0xa9,0x00,0x00,0xa9,0x00,0x00,0xa9,0x00,0x00,0xa9,0x00,0x1f,0x56,0xf0,0x62,0x36,0x00,0x00,
0x00,0x0a,0x90,0x00,0xa9,0x00,0x0a,0x90,0x00,0xa9,0x00,0x0a,0x90,0x00,0xa9,0x00,0x0a,0x90,0x00,0xa9,
0x00,0x00,0x6e,0x45,0x90,0x01,0x6d,0xf7,0x10,0x04,0x51,0x9d,0x10,0x00,0x8e,0xff,0xa0,0x08,0xe5,0x14,
0xf4,0x0e,0x60,0x00,0xb9,0x2f,0x20,0x00,0x9b,0x2f,0x20,0x00,0x9b,0x0e,0x60,0x00,0xc8,0x07,0xe5,0x29,
0xe2,0x00,0x8e,0xfc,0x30,0x04,0xe9,0x2b,0x00,0xa3,0x8e,0x50,0x00,0x00,0x00,0x0b,0x89,0xee,0x80,0xbf,
0x50,0x3e,0x5b,0xb0,0x00,0xa9,0xb8,0x00,0x09,0xab,0x80,0x00,0x9a,0xb8,0x00,0x09,0xab,0x80,0x00,0x9a,
0xb8,0x00,0x09,0xa0,0x00,0x64,0x00,0x00,0x00,0x3d,0x20,0x00,0x00,0x04,0xc0,0x00,0x00,0x00,0x00,0x00,
0x00,0x8e,0xfc,0x40,0x08,0xe5,0x29,0xf2,0x0f,0x60,0x00,0xc8,0x2f,0x20,0x00,0x9b,0x2f,0x20,0x00,0x9b,
0x0f,0x60,0x00,0xc8,0x08,0xe5,0x29,0xf2,0x00,0x8e,0xfc,0x40,0x00,0x00,0x07,0x30,0x00,0x00,0x8a,0x00,
0x00,0x04,0xc1,0x00,0x00,0x00,0x00,0x00,0x00,0x8e,0xfc,0x40,0x08,0xe5,0x29,0xf2,0x0f,0x60,0x00,0xc8,
0x2f,0x20,0x00,0x9b,0x2f,0x20,0x00,0x9b,0x0f,0x60,0x00,0xc8,0x08,0xe5,0x29,0xf2,0x00,0x8e,0xfc,0x40,
0x00,0x03,0x70,0x00,0x00,0x1c,0xb7,0x00,0x00,0x87,0x1c,0x20,0x00,0x00,0x00,0x00,0x00,0x8e,0xfc,0x40,
0x08,0xe5,0x29,0xf2,0x0f,0x60,0x00,0xc8,0x2f,0x20,0x00,0x9b,0x2f,0x20,0x00,0x9b,0x0f,0x60,0x00,0xc8,
0x08,0xe5,0x29,0xf2,0x00,0x8e,0xfc,0x40,0x00,0x7d,0x66,0x70,0x00,0xd1,0xad,0x20,0x00,0x00,0x00,0x00,
0x00,0x8e,0xfc,0x40,0x08,0xe5,0x29,0xf2,0x0f,0x60,0x00,0xc8,0x2f,0x20,0x00,0x9b,0x2f,0x20,0x00,0x9b,
0x0f,0x60,0x00,0xc8,0x08,0xe5,0x29,0xf2,0x00,0x8e,0xfc,0x40,0x00,0xba,0x1f,0x50,0x00,0x54,0x06,0x20,
0x00,0x00,0x00,0x00,0x00,0x8e,0xfc,0x40,0x08,0xe5,0x29,0xf2,0x0f,0x60,0x00,0xc8,0x2f,0x20,0x00,0x9b,
0x2f,0x20,0x00,0x9b,0x0f,0x60,0x00,0xc8,0x08,0xe5,0x29,0xf2,0x00,0x8e,0xfc,0x40,0x00,0x00,0xfb,0x00,
0x00,0x00,0x00,0xa7,0x00,0x00,0x00,0x00,0x00,0x00,0x00,0x8f,0xff,0xff,0xff,0xf4,0x13,0x33,0x33,0x33,
0x31,0x00,0x00,0xa7,0x00,0x00,0x00,0x00,0xfb,0x00,0x00,0x00,0x00,0x00,0x03,0x00,0x08,0xee,0xb8,0xb0,
0x08,0xe5,0x2a,0xf3,0x00,0xf6,0x02,0xcc,0x80,0x2f,0x21,0xc3,0x9b,0x03,0xf2,0xa5,0x09,0xb0,0x1e,0xc8,
0x00,0xd8,0x00,0xaf,0x42,0x9f,0x20,0x3c,0x8d,0xfc,0x40,0x01,0x20,0x00,0x00,0x00,0x06,0x40,0x00,0x00,
0x3d,0x20,0x00,0x00,0x4c,0x10,0x00,0x00,0x00,0x00,0xc7,0x00,0x0a,0x9c,0x70,0x00,0xa9,0xc7,0x00,0x0a,
0x9c,0x70,0x00,0xa9,0xc7,0x00,0x0a,0x9b,0x80,0x00,0xc9,0x7d,0x10,0x6f,0x90,0x9e,0xd8,0xa9,0x00,0x00,
0x73,0x00,0x00,0x7b,0x00,0x00,0x4c,0x10,0x00,0x00,0x00,0x00,0xc7,0x00,0x0a,0x9c,0x70,0x00,0xa9,0xc7,
0x00,0x0a,0x9c,0x70,0x00,0xa9,0xc7,0x00,0x0a,0x9b,0x80,0x00,0xc9,0x7d,0x10,0x6f,0x90,0x9e,0xd8,0xa9,
0x00,0x37,0x00,0x00,0x0c,0xb8,0x00,0x08,0x70,0xb3,0x00,0x00,0x00,0x00,0xc7,0x00,0x0a,0x9c,0x70,0x00,
0xa9,0xc7,0x00,0x0a,0x9c,0x70,0x00,0xa9,0xc7,0x00,0x0a,0x9b,0x80,0x00,0xc9,0x7d,0x10,0x6f,0x90,0x9e,
0xd8,0xa9,0x0a,0xb0,0xf6,0x00,0x44,0x06,0x20,0x00,0x00,0x00,0x0c,0x70,0x00,0xa9,0xc7,0x00,0x0a,0x9c,
0x70,0x00,0xa9,0xc7,0x00,0x0a,0x9c,0x70,0x00,0xa9,0xb8,0x00,0x0c,0x97,0xd1,0x06,0xf9,0x09,0xed,0x8a,
0x90,0x00,0x00,0x17,0x20,0x00,0x00,0xa8,0x00,0x00,0x07,0xa0,0x00,0x00,0x00,0x00,0x00,0x6e,0x00,0x00,
0xaa,0x1e,0x50,0x01,0xf4,0x09,0xb0,0x06,0xd0,0x03,0xf1,0x0c,0x80,0x00,0xc7,0x3f,0x20,0x00,0x6d,0x9b,
0x00,0x00,0x1e,0xf5,0x00,0x00,0x0a,0xe0,0x00,0x00,0x0b,0x90,0x00,0x01,0x5f,0x20,0x00,0x0d,0xe7,0x00,
0x00,0xb8,0x00,0x00,0x00,0xb8,0x00,0x00,0x00,0xb8,0x00,0x00,0x00,0xb8,0x9e,0xe8,0x00,0xbe,0x82,0x5e,
0x70,0xbc,0x00,0x07,0xd0,0xb9,0x00,0x04,0xf1,0xb9,0x00,0x04,0xf1,0xbc,0x00,0x07,0xd0,0xbe,0x82,0x5e,
0x70,0xb8,0x9e,0xe8,0x00,0xb8,0x00,0x00,0x00,0xb8,0x00,0x00,0x00,0xb8,0x00,0x00,0x00,0x00,0xd8,0x3f,
0x30,0x00,0x63,0x16,0x10,0x00,0x00,0x00,0x00,0x6e,0x00,0x00,0xaa,0x1e,0x50,0x01,0xf4,0x09,0xb0,0x06,
0xd0,0x03,0xf1,0x0c,0x80,0x00,0xc7,0x3f,0x20,0x00,0x6d,0x9b,0x00,0x00,0x1e,0xf5,0x00,0x00,0x0a,0xe0,
0x00,0x00,0x0b,0x90,0x00,0x01,0x5f,0x20,0x00,0x0d,0xe7,0x00,0x00,0x00,0x4e,0xee,0xb0,0x00,0x00,0x02,
0x22,0x10,0x00,0x00,0x00,0x00,0x00,0x00,0x00,0x03,0xfc,0x00,0x00,0x00,0x09,0x9e,0x20,0x00,0x00,0x1e,
0x39,0x80,0x00,0x00,0x5c,0x04,0xe0,0x00,0x00,0xb7,0x00,0xd5,0x00,0x02,0xf2,0x00,0x8b,0x00,0x08,0xff,
0xff,0xff,0x20,0x0e,0x73,0x33,0x3c,0x70,0x5f,0x10,0x00,0x07,0xd0,0xab,0x00,0x00,0x02,0xf4,0x00,0xff,
0xff,0x10,0x00,0x00,0x00,0x00,0x00,0x00,0x00,0x00,0x05,0xce,0xea,0x20,0x05,0x52,0x3a,0xc0,0x00,0x00,
0x01,0xf3,0x03,0xae,0xff,0xf4,0x0d,0x92,0x00,0xf5,0x2f,0x20,0x03,0xf5,0x0e,0x70,0x1b,0xf5,0x04,0xdd,
0xd5,0xe5,0x00,0x15,0x00,0x60,0x00,0x00,0x1d,0x13,0xc0,0x00,0x00,0x06,0xdd,0x40,0x00,0x00,0x00,0x00,
0x00,0x00,0x00,0x03,0xfc,0x00,0x00,0x00,0x09,0x9e,0x20,0x00,0x00,0x1e,0x39,0x80,0x00,0x00,0x5c,0x04,
0xe0,0x00,0x00,0xb7,0x00,0xd5,0x00,0x02,0xf2,0x00,0x8b,0x00,0x08,0xff,0xff,0xff,0x20,0x0e,0x73,0x33,
0x3c,0x70,0x5f,0x10,0x00,0x07,0xd0,0xab,0x00,0x00,0x02,0xf4,0x00,0xd2,0x1d,0x10,0x00,0x6d,0xe7,0x00,
0x00,0x00,0x00,0x00,0x05,0xce,0xea,0x20,0x05,0x52,0x3a,0xc0,0x00,0x00,0x01,0xf3,0x03,0xae,0xff,0xf4,
0x0d,0x92,0x00,0xf5,0x2f,0x20,0x03,0xf5,0x0e,0x70,0x1b,0xf5,0x04,0xdd,0xd5,0xe5,0x00,0x03,0xfc,0x00,
0x00,0x00,0x09,0x9e,0x20,0x00,0x00,0x1e,0x39,0x80,0x00,0x00,0x5c,0x04,0xe0,0x00,0x00,0xb7,0x00,0xd5,
0x00,0x02,0xf2,0x00,0x8b,0x00,0x08,0xff,0xff,0xff,0x20,0x0e,0x73,0x33,0x3c,0x70,0x5f,0x10,0x00,0x07,
0xd0,0xab,0x00,0x00,0x02,0xf4,0x00,0x00,0x00,0x04,0x90,0x00,0x00,0x00,0x09,0x60,0x00,0x00,0x00,0x05,
0xdb,0x05,0xce,0xea,0x20,0x05,0x52,0x3a,0xc0,0x00,0x00,0x01,0xf3,0x03,0xae,0xff,0xf4,0x0d,0x92,0x00,
0xf5,0x2f,0x20,0x03,0xf5,0x0e,0x70,0x1b,0xf5,0x04,0xdd,0xd5,0xe5,0x00,0x00,0x04,0x90,0x00,0x00,0x09,
0x60,0x00,0x00,0x05,0xdb,0x00,0x00,0x02,0x70,0x00,0x00,0x00,0x0b,0x60,0x00,0x00,0x00,0x26,0x00,0x00,
0x00,0x00,0x00,0x00,0x00,0x00,0x18,0xdf,0xdb,0x50,0x02,0xdd,0x63,0x37,0xe0,0x0a,0xe1,0x00,0x00,0x10,
0x1f,0x70,0x00,0x00,0x00,0x3f,0x50,0x00,0x00,0x00,0x3f,0x50,0x00,0x00,0x00,0x1f,0x70,0x00,0x00,0x00,
0x0a,0xe1,0x00,0x00,0x10,0x02,0xdd,0x63,0x37,0xe0,0x00,0x18,0xdf,0xdb,0x40,0x00,0x00,0x06,0x40,0x00,
0x06,0xc1,0x00,0x03,0xd1,0x00,0x00,0x00,0x00,0x00,0x7d,0xfd,0x80,0x8e,0x62,0x36,0x1e,0x60,0x00,0x03,
0xf2,0x00,0x00,0x3f,0x20,0x00,0x01,0xe6,0x00,0x00,0x08,0xe6,0x23,0x60,0x07,0xdf,0xd8,0x00,0x00,0x17,
0x40,0x00,0x00,0x00,0x98,0xc2,0x00,0x00,0x01,0x60,0x25,0x00,0x00,0x00,0x00,0x00,0x00,0x00,0x18,0xdf,
0xdb,0x50,0x02,0xdd,0x63,0x37,0xe0,0x0a,0xe1,0x00,0x00,0x10,0x1f,0x70,0x00,0x00,0x00,0x3f,0x50,0x00,
0x00,0x00,0x3f,0x50,0x00,0x00,0x00,0x1f,0x70,0x00,0x00,0x00,0x0a,0xe1,0x00,0x00,0x10,0x02,0xdd,0x63,
0x37,0xe0,0x00,0x18,0xdf,0xdb,0x40,0x00,0x01,0x72,0x00,0x00,0x8b,0xc0,0x00,0x4b,0x08,0x70,0x00,0x00,
0x00,0x00,0x7d,0xfd,0x80,0x8e,0x62,0x36,0x1e,0x60,0x00,0x03,0xf2,0x00,0x00,0x3f,0x20,0x00,0x01,0xe6,
0x00,0x00,0x08,0xe6,0x23,0x60,0x07,0xdf,0xd8,0x00,0x00,0x01,0x10,0x00,0x00,0x00,0x0e,0x70,0x00,0x00,
0x00,0x04,0x20,0x00,0x00,0x00,0x00,0x00,0x00,0x00,0x18,0xdf,0xdb,0x50,0x02,0xdd,0x63,0x37,0xe0,0x0a,
0xe1,0x00,0x00,0x10,0x1f,0x70,0x00,0x00,0x00,0x3f,0x50,0x00,0x00,0x00,0x3f,0x50,0x00,0x00,0x00,0x1f,
0x70,0x00,0x00,0x00,0x0a,0xe1,0x00,0x00,0x10,0x02,0xdd,0x63,0x37,0xe0,0x00,0x18,0xdf,0xdb,0x40,0x00,
0x00,0xf4,0x00,0x00,0x09,0x20,0x00,0x00,0x00,0x00,0x07,0xdf,0xd8,0x08,0xe6,0x23,0x61,0xe6,0x00,0x00,
0x3f,0x20,0x00,0x03,0xf2,0x00,0x00,0x1e,0x60,0x00,0x00,0x8e,0x62,0x36,0x00,0x7d,0xfd,0x80,0x00,0x03,
0x50,0x43,0x00,0x00,0x00,0xc7,0xc1,0x00,0x00,0x00,0x28,0x30,0x00,0x00,0x00,0x00,0x00,0x00,0x00,0x18,
0xdf,0xdb,0x50,0x02,0xdd,0x63,0x37,0xe0,0x0a,0xe1,0x00,0x00,0x10,0x1f,0x70,0x00,0x00,0x00,0x3f,0x50,
0x00,0x00,0x00,0x3f,0x50,0x00,0x00,0x00,0x1f,0x70,0x00,0x00,0x00,0x0a,0xe1,0x00,0x00,0x10,0x02,0xdd,
0x63,0x37,0xe0,0x00,0x18,0xdf,0xdb,0x40,0x00,0x43,0x04,0x30,0x02,0xd3,0xd1,0x00,0x06,0xf4,0x00,0x00,
0x00,0x00,0x00,0x7d,0xfd,0x80,0x8e,0x62,0x36,0x1e,0x60,0x00,0x03,0xf2,0x00,0x00,0x3f,0x20,0x00,0x01,
0xe6,0x00,0x00,0x08,0xe6,0x23,0x60,0x07,0xdf,0xd8,0x00,0x61,0x07,0x00,0x00,0x04,0xc9,0x70,0x00,0x00,
0x05,0x70,0x00,0x00,0x00,0x00,0x00,0x00,0x9f,0xff,0xeb,0x60,0x09,0xc2,0x24,0x7e,0xb0,0x9b,0x00,0x00,
0x3f,0x79,0xb0,0x00,0x00,0xbc,0x9b,0x00,0x00,0x08,0xe9,0xb0,0x00,0x00,0x8e,0x9b,0x00,0x00,0x0b,0xc9,
0xb0,0x00,0x03,0xf7,0x9c,0x22,0x47,0xeb,0x09,0xff,0xfe,0xb6,0x00,0x00,0x00,0x00,0xa9,0x3f,0x10,0x00,
0x00,0x0a,0x96,0xc0,0x00,0x00,0x00,0xa9,0x55,0x00,0x09,0xee,0x8a,0x90,0x00,0x08,0xe4,0x2a,0xe9,0x00,
0x01,0xf6,0x00,0x0e,0x90,0x00,0x3f,0x20,0x00,0xb9,0x00,0x03,0xf2,0x00,0x0a,0x90,0x00,0x1f,0x40,0x00,
0xd9,0x00,0x00,0x8c,0x10,0x7f,0x90,0x00,0x01,0x9e,0xd9,0xa9,0x00,0x00,0x08,0xff,0xfe,0xb7,0x00,0x00,
0x8d,0x22,0x47,0xec,0x10,0x08,0xc0,0x00,0x02,0xe8,0x00,0x8c,0x00,0x00,0x0a,0xd0,0xde,0xfe,0xe2,0x00,
0x7f,0x01,0x9d,0x11,0x00,0x07,0xf0,0x08,0xc0,0x00,0x00,0xad,0x00,0x8c,0x00,0x00,0x2e,0x80,0x08,0xd2,
0x23,0x7e,0xc1,0x00,0x8f,0xff,0xeb,0x70,0x00,0x00,0x00,0x00,0xa9,0x00,0x00,0x0c,0xde,0xe9,0x00,0x00,
0x00,0xa9,0x00,0x09,0xee,0x8a,0x90,0x08,0xe4,0x2a,0xe9,0x01,0xf6,0x00,0x0e,0x90,0x3f,0x20,0x00,0xb9,
0x03,0xf2,0x00,0x0a,0x90,0x1f,0x40,0x00,0xd9,0x00,0x8c,0x10,0x7f,0x90,0x01,0x9e,0xd9,0xa9,0x00,0x06,
0xee,0xe9,0x00,0x12,0x22,0x10,0x00,0x00,0x00,0x09,0xff,0xff,0xfc,0x9c,0x33,0x33,0x29,0xb0,0x00,0x00,
0x9b,0x00,0x00,0x09,0xff,0xff,0xf9,0x9c,0x33,0x33,0x29,0xb0,0x00,0x00,0x9b,0x00,0x00,0x09,0xc3,0x33,
0x33,0x9f,0xff,0xff,0xe0,0x00,0x8f,0xff,0x80,0x00,0x00,0x00,0x00,0x00,0x00,0x00,0x00,0x00,0x7d,0xfd,
0x60,0x08,0xd4,0x25,0xe5,0x1e,0x40,0x00,0x7b,0x3f,0xff,0xff,0xfd,0x3f,0x30,0x00,0x00,0x1e,0x70,0x00,
0x00,0x08,0xe6,0x23,0x66,0x00,0x6d,0xfe,0xb4,0x03,0x40,0x35,0x00,0x2b,0xec,0x40,0x00,0x00,0x00,0x00,
0x00,0x00,0x00,0x9f,0xff,0xff,0xc9,0xc3,0x33,0x32,0x9b,0x00,0x00,0x09,0xb0,0x00,0x00,0x9f,0xff,0xff,
0x99,0xc3,0x33,0x32,0x9b,0x00,0x00,0x09,0xb0,0x00,0x00,0x9c,0x33,0x33,0x39,0xff,0xff,0xfe,0x00,0x42,
0x01,0x50,0x00,0x69,0x18,0x70,0x00,0x1a,0xea,0x10,0x00,0x00,0x00,0x00,0x00,0x7d,0xfd,0x60,0x08,0xd4,
0x25,0xe5,0x1e,0x40,0x00,0x7b,0x3f,0xff,0xff,0xfd,0x3f,0x30,0x00,0x00,0x1e,0x70,0x00,0x00,0x08,0xe6,
0x23,0x66,0x00,0x6d,0xfe,0xb4,0x00,0x02,0x00,0x00,0x02,0xf4,0x00,0x00,0x04,0x10,0x00,0x00,0x00,0x00,
0x9f,0xff,0xff,0xc9,0xc3,0x33,0x32,0x9b,0x00,0x00,0x09,0xb0,0x00,0x00,0x9f,0xff,0xff,0x99,0xc3,0x33,
0x32,0x9b,0x00,0x00,0x09,0xb0,0x00,0x00,0x9c,0x33,0x33,0x39,0xff,0xff,0xfe,0x00,0x02,0xf2,0x00,0x00,
0x01,0x91,0x00,0x00,0x00,0x00,0x00,0x00,0x7d,0xfd,0x60,0x08,0xd4,0x25,0xe5,0x1e,0x40,0x00,0x7b,0x3f,
0xff,0xff,0xfd,0x3f,0x30,0x00,0x00,0x1e,0x70,0x00,0x00,0x08,0xe6,0x23,0x66,0x00,0x6d,0xfe,0xb4,0x9f,
0xff,0xff,0xc9,0xc3,0x33,0x32,0x9b,0x00,0x00,0x09,0xb0,0x00,0x00,0x9f,0xff,0xff,0x99,0xc3,0x33,0x32,
0x9b,0x00,0x00,0x09,0xb0,0x00,0x00,0x9c,0x33,0x33,0x39,0xff,0xff,0xfe,0x00,0x00,0x3a,0x00,0x00,0x08,
0x70,0x00,0x00,0x4d,0xc0,0x00,0x7d,0xfd,0x60,0x08,0xd4,0x25,0xe5,0x1e,0x40,0x00,0x7b,0x3f,0xff,0xff,
0xfd,0x3f,0x30,0x00,0x00,0x1e,0x70,0x00,0x00,0x08,0xe6,0x23,0x66,0x00,0x6d,0xff,0xc4,0x00,0x00,0x0c,
0x10,0x00,0x00,0x2d,0x00,0x00,0x00,0x0a,0xd5,0x02,0xb4,0xb4,0x00,0x02,0x84,0x00,0x00,0x00,0x00,0x09,
0xff,0xff,0xfc,0x9c,0x33,0x33,0x29,0xb0,0x00,0x00,0x9b,0x00,0x00,0x09,0xff,0xff,0xf9,0x9c,0x33,0x33,
0x29,0xb0,0x00,0x00,0x9b,0x00,0x00,0x09,0xc3,0x33,0x33,0x9f,0xff,0xff,0xe0,0x00,0x44,0x03,0x40,0x00,
0x1d,0x3d,0x10,0x00,0x05,0xf5,0x00,0x00,0x00,0x00,0x00,0x00,0x7d,0xfd,0x60,0x08,0xd4,0x25,0xe5,0x1e,
0x40,0x00,0x7b,0x3f,0xff,0xff,0xfd,0x3f,0x30,0x00,0x00,0x1e,0x70,0x00,0x00,0x08,0xe6,0x23,0x66,0x00,
0x6d,0xfe,0xb4,0x00,0x00,0x07,0x50,0x00,0x00,0x00,0x79,0xc4,0x00,0x00,0x00,0x70,0x16,0x00,0x00,0x00,
0x00,0x00,0x00,0x00,0x18,0xdf,0xec,0x61,0x02,0xdd,0x63,0x36,0xb6,0x0a,0xe1,0x00,0x00,0x00,0x1f,0x70,
0x00,0x00,0x00,0x3f,0x50,0x00,0xef,0xfa,0x3f,0x50,0x00,0x23,0xbb,0x1f,0x70,0x00,0x00,0xab,0x0a,0xe1,
0x00,0x00,0xab,0x02,0xdd,0x63,0x36,0xda,0x00,0x18,0xdf,0xec,0x71,0x00,0x03,0x70,0x00,0x00,0x1d,0xb6,
0x00,0x00,0xa5,0x1c,0x20,0x00,0x00,0x00,0x00,0x01,0x9e,0xe8,0xa9,0x09,0xd4,0x29,0xe9,0x1f,0x50,0x00,
0xd9,0x3f,0x20,0x00,0xb9,0x3f,0x20,0x00,0xb9,0x1f,0x50,0x00,0xd9,0x09,0xd4,0x29,0xe9,0x01,0x9e,0xe8,
0xa9,0x00,0x00,0x00,0xd7,0x03,0x52,0x29,0xe2,0x03,0xce,0xeb,0x30,0x00,0x05,0x30,0x44,0x00,0x00,0x03,
0xce,0xc2,0x00,0x00,0x00,0x00,0x00,0x00,0x00,0x00,0x00,0x00,0x00,0x00,0x18,0xdf,0xec,0x61,0x02,0xdd,
0x63,0x36,0xb6,0x0a,0xe1,0x00,0x00,0x00,0x1f,0x70,0x00,0x00,0x00,0x3f,0x50,0x00,0xef,0xfa,0x3f,0x50,
0x00,0x23,0xbb,0x1f,0x70,0x00,0x00,0xab,0x0a,0xe1,0x00,0x00,0xab,0x02,0xdd,0x63,0x36,0xda,0x00,0x18,
0xdf,0xec,0x71,0x00,0x96,0x18,0x70,0x00,0x2c,0xeb,0x10,0x00,0x00,0x00,0x00,0x01,0x9e,0xe8,0xa9,0x09,
0xd4,0x29,0xe9,0x1f,0x50,0x00,0xd9,0x3f,0x20,0x00,0xb9,0x3f,0x20,0x00,0xb9,0x1f,0x50,0x00,0xd9,0x09,
0xd4,0x29,0xe9,0x01,0x9e,0xe8,0xa9,0x00,0x00,0x00,0xd7,0x03,0x52,0x29,0xe2,0x03,0xce,0xeb,0x30,0x00,
0x00,0x01,0x10,0x00,0x00,0x00,0x0c,0x90,0x00,0x00,0x00,0x04,0x30,0x00,0x00,0x00,0x00,0x00,0x00,0x00,
0x18,0xdf,0xec,0x61,0x02,0xdd,0x63,0x36,0xb6,0x0a,0xe1,0x00,0x00,0x00,0x1f,0x70,0x00,0x00,0x00,0x3f,
0x50,0x00,0xef,0xfa,0x3f,0x50,0x00,0x23,0xbb,0x1f,0x70,0x00,0x00,0xab,0x0a,0xe1,0x00,0x00,0xab,0x02,
0xdd,0x63,0x36,0xda,0x00,0x18,0xdf,0xec,0x71,0x00,0x06,0xd0,0x00,0x00,0x04,0x80,0x00,0x00,0x00,0x00,
0x00,0x01,0x9e,0xe8,0xa9,0x09,0xd4,0x29,0xe9,0x1f,0x50,0x00,0xd9,0x3f,0x20,0x00,0xb9,0x3f,0x20,0x00,
0xb9,0x1f,0x50,0x00,0xd9,0x09,0xd4,0x29,0xe9,0x01,0x9e,0xe8,0xa9,0x00,0x00,0x00,0xd7,0x03,0x52,0x29,
0xe2,0x03,0xce,0xeb,0x30,0x00,0x18,0xdf,0xec,0x61,0x02,0xdd,0x63,0x36,0xb6,0x0a,0xe1,0x00,0x00,0x00,
0x1f,0x70,0x00,0x00,0x00,0x3f,0x50,0x00,0xef,0xfa,0x3f,0x50,0x00,0x23,0xbb,0x1f,0x70,0x00,0x00,0xab,
0x0a,0xe1,0x00,0x00,0xab,0x02,0xdd,0x63,0x36,0xda,0x00,0x18,0xdf,0xec,0x71,0x00,0x00,0x00,0x00,0x00,
0x00,0x00,0x0b,0x90,0x00,0x00,0x00,0x0e,0x20,0x00,0x00,0x00,0x03,0x00,0x00,0x00,0x00,0x22,0x00,0x00,
0x00,0xb5,0x00,0x00,0x04,0xf1,0x00,0x00,0x00,0x00,0x00,0x01,0x9e,0xe8,0xa9,0x09,0xd4,0x29,0xe9,0x1f,
0x50,0x00,0xd9,0x3f,0x20,0x00,0xb9,0x3f,0x20,0x00,0xb9,0x1f,0x50,0x00,0xd9,0x09,0xd4,0x29,0xe9,0x01,
0x9e,0xe8,0xa9,0x00,0x00,0x00,0xd7,0x03,0x52,0x29,0xe2,0x03,0xce,0xeb,0x30,0x00,0x04,0x71,0x00,0x00,
0x02,0xd8,0x90,0x00,0x00,0x53,0x06,0x10,0x00,0x00,0x00,0x00,0x00,0x9b,0x00,0x00,0x4f,0x29,0xb0,0x00,
0x04,0xf2,0x9b,0x00,0x00,0x4f,0x29,0xb0,0x00,0x04,0xf2,0x9f,0xff,0xff,0xff,0x29,0xc3,0x33,0x36,0xf2,
0x9b,0x00,0x00,0x4f,0x29,0xb0,0x00,0x04,0xf2,0x9b,0x00,0x00,0x4f,0x29,0xb0,0x00,0x04,0xf2,0x02,0xdd,
0x10,0x00,0x00,0xc3,0x69,0x00,0x00,0x00,0x00,0x00,0x00,0x00,0x0b,0x80,0x00,0x00,0x00,0xb8,0x00,0x00,
0x00,0x0b,0x80,0x00,0x00,0x00,0xb8,0x8e,0xe8,0x00,0x0b,0xe8,0x35,0xf5,0x00,0xbb,0x00,0x0a,0x90,0x0b,
0x80,0x00,0x9a,0x00,0xb8,0x00,0x09,0xa0,0x0b,0x80,0x00,0x9a,0x00,0xb8,0x00,0x09,0xa0,0x0b,0x80,0x00,
0x9a,0x07,0xe0,0x00,0x01,0xf4,0x09,0xff,0xff,0xff,0xff,0xf7,0x18,0xe2,0x22,0x23,0xf6,0x10,0x7e,0x00,
0x00,0x1f,0x40,0x07,0xff,0xff,0xff,0xf4,0x00,0x7e,0x33,0x33,0x4f,0x40,0x07,0xe0,0x00,0x01,0xf4,0x00,
0x7e,0x00,0x00,0x1f,0x40,0x07,0xe0,0x00,0x01,0xf4,0x00,0x7e,0x00,0x00,0x1f,0x40,0x05,0xe0,0x00,0x00,
0x02,0xff,0xff,0x50,0x00,0x06,0xe2,0x21,0x00,0x00,0x5e,0x4c,0xeb,0x20,0x05,0xfb,0x43,0xcb,0x00,0x5f,
0x20,0x04,0xf0,0x05,0xe0,0x00,0x3f,0x10,0x5e,0x00,0x03,0xf1,0x05,0xe0,0x00,0x3f,0x10,0x5e,0x00,0x03,
0xf1,0x05,0xe0,0x00,0x3f,0x10,0x0a,0xc4,0x94,0x2b,0x4c,0xb0,0x00,0x00,0x00,0x00,0x00,0x00,0x00,0x9b,
0x00,0x00,0x9b,0x00,0x00,0x9b,0x00,0x00,0x9b,0x00,0x00,0x9b,0x00,0x00,0x9b,0x00,0x00,0x9b,0x00,0x00,
0x9b,0x00,0x00,0x9b,0x00,0x00,0x9b,0x00,0x0c,0xc2,0xb2,0x49,0x3d,0xb0,0x00,0x00,0x00,0x00,0xa9,0x00,
0x00,0xa9,0x00,0x00,0xa9,0x00,0x00,0xa9,0x00,0x00,0xa9,0x00,0x00,0xa9,0x00,0x00,0xa9,0x00,0x00,0xa9,
0x00,0xee,0xee,0x12,0x22,0x20,0x00,0x00,0x00,0x9b,0x00,0x09,0xb0,0x00,0x9b,0x00,0x09,0xb0,0x00,0x9b,
0x00,0x09,0xb0,0x00,0x9b,0x00,0x09,0xb0,0x00,0x9b,0x00,0x09,0xb0,0x00,0x00,0x00,0x01,0xff,0xff,0x00,
0x00,0x00,0x0a,0x90,0x00,0xa9,0x00,0x0a,0x90,0x00,0xa9,0x00,0x0a,0x90,0x00,0xa9,0x00,0x0a,0x90,0x00,
0xa9,0x00,0x07,0x10,0x61,0x07,0xdd,0x90,0x00,0x00,0x00,0x00,0x00,0x00,0x00,0x9b,0x00,0x00,0x9b,0x00,
0x00,0x9b,0x00,0x00,0x9b,0x00,0x00,0x9b,0x00,0x00,0x9b,0x00,0x00,0x9b,0x00,0x00,0x9b,0x00,0x00,0x9b,
0x00,0x00,0x9b,0x00,0x1d,0x22,0xd0,0x07,0xed,0x60,0x00,0x00,0x00,0x00,0xa9,0x00,0x00,0xa9,0x00,0x00,
0xa9,0x00,0x00,0xa9,0x00,0x00,0xa9,0x00,0x00,0xa9,0x00,0x00,0xa9,0x00,0x00,0xa9,0x00,0x9b,0x09,0xb0,
0x9b,0x09,0xb0,0x9b,0x09,0xb0,0x9b,0x09,0xb0,0x9b,0x09,0xb0,0x67,0x0b,0x40,0x6d,0x90,0xa9,0x06,0x50,
0x00,0x0a,0x90,0xa9,0x0a,0x90,0xa9,0x0a,0x90,0xa9,0x0a,0x90,0xa9,0x08,0x40,0xe1,0x08,0xd7,0x11,0x9c,
0x33,0x00,0x9b,0x9b,0x9b,0x9b,0x9b,0x9b,0x9b,0x9b,0x9b,0x9b,0xa9,0xa9,0xa9,0xa9,0xa9,0xa9,0xa9,0xa9,
0x9b,0x00,0x8d,0x9b,0x00,0x8d,0x9b,0x00,0x8d,0x9b,0x00,0x8d,0x9b,0x00,0x8d,0x9b,0x00,0x8d,0x9b,0x00,
0x8d,0x9b,0x00,0x8d,0x9b,0x00,0x8d,0x9b,0x00,0x8d,0x00,0x00,0x9c,0x00,0x25,0xe8,0x00,0x9e,0x91,0xa9,
0x00,0xc7,0x65,0x00,0x74,0x00,0x00,0x00,0xa9,0x00,0xc7,0xa9,0x00,0xc7,0xa9,0x00,0xc7,0xa9,0x00,0xc7,
0xa9,0x00,0xc7,0xa9,0x00,0xc7,0xa9,0x00,0xc7,0xa9,0x00,0xc7,0x00,0x00,0xc6,0x00,0x13,0xf4,0x00,0x6e,
0x90,0x02,0xcc,0x30,0x06,0x21,0x60,0x00,0x00,0x00,0x00,0x9b,0x00,0x00,0x9b,0x00,0x00,0x9b,0x00,0x00,
0x9b,0x00,0x00,0x9b,0x00,0x00,0x9b,0x00,0x00,0x9b,0x00,0x00,0x9b,0x00,0x00,0x9b,0x00,0x00,0xab,0x00,
0x00,0xba,0x00,0x26,0xf6,0x00,0xbd,0x80,0x00,0x00,0x55,0x00,0x04,0xcd,0x20,0x1c,0x23,0xb0,0x00,0x00,
0x00,0x00,0xa9,0x00,0x00,0xa9,0x00,0x00,0xa9,0x00,0x00,0xa9,0x00,0x00,0xa9,0x00,0x00,0xa9,0x00,0x00,
0xa9,0x00,0x00,0xa9,0x00,0x00,0xb8,0x00,0x03,0xe5,0x00,0x4e,0xa0,0x00,0x9b,0x00,0x04,0xe8,0x09,0xb0,
0x05,0xf7,0x00,0x9b,0x06,0xf6,0x00,0x09,0xb7,0xf5,0x00,0x00,0x9f,0xf5,0x00,0x00,0x09,0xcd,0xc1,0x00,
0x00,0x9b,0x1c,0xc1,0x00,0x09,0xb0,0x1c,0xd1,0x00,0x9b,0x00,0x1c,0xd1,0x09,0xb0,0x00,0x1c,0xd2,0x00,
0x00,0x00,0x00,0x00,0x00,0x2f,0x20,0x00,0x00,0x06,0xa0,0x00,0x00,0x00,0x21,0x00,0x00,0xb8,0x00,0x00,
0x00,0xb8,0x00,0x00,0x00,0xb8,0x00,0x00,0x00,0xb8,0x00,0x4e,0x50,0xb8,0x05,0xe4,0x00,0xb8,0x7e,0x40,
0x00,0xbd,0xf3,0x00,0x00,0xba,0xe9,0x00,0x00,0xb8,0x2e,0x80,0x00,0xb8,0x02,0xe8,0x00,0xb8,0x00,0x2e,
0x80,0x00,0x00,0x00,0x00,0x00,0x0e,0x60,0x00,0x00,0x2d,0x00,0x00,0x00,0x12,0x00,0x00,0xb8,0x00,0x4e,
0x50,0xb8,0x05,0xe4,0x00,0xb8,0x6e,0x40,0x00,0xbd,0xf3,0x00,0x00,0xba,0xe9,0x00,0x00,0xb8,0x3e,0x80,
0x00,0xb8,0x03,0xe8,0x00,0xb8,0x00,0x3e,0x80,0x02,0x70,0x00,0x00,0xc5,0x00,0x00,0x26,0x00,0x00,0x00,
0x00,0x00,0x00,0x9b,0x00,0x00,0x09,0xb0,0x00,0x00,0x9b,0x00,0x00,0x09,0xb0,0x00,0x00,0x9b,0x00,0x00,
0x09,0xb0,0x00,0x00,0x9b,0x00,0x00,0x09,0xb0,0x00,0x00,0x9c,0x33,0x33,0x29,0xff,0xff,0xfb,0x09,0x94,
0xc0,0x00,0x0a,0x90,0xa9,0x0a,0x90,0xa9,0x0a,0x90,0xa9,0x0a,0x90,0xa9,0x0a,0x90,0xa9,0x0a,0x90,0x9b,
0x00,0x00,0x09,0xb0,0x00,0x00,0x9b,0x00,0x00,0x09,0xb0,0x00,0x00,0x9b,0x00,0x00,0x09,0xb0,0x00,0x00,
0x9b,0x00,0x00,0x09,0xb0,0x00,0x00,0x9c,0x33,0x33,0x29,0xff,0xff,0xfb,0x00,0x00,0x00,0x00,0x01,0xf4,
0x00,0x00,0x4c,0x00,0x00,0x02,0x20,0x00,0x0a,0x90,0xa9,0x0a,0x90,0xa9,0x0a,0x90,0xa9,0x0a,0x90,0xa9,
0x0a,0x90,0xa9,0x0a,0x90,0x00,0x0a,0xa0,0xd3,0x03,0x00,0x9b,0x08,0xc0,0x09,0xb0,0xa7,0x00,0x9b,0x08,
0x20,0x09,0xb0,0x00,0x00,0x9b,0x00,0x00,0x09,0xb0,0x00,0x00,0x9b,0x00,0x00,0x09,0xb0,0x00,0x00,0x9c,
0x33,0x33,0x29,0xff,0xff,0xfb,0xa9,0x3f,0x1a,0x96,0xc0,0xa9,0x55,0x0a,0x90,0x00,0xa9,0x00,0x0a,0x90,
0x00,0xa9,0x00,0x0a,0x90,0x00,0xa9,0x00,0x0a,0x90,0x00,0xa9,0x00,0x00,0x9b,0x00,0x00,0x09,0xb0,0x00,
0x00,0x9b,0x00,0x00,0x09,0xb0,0x08,0x90,0x9b,0x00,0xac,0x09,0xb0,0x00,0x00,0x9b,0x00,0x00,0x09,0xb0,
0x00,0x00,0x9c,0x33,0x33,0x29,0xff,0xff,0xfb,0xa9,0x00,0xa9,0x00,0xa9,0x00,0xa9,0x00,0xa9,0xc5,0xa9,
0xf6,0xa9,0x00,0xa9,0x00,0xa9,0x00,0xa9,0x00,0xa9,0x00,0x00,0x8c,0x00,0x00,0x00,0x08,0xc0,0x00,0x00,
0x00,0x8c,0x02,0x10,0x00,0x08,0xc5,0xd4,0x00,0x00,0x8f,0xb2,0x00,0x00,0x4e,0xd0,0x00,0x00,0x09,0xac,
0x00,0x00,0x00,0x08,0xc0,0x00,0x00,0x00,0x8d,0x33,0x33,0x20,0x08,0xff,0xff,0xfc,0x0a,0x90,0x0a,0x90,
0x0a,0x90,0x0a,0x92,0x0a,0xea,0x3d,0xb0,0x9c,0x90,0x0a,0x90,0x0a,0x90,0x0a,0x90,0x0a,0x90,0x00,0x00,
0x72,0x00,0x00,0x00,0x7a,0x00,0x00,0x00,0x07,0x10,0x00,0x00,0x00,0x00,0x00,0x00,0x9f,0x80,0x00,0x4f,
0x19,0xfe,0x10,0x04,0xf1,0x9b,0xc9,0x00,0x4f,0x19,0xb4,0xf2,0x04,0xf1,0x9b,0x0b,0xa0,0x4f,0x19,0xb0,
0x3f,0x34,0xf1,0x9b,0x00,0xab,0x4f,0x19,0xb0,0x02,0xf8,0xf1,0x9b,0x00,0x09,0xff,0x19,0xb0,0x00,0x1e,
0xf1,0x00,0x02,0x71,0x00,0x01,0xc6,0x00,0x00,0x97,0x00,0x00,0x00,0x00,0x00,0xb8,0x9e,0xe8,0x0b,0xf5,
0x03,0xe5,0xbb,0x00,0x0a,0x9b,0x80,0x00,0x9a,0xb8,0x00,0x09,0xab,0x80,0x00,0x9a,0xb8,0x00,0x09,0xab,
0x80,0x00,0x9a,0x9f,0x80,0x00,0x4f,0x19,0xfe,0x10,0x04,0xf1,0x9b,0xc9,0x00,0x4f,0x19,0xb4,0xf2,0x04,
0xf1,0x9b,0x0b,0xa0,0x4f,0x19,0xb0,0x3f,0x34,0xf1,0x9b,0x00,0xab,0x4f,0x19,0xb0,0x02,0xf8,0xf1,0x9b,
0x00,0x09,0xff,0x19,0xb0,0x00,0x1e,0xf1,0x00,0x00,0x00,0x00,0x00,0x00,0x5e,0x10,0x00,0x00,0x09,0x70,
0x00,0x00,0x00,0x31,0x00,0x00,0xb8,0x9e,0xe8,0x0b,0xf5,0x03,0xe5,0xbb,0x00,0x0a,0x9b,0x80,0x00,0x9a,
0xb8,0x00,0x09,0xab,0x80,0x00,0x9a,0xb8,0x00,0x09,0xab,0x80,0x00,0x9a,0x00,0x00,0x00,0x00,0x02,0xf3,
0x00,0x00,0x5b,0x00,0x00,0x02,0x10,0x00,0x00,0x69,0x5b,0x10,0x00,0x00,0x57,0x10,0x00,0x00,0x00,0x00,
0x00,0x09,0xf8,0x00,0x04,0xf1,0x9f,0xe1,0x00,0x4f,0x19,0xbc,0x90,0x04,0xf1,0x9b,0x4f,0x20,0x4f,0x19,
0xb0,0xba,0x04,0xf1,0x9b,0x03,0xf3,0x4f,0x19,0xb0,0x0a,0xb4,0xf1,0x9b,0x00,0x2f,0x8f,0x19,0xb0,0x00,
0x9f,0xf1,0x9b,0x00,0x01,0xef,0x10,0x04,0x30,0x43,0x00,0x2d,0x3d,0x10,0x00,0x6f,0x50,0x00,0x00,0x00,
0x00,0xb8,0x9e,0xe8,0x0b,0xf5,0x03,0xe5,0xbb,0x00,0x0a,0x9b,0x80,0x00,0x9a,0xb8,0x00,0x09,0xab,0x80,
0x00,0x9a,0xb8,0x00,0x09,0xab,0x80,0x00,0x9a,0x1f,0x60,0x00,0x00,0x00,0x3f,0x20,0x00,0x00,0x00,0x6a,
0x6d,0x6d,0xeb,0x10,0x21,0x6f,0xa1,0x1b,0xa0,0x00,0x6f,0x10,0x05,0xe0,0x00,0x6d,0x00,0x04,0xf0,0x00,
0x6d,0x00,0x04,0xf0,0x00,0x6d,0x00,0x04,0xf0,0x00,0x6d,0x00,0x04,0xf0,0x00,0x6d,0x00,0x04,0xf0,0x9b,
0x3c,0xee,0x70,0x9d,0xd6,0x48,0xf5,0x9f,0x30,0x00,0xbb,0x9d,0x00,0x00,0x8d,0x9b,0x00,0x00,0x7e,0x9b,
0x00,0x00,0x7e,0x9b,0x00,0x00,0x7e,0x9b,0x00,0x00,0x7e,0x9b,0x00,0x00,0x7e,0x9b,0x00,0x00,0x7e,0x00,
0x00,0x00,0x7d,0x00,0x00,0x02,0xbb,0x00,0x00,0x0f,0xc3,0xb8,0x9e,0xe8,0x0b,0xf5,0x03,0xe5,0xbb,0x00,
0x0a,0x9b,0x80,0x00,0x9a,0xb8,0x00,0x09,0xab,0x80,0x00,0x9a,0xb8,0x00,0x09,0xab,0x80,0x00,0x9a,0x00,
0x00,0x09,0xa0,0x01,0x12,0xd7,0x00,0x6f,0xeb,0x10,0x00,0x07,0xee,0xe8,0x00,0x00,0x00,0x12,0x22,0x10,
0x00,0x00,0x00,0x00,0x00,0x00,0x00,0x02,0x9d,0xfd,0x92,0x00,0x02,0xec,0x52,0x4c,0xe2,0x00,0xae,0x10,
0x00,0x1d,0xa0,0x1f,0x70,0x00,0x00,0x7f,0x13,0xf5,0x00,0x00,0x04,0xf3,0x3f,0x50,0x00,0x00,0x4f,0x31,
0xf7,0x00,0x00,0x07,0xf1,0x0a,0xe1,0x00,0x01,0xda,0x00,0x2e,0xc5,0x24,0xce,0x20,0x00,0x29,0xdf,0xe9,
0x20,0x00,0x00,0x00,0x00,0x00,0x00,0xbf,0xff,0x50,0x00,0x00,0x00,0x00,0x00,0x8e,0xfc,0x40,0x08,0xe5,
0x29,0xf2,0x0f,0x60,0x00,0xc8,0x2f,0x20,0x00,0x9b,0x2f,0x20,0x00,0x9b,0x0f,0x60,0x00,0xc8,0x08,0xe5,
0x29,0xf2,0x00,0x8e,0xfc,0x40,0x00,0x04,0x30,0x34,0x00,0x00,0x00,0x2c,0xec,0x30,0x00,0x00,0x00,0x00,
0x00,0x00,0x00,0x00,0x00,0x00,0x00,0x00,0x00,0x29,0xdf,0xd9,0x20,0x00,0x2e,0xc5,0x24,0xce,0x20,0x0a,
0xe1,0x00,0x01,0xda,0x01,0xf7,0x00,0x00,0x07,0xf1,0x3f,0x50,0x00,0x00,0x4f,0x33,0xf5,0x00,0x00,0x04,
0xf3,0x1f,0x70,0x00,0x00,0x7f,0x10,0xae,0x10,0x00,0x1d,0xa0,0x02,0xec,0x52,0x4c,0xe2,0x00,0x02,0x9d,
0xfe,0x92,0x00,0x00,0x60,0x03,0x30,0x00,0xa5,0x1b,0x30,0x00,0x2c,0xe8,0x00,0x00,0x00,0x00,0x00,0x00,
0x8e,0xfc,0x40,0x08,0xe5,0x29,0xf2,0x0f,0x60,0x00,0xc8,0x2f,0x20,0x00,0x9b,0x2f,0x20,0x00,0x9b,0x0f,
0x60,0x00,0xc8,0x08,0xe5,0x29,0xf2,0x00,0x8e,0xfc,0x40,0x00,0x00,0x5a,0x2c,0x20,0x00,0x00,0x2d,0x2b,
0x50,0x00,0x00,0x00,0x00,0x00,0x00,0x00,0x00,0x00,0x00,0x00,0x00,0x00,0x29,0xdf,0xd9,0x20,0x00,0x2e,
0xc5,0x24,0xce,0x20,0x0a,0xe1,0x00,0x01,0xda,0x01,0xf7,0x00,0x00,0x07,0xf1,0x3f,0x50,0x00,0x00,0x4f,
0x33,0xf5,0x00,0x00,0x04,0xf3,0x1f,0x70,0x00,0x00,0x7f,0x10,0xae,0x10,0x00,0x1d,0xa0,0x02,0xec,0x52,
0x4c,0xe2,0x00,0x02,0x9d,0xfe,0x92,0x00,0x00,0x01,0x91,0x83,0x00,0x08,0x84,0xc0,0x00,0x1d,0x1c,0x30,
0x00,0x00,0x00,0x00,0x00,0x8e,0xfc,0x40,0x08,0xe5,0x29,0xf2,0x0f,0x60,0x00,0xc8,0x2f,0x20,0x00,0x9b,
0x2f,0x20,0x00,0x9b,0x0f,0x60,0x00,0xc8,0x08,0xe5,0x29,0xf2,0x00,0x8e,0xfc,0x40,0x00,0x06,0xbe,0xff,
0xff,0xff,0xfe,0x00,0x1c,0xe8,0x43,0x9e,0x33,0x33,0x30,0x0a,0xe2,0x00,0x08,0xd0,0x00,0x00,0x01,0xf7,
0x00,0x00,0x8d,0x00,0x00,0x00,0x3f,0x40,0x00,0x08,0xff,0xff,0xfb,0x03,0xf4,0x00,0x00,0x8e,0x33,0x33,
0x20,0x1f,0x70,0x00,0x08,0xd0,0x00,0x00,0x00,0xae,0x20,0x00,0x8d,0x00,0x00,0x00,0x01,0xce,0x84,0x39,
0xe3,0x33,0x33,0x00,0x00,0x6b,0xef,0xff,0xff,0xff,0xf1,0x00,0x8e,0xfc,0x41,0x9e,0xeb,0x30,0x08,0xe5,
0x29,0xfd,0xb3,0x27,0xe1,0x0f,0x60,0x00,0xce,0x10,0x00,0xc6,0x2f,0x20,0x00,0x9f,0xff,0xff,0xf8,0x2f,
0x20,0x00,0x9d,0x00,0x00,0x00,0x0f,0x60,0x00,0xcf,0x30,0x00,0x00,0x08,0xe5,0x29,0xec,0xd5,0x23,0x84,
0x00,0x8e,0xfc,0x31,0x8d,0xfd,0xa2,0x00,0x02,0x70,0x00,0x00,0x00,0xc6,0x00,0x00,0x00,0x26,0x00,0x00,
0x00,0x00,0x00,0x00,0x00,0x9f,0xff,0xd9,0x10,0x09,0xc2,0x35,0xe9,0x00,0x9b,0x00,0x08,0xd0,0x09,0xb0,
0x02,0xcd,0x00,0x9f,0xff,0xff,0x60,0x09,0xc3,0x39,0xa0,0x00,0x9b,0x00,0x0c,0x70,0x09,0xb0,0x00,0x4e,
0x10,0x9b,0x00,0x00,0xc8,0x09,0xb0,0x00,0x06,0xf2,0x00,0x03,0x81,0x00,0x1d,0x40,0x00,0x96,0x00,0x00,
0x00,0x00,0xb9,0x9e,0xb0,0xbf,0x60,0x10,0xbb,0x00,0x00,0xb8,0x00,0x00,0xb8,0x00,0x00,0xb8,0x00,0x00,
0xb8,0x00,0x00,0xb8,0x00,0x00,0x9f,0xff,0xd9,0x10,0x09,0xc2,0x35,0xe9,0x00,0x9b,0x00,0x08,0xd0,0x09,
0xb0,0x02,0xcd,0x00,0x9f,0xff,0xff,0x60,0x09,0xc3,0x39,0xa0,0x00,0x9b,0x00,0x0c,0x70,0x09,0xb0,0x00,
0x4e,0x10,0x9b,0x00,0x00,0xc8,0x09,0xb0,0x00,0x06,0xf2,0x00,0x00,0x00,0x00,0x00,0x00,0x4f,0x20,0x00,
0x00,0x07,0x90,0x00,0x00,0x00,0x21,0x00,0x00,0x00,0x00,0x00,0x0b,0x99,0xeb,0x0b,0xf6,0x01,0x0b,0xb0,
0x00,0x0b,0x80,0x00,0x0b,0x80,0x00,0x0b,0x80,0x00,0x0b,0x80,0x00,0x0b,0x80,0x00,0x00,0x00,0x00,0x0a,
0xa0,0x00,0x0e,0x20,0x00,0x03,0x00,0x00,0x04,0xb4,0xb1,0x00,0x00,0x04,0x82,0x00,0x00,0x00,0x00,0x00,
0x00,0x09,0xff,0xfd,0x91,0x00,0x9c,0x23,0x5e,0x90,0x09,0xb0,0x00,0x8d,0x00,0x9b,0x00,0x2c,0xd0,0x09,
0xff,0xff,0xf6,0x00,0x9c,0x33,0x9a,0x00,0x09,0xb0,0x00,0xc7,0x00,0x9b,0x00,0x04,0xe1,0x09,0xb0,0x00,
0x0c,0x80,0x9b,0x00,0x00,0x6f,0x20,0x36,0x03,0x60,0xb6,0xc2,0x02,0xd6,0x00,0x00,0x00,0xb9,0x9e,0xbb,
0xf6,0x01,0xbb,0x00,0x0b,0x80,0x00,0xb8,0x00,0x0b,0x80,0x00,0xb8,0x00,0x0b,0x80,0x00,0x00,0x00,0x27,
0x00,0x00,0x00,0x0c,0x60,0x00,0x00,0x02,0x60,0x00,0x00,0x00,0x00,0x00,0x00,0x01,0x9d,0xfe,0xb4,0x00,
0xbd,0x53,0x47,0x60,0x0f,0x60,0x00,0x00,0x00,0xea,0x10,0x00,0x00,0x04,0xef,0xb8,0x30,0x00,0x00,0x47,
0xbf,0x70,0x00,0x00,0x00,0x8f,0x00,0x00,0x00,0x06,0xf1,0x0c,0x64,0x36,0xeb,0x00,0x8c,0xef,0xd8,0x10,
0x00,0x00,0x27,0x10,0x00,0x1c,0x60,0x00,0x09,0x70,0x00,0x00,0x00,0x00,0x04,0xce,0xec,0x21,0xe7,0x22,
0x52,0x2f,0x20,0x00,0x00,0xae,0xa6,0x10,0x00,0x37,0xce,0x30,0x00,0x00,0xc8,0x37,0x32,0x4e,0x62,0xbe,
0xfd,0x70,0x00,0x02,0x82,0x00,0x00,0x00,0xc7,0xc1,0x00,0x00,0x34,0x04,0x30,0x00,0x00,0x00,0x00,0x00,
0x01,0x9d,0xfe,0xb4,0x00,0xbd,0x53,0x47,0x60,0x0f,0x60,0x00,0x00,0x00,0xea,0x10,0x00,0x00,0x04,0xef,
0xb8,0x30,0x00,0x00,0x47,0xbf,0x70,0x00,0x00,0x00,0x8f,0x00,0x00,0x00,0x06,0xf1,0x0c,0x64,0x36,0xeb,
0x00,0x8c,0xef,0xd8,0x10,0x00,0x07,0x30,0x00,0x06,0xbd,0x10,0x02,0xc1,0x69,0x00,0x00,0x00,0x00,0x04,
0xce,0xec,0x21,0xe7,0x22,0x52,0x2f,0x20,0x00,0x00,0xae,0xa6,0x10,0x00,0x37,0xce,0x30,0x00,0x00,0xc8,
0x37,0x32,0x4e,0x62,0xbe,0xfd,0x70,0x01,0x9d,0xfe,0xb4,0x00,0xbd,0x53,0x47,0x60,0x0f,0x60,0x00,0x00,
0x00,0xea,0x10,0x00,0x00,0x04,0xef,0xb8,0x30,0x00,0x00,0x47,0xbf,0x70,0x00,0x00,0x00,0x8f,0x00,0x00,
0x00,0x06,0xf1,0x0c,0x64,0x36,0xeb,0x00,0x8c,0xef,0xd8,0x10,0x00,0x00,0x76,0x00,0x00,0x00,0x05,0xb0,
0x00,0x00,0x1c,0xd5,0x00,0x00,0x04,0xce,0xec,0x21,0xe7,0x22,0x52,0x2f,0x20,0x00,0x00,0xae,0xa6,0x10,
0x00,0x37,0xce,0x30,0x00,0x00,0xc8,0x37,0x32,0x4e,0x62,0xbe,0xfe,0x70,0x00,0x04,0xa0,0x00,0x01,0x1e,
0x00,0x00,0xbd,0x80,0x00,0x00,0x34,0x05,0x30,0x00,0x01,0xc7,0xc0,0x00,0x00,0x03,0x82,0x00,0x00,0x00,
0x00,0x00,0x00,0x01,0x9d,0xfe,0xb4,0x00,0xbd,0x53,0x47,0x60,0x0f,0x60,0x00,0x00,0x00,0xea,0x10,0x00,
0x00,0x04,0xef,0xb8,0x30,0x00,0x00,0x47,0xbf,0x70,0x00,0x00,0x00,0x8f,0x00,0x00,0x00,0x06,0xf1,0x0c,
0x64,0x36,0xeb,0x00,0x8c,0xef,0xd8,0x10,0x02,0x60,0x16,0x00,0x0b,0x5b,0x40,0x00,0x2e,0x90,0x00,0x00,
0x00,0x00,0x04,0xce,0xec,0x21,0xe7,0x22,0x52,0x2f,0x20,0x00,0x00,0xae,0xa6,0x10,0x00,0x37,0xce,0x30,
0x00,0x00,0xc8,0x37,0x32,0x4e,0x62,0xbe,0xfd,0x70,0x1f,0xff,0xff,0xff,0xf9,0x03,0x33,0x8f,0x33,0x32,
0x00,0x00,0x6f,0x00,0x00,0x00,0x00,0x6f,0x00,0x00,0x00,0x00,0x6f,0x00,0x00,0x00,0x00,0x6f,0x00,0x00,
0x00,0x00,0x6f,0x00,0x00,0x00,0x00,0x6f,0x00,0x00,0x00,0x00,0x6f,0x00,0x00,0x00,0x00,0x6f,0x00,0x00,
0x00,0x00,0x0c,0x10,0x00,0x00,0x00,0x0b,0x40,0x00,0x00,0x06,0xdc,0x10,0x00,0x0b,0x80,0x00,0x0b,0x80,
0x00,0x9f,0xff,0xf2,0x0b,0x80,0x00,0x0b,0x80,0x00,0x0b,0x80,0x00,0x0b,0x80,0x00,0x0a,0x90,0x00,0x08,
0xc2,0x10,0x02,0xbe,0xf2,0x00,0x0a,0x30,0x00,0x07,0x80,0x03,0xdd,0x40,0x00,0x05,0xa4,0xb1,0x00,0x00,
0x00,0x47,0x10,0x00,0x00,0x00,0x00,0x00,0x00,0x1f,0xff,0xff,0xff,0xf9,0x03,0x33,0x8f,0x33,0x32,0x00,
0x00,0x6f,0x00,0x00,0x00,0x00,0x6f,0x00,0x00,0x00,0x00,0x6f,0x00,0x00,0x00,0x00,0x6f,0x00,0x00,0x00,
0x00,0x6f,0x00,0x00,0x00,0x00,0x6f,0x00,0x00,0x00,0x00,0x6f,0x00,0x00,0x00,0x00,0x6f,0x00,0x00,0x00,
0x02,0x91,0x00,0x05,0xd0,0x0b,0x88,0x90,0x0b,0x80,0x00,0x9f,0xff,0xf2,0x0b,0x80,0x00,0x0b,0x80,0x00,
0x0b,0x80,0x00,0x0b,0x80,0x00,0x0a,0x90,0x00,0x08,0xc2,0x10,0x02,0xbe,0xf2,0x1f,0xff,0xff,0xff,0xf9,
0x03,0x33,0x8f,0x33,0x32,0x00,0x00,0x6f,0x00,0x00,0x00,0x00,0x6f,0x00,0x00,0x00,0x00,0x6f,0x00,0x00,
0x00,0x4f,0xff,0xfc,0x00,0x00,0x13,0x8f,0x32,0x00,0x00,0x00,0x6f,0x00,0x00,0x00,0x00,0x6f,0x00,0x00,
0x00,0x00,0x6f,0x00,0x00,0x0b,0x80,0x00,0x0b,0x80,0x00,0x9f,0xff,0xf2,0x0b,0x80,0x00,0x0b,0x80,0x00,
0x9f,0xff,0xf2,0x0b,0x80,0x00,0x0a,0x90,0x00,0x09,0xc2,0x10,0x02,0xce,0xf2,0x00,0x9c,0x59,0x40,0x00,
0x1c,0x4b,0xc1,0x00,0x00,0x00,0x00,0x00,0x00,0x00,0x00,0x00,0x00,0xc9,0x00,0x00,0x5f,0x0c,0x90,0x00,
0x05,0xf0,0xc9,0x00,0x00,0x5f,0x0c,0x90,0x00,0x05,0xf0,0xc9,0x00,0x00,0x5f,0x0c,0x90,0x00,0x05,0xf0,
0xba,0x00,0x00,0x6f,0x09,0xd0,0x00,0x0a,0xc0,0x2f,0xa3,0x37,0xf5,0x00,0x3b,0xee,0xc5,0x00,0x06,0xe7,
0x49,0x00,0xc1,0x9d,0x30,0x00,0x00,0x00,0x0c,0x70,0x00,0xa9,0xc7,0x00,0x0a,0x9c,0x70,0x00,0xa9,0xc7,
0x00,0x0a,0x9c,0x70,0x00,0xa9,0xb8,0x00,0x0c,0x97,0xd1,0x06,0xf9,0x09,0xed,0x8a,0x90,0x00,0xde,0xee,
0x20,0x00,0x01,0x22,0x20,0x00,0x00,0x00,0x00,0x00,0x0c,0x90,0x00,0x05,0xf0,0xc9,0x00,0x00,0x5f,0x0c,
0x90,0x00,0x05,0xf0,0xc9,0x00,0x00,0x5f,0x0c,0x90,0x00,0x05,0xf0,0xc9,0x00,0x00,0x5f,0x0b,0xa0,0x00,
0x06,0xf0,0x9d,0x00,0x00,0xac,0x02,0xfa,0x33,0x7f,0x50,0x03,0xbe,0xec,0x50,0x00,0x00,0x00,0x00,0x00,
0xaf,0xff,0x70,0x00,0x00,0x00,0x0c,0x70,0x00,0xa9,0xc7,0x00,0x0a,0x9c,0x70,0x00,0xa9,0xc7,0x00,0x0a,
0x9c,0x70,0x00,0xa9,0xb8,0x00,0x0c,0x97,0xd1,0x06,0xf9,0x09,0xed,0x8a,0x90,0x00,0x71,0x06,0x10,0x00,
0x06,0xde,0x90,0x00,0x00,0x00,0x00,0x00,0x00,0x00,0x00,0x00,0x00,0xc9,0x00,0x00,0x5f,0x0c,0x90,0x00,
0x05,0xf0,0xc9,0x00,0x00,0x5f,0x0c,0x90,0x00,0x05,0xf0,0xc9,0x00,0x00,0x5f,0x0c,0x90,0x00,0x05,0xf0,
0xba,0x00,0x00,0x6f,0x09,0xd0,0x00,0x0a,0xc0,0x2f,0xa3,0x37,0xf5,0x00,0x3b,0xee,0xc5,0x00,0x0a,0x60,
0x96,0x00,0x2c,0xeb,0x10,0x00,0x00,0x00,0x0c,0x70,0x00,0xa9,0xc7,0x00,0x0a,0x9c,0x70,0x00,0xa9,0xc7,
0x00,0x0a,0x9c,0x70,0x00,0xa9,0xb8,0x00,0x0c,0x97,0xd1,0x06,0xf9,0x09,0xed,0x8a,0x90,0x00,0x1b,0xc3,
0x00,0x00,0x08,0x62,0xc0,0x00,0x00,0xa2,0x0c,0x00,0x00,0x08,0x73,0xc0,0x00,0xc9,0x1b,0xd3,0x5f,0x0c,
0x90,0x00,0x05,0xf0,0xc9,0x00,0x00,0x5f,0x0c,0x90,0x00,0x05,0xf0,0xc9,0x00,0x00,0x5f,0x0c,0x90,0x00,
0x05,0xf0,0xba,0x00,0x00,0x6f,0x09,0xd0,0x00,0x0a,0xc0,0x2f,0xa3,0x37,0xf5,0x00,0x3b,0xee,0xc5,0x00,
0x00,0x9c,0x60,0x00,0x68,0x1c,0x10,0x07,0x70,0xb2,0x00,0x1b,0xd8,0x00,0x00,0x00,0x00,0x0c,0x70,0x00,
0xa9,0xc7,0x00,0x0a,0x9c,0x70,0x00,0xa9,0xc7,0x00,0x0a,0x9c,0x70,0x00,0xa9,0xb8,0x00,0x0c,0x97,0xd1,
0x06,0xf9,0x09,0xed,0x8a,0x90,0x00,0x09,0x66,0x90,0x00,0x06,0xa3,0xd1,0x00,0x00,0x00,0x00,0x00,0x00,
0x00,0x00,0x00,0x00,0xc9,0x00,0x00,0x5f,0x0c,0x90,0x00,0x05,0xf0,0xc9,0x00,0x00,0x5f,0x0c,0x90,0x00,
0x05,0xf0,0xc9,0x00,0x00,0x5f,0x0c,0x90,0x00,0x05,0xf0,0xba,0x00,0x00,0x6f,0x09,0xd0,0x00,0x0a,0xc0,
0x2f,0xa3,0x37,0xf5,0x00,0x3b,0xee,0xc5,0x00,0x00,0x09,0x17,0x40,0x06,0xa3,0xd1,0x00,0xd2,0xb4,0x00,
0x00,0x00,0x00,0xc7,0x00,0x0a,0x9c,0x70,0x00,0xa9,0xc7,0x00,0x0a,0x9c,0x70,0x00,0xa9,0xc7,0x00,0x0a,
0x9b,0x80,0x00,0xc9,0x7d,0x10,0x6f,0x90,0x9e,0xd8,0xa9,0xc9,0x00,0x00,0x5f,0x0c,0x90,0x00,0x05,0xf0,
0xc9,0x00,0x00,0x5f,0x0c,0x90,0x00,0x05,0xf0,0xc9,0x00,0x00,0x5f,0x0c,0x90,0x00,0x05,0xf0,0xba,0x00,
0x00,0x6f,0x09,0xd0,0x00,0x0a,0xc0,0x2f,0xa3,0x37,0xf5,0x00,0x3b,0xff,0xc5,0x00,0x00,0x0a,0x30,0x00,
0x00,0x00,0xe1,0x00,0x00,0x00,0x08,0xd7,0x00,0x00,0xc7,0x00,0x0a,0x90,0xc7,0x00,0x0a,0x90,0xc7,0x00,
0x0a,0x90,0xc7,0x00,0x0a,0x90,0xc7,0x00,0x0a,0x90,0xb8,0x00,0x0c,0x90,0x7d,0x10,0x6f,0x90,0x09,0xed,
0x8a,0x90,0x00,0x00,0x08,0x50,0x00,0x00,0x0e,0x10,0x00,0x00,0x08,0xd7,0x00,0x00,0x00,0x76,0x00,0x00,
0x00,0x00,0x00,0x07,0xab,0x40,0x00,0x00,0x00,0x00,0x07,0x01,0x60,0x00,0x00,0x00,0x00,0x00,0x00,0x00,
0x00,0x00,0x6e,0x00,0x00,0xec,0x00,0x02,0xf4,0x2f,0x40,0x04,0xef,0x10,0x06,0xf0,0x0d,0x70,0x07,0xac,
0x50,0x0a,0xb0,0x0a,0xb0,0x0b,0x68,0x90,0x0e,0x70,0x06,0xf0,0x0f,0x24,0xd0,0x2f,0x40,0x02,0xf4,0x4d,
0x01,0xf1,0x6e,0x00,0x00,0xd8,0x8a,0x00,0xc5,0xab,0x00,0x00,0x9b,0xb6,0x00,0x89,0xe7,0x00,0x00,0x6f,
0xf2,0x00,0x4e,0xf3,0x00,0x00,0x2f,0xd0,0x00,0x1f,0xe0,0x00,0x00,0x00,0x07,0x30,0x00,0x00,0x00,0x07,
0xbd,0x10,0x00,0x00,0x02,0xc1,0x69,0x00,0x00,0x00,0x00,0x00,0x00,0x00,0x4e,0x00,0x2f,0x90,0x08,0xb1,
0xf3,0x06,0xed,0x00,0xc7,0x0c,0x70,0xa7,0xf1,0x1f,0x30,0x8b,0x0d,0x3b,0x54,0xe0,0x04,0xe2,0xe0,0x89,
0x8b,0x00,0x1f,0x9b,0x04,0xdc,0x70,0x00,0xcf,0x70,0x0f,0xf3,0x00,0x08,0xf3,0x00,0xbe,0x00,0x00,0x00,
0x47,0x10,0x00,0x00,0x02,0xd8,0xa0,0x00,0x00,0x05,0x30,0x61,0x00,0x00,0x00,0x00,0x00,0x00,0x0a,0xc0,
0x00,0x04,0xf4,0x01,0xe7,0x00,0x1d,0x80,0x00,0x5f,0x30,0x9c,0x00,0x00,0x09,0xc5,0xf3,0x00,0x00,0x01,
0xdf,0x70,0x00,0x00,0x00,0x7f,0x00,0x00,0x00,0x00,0x6f,0x00,0x00,0x00,0x00,0x6f,0x00,0x00,0x00,0x00,
0x6f,0x00,0x00,0x00,0x00,0x6f,0x00,0x00,0x00,0x04,0x60,0x00,0x00,0x1d,0xc5,0x00,0x00,0xa4,0x1c,0x10,
0x00,0x00,0x00,0x00,0x6e,0x00,0x00,0xaa,0x1e,0x50,0x01,0xf4,0x09,0xb0,0x06,0xd0,0x03,0xf1,0x0c,0x80,
0x00,0xc7,0x3f,0x20,0x00,0x6d,0x9b,0x00,0x00,0x1e,0xf5,0x00,0x00,0x0a,0xe0,0x00,0x00,0x0b,0x90,0x00,
0x01,0x5f,0x20,0x00,0x0d,0xe7,0x00,0x00,0x00,0x01,0x10,0x20,0x00,0x00,0x0b,0xa1,0xf5,0x00,0x00,0x03,
0x30,0x41,0x00,0x00,0x00,0x00,0x00,0x00,0x0a,0xc0,0x00,0x04,0xf4,0x01,0xe7,0x00,0x1d,0x80,0x00,0x5f,
0x30,0x9c,0x00,0x00,0x09,0xc5,0xf3,0x00,0x00,0x01,0xdf,0x70,0x00,0x00,0x00,0x7f,0x00,0x00,0x00,0x00,
0x6f,0x00,0x00,0x00,0x00,0x6f,0x00,0x00,0x00,0x00,0x6f,0x00,0x00,0x00,0x00,0x6f,0x00,0x00,0x00,0x00,
0x27,0x00,0x00,0x00,0x0c,0x60,0x00,0x00,0x02,0x60,0x00,0x00,0x00,0x00,0x00,0x00,0x3f,0xff,0xff,0xff,
0xc1,0x33,0x33,0x36,0xf7,0x00,0x00,0x02,0xe9,0x00,0x00,0x01,0xcb,0x00,0x00,0x00,0xad,0x10,0x00,0x00,
0x8e,0x30,0x00,0x00,0x5f,0x40,0x00,0x00,0x3f,0x70,0x00,0x00,0x2e,0xb3,0x33,0x33,0x36,0xff,0xff,0xff,
0xff,0x00,0x00,0x27,0x10,0x00,0x1c,0x60,0x00,0x09,0x70,0x00,0x00,0x00,0x00,0x4f,0xff,0xff,0xb0,0x00,
0x02,0xe7,0x00,0x01,0xca,0x00,0x00,0xac,0x10,0x00,0x8e,0x20,0x00,0x5f,0x40,0x00,0x2e,0x60,0x00,0x06,
0xff,0xff,0xfb,0x00,0x00,0x11,0x00,0x00,0x00,0x0d,0x80,0x00,0x00,0x00,0x42,0x00,0x00,0x00,0x00,0x00,
0x00,0x3f,0xff,0xff,0xff,0xc1,0x33,0x33,0x36,0xf7,0x00,0x00,0x02,0xe9,0x00,0x00,0x01,0xcb,0x00,0x00,
0x00,0xad,0x10,0x00,0x00,0x8e,0x30,0x00,0x00,0x5f,0x40,0x00,0x00,0x3f,0x70,0x00,0x00,0x2e,0xb3,0x33,
0x33,0x36,0xff,0xff,0xff,0xff,0x00,0x0f,0x40,0x00,0x00,0x92,0x00,0x00,0x00,0x00,0x04,0xff,0xff,0xfb,
0x00,0x00,0x2e,0x70,0x00,0x1c,0xa0,0x00,0x0a,0xc1,0x00,0x08,0xe2,0x00,0x05,0xf4,0x00,0x02,0xe6,0x00,
0x00,0x6f,0xff,0xff,0xb0,0x00,0x16,0x02,0x50,0x00,0x00,0x98,0xc3,0x00,0x00,0x00,0x75,0x00,0x00,0x00,
0x00,0x00,0x00,0x3f,0xff,0xff,0xff,0xc1,0x33,0x33,0x36,0xf7,0x00,0x00,0x02,0xe9,0x00,0x00,0x01,0xcb,
0x00,0x00,0x00,0xad,0x10,0x00,0x00,0x8e,0x30,0x00,0x00,0x5f,0x40,0x00,0x00,0x3f,0x70,0x00,0x00,0x2e,
0xb3,0x33,0x33,0x36,0xff,0xff,0xff,0xff,0x02,0x50,0x25,0x00,0x0c,0x4c,0x30,0x00,0x3f,0x80,0x00,0x00,
0x00,0x00,0x4f,0xff,0xff,0xb0,0x00,0x02,0xe7,0x00,0x01,0xca,0x00,0x00,0xac,0x10,0x00,0x8e,0x20,0x00,
0x5f,0x40,0x00,0x2e,0x60,0x00,0x06,0xff,0xff,0xfb,0x00,0x9e,0xf3,0x05,0xe2,0x10,0x07,0xc0,0x00,0xaf,
0xc0,0x00,0x07,0xc0,0x00,0x07,0xc0,0x00,0x07,0xc0,0x00,0x07,0xc0,0x00,0x07,0xc0,0x00,0x07,0xc0,0x00,
0x07,0xc0,0x00,0x00,0x09,0xef,0x30,0x05,0xe2,0x10,0x00,0x7c,0x00,0x00,0xaf,0xff,0xd0,0x00,0x7c,0x00,
0x00,0x07,0xc0,0x00,0x00,0x7c,0x00,0x00,0x07,0xc0,0x00,0x00,0x7c,0x00,0x00,0x07,0xc0,0x00,0x00,0x7c,
0x00,0x00,0x07,0xc0,0x00,0x11,0xb9,0x00,0x0d,0xfb,0x20,0x00,0x01,0x9d,0xfe,0xb4,0x00,0xbd,0x53,0x47,
0x60,0x0f,0x60,0x00,0x00,0x00,0xea,0x10,0x00,0x00,0x04,0xef,0xb8,0x30,0x00,0x00,0x47,0xbf,0x70,0x00,
0x00,0x00,0x8f,0x00,0x00,0x00,0x06,0xf1,0x0c,0x64,0x36,0xeb,0x00,0x8c,0xef,0xd8,0x10,0x00,0x00,0x00,
0x00,0x00,0x00,0x4e,0x10,0x00,0x00,0x08,0x80,0x00,0x00,0x00,0x21,0x00,0x00,0x04,0xce,0xec,0x21,0xe7,
0x22,0x52,0x2f,0x20,0x00,0x00,0xae,0xa6,0x10,0x00,0x37,0xce,0x30,0x00,0x00,0xc8,0x37,0x32,0x4e,0x62,
0xbe,0xfd,0x70,0x00,0x00,0x00,0x00,0x00,0xc8,0x00,0x00,0x1e,0x10,0x00,0x01,0x20,0x00,0x1f,0xff,0xff,
0xff,0xf9,0x03,0x33,0x8f,0x33,0x32,0x00,0x00,0x6f,0x00,0x00,0x00,0x00,0x6f,0x00,0x00,0x00,0x00,0x6f,
0x00,0x00,0x00,0x00,0x6f,0x00,0x00,0x00,0x00,0x6f,0x00,0x00,0x00,0x00,0x6f,0x00,0x00,0x00,0x00,0x6f,
0x00,0x00,0x00,0x00,0x6f,0x00,0x00,0x00,0x00,0x00,0x00,0x00,0x00,0x00,0x8c,0x00,0x00,0x00,0x00,0xc4,
0x00,0x00,0x00,0x00,0x30,0x00,0x00,0x0b,0x80,0x00,0x0b,0x80,0x00,0x9f,0xff,0xf2,0x0b,0x80,0x00,0x0b,
0x80,0x00,0x0b,0x80,0x00,0x0b,0x80,0x00,0x0a,0x90,0x00,0x08,0xc2,0x10,0x02,0xbe,0xf2,0x00,0x00,0x00,
0x00,0x1f,0x30,0x00,0x5b,0x00,0x00,0x21,0x00,0x01,0x81,0x00,0xab,0xa0,0x5a,0x0a,0x50,0x43,0x03,0x41,
0xd3,0xd1,0x05,0xf5,0x00,0x4d,0x83,0xaa,0x38,0xd4,0x00,0x03,0xfc,0x00,0x00,0x00,0x09,0x9e,0x20,0x00,
0x00,0x1e,0x39,0x80,0x00,0x00,0x5c,0x04,0xe0,0x00,0x00,0xb7,0x00,0xd5,0x00,0x02,0xf2,0x00,0x8b,0x00,
0x08,0xff,0xff,0xff,0x20,0x0e,0x73,0x33,0x3c,0x70,0x5f,0x10,0x00,0x07,0xd0,0xab,0x00,0x00,0x02,0xf4,
0x9f,0xff,0xeb,0x30,0x9c,0x22,0x4b,0xe0,0x9b,0x00,0x04,0xf2,0x9b,0x00,0x19,0xd0,0x9f,0xff,0xfe,0x30,
0x9c,0x22,0x39,0xe2,0x9b,0x00,0x00,0xe8,0x9b,0x00,0x00,0xe8,0x9c,0x22,0x39,0xf4,0x9f,0xff,0xec,0x50,
0x9f,0xff,0xff,0xb9,0xc3,0x33,0x32,0x9b,0x00,0x00,0x09,0xb0,0x00,0x00,0x9b,0x00,0x00,0x09,0xb0,0x00,
0x00,0x9b,0x00,0x00,0x09,0xb0,0x00,0x00,0x9b,0x00,0x00,0x09,0xb0,0x00,0x00,0x00,0x03,0xfc,0x00,0x00,
0x00,0x09,0xaf,0x20,0x00,0x00,0x1e,0x4a,0x80,0x00,0x00,0x5d,0x05,0xe0,0x00,0x00,0xb8,0x00,0xe5,0x00,
0x02,0xf3,0x00,0x9b,0x00,0x08,0xc0,0x00,0x4f,0x20,0x0e,0x70,0x00,0x0d,0x70,0x5f,0x43,0x33,0x3a,0xd0,
0xaf,0xff,0xff,0xff,0xf4,0x9f,0xff,0xff,0xc9,0xc3,0x33,0x32,0x9b,0x00,0x00,0x09,0xb0,0x00,0x00,0x9f,
0xff,0xff,0x99,0xc3,0x33,0x32,0x9b,0x00,0x00,0x09,0xb0,0x00,0x00,0x9c,0x33,0x33,0x39,0xff,0xff,0xfe,
0x3f,0xff,0xff,0xff,0xc1,0x33,0x33,0x36,0xf7,0x00,0x00,0x02,0xe9,0x00,0x00,0x01,0xcb,0x00,0x00,0x00,
0xad,0x10,0x00,0x00,0x8e,0x30,0x00,0x00,0x5f,0x40,0x00,0x00,0x3f,0x70,0x00,0x00,0x2e,0xb3,0x33,0x33,
0x36,0xff,0xff,0xff,0xff,0x9b,0x00,0x00,0x4f,0x29,0xb0,0x00,0x04,0xf2,0x9b,0x00,0x00,0x4f,0x29,0xb0,
0x00,0x04,0xf2,0x9f,0xff,0xff,0xff,0x29,0xc3,0x33,0x36,0xf2,0x9b,0x00,0x00,0x4f,0x29,0xb0,0x00,0x04,
0xf2,0x9b,0x00,0x00,0x4f,0x29,0xb0,0x00,0x04,0xf2,0x00,0x29,0xdf,0xd9,0x20,0x00,0x2e,0xc5,0x24,0xce,
0x20,0x0a,0xe1,0x00,0x01,0xda,0x01,0xf7,0x00,0x00,0x07,0xf1,0x3f,0x5e,0xff,0xfe,0x4f,0x33,0xf5,0x33,
0x33,0x34,0xf3,0x1f,0x70,0x00,0x00,0x7f,0x10,0xae,0x10,0x00,0x1d,0xb0,0x02,0xdc,0x52,0x4c,0xe2,0x00,
0x01,0x9d,0xfe,0x92,0x00,0x9b,0x9b,0x9b,0x9b,0x9b,0x9b,0x9b,0x9b,0x9b,0x9b,0x9b,0x00,0x04,0xe8,0x09,
0xb0,0x05,0xf7,0x00,0x9b,0x06,0xf6,0x00,0x09,0xb7,0xf5,0x00,0x00,0x9f,0xf5,0x00,0x00,0x09,0xcd,0xc1,
0x00,0x00,0x9b,0x1c,0xc1,0x00,0x09,0xb0,0x1c,0xd1,0x00,0x9b,0x00,0x1c,0xd1,0x09,0xb0,0x00,0x1c,0xd2,
0x00,0x03,0xfc,0x00,0x00,0x00,0x09,0xdf,0x20,0x00,0x00,0x1e,0x5c,0x80,0x00,0x00,0x5e,0x06,0xe0,0x00,
0x00,0xb9,0x01,0xf5,0x00,0x02,0xf3,0x00,0xab,0x00,0x08,0xd0,0x00,0x4f,0x20,0x0e,0x70,0x00,0x0d,0x70,
0x5f,0x20,0x00,0x08,0xd0,0xab,0x00,0x00,0x02,0xf4,0x9f,0x90,0x00,0x08,0xfb,0x9d,0xe1,0x00,0x0e,0xdb,
0x9b,0xc6,0x00,0x5d,0xab,0x9b,0x6c,0x00,0xa7,0xab,0x9b,0x1e,0x21,0xf2,0xab,0x9b,0x0a,0x87,0xb0,0xab,
0x9b,0x04,0xdd,0x50,0xab,0x9b,0x00,0xde,0x00,0xab,0x9b,0x00,0x11,0x00,0xab,0x9b,0x00,0x00,0x00,0xab,
0x9f,0x80,0x00,0x4f,0x19,0xfe,0x10,0x04,0xf1,0x9b,0xc9,0x00,0x4f,0x19,0xb4,0xf2,0x04,0xf1,0x9b,0x0b,
0xa0,0x4f,0x19,0xb0,0x3f,0x34,0xf1,0x9b,0x00,0xab,0x4f,0x19,0xb0,0x02,0xf8,0xf1,0x9b,0x00,0x09,0xff,
0x19,0xb0,0x00,0x1e,0xf1,0x9f,0xff,0xff,0xa2,0x33,0x33,0x32,0x00,0x00,0x00,0x00,0x00,0x00,0x00,0x0e,
0xff,0xfe,0x00,0x33,0x33,0x30,0x00,0x00,0x00,0x00,0x00,0x00,0x00,0x23,0x33,0x33,0x29,0xff,0xff,0xfa,
0x00,0x29,0xdf,0xd9,0x20,0x00,0x2e,0xc5,0x24,0xce,0x20,0x0a,0xe1,0x00,0x01,0xda,0x01,0xf7,0x00,0x00,
0x07,0xf1,0x3f,0x50,0x00,0x00,0x4f,0x33,0xf5,0x00,0x00,0x04,0xf3,0x1f,0x70,0x00,0x00,0x7f,0x10,0xae,
0x10,0x00,0x1d,0xa0,0x02,0xec,0x52,0x4c,0xe2,0x00,0x02,0x9d,0xfe,0x92,0x00,0x9f,0xff,0xff,0xff,0x29,
0xc3,0x33,0x36,0xf2,0x9b,0x00,0x00,0x4f,0x29,0xb0,0x00,0x04,0xf2,0x9b,0x00,0x00,0x4f,0x29,0xb0,0x00,
0x04,0xf2,0x9b,0x00,0x00,0x4f,0x29,0xb0,0x00,0x04,0xf2,0x9b,0x00,0x00,0x4f,0x29,0xb0,0x00,0x04,0xf2,
0x9f,0xff,0xd8,0x09,0xc2,0x36,0xf8,0x9b,0x00,0x09,0xd9,0xb0,0x00,0x8e,0x9b,0x00,0x3e,0xa9,0xff,0xff,
0xb1,0x9c,0x32,0x10,0x09,0xb0,0x00,0x00,0x9b,0x00,0x00,0x09,0xb0,0x00,0x00,0x9f,0xff,0xff,0xc5,0xf7,
0x33,0x32,0x06,0xe3,0x00,0x00,0x07,0xe3,0x00,0x00,0x09,0xe1,0x00,0x01,0xd9,0x00,0x00,0xbb,0x00,0x00,
0x9d,0x10,0x00,0x5f,0x63,0x33,0x39,0xff,0xff,0xfe,0x1f,0xff,0xff,0xff,0xf9,0x03,0x33,0x8f,0x33,0x32,
0x00,0x00,0x6f,0x00,0x00,0x00,0x00,0x6f,0x00,0x00,0x00,0x00,0x6f,0x00,0x00,0x00,0x00,0x6f,0x00,0x00,
0x00,0x00,0x6f,0x00,0x00,0x00,0x00,0x6f,0x00,0x00,0x00,0x00,0x6f,0x00,0x00,0x00,0x00,0x6f,0x00,0x00,
0x0a,0xc0,0x00,0x04,0xf4,0x01,0xe7,0x00,0x1d,0x80,0x00,0x5f,0x30,0x9c,0x00,0x00,0x09,0xc5,0xf3,0x00,
0x00,0x01,0xdf,0x70,0x00,0x00,0x00,0x7f,0x00,0x00,0x00,0x00,0x6f,0x00,0x00,0x00,0x00,0x6f,0x00,0x00,
0x00,0x00,0x6f,0x00,0x00,0x00,0x00,0x6f,0x00,0x00,0x00,0x00,0x3f,0x30,0x00,0x00,0x02,0x9d,0xfd,0xa2,
0x00,0x04,0xfa,0x6f,0x7a,0xf5,0x00,0xeb,0x03,0xf3,0x0a,0xe0,0x3f,0x50,0x3f,0x30,0x5f,0x33,0xf5,0x03,
0xf3,0x05,0xf3,0x0e,0xa0,0x3f,0x30,0xae,0x00,0x5f,0xa6,0xf6,0xaf,0x50,0x00,0x2a,0xdf,0xda,0x30,0x00,
0x00,0x03,0xf3,0x00,0x00,0x0c,0xa0,0x00,0x1d,0x90,0x02,0xe6,0x00,0x9d,0x10,0x00,0x6e,0x24,0xf4,0x00,
0x00,0x0b,0xbd,0x80,0x00,0x00,0x02,0xfd,0x00,0x00,0x00,0x08,0xef,0x20,0x00,0x00,0x3f,0x4a,0xc0,0x00,
0x00,0xd9,0x01,0xe7,0x00,0x08,0xd1,0x00,0x5f,0x30,0x4f,0x40,0x00,0x0a,0xc0,0x3f,0x40,0x3f,0x30,0x3f,
0x43,0xf4,0x03,0xf3,0x03,0xf4,0x3f,0x40,0x3f,0x30,0x3f,0x42,0xf5,0x03,0xf3,0x05,0xf3,0x0e,0x80,0x3f,
0x30,0x7f,0x00,0x9e,0x13,0xf3,0x1e,0x90,0x01,0xdd,0x7f,0x8d,0xd1,0x00,0x01,0x9d,0xfe,0x91,0x00,0x00,
0x00,0x3f,0x30,0x00,0x00,0x00,0x03,0xf3,0x00,0x00,0x00,0x2a,0xef,0xd8,0x10,0x00,0x4e,0xc5,0x46,0xec,
0x10,0x0d,0xb0,0x00,0x02,0xe9,0x03,0xf4,0x00,0x00,0x09,0xe0,0x5f,0x20,0x00,0x00,0x6f,0x04,0xf3,0x00,
0x00,0x07,0xe0,0x1e,0x70,0x00,0x00,0xca,0x00,0x6e,0x30,0x00,0x6f,0x30,0x24,0xbe,0x40,0x8f,0x84,0x17,
0xff,0xfa,0x0e,0xff,0xf3,0x01,0x9e,0xe8,0x1e,0x20,0xac,0x12,0xe9,0xc0,0x1f,0x50,0x08,0xf7,0x03,0xf2,
0x00,0x5f,0x20,0x3f,0x20,0x05,0xe0,0x01,0xf4,0x00,0x9f,0x10,0x0a,0xb1,0x2e,0xd5,0x00,0x1a,0xee,0x74,
0xd8,0x08,0xde,0xc3,0x05,0xf4,0x18,0xd0,0x9a,0x00,0x1f,0x2a,0x90,0x03,0xf2,0xa9,0x02,0xbd,0x0a,0x98,
0xff,0x60,0xa9,0x13,0x7e,0x7a,0x90,0x00,0x7d,0xa9,0x00,0x07,0xda,0xe6,0x24,0xd8,0xac,0xcf,0xd9,0x1a,
0x90,0x00,0x00,0xa9,0x00,0x00,0x0a,0x90,0x00,0x00,0xcc,0x10,0x00,0xaa,0x2c,0x80,0x01,0xf4,0x05,0xd0,
0x07,0xd0,0x01,0xe3,0x0c,0x80,0x00,0xa9,0x3f,0x20,0x00,0x5e,0x9b,0x00,0x00,0x0e,0xf5,0x00,0x00,0x0a,
0xe0,0x00,0x00,0x07,0xc0,0x00,0x00,0x07,0xc0,0x00,0x00,0x07,0xc0,0x00,0x01,0x9e,0xfe,0x90,0x06,0xe3,
0x12,0x40,0x03,0xf9,0x51,0x00,0x01,0x91,0x39,0x80,0x0b,0x50,0x00,0xd6,0x1f,0x20,0x00,0x9a,0x3f,0x20,
0x00,0x9b,0x1f,0x60,0x00,0xd9,0x09,0xe5,0x29,0xf3,0x00,0x8e,0xec,0x40,0x02,0xbe,0xed,0x40,0xbb,0x32,
0x42,0x0c,0x90,0x00,0x00,0x2d,0xfe,0x20,0x0a,0xa3,0x20,0x01,0xf3,0x00,0x00,0x0d,0xa3,0x13,0x40,0x2a,
0xef,0xd6,0x0f,0xff,0xff,0xe0,0x44,0x5d,0xf8,0x00,0x2d,0xc2,0x00,0x1d,0xb0,0x00,0x09,0xd1,0x00,0x01,
0xe5,0x00,0x00,0x3f,0x10,0x00,0x04,0xf1,0x00,0x00,0x1f,0x50,0x00,0x00,0x9e,0x52,0x00,0x00,0x7d,0xfe,
0x40,0x00,0x00,0x8c,0x00,0x00,0x18,0xc0,0x00,0x04,0xd3,0xb8,0x9e,0xe8,0x0b,0xf5,0x03,0xe5,0xbb,0x00,
0x0a,0x9b,0x80,0x00,0x9a,0xb8,0x00,0x09,0xab,0x80,0x00,0x9a,0xb8,0x00,0x09,0xab,0x80,0x00,0x9a,0x00,
0x00,0x09,0xa0,0x00,0x00,0x9a,0x00,0x00,0x09,0xa0,0x00,0x6d,0xeb,0x20,0x04,0xe4,0x1a,0xd0,0x0c,0x90,
0x01,0xf5,0x1f,0x50,0x00,0xb9,0x3f,0x30,0x00,0x9b,0x3f,0xff,0xff,0xfc,0x3f,0x53,0x33,0xab,0x1f,0x40,
0x00,0xb9,0x0c,0x80,0x00,0xe5,0x04,0xe4,0x19,0xc0,0x00,0x6d,0xfb,0x20,0xd6,0x00,0xd6,0x00,0xd6,0x00,
0xd6,0x00,0xd6,0x00,0xc7,0x00,0xab,0x20,0x2c,0xf4,0xa9,0x00,0x9d,0x1a,0x90,0x9d,0x10,0xa9,0x9d,0x10,
0x0a,0xef,0xb0,0x00,0xad,0x3e,0x70,0x0a,0x90,0x5f,0x30,0xa9,0x00,0xac,0x0a,0x90,0x01,0xd8,0x07,0xfb,
0x10,0x00,0x00,0x3e,0x60,0x00,0x00,0x08,0xc0,0x00,0x00,0x05,0xf2,0x00,0x00,0x0b,0xf8,0x00,0x00,0x2f,
0xad,0x00,0x00,0x9c,0x2f,0x40,0x01,0xe5,0x0b,0x90,0x07,0xd0,0x06,0xe0,0x0d,0x60,0x01,0xe5,0x5e,0x10,
0x00,0xaa,0xc7,0x00,0x0a,0x90,0xc7,0x00,0x0a,0x90,0xc7,0x00,0x0a,0x90,0xc7,0x00,0x0a,0x90,0xc7,0x00,
0x0a,0x90,0xc8,0x00,0x0c,0x90,0xce,0x52,0x7f,0xb2,0xc9,0xcf,0xb6,0xe7,0xc7,0x00,0x00,0x00,0xc7,0x00,
0x00,0x00,0xc7,0x00,0x00,0x00,0x5f,0x10,0x0d,0x50,0x1f,0x40,0x06,0xd0,0x0c,0x90,0x02,0xf2,0x07,0xd0,
0x04,0xf1,0x03,0xf3,0x09,0xc0,0x00,0xd7,0x4f,0x40,0x00,0x9c,0xd7,0x00,0x00,0x5f,0xa0,0x00,0x0c,0xff,
0xff,0x80,0x5e,0xc7,0x52,0x0a,0x90,0x00,0x00,0xd5,0x00,0x00,0x0a,0xc4,0x10,0x00,0x1a,0xff,0xd0,0x08,
0xe7,0x42,0x02,0xf3,0x00,0x00,0x3f,0x10,0x00,0x00,0xdb,0x42,0x00,0x02,0x9d,0xff,0x60,0x00,0x00,0x6e,
0x00,0x00,0x07,0xd0,0x00,0x02,0xd5,0x00,0x8e,0xfc,0x40,0x08,0xe5,0x29,0xf2,0x0f,0x60,0x00,0xc8,0x2f,
0x20,0x00,0x9b,0x2f,0x20,0x00,0x9b,0x0f,0x60,0x00,0xc8,0x08,0xe5,0x29,0xf2,0x00,0x8e,0xfc,0x40,0x8f,
0xff,0xff,0xfd,0x02,0xac,0x44,0x9e,0x40,0x08,0xc0,0x06,0xd0,0x00,0x8c,0x00,0x6d,0x00,0x08,0xc0,0x06,
0xd0,0x00,0x8c,0x00,0x6d,0x00,0x08,0xc0,0x05,0xf2,0x00,0x8c,0x00,0x2d,0xf1,0x03,0xcf,0xe8,0x00,0x1e,
0x82,0x5e,0x70,0x7c,0x00,0x07,0xd0,0xa9,0x00,0x04,0xf1,0xb9,0x00,0x04,0xf1,0xbc,0x00,0x07,0xd0,0xbe,
0x82,0x5e,0x70,0xb8,0x9e,0xe8,0x00,0xb8,0x00,0x00,0x00,0xb8,0x00,0x00,0x00,0xb8,0x00,0x00,0x00,0x00,
0x7d,0xfd,0x80,0x8e,0x62,0x36,0x1e,0x60,0x00,0x03,0xf2,0x00,0x00,0x3f,0x20,0x00,0x01,0xe6,0x00,0x00,
0x08,0xe6,0x20,0x00,0x07,0xdf,0xd2,0x00,0x00,0x0b,0x90,0x00,0x01,0xb8,0x00,0x00,0x7b,0x20,0x01,0xae,
0xff,0xff,0x70,0x9d,0x31,0x7f,0x72,0x1f,0x50,0x00,0xc9,0x03,0xf2,0x00,0x09,0xb0,0x2f,0x20,0x00,0x9b,
0x00,0xe6,0x00,0x0d,0x80,0x08,0xe5,0x29,0xe2,0x00,0x08,0xef,0xc4,0x00,0x5f,0xff,0xff,0xfb,0x14,0x49,
0xd4,0x43,0x00,0x07,0xd0,0x00,0x00,0x07,0xd0,0x00,0x00,0x07,0xd0,0x00,0x00,0x06,0xd0,0x00,0x00,0x03,
0xf3,0x10,0x00,0x00,0x9e,0xa0,0xf5,0x00,0xb7,0x0f,0x50,0x04,0xe0,0xf5,0x00,0x1f,0x3f,0x50,0x00,0xf4,
0xf5,0x00,0x3f,0x2e,0x50,0x08,0xc0,0xab,0x25,0xf5,0x01,0xbe,0xd5,0x00,0x01,0x97,0x7e,0xb2,0x00,0x9d,
0x2e,0x6b,0xd0,0x1f,0x60,0xf3,0x2f,0x43,0xf2,0x0f,0x30,0xe6,0x2f,0x20,0xf3,0x0e,0x50,0xf6,0x0f,0x33,
0xf3,0x08,0xe5,0xf6,0xcb,0x00,0x09,0xef,0xfa,0x10,0x00,0x00,0xf3,0x00,0x00,0x00,0x0f,0x30,0x00,0x00,
0x00,0xf3,0x00,0x00,0x9e,0x80,0x01,0xe6,0x15,0xf3,0x09,0xd0,0x00,0xa9,0x2f,0x50,0x00,0x5e,0xac,0x00,
0x00,0x0e,0xf5,0x00,0x00,0x0b,0xd0,0x00,0x00,0x3f,0xf1,0x00,0x00,0xbb,0xd6,0x00,0x04,0xf3,0x7c,0x00,
0x0c,0xa0,0x2f,0x71,0x5f,0x20,0x07,0xea,0x4f,0x00,0xf3,0x0d,0x64,0xf0,0x0f,0x30,0xd6,0x4f,0x00,0xf3,
0x0d,0x64,0xf0,0x0f,0x30,0xd6,0x3f,0x10,0xf3,0x0d,0x62,0xf3,0x0f,0x30,0xf5,0x0c,0xb3,0xf5,0x9e,0x10,
0x2a,0xff,0xfb,0x30,0x00,0x01,0xf4,0x00,0x00,0x00,0x0f,0x30,0x00,0x00,0x00,0xf3,0x00,0x00,0x03,0xf2,
0x00,0x00,0x7d,0x00,0x9c,0x00,0x00,0x02,0xf5,0x0e,0x80,0x00,0x00,0x0d,0x91,0xf6,0x00,0x95,0x00,0xbb,
0x1f,0x60,0x0c,0x70,0x0b,0xb0,0xe8,0x00,0xea,0x00,0xd9,0x09,0xe3,0x7b,0xe4,0x6f,0x40,0x1a,0xfd,0x36,
0xee,0x70,0x00,0x2d,0x30,0x00,0x00,0x26,0x00,0x00,0x00,0x00,0x09,0xff,0xff,0xfc,0x9c,0x33,0x33,0x29,
0xb0,0x00,0x00,0x9b,0x00,0x00,0x09,0xff,0xff,0xf9,0x9c,0x33,0x33,0x29,0xb0,0x00,0x00,0x9b,0x00,0x00,
0x09,0xc3,0x33,0x33,0x9f,0xff,0xff,0xe0,0x01,0x20,0x11,0x00,0x7e,0x0c,0x90,0x02,0x40,0x33,0x00,0x00,
0x00,0x00,0x9f,0xff,0xff,0xc9,0xc3,0x33,0x32,0x9b,0x00,0x00,0x09,0xb0,0x00,0x00,0x9f,0xff,0xff,0x99,
0xc3,0x33,0x32,0x9b,0x00,0x00,0x09,0xb0,0x00,0x00,0x9c,0x33,0x33,0x39,0xff,0xff,0xfe,0x1f,0xff,0xff,
0xff,0xe0,0x00,0x33,0x4f,0x63,0x33,0x00,0x00,0x01,0xf4,0x00,0x00,0x00,0x00,0x1f,0x40,0x00,0x00,0x00,
0x01,0xff,0xff,0xe9,0x10,0x00,0x1f,0x63,0x35,0xe8,0x00,0x01,0xf4,0x00,0x09,0xc0,0x00,0x1f,0x40,0x00,
0x7e,0x00,0x01,0xf4,0x00,0x07,0xe0,0x00,0x1f,0x40,0x00,0x7e,0x00,0x00,0x00,0x00,0x09,0xd0,0x00,0x00,
0x00,0x25,0xe9,0x00,0x00,0x00,0x08,0xea,0x10,0x00,0x06,0xb1,0x00,0x01,0x71,0x00,0x00,0x00,0x00,0x09,
0xff,0xff,0xfb,0x9c,0x33,0x33,0x29,0xb0,0x00,0x00,0x9b,0x00,0x00,0x09,0xb0,0x00,0x00,0x9b,0x00,0x00,
0x09,0xb0,0x00,0x00,0x9b,0x00,0x00,0x09,0xb0,0x00,0x00,0x9b,0x00,0x00,0x00,0x00,0x18,0xdf,0xdb,0x40,
0x02,0xdc,0x53,0x37,0xd0,0x0a,0xc0,0x00,0x00,0x00,0x1f,0x60,0x00,0x00,0x00,0x3f,0xff,0xff,0xfa,0x00,
0x3f,0x73,0x33,0x32,0x00,0x1f,0x80,0x00,0x00,0x00,0x0a,0xe1,0x00,0x00,0x20,0x02,0xdd,0x63,0x38,0xe0,
0x00,0x18,0xdf,0xdb,0x40,0x01,0x9d,0xfe,0xb4,0x00,0xbd,0x53,0x47,0x60,0x0f,0x60,0x00,0x00,0x00,0xea,
0x10,0x00,0x00,0x04,0xef,0xb8,0x30,0x00,0x00,0x47,0xbf,0x70,0x00,0x00,0x00,0x8f,0x00,0x00,0x00,0x06,
0xf1,0x0c,0x64,0x36,0xeb,0x00,0x8c,0xef,0xd8,0x10,0x9b,0x9b,0x9b,0x9b,0x9b,0x9b,0x9b,0x9b,0x9b,0x9b,
0x21,0x02,0x0e,0x64,0xf2,0x42,0x14,0x00,0x00,0x00,0x09,0xb0,0x00,0x9b,0x00,0x09,0xb0,0x00,0x9b,0x00,
0x09,0xb0,0x00,0x9b,0x00,0x09,0xb0,0x00,0x9b,0x00,0x09,0xb0,0x00,0x9b,0x00,0x00,0x9b,0x00,0x9b,0x00,
0x9b,0x00,0x9b,0x00,0x9b,0x00,0x9b,0x00,0x9b,0x00,0x9b,0x00,0x9b,0x00,0xab,0x00,0xba,0x26,0xf6,0xbd,
0x80,0x00,0x0e,0xff,0xff,0xf2,0x00,0x00,0x00,0x00,0xe8,0x33,0x6f,0x20,0x00,0x00,0x00,0x0e,0x70,0x04,
0xf2,0x00,0x00,0x00,0x00,0xe6,0x00,0x4f,0x20,0x00,0x00,0x00,0x0f,0x60,0x04,0xff,0xfd,0xa2,0x00,0x02,
0xf4,0x00,0x4f,0x43,0x4c,0xd1,0x00,0x4f,0x20,0x04,0xf2,0x00,0x3f,0x40,0x0a,0xd0,0x00,0x4f,0x20,0x04,
0xf4,0x29,0xf6,0x00,0x04,0xf4,0x24,0xcd,0x16,0xc5,0x00,0x00,0x4f,0xff,0xea,0x20,0x9b,0x00,0x00,0xe7,
0x00,0x00,0x09,0xb0,0x00,0x0e,0x70,0x00,0x00,0x9b,0x00,0x00,0xe7,0x00,0x00,0x09,0xb0,0x00,0x0e,0x70,
0x00,0x00,0x9f,0xff,0xff,0xff,0xfe,0xc5,0x09,0xc3,0x33,0x3e,0x93,0x49,0xf4,0x9b,0x00,0x00,0xe7,0x00,
0x0e,0x89,0xb0,0x00,0x0e,0x70,0x00,0xe8,0x9b,0x00,0x00,0xe8,0x23,0x9f,0x49,0xb0,0x00,0x0e,0xff,0xec,
0x50,0x1f,0xff,0xff,0xff,0xe0,0x00,0x33,0x4f,0x63,0x33,0x00,0x00,0x01,0xf4,0x00,0x00,0x00,0x00,0x1f,
0x40,0x00,0x00,0x00,0x01,0xff,0xff,0xe9,0x10,0x00,0x1f,0x63,0x35,0xe8,0x00,0x01,0xf4,0x00,0x09,0xc0,
0x00,0x1f,0x40,0x00,0x7e,0x00,0x01,0xf4,0x00,0x07,0xe0,0x00,0x1f,0x40,0x00,0x7e,0x00,0x01,0xc4,0x00,
0x00,0x00,0x53,0x00,0x00,0x00,0x00,0x00,0x00,0x09,0xb0,0x00,0x1b,0xd2,0x9b,0x00,0x1b,0xd2,0x09,0xb0,
0x1b,0xd2,0x00,0x9b,0x1b,0xd2,0x00,0x09,0xcb,0xfd,0x10,0x00,0x9f,0xd2,0xd9,0x00,0x09,0xe2,0x04,0xf4,
0x00,0x9b,0x00,0x08,0xd1,0x09,0xb0,0x00,0x0d,0xa0,0x9b,0x00,0x00,0x3f,0x50,0x00,0x3d,0x30,0x00,0x00,
0x00,0x26,0x00,0x00,0x00,0x00,0x00,0x00,0x09,0xb0,0x00,0x1e,0xf1,0x9b,0x00,0x09,0xff,0x19,0xb0,0x02,
0xf8,0xf1,0x9b,0x00,0xab,0x4f,0x19,0xb0,0x3f,0x34,0xf1,0x9b,0x0b,0xa0,0x4f,0x19,0xb4,0xf2,0x04,0xf1,
0x9b,0xc9,0x00,0x4f,0x19,0xfe,0x10,0x04,0xf1,0x9f,0x80,0x00,0x4f,0x10,0x00,0x62,0x05,0x30,0x00,0x05,
0xde,0xb1,0x00,0x00,0x00,0x00,0x00,0x00,0x00,0x00,0x00,0x00,0x8e,0x00,0x00,0x6f,0x12,0xf6,0x00,0x0d,
0xa0,0x0a,0xc0,0x04,0xf3,0x00,0x4f,0x40,0xbc,0x00,0x00,0xca,0x2f,0x50,0x00,0x06,0xfb,0xd0,0x00,0x00,
0x0e,0xf7,0x00,0x00,0x00,0x9e,0x10,0x00,0x02,0x4e,0x90,0x00,0x00,0xae,0xb1,0x00,0x00,0x9b,0x00,0x00,
0x4f,0x29,0xb0,0x00,0x04,0xf2,0x9b,0x00,0x00,0x4f,0x29,0xb0,0x00,0x04,0xf2,0x9b,0x00,0x00,0x4f,0x29,
0xb0,0x00,0x04,0xf2,0x9b,0x00,0x00,0x4f,0x29,0xb0,0x00,0x04,0xf2,0x9c,0x33,0x33,0x6f,0x29,0xff,0xff,
0xff,0xf2,0x00,0x05,0xd0,0x00,0x00,0x00,0x5d,0x00,0x00,0x00,0x03,0xfc,0x00,0x00,0x00,0x09,0x9e,0x20,
0x00,0x00,0x1e,0x39,0x80,0x00,0x00,0x5c,0x04,0xe0,0x00,0x00,0xb7,0x00,0xd5,0x00,0x02,0xf2,0x00,0x8b,
0x00,0x08,0xff,0xff,0xff,0x20,0x0e,0x73,0x33,0x3c,0x70,0x5f,0x10,0x00,0x07,0xd0,0xab,0x00,0x00,0x02,
0xf4,0x9f,0xff,0xff,0xd0,0x9c,0x22,0x22,0x20,0x9b,0x00,0x00,0x00,0x9b,0x00,0x00,0x00,0x9f,0xff,0xeb,
0x40,0x9c,0x33,0x49,0xf3,0x9b,0x00,0x00,0xe8,0x9b,0x00,0x00,0xe8,0x9c,0x22,0x39,0xf4,0x9f,0xff,0xec,
0x50,0x9f,0xff,0xeb,0x30,0x9c,0x22,0x4b,0xe0,0x9b,0x00,0x04,0xf2,0x9b,0x00,0x19,0xd0,0x9f,0xff,0xfe,
0x30,0x9c,0x22,0x39,0xe2,0x9b,0x00,0x00,0xe8,0x9b,0x00,0x00,0xe8,0x9c,0x22,0x39,0xf4,0x9f,0xff,0xec,
0x50,0x9f,0xff,0xff,0xb9,0xc3,0x33,0x32,0x9b,0x00,0x00,0x09,0xb0,0x00,0x00,0x9b,0x00,0x00,0x09,0xb0,
0x00,0x00,0x9b,0x00,0x00,0x09,0xb0,0x00,0x00,0x9b,0x00,0x00,0x09,0xb0,0x00,0x00,0x00,0x0f,0xff,0xff,
0xf1,0x00,0x00,0xf8,0x33,0x6f,0x10,0x00,0x0f,0x60,0x04,0xf1,0x00,0x00,0xf5,0x00,0x4f,0x10,0x00,0x1f,
0x50,0x04,0xf1,0x00,0x03,0xf3,0x00,0x4f,0x10,0x00,0x6f,0x10,0x04,0xf1,0x00,0x0a,0xc0,0x00,0x4f,0x10,
0x16,0xf8,0x33,0x36,0xf4,0x15,0xff,0xff,0xff,0xff,0xf4,0x5d,0x00,0x00,0x00,0x0e,0x45,0xd0,0x00,0x00,
0x00,0xe4,0x13,0x00,0x00,0x00,0x03,0x10,0x9f,0xff,0xff,0xc9,0xc3,0x33,0x32,0x9b,0x00,0x00,0x09,0xb0,
0x00,0x00,0x9f,0xff,0xff,0x99,0xc3,0x33,0x32,0x9b,0x00,0x00,0x09,0xb0,0x00,0x00,0x9c,0x33,0x33,0x39,
0xff,0xff,0xfe,0x2d,0xa0,0x00,0x2f,0x40,0x00,0x9e,0x20,0x2e,0x90,0x02,0xf4,0x00,0x8e,0x30,0x00,0x3e,
0x80,0x2f,0x40,0x7e,0x40,0x00,0x00,0x3e,0x72,0xf4,0x6f,0x40,0x00,0x00,0x02,0xff,0x9f,0x9f,0xf3,0x00,
0x00,0x00,0xca,0x5f,0xff,0x69,0xd0,0x00,0x00,0x7e,0x10,0x6f,0x70,0x1d,0x80,0x00,0x2e,0x50,0x02,0xf4,
0x00,0x4f,0x30,0x0b,0xa0,0x00,0x2f,0x40,0x00,0x9c,0x06,0xe2,0x00,0x02,0xf4,0x00,0x01,0xe7,0x09,0xde,
0xec,0x60,0x00,0x95,0x33,0x6e,0x80,0x00,0x00,0x00,0x9c,0x00,0x00,0x00,0x3d,0x70,0x00,0x5f,0xff,0x90,
0x00,0x01,0x33,0x6e,0x70,0x00,0x00,0x00,0x7e,0x00,0x00,0x00,0x07,0xf0,0x1b,0x53,0x47,0xe8,0x00,0x8c,
0xee,0xc6,0x00,0x9b,0x00,0x01,0xef,0x19,0xb0,0x00,0x9f,0xf1,0x9b,0x00,0x2f,0x8f,0x19,0xb0,0x0a,0xb4,
0xf1,0x9b,0x03,0xf3,0x4f,0x19,0xb0,0xba,0x04,0xf1,0x9b,0x4f,0x20,0x4f,0x19,0xbc,0x90,0x04,0xf1,0x9f,
0xe1,0x00,0x4f,0x19,0xf8,0x00,0x04,0xf1,0x00,0x71,0x06,0x20,0x00,0x06,0xde,0xa0,0x00,0x00,0x00,0x00,
0x00,0x00,0x00,0x00,0x00,0x00,0x9b,0x00,0x01,0xef,0x19,0xb0,0x00,0x9f,0xf1,0x9b,0x00,0x2f,0x8f,0x19,
0xb0,0x0a,0xb4,0xf1,0x9b,0x03,0xf3,0x4f,0x19,0xb0,0xba,0x04,0xf1,0x9b,0x4f,0x20,0x4f,0x19,0xbc,0x90,
0x04,0xf1,0x9f,0xe1,0x00,0x4f,0x19,0xf8,0x00,0x04,0xf1,0x9b,0x00,0x01,0xbd,0x29,0xb0,0x01,0xbd,0x20,
0x9b,0x01,0xbd,0x20,0x09,0xb1,0xbd,0x20,0x00,0x9c,0xbf,0xd1,0x00,0x09,0xfd,0x2d,0x90,0x00,0x9e,0x20,
0x4f,0x40,0x09,0xb0,0x00,0x8d,0x10,0x9b,0x00,0x00,0xda,0x09,0xb0,0x00,0x03,0xf5,0x00,0x0e,0xff,0xff,
0xf2,0x00,0x0e,0x83,0x36,0xf2,0x00,0x0e,0x70,0x04,0xf2,0x00,0x0e,0x60,0x04,0xf2,0x00,0x0f,0x60,0x04,
0xf2,0x00,0x2f,0x40,0x04,0xf2,0x00,0x4f,0x20,0x04,0xf2,0x00,0x9d,0x00,0x04,0xf2,0x17,0xf6,0x00,0x04,
0xf2,0x6c,0x50,0x00,0x04,0xf2,0x9f,0x90,0x00,0x08,0xfb,0x9d,0xe1,0x00,0x0e,0xdb,0x9b,0xc6,0x00,0x5d,
0xab,0x9b,0x6c,0x00,0xa7,0xab,0x9b,0x1e,0x21,0xf2,0xab,0x9b,0x0a,0x87,0xb0,0xab,0x9b,0x04,0xdd,0x50,
0xab,0x9b,0x00,0xde,0x00,0xab,0x9b,0x00,0x11,0x00,0xab,0x9b,0x00,0x00,0x00,0xab,0x9b,0x00,0x00,0x4f,
0x29,0xb0,0x00,0x04,0xf2,0x9b,0x00,0x00,0x4f,0x29,0xb0,0x00,0x04,0xf2,0x9f,0xff,0xff,0xff,0x29,0xc3,
0x33,0x36,0xf2,0x9b,0x00,0x00,0x4f,0x29,0xb0,0x00,0x04,0xf2,0x9b,0x00,0x00,0x4f,0x29,0xb0,0x00,0x04,
0xf2,0x00,0x29,0xdf,0xd9,0x20,0x00,0x2e,0xc5,0x24,0xce,0x20,0x0a,0xe1,0x00,0x01,0xda,0x01,0xf7,0x00,
0x00,0x07,0xf1,0x3f,0x50,0x00,0x00,0x4f,0x33,0xf5,0x00,0x00,0x04,0xf3,0x1f,0x70,0x00,0x00,0x7f,0x10,
0xae,0x10,0x00,0x1d,0xa0,0x02,0xec,0x52,0x4c,0xe2,0x00,0x02,0x9d,0xfe,0x92,0x00,0x9f,0xff,0xff,0xff,
0x29,0xc3,0x33,0x36,0xf2,0x9b,0x00,0x00,0x4f,0x29,0xb0,0x00,0x04,0xf2,0x9b,0x00,0x00,0x4f,0x29,0xb0,
0x00,0x04,0xf2,0x9b,0x00,0x00,0x4f,0x29,0xb0,0x00,0x04,0xf2,0x9b,0x00,0x00,0x4f,0x29,0xb0,0x00,0x04,
0xf2,0x9f,0xff,0xd8,0x09,0xc2,0x36,0xf8,0x9b,0x00,0x09,0xd9,0xb0,0x00,0x8e,0x9b,0x00,0x3e,0xa9,0xff,
0xff,0xb1,0x9c,0x32,0x10,0x09,0xb0,0x00,0x00,0x9b,0x00,0x00,0x09,0xb0,0x00,0x00,0x00,0x18,0xdf,0xdb,
0x50,0x02,0xdd,0x63,0x37,0xe0,0x0a,0xe1,0x00,0x00,0x10,0x1f,0x70,0x00,0x00,0x00,0x3f,0x50,0x00,0x00,
0x00,0x3f,0x50,0x00,0x00,0x00,0x1f,0x70,0x00,0x00,0x00,0x0a,0xe1,0x00,0x00,0x10,0x02,0xdd,0x63,0x37,
0xe0,0x00,0x18,0xdf,0xdb,0x40,0x1f,0xff,0xff,0xff,0xf9,0x03,0x33,0x8f,0x33,0x32,0x00,0x00,0x6f,0x00,
0x00,0x00,0x00,0x6f,0x00,0x00,0x00,0x00,0x6f,0x00,0x00,0x00,0x00,0x6f,0x00,0x00,0x00,0x00,0x6f,0x00,
0x00,0x00,0x00,0x6f,0x00,0x00,0x00,0x00,0x6f,0x00,0x00,0x00,0x00,0x6f,0x00,0x00,0x8e,0x00,0x00,0x6f,
0x12,0xf6,0x00,0x0d,0xa0,0x0a,0xc0,0x04,0xf3,0x00,0x4f,0x40,0xbc,0x00,0x00,0xca,0x2f,0x50,0x00,0x06,
0xfb,0xd0,0x00,0x00,0x0e,0xf7,0x00,0x00,0x00,0x9e,0x10,0x00,0x02,0x4e,0x90,0x00,0x00,0xae,0xb1,0x00,
0x00,0x00,0x00,0x0a,0xb0,0x00,0x00,0x00,0x3a,0xef,0xfe,0xa3,0x00,0x05,0xfa,0x4a,0xb3,0x9f,0x60,0x0e,
0xa0,0x0a,0xb0,0x09,0xe0,0x2f,0x50,0x0a,0xb0,0x05,0xf3,0x2f,0x60,0x0a,0xb0,0x05,0xf2,0x0c,0xc0,0x0a,
0xb0,0x0b,0xd0,0x03,0xdd,0x7c,0xc7,0xde,0x30,0x00,0x16,0xae,0xea,0x71,0x00,0x00,0x00,0x0a,0xb0,0x00,
0x00,0x0c,0xa0,0x00,0x1d,0x90,0x02,0xe6,0x00,0x9d,0x10,0x00,0x6e,0x24,0xf4,0x00,0x00,0x0b,0xbd,0x80,
0x00,0x00,0x02,0xfd,0x00,0x00,0x00,0x08,0xef,0x20,0x00,0x00,0x3f,0x4a,0xc0,0x00,0x00,0xd9,0x01,0xe7,
0x00,0x08,0xd1,0x00,0x5f,0x30,0x4f,0x40,0x00,0x0a,0xc0,0x9b,0x00,0x00,0x4f,0x20,0x9b,0x00,0x00,0x4f,
0x20,0x9b,0x00,0x00,0x4f,0x20,0x9b,0x00,0x00,0x4f,0x20,0x9b,0x00,0x00,0x4f,0x20,0x9b,0x00,0x00,0x4f,
0x20,0x9b,0x00,0x00,0x4f,0x20,0x9b,0x00,0x00,0x4f,0x20,0x9c,0x33,0x33,0x6f,0x51,0x9f,0xff,0xff,0xff,
0xf5,0x00,0x00,0x00,0x00,0xd5,0x00,0x00,0x00,0x00,0xd5,0x00,0x00,0x00,0x00,0x31,0xc9,0x00,0x02,0xf3,
0xc9,0x00,0x02,0xf3,0xc9,0x00,0x02,0xf3,0xba,0x00,0x02,0xf3,0x7e,0x30,0x02,0xf3,0x1b,0xff,0xff,0xf3,
0x00,0x23,0x35,0xf3,0x00,0x00,0x02,0xf3,0x00,0x00,0x02,0xf3,0x00,0x00,0x02,0xf3,0x9b,0x00,0x03,0xf3,
0x00,0x0c,0x99,0xb0,0x00,0x3f,0x30,0x00,0xc9,0x9b,0x00,0x03,0xf3,0x00,0x0c,0x99,0xb0,0x00,0x3f,0x30,
0x00,0xc9,0x9b,0x00,0x03,0xf3,0x00,0x0c,0x99,0xb0,0x00,0x3f,0x30,0x00,0xc9,0x9b,0x00,0x03,0xf3,0x00,
0x0c,0x99,0xb0,0x00,0x3f,0x30,0x00,0xc9,0x9c,0x33,0x35,0xf5,0x33,0x3c,0x99,0xff,0xff,0xff,0xff,0xff,
0xf9,0x9b,0x00,0x03,0xf3,0x00,0x0c,0x90,0x9b,0x00,0x03,0xf3,0x00,0x0c,0x90,0x9b,0x00,0x03,0xf3,0x00,
0x0c,0x90,0x9b,0x00,0x03,0xf3,0x00,0x0c,0x90,0x9b,0x00,0x03,0xf3,0x00,0x0c,0x90,0x9b,0x00,0x03,0xf3,
0x00,0x0c,0x90,0x9b,0x00,0x03,0xf3,0x00,0x0c,0x90,0x9b,0x00,0x03,0xf3,0x00,0x0c,0x90,0x9c,0x33,0x35,
0xf5,0x33,0x3c,0xa2,0x9f,0xff,0xff,0xff,0xff,0xff,0xfc,0x00,0x00,0x00,0x00,0x00,0x00,0x6c,0x00,0x00,
0x00,0x00,0x00,0x00,0x6c,0x00,0x00,0x00,0x00,0x00,0x00,0x13,0x9f,0xff,0xc0,0x00,0x00,0x02,0x33,0xac,
0x00,0x00,0x00,0x00,0x09,0xc0,0x00,0x00,0x00,0x00,0x9c,0x00,0x00,0x00,0x00,0x09,0xff,0xfe,0xc5,0x00,
0x00,0x9d,0x33,0x39,0xf4,0x00,0x09,0xc0,0x00,0x0d,0x90,0x00,0x9c,0x00,0x00,0xd9,0x00,0x09,0xd2,0x23,
0x9f,0x40,0x00,0x9f,0xff,0xec,0x50,0x9b,0x00,0x00,0x00,0x6f,0x9b,0x00,0x00,0x00,0x6f,0x9b,0x00,0x00,
0x00,0x6f,0x9b,0x00,0x00,0x00,0x6f,0x9f,0xff,0xeb,0x40,0x6f,0x9c,0x33,0x49,0xf3,0x6f,0x9b,0x00,0x00,
0xe8,0x6f,0x9b,0x00,0x00,0xe8,0x6f,0x9c,0x22,0x39,0xf3,0x6f,0x9f,0xff,0xec,0x50,0x6f,0x9b,0x00,0x00,
0x00,0x9b,0x00,0x00,0x00,0x9b,0x00,0x00,0x00,0x9b,0x00,0x00,0x00,0x9f,0xff,0xeb,0x40,0x9c,0x33,0x49,
0xf3,0x9b,0x00,0x00,0xe8,0x9b,0x00,0x00,0xe8,0x9c,0x22,0x39,0xf3,0x9f,0xff,0xec,0x50,0x06,0xce,0xec,
0x70,0x04,0xb6,0x33,0x6d,0xb0,0x00,0x00,0x00,0x2e,0x70,0x00,0x00,0x00,0x9c,0x00,0xef,0xff,0xff,0xe0,
0x02,0x33,0x33,0xae,0x00,0x00,0x00,0x0b,0xc1,0x10,0x00,0x04,0xf7,0x4d,0x63,0x47,0xeb,0x00,0x5b,0xef,
0xc7,0x00,0x8c,0x00,0x02,0x9d,0xfe,0xa2,0x00,0x8c,0x00,0x2e,0xd5,0x24,0xbe,0x30,0x8c,0x00,0xae,0x10,
0x00,0x0c,0xc0,0x8c,0x00,0xf9,0x00,0x00,0x05,0xf2,0x8f,0xff,0xf6,0x00,0x00,0x03,0xf4,0x8d,0x33,0xf6,
0x00,0x00,0x03,0xf4,0x8c,0x00,0xd9,0x00,0x00,0x05,0xf2,0x8c,0x00,0x7e,0x10,0x00,0x0c,0xc0,0x8c,0x00,
0x0b,0xd5,0x24,0xbe,0x30,0x8c,0x00,0x01,0x8d,0xfe,0xa2,0x00,0x00,0x7d,0xef,0xff,0x50,0x6f,0x73,0x23,
0xf5,0x0a,0xd0,0x00,0x0f,0x50,0x7f,0x50,0x00,0xf5,0x00,0x8e,0xff,0xff,0x50,0x00,0x8d,0x33,0xf5,0x00,
0x2f,0x60,0x0f,0x50,0x0a,0xc0,0x00,0xf5,0x03,0xf4,0x00,0x0f,0x50,0xcb,0x00,0x00,0xf5,0x05,0xce,0xea,
0x20,0x05,0x52,0x3a,0xc0,0x00,0x00,0x01,0xf3,0x03,0xae,0xff,0xf4,0x0d,0x92,0x00,0xf5,0x2f,0x20,0x03,
0xf5,0x0e,0x70,0x1b,0xf5,0x04,0xdd,0xd5,0xe5,0x00,0x00,0x00,0x00,0x00,0x29,0xce,0xf2,0x03,0xe9,0x32,
0x20,0x0d,0x70,0x00,0x00,0x2f,0x8d,0xfc,0x50,0x3f,0xe5,0x28,0xf3,0x3f,0x70,0x00,0xca,0x3f,0x30,0x00,
0x8c,0x1f,0x30,0x00,0x8c,0x0e,0x70,0x00,0xca,0x07,0xe5,0x28,0xf3,0x00,0x8d,0xfc,0x50,0xbf,0xff,0xc5,
0x0b,0x80,0x18,0xe0,0xb8,0x00,0x7e,0x0b,0xee,0xee,0x40,0xb9,0x22,0x7e,0x2b,0x80,0x00,0xf6,0xb8,0x01,
0x6f,0x3b,0xff,0xfd,0x60,0xbf,0xff,0xfa,0xb8,0x00,0x00,0xb8,0x00,0x00,0xb8,0x00,0x00,0xb8,0x00,0x00,
0xb8,0x00,0x00,0xb8,0x00,0x00,0xb8,0x00,0x00,0x00,0x4f,0xff,0xfe,0x00,0x04,0xf1,0x05,0xe0,0x00,0x4f,
0x00,0x5e,0x00,0x05,0xe0,0x05,0xe0,0x00,0x7d,0x00,0x5e,0x00,0x0b,0x90,0x05,0xe0,0x04,0xf4,0x00,0x5e,
0x04,0xff,0xff,0xff,0xfe,0x4b,0x00,0x00,0x01,0xe4,0xb0,0x00,0x00,0x1e,0x00,0x7d,0xfd,0x60,0x08,0xd4,
0x25,0xe5,0x1e,0x40,0x00,0x7b,0x3f,0xff,0xff,0xfd,0x3f,0x30,0x00,0x00,0x1e,0x70,0x00,0x00,0x08,0xe6,
0x23,0x66,0x00,0x6d,0xfe,0xb4,0x0a,0xb0,0x05,0xe0,0x03,0xe5,0x00,0x0b,0xa0,0x5e,0x02,0xe6,0x00,0x00,
0x1c,0x95,0xe1,0xd7,0x00,0x00,0x00,0xaf,0xbe,0xcf,0x40,0x00,0x00,0x4e,0x4e,0xfb,0x7d,0x10,0x00,0x1d,
0x60,0x6e,0x10,0xc8,0x00,0x08,0xc0,0x05,0xe0,0x03,0xf3,0x03,0xf3,0x00,0x5e,0x00,0x08,0xc0,0x09,0xef,
0xd7,0x00,0x53,0x25,0xe4,0x00,0x00,0x2e,0x40,0x08,0xef,0x80,0x00,0x12,0x5e,0x30,0x00,0x00,0xa9,0x16,
0x21,0x5e,0x61,0xbe,0xfd,0x70,0xb8,0x00,0x2e,0xcb,0x80,0x0a,0xec,0xb8,0x04,0xe8,0xcb,0x80,0xc7,0x6c,
0xb8,0x6d,0x06,0xcb,0x9e,0x50,0x6c,0xbe,0xb0,0x06,0xcb,0xf3,0x00,0x6c,0x07,0x80,0x69,0x00,0x1b,0xec,
0x20,0x00,0x00,0x00,0x0b,0x80,0x02,0xec,0xb8,0x00,0xae,0xcb,0x80,0x4e,0x8c,0xb8,0x0c,0x76,0xcb,0x86,
0xd0,0x6c,0xb9,0xe5,0x06,0xcb,0xeb,0x00,0x6c,0xbf,0x30,0x06,0xc0,0xb8,0x00,0x6e,0x3b,0x80,0x5e,0x40,
0xb8,0x5e,0x40,0x0b,0xbf,0xe1,0x00,0xbf,0x6b,0x90,0x0b,0x90,0x2e,0x50,0xb8,0x00,0x6e,0x1b,0x80,0x00,
0xba,0x00,0x6f,0xff,0xfc,0x00,0x6d,0x00,0x7c,0x00,0x6d,0x00,0x7c,0x00,0x7c,0x00,0x7c,0x00,0x9b,0x00,
0x7c,0x00,0xc8,0x00,0x7c,0x18,0xf2,0x00,0x7c,0x7c,0x40,0x00,0x7c,0xbf,0x50,0x00,0xbf,0x4b,0xdb,0x00,
0x2e,0xf4,0xb9,0xe2,0x08,0x8f,0x4b,0x88,0x80,0xe2,0xf4,0xb8,0x2e,0x6b,0x0f,0x4b,0x80,0xbe,0x50,0xf4,
0xb8,0x03,0x70,0x0f,0x4b,0x80,0x00,0x00,0xf4,0xb8,0x00,0x06,0xdb,0x80,0x00,0x6d,0xb8,0x00,0x06,0xdb,
0xee,0xee,0xed,0xb9,0x22,0x27,0xdb,0x80,0x00,0x6d,0xb8,0x00,0x06,0xdb,0x80,0x00,0x6d,0x00,0x8e,0xfc,
0x40,0x08,0xe5,0x29,0xf2,0x0f,0x60,0x00,0xc8,0x2f,0x20,0x00,0x9b,0x2f,0x20,0x00,0x9b,0x0f,0x60,0x00,
0xc8,0x08,0xe5,0x29,0xf2,0x00,0x8e,0xfc,0x40,0xbf,0xff,0xff,0xdb,0x80,0x00,0x6d,0xb8,0x00,0x06,0xdb,
0x80,0x00,0x6d,0xb8,0x00,0x06,0xdb,0x80,0x00,0x6d,0xb8,0x00,0x06,0xdb,0x80,0x00,0x6d,0xb9,0xae,0xe8,
0x00,0xbf,0x50,0x2d,0x70,0xbb,0x00,0x06,0xd0,0xb9,0x00,0x04,0xf1,0xb9,0x00,0x04,0xf1,0xbc,0x00,0x07,
0xd0,0xbe,0x82,0x5e,0x70,0xb8,0x9e,0xe8,0x00,0xb8,0x00,0x00,0x00,0xb8,0x00,0x00,0x00,0xb8,0x00,0x00,
0x00,0x00,0x7d,0xfd,0x80,0x8e,0x62,0x36,0x1e,0x60,0x00,0x03,0xf2,0x00,0x00,0x3f,0x20,0x00,0x01,0xe6,
0x00,0x00,0x08,0xe6,0x23,0x60,0x07,0xdf,0xd8,0x9f,0xff,0xff,0xfb,0x00,0x08,0xb0,0x00,0x00,0x08,0xb0,
0x00,0x00,0x08,0xb0,0x00,0x00,0x08,0xb0,0x00,0x00,0x08,0xb0,0x00,0x00,0x08,0xb0,0x00,0x00,0x08,0xb0,
0x00,0x6e,0x00,0x00,0xaa,0x1e,0x50,0x01,0xf4,0x09,0xb0,0x06,0xd0,0x03,0xf1,0x0c,0x80,0x00,0xc7,0x3f,
0x20,0x00,0x6d,0x9b,0x00,0x00,0x1e,0xf5,0x00,0x00,0x0a,0xe0,0x00,0x00,0x0b,0x90,0x00,0x01,0x5f,0x20,
0x00,0x0d,0xe7,0x00,0x00,0x00,0x00,0x0a,0x90,0x00,0x00,0x00,0x00,0x0a,0x90,0x00,0x00,0x01,0xbf,0xaa,
0xab,0xfb,0x10,0x0a,0xc3,0x5e,0xe5,0x3c,0x90,0x1f,0x40,0x0a,0xa0,0x05,0xf0,0x3f,0x20,0x0a,0x90,0x02,
0xf2,0x3f,0x20,0x0a,0x90,0x02,0xf2,0x1f,0x40,0x0a,0xa0,0x05,0xf0,0x0a,0xc3,0x5e,0xe5,0x3c,0x90,0x01,
0xbf,0xaa,0xab,0xfb,0x10,0x00,0x00,0x0a,0x90,0x00,0x00,0x00,0x00,0x0a,0x90,0x00,0x00,0x00,0x00,0x0a,
0x90,0x00,0x00,0x1e,0x70,0x03,0xf5,0x04,0xf3,0x1d,0x90,0x00,0x8d,0x9d,0x10,0x00,0x0d,0xf3,0x00,0x00,
0x2e,0xf5,0x00,0x00,0xca,0x7e,0x20,0x08,0xd1,0x0b,0xb0,0x4f,0x40,0x01,0xe7,0xb8,0x00,0x06,0xd0,0xb8,
0x00,0x06,0xd0,0xb8,0x00,0x06,0xd0,0xb8,0x00,0x06,0xd0,0xb8,0x00,0x06,0xd0,0xb8,0x00,0x06,0xd0,0xb8,
0x00,0x06,0xd0,0xbf,0xff,0xff,0xfd,0x00,0x00,0x00,0x2d,0x00,0x00,0x00,0x2d,0xf4,0x00,0x4f,0xf4,0x00,
0x4f,0xe5,0x00,0x4f,0xba,0x00,0x4f,0x3d,0xee,0xef,0x00,0x12,0x5f,0x00,0x00,0x4f,0x00,0x00,0x4f,0xb8,
0x00,0x4f,0x00,0x0b,0x8b,0x80,0x04,0xf0,0x00,0xb8,0xb8,0x00,0x4f,0x00,0x0b,0x8b,0x80,0x04,0xf0,0x00,
0xb8,0xb8,0x00,0x4f,0x00,0x0b,0x8b,0x80,0x04,0xf0,0x00,0xb8,0xb8,0x00,0x4f,0x10,0x0b,0x8b,0xff,0xff,
0xff,0xff,0xf8,0xb8,0x00,0x4f,0x00,0x0b,0x80,0xb8,0x00,0x4f,0x00,0x0b,0x80,0xb8,0x00,0x4f,0x00,0x0b,
0x80,0xb8,0x00,0x4f,0x00,0x0b,0x80,0xb8,0x00,0x4f,0x00,0x0b,0x80,0xb8,0x00,0x4f,0x00,0x0b,0x80,0xb8,
0x00,0x4f,0x10,0x0b,0x80,0xbf,0xff,0xff,0xff,0xff,0xf8,0x00,0x00,0x00,0x00,0x00,0x78,0x00,0x00,0x00,
0x00,0x00,0x78,0x9f,0xff,0x30,0x00,0x00,0x00,0x2f,0x30,0x00,0x00,0x00,0x1f,0x30,0x00,0x00,0x00,0x1f,
0xee,0xda,0x20,0x00,0x1f,0x42,0x3b,0xc0,0x00,0x1f,0x30,0x05,0xf0,0x00,0x1f,0x30,0x2a,0xd0,0x00,0x1f,
0xff,0xeb,0x30,0xb8,0x00,0x00,0x07,0xcb,0x80,0x00,0x00,0x7c,0xb8,0x00,0x00,0x07,0xcb,0xee,0xec,0x50,
0x7c,0xb9,0x22,0x7f,0x37,0xcb,0x80,0x00,0xf6,0x7c,0xb8,0x01,0x6f,0x37,0xcb,0xff,0xfd,0x60,0x7c,0xb8,
0x00,0x00,0x0b,0x80,0x00,0x00,0xb8,0x00,0x00,0x0b,0xee,0xec,0x50,0xb9,0x22,0x7f,0x3b,0x80,0x00,0xf6,
0xb8,0x01,0x6f,0x3b,0xff,0xfd,0x60,0x2b,0xee,0xb3,0x02,0x52,0x38,0xe2,0x00,0x00,0x0b,0x90,0x5e,0xee,
0xfc,0x01,0x22,0x2a,0xb0,0x00,0x00,0xd9,0x26,0x23,0xae,0x22,0xbe,0xeb,0x30,0xa9,0x00,0x6d,0xfd,0x60,
0x0a,0x90,0x6f,0x62,0x6f,0x50,0xa9,0x0c,0x90,0x00,0x9c,0x0a,0xfe,0xf6,0x00,0x06,0xe0,0xa9,0x2e,0x60,
0x00,0x6e,0x0a,0x90,0xb9,0x00,0x09,0xc0,0xa9,0x04,0xf6,0x26,0xf5,0x0a,0x90,0x06,0xdf,0xd6,0x00,0x01,
0x9e,0xff,0xf4,0x07,0xe3,0x11,0xf4,0x0a,0x90,0x00,0xf4,0x08,0xd1,0x00,0xf4,0x01,0xaf,0xee,0xf4,0x00,
0x4e,0x32,0xf4,0x02,0xe5,0x00,0xf4,0x0c,0x80,0x00,0xf4,0x00,0x72,0x00,0x00,0x00,0x5d,0x10,0x00,0x00,
0x07,0xa0,0x00,0x00,0x00,0x00,0x00,0x00,0x7d,0xfd,0x60,0x08,0xd4,0x25,0xe5,0x1e,0x40,0x00,0x7b,0x3f,
0xff,0xff,0xfd,0x3f,0x30,0x00,0x00,0x1e,0x70,0x00,0x00,0x08,0xe6,0x23,0x66,0x00,0x6d,0xfe,0xb4,0x00,
0x11,0x01,0x10,0x00,0x8d,0x0c,0x80,0x00,0x24,0x04,0x20,0x00,0x00,0x00,0x00,0x00,0x7d,0xfd,0x60,0x08,
0xd4,0x25,0xe5,0x1e,0x40,0x00,0x7b,0x3f,0xff,0xff,0xfd,0x3f,0x30,0x00,0x00,0x1e,0x70,0x00,0x00,0x08,
0xe6,0x23,0x66,0x00,0x6d,0xfe,0xb4,0x06,0xa0,0x00,0x00,0x07,0xc0,0x00,0x00,0x07,0xc0,0x00,0x00,0xaf,
0xff,0xff,0x70,0x07,0xc0,0x00,0x00,0x07,0xc0,0x00,0x00,0x07,0xc5,0xde,0xa1,0x07,0xea,0x44,0xda,0x07,
0xe1,0x00,0x7e,0x07,0xc0,0x00,0x5e,0x07,0xc0,0x00,0x8c,0x00,0x00,0x01,0xe5,0x00,0x00,0x2c,0x90,0x00,
0x00,0xb6,0x00,0x00,0x00,0x64,0x00,0x06,0xc1,0x00,0x3c,0x10,0x00,0x00,0x00,0xbf,0xff,0xfa,0xb8,0x00,
0x00,0xb8,0x00,0x00,0xb8,0x00,0x00,0xb8,0x00,0x00,0xb8,0x00,0x00,0xb8,0x00,0x00,0xb8,0x00,0x00,0x00,
0x7d,0xfd,0x80,0x8e,0x52,0x36,0x1e,0x50,0x00,0x03,0xfe,0xee,0xe0,0x2f,0x42,0x22,0x00,0xe7,0x00,0x00,
0x07,0xe6,0x23,0x70,0x07,0xdf,0xd8,0x04,0xce,0xec,0x21,0xe7,0x22,0x52,0x2f,0x20,0x00,0x00,0xae,0xa6,
0x10,0x00,0x37,0xce,0x30,0x00,0x00,0xc8,0x37,0x32,0x4e,0x62,0xbe,0xfd,0x70,0xa9,0x65,0x00,0xa9,0xa9,
0xa9,0xa9,0xa9,0xa9,0xa9,0xa9,0x02,0x01,0x21,0xf5,0x6f,0x04,0x12,0x40,0x00,0x00,0x00,0xa9,0x00,0x0a,
0x90,0x00,0xa9,0x00,0x0a,0x90,0x00,0xa9,0x00,0x0a,0x90,0x00,0xa9,0x00,0x0a,0x90,0x00,0xa9,0x00,0x65,
0x00,0x00,0x00,0xa9,0x00,0xa9,0x00,0xa9,0x00,0xa9,0x00,0xa9,0x00,0xa9,0x00,0xa9,0x00,0xa9,0x00,0xb8,
0x03,0xe5,0x4e,0xa0,0x00,0x6f,0xff,0xf9,0x00,0x00,0x00,0x6d,0x00,0xa9,0x00,0x00,0x00,0x6d,0x00,0xa9,
0x00,0x00,0x00,0x7c,0x00,0xaf,0xed,0x81,0x00,0x9b,0x00,0xaa,0x24,0xd8,0x00,0xc8,0x00,0xa9,0x00,0x9b,
0x18,0xf2,0x00,0xa9,0x13,0xd9,0x7c,0x40,0x00,0xaf,0xfe,0xa1,0xb8,0x00,0x0b,0x80,0x00,0x0b,0x80,0x00,
0xb8,0x00,0x00,0xb8,0x00,0x0b,0x80,0x00,0x0b,0xee,0xee,0xfe,0xec,0x80,0xb9,0x22,0x2b,0x92,0x4e,0x7b,
0x80,0x00,0xb8,0x00,0xab,0xb8,0x00,0x0b,0x81,0x3d,0x8b,0x80,0x00,0xbf,0xfe,0x91,0x06,0xa0,0x00,0x00,
0x07,0xc0,0x00,0x00,0x07,0xc0,0x00,0x00,0xaf,0xff,0xff,0x70,0x07,0xc0,0x00,0x00,0x07,0xc0,0x00,0x00,
0x07,0xc5,0xde,0xa1,0x07,0xea,0x44,0xd9,0x07,0xe1,0x00,0x6d,0x07,0xc0,0x00,0x5e,0x07,0xc0,0x00,0x5e,
0x00,0x00,0x73,0x00,0x00,0x8a,0x00,0x00,0x5b,0x00,0x00,0x00,0x00,0x00,0xb8,0x00,0x6e,0x3b,0x80,0x5e,
0x40,0xb8,0x5e,0x40,0x0b,0xbf,0xe1,0x00,0xbf,0x6b,0x90,0x0b,0x90,0x2e,0x50,0xb8,0x00,0x6e,0x1b,0x80,
0x00,0xba,0x07,0x20,0x00,0x00,0x5d,0x10,0x00,0x00,0x6a,0x00,0x00,0x00,0x00,0x00,0xb8,0x00,0x2e,0xcb,
0x80,0x0a,0xec,0xb8,0x04,0xe8,0xcb,0x80,0xc7,0x6c,0xb8,0x6d,0x06,0xcb,0x9e,0x50,0x6c,0xbe,0xb0,0x06,
0xcb,0xf3,0x00,0x6c,0x00,0xd2,0x1c,0x30,0x00,0x5d,0xe8,0x00,0x00,0x00,0x00,0x00,0x6e,0x00,0x00,0xaa,
0x1e,0x50,0x01,0xf4,0x09,0xb0,0x06,0xd0,0x03,0xf1,0x0c,0x80,0x00,0xc7,0x3f,0x20,0x00,0x6d,0x9b,0x00,
0x00,0x1e,0xf5,0x00,0x00,0x0a,0xe0,0x00,0x00,0x0b,0x90,0x00,0x01,0x5f,0x20,0x00,0x0d,0xe7,0x00,0x00,
0xb8,0x00,0x06,0xdb,0x80,0x00,0x6d,0xb8,0x00,0x06,0xdb,0x80,0x00,0x6d,0xb8,0x00,0x06,0xdb,0x80,0x00,
0x6d,0xb8,0x00,0x06,0xdb,0xff,0xff,0xfd,0x00,0x0e,0x10,0x00,0x00,0xe1,0x00,0x5f,0xff,0x61,0x22,0x21,
0x5f,0xff,0x61,0x22,0x21,0x5f,0xff,0xff,0xff,0x30,0x5f,0xff,0xff,0x50,0x5f,0xff,0xff,0xff,0xff,0xff,
0xf5,0xff,0xff,0xff,0xff,0xff,0xff,0xff,0x1d,0x17,0xc0,0xc9,0x05,0x40,0x3f,0x35,0xe1,0x97,0x03,0x10,
0x26,0x14,0xf3,0x7c,0x0a,0x50,0xca,0x08,0xc0,0x1e,0x10,0x31,0x1d,0x12,0xd7,0xc0,0xa9,0xc9,0x0f,0x75,
0x40,0x63,0x4f,0x37,0xf5,0xe1,0x8d,0x98,0x0c,0x55,0x10,0x60,0x26,0x13,0x64,0xf3,0x7f,0x7c,0x09,0xaa,
0x50,0xd2,0xc9,0x0f,0x7a,0xb0,0xd8,0x2e,0x05,0xb0,0x51,0x06,0x00,0x1f,0x20,0x00,0x01,0xf2,0x00,0x9f,
0xff,0xff,0x91,0x12,0xf2,0x11,0x00,0x1f,0x20,0x00,0x01,0xf2,0x00,0x00,0x1f,0x20,0x00,0x01,0xf2,0x00,
0x00,0x1f,0x20,0x00,0x01,0xf2,0x00,0x00,0x1f,0x20,0x00,0x00,0x10,0x00,0x00,0x1f,0x20,0x00,0x01,0xf2,
0x00,0x9f,0xff,0xff,0x91,0x12,0xf2,0x11,0x00,0x1f,0x20,0x00,0x01,0xf2,0x00,0x00,0x1f,0x20,0x09,0xee,
0xfe,0xe9,0x12,0x3f,0x32,0x10,0x01,0xf2,0x00,0x00,0x1f,0x20,0x00,0x00,0x10,0x00,0x00,0x10,0x04,0xef,
0x80,0xcf,0xff,0x1c,0xff,0xf1,0x3d,0xe6,0x00,0x4c,0x10,0x08,0x80,0x01,0xc4,0x6f,0x10,0x0b,0xb0,0x01,
0xf6,0x05,0xdd,0x80,0x00,0x1d,0x20,0x00,0x00,0x00,0x01,0xe2,0x1d,0x40,0x0a,0x60,0x00,0x00,0x00,0x00,
0x3d,0x00,0xa7,0x05,0xc0,0x00,0x00,0x00,0x00,0x01,0xe3,0x1d,0x41,0xd3,0x00,0x00,0x00,0x00,0x00,0x05,
0xcd,0x70,0x98,0x3c,0xd7,0x00,0x8d,0xb2,0x00,0x00,0x00,0x3d,0x1d,0x51,0xd3,0x6c,0x07,0xa0,0x00,0x00,
0x0c,0x42,0xe0,0x09,0x7a,0x70,0x2e,0x00,0x00,0x07,0x90,0x2e,0x00,0x97,0xa7,0x02,0xe0,0x00,0x02,0xd1,
0x00,0xd4,0x1d,0x46,0xb0,0x7b,0x00,0x00,0xc5,0x00,0x04,0xdd,0x80,0x09,0xec,0x20,0x00,0x01,0x00,0xa4,
0x1b,0xa0,0xc9,0x00,0x7d,0x20,0x06,0xd2,0x00,0x54,0x00,0x00,0x10,0x00,0xa5,0x00,0x3d,0x60,0x02,0xd6,
0x06,0xd3,0x6d,0x20,0x71,0x00,0x00,0x00,0x00,0x18,0xde,0xc5,0x00,0xcc,0x42,0x5b,0x05,0xf1,0x00,0x00,
0xae,0xfd,0xdd,0x80,0x0a,0xb0,0x00,0x00,0xae,0xfd,0xd7,0x00,0x06,0xe0,0x00,0x00,0x02,0xf5,0x00,0x02,
0x00,0x8e,0x62,0x5d,0x00,0x07,0xde,0xc4,0x01,0x31,0x00,0x00,0x01,0x10,0x00,0x06,0xfc,0x00,0x00,0x9f,
0x50,0x00,0x06,0xff,0x50,0x00,0xf6,0x00,0x00,0x06,0xe8,0xd0,0x00,0xf4,0x00,0x00,0x06,0xe1,0xe6,0x00,
0xf4,0x02,0x20,0x06,0xe0,0x7d,0x10,0xf4,0x3e,0xd5,0x06,0xe0,0x1e,0x70,0xf4,0x87,0x4b,0x06,0xe0,0x06,
0xe1,0xf4,0x78,0x6a,0x06,0xe0,0x00,0xd8,0xf4,0x1c,0xd3,0x1a,0xd0,0x00,0x5f,0xf4,0x00,0x00,0x6d,0x50,
0x00,0x0c,0xf4,0x8d,0xda,0x11,0x10,0x00,0x00,0x19,0xda,0x5a,0xc0,0x8e,0x09,0x30,0xa6,0xa9,0xc0,0x93,
0x0a,0x27,0x1c,0x08,0x20,0x91,0x00,0xb0,0x00,0x02,0x00,0x00,0x00,0x00,0x08,0xe1,0x00,0x00,0x00,0x08,
0xe3,0x00,0x00,0x00,0x04,0xff,0xff,0xff,0xff,0xfe,0x0b,0xe4,0x33,0x33,0x33,0x30,0x0b,0xc1,0x00,0x00,
0x00,0x00,0x05,0x00,0x00,0x00,0x00,0x00,0x03,0x00,0x00,0x06,0xfa,0x00,0x06,0xef,0xea,0x02,0xe4,0xe5,
0xd6,0x01,0x0e,0x41,0x00,0x00,0xe4,0x00,0x00,0x0e,0x40,0x00,0x00,0xe4,0x00,0x00,0x0e,0x40,0x00,0x00,
0xe4,0x00,0x00,0x0e,0x40,0x00,0x00,0x00,0x00,0x00,0x20,0x00,0x00,0x00,0x00,0x03,0xe4,0x00,0x00,0x00,
0x00,0x00,0x6e,0x40,0x3f,0xff,0xff,0xff,0xff,0xf0,0x13,0x33,0x33,0x33,0x6f,0x70,0x00,0x00,0x00,0x03,
0xe7,0x00,0x00,0x00,0x00,0x00,0x50,0x00,0x00,0x03,0x10,0x00,0x00,0xe4,0x00,0x00,0x0e,0x40,0x00,0x00,
0xe4,0x00,0x00,0x0e,0x40,0x00,0x00,0xe4,0x00,0x00,0x0e,0x40,0x00,0x30,0xe4,0x31,0x2e,0x7e,0x7e,0x60,
0x4e,0xff,0x80,0x00,0x4e,0x80,0x00,0x00,0x00,0x00,0xaf,0xff,0xff,0xff,0xf1,0x23,0x33,0x33,0x33,0x30,
0x00,0x00,0x07,0x00,0x00,0x00,0x00,0x06,0xf2,0x00,0x00,0x00,0x00,0xdf,0x90,0x00,0x00,0x00,0x6f,0xff,
0x20,0x00,0x00,0x0d,0xff,0xf9,0x00,0x00,0x05,0xff,0xff,0xf2,0x00,0x00,0xdf,0xff,0xff,0x90,0x00,0x5f,
0xff,0xff,0xff,0x20,0x0d,0xff,0xff,0xff,0xf9,0x05,0xff,0xff,0xff,0xff,0xf2,0x8b,0xbb,0xbb,0xbb,0xbb,
0x60,0xb4,0x00,0x00,0x00,0x00,0x0e,0xfc,0x40,0x00,0x00,0x00,0xef,0xff,0xb4,0x00,0x00,0x0e,0xff,0xff,
0xfb,0x40,0x00,0xef,0xff,0xff,0xff,0xb4,0x0e,0xff,0xff,0xff,0xff,0xe4,0xef,0xff,0xff,0xfe,0x71,0x0e,
0xff,0xff,0xe7,0x10,0x00,0xef,0xfe,0x71,0x00,0x00,0x0e,0xe7,0x10,0x00,0x00,0x00,0x71,0x00,0x00,0x00,
0x00,0x00,0xbf,0xff,0xff,0xff,0xff,0x73,0xff,0xff,0xff,0xff,0xe1,0x0b,0xff,0xff,0xff,0xf7,0x00,0x3f,
0xff,0xff,0xfe,0x10,0x00,0xbf,0xff,0xff,0x70,0x00,0x03,0xff,0xff,0xe1,0x00,0x00,0x0b,0xff,0xf7,0x00,
0x00,0x00,0x3f,0xfe,0x10,0x00,0x00,0x00,0xbf,0x70,0x00,0x00,0x00,0x03,0xe1,0x00,0x00,0x00,0x00,0x04,
0x00,0x00,0x00,0x00,0x00,0x00,0x00,0x06,0x90,0x00,0x00,0x00,0x6d,0xfb,0x00,0x00,0x06,0xdf,0xff,0xb0,
0x00,0x6d,0xff,0xff,0xfb,0x06,0xdf,0xff,0xff,0xff,0xb7,0xff,0xff,0xff,0xff,0xfb,0x02,0x9f,0xff,0xff,
0xff,0xb0,0x00,0x29,0xff,0xff,0xfb,0x00,0x00,0x02,0x9f,0xff,0xb0,0x00,0x00,0x00,0x29,0xfb,0x00,0x00,
0x00,0x00,0x02,0x60,0x00,0x04,0xad,0xeb,0x50,0x00,0x00,0x8f,0xff,0xff,0xfa,0x00,0x05,0xff,0xff,0xff,
0xff,0x80,0x0d,0xff,0xff,0xff,0xff,0xf1,0x2f,0xff,0xff,0xff,0xff,0xf5,0x3f,0xff,0xff,0xff,0xff,0xf6,
0x1f,0xff,0xff,0xff,0xff,0xf4,0x0b,0xff,0xff,0xff,0xff,0xe1,0x03,0xff,0xff,0xff,0xff,0x60,0x00,0x4e,
0xff,0xff,0xf7,0x00,0x00,0x01,0x7a,0xa8,0x20,0x00,0x00,0x00,0x02,0xa2,0x00,0x00,0x1d,0x80,0x00,0x00,
0xbb,0x00,0x00,0x07,0xe1,0x00,0x22,0x2f,0x40,0x00,0xdb,0xc9,0x00,0x00,0x9f,0xd1,0x00,0x00,0x2b,0x30,
0x00,0x00,0x01,0x00,0x00,0x00,0x01,0xd6,0x00,0x00,0xa9,0x08,0xf6,0x00,0xae,0x40,0x08,0xf7,0xae,0x40,
0x00,0x08,0xff,0x40,0x00,0x00,0xaf,0xf6,0x00,0x00,0xae,0x48,0xf6,0x00,0xae,0x40,0x08,0xf6,0x0a,0x40,
0x00,0x07,0x70,0x00,0x00,0x00,0x59,0x00,0x00,0x00,0x00,0x00,0x00,0x5f,0xfa,0x00,0x00,0x00,0x00,0x00,
0x5c,0x86,0x99,0x00,0x00,0x00,0x00,0x5c,0x15,0x71,0x39,0x00,0x00,0x00,0x5f,0xed,0xff,0xb0,0xca,0x00,
0x00,0x5f,0xff,0xff,0xfa,0x0e,0xfa,0x00,0x5f,0xff,0xff,0xfc,0x18,0xff,0xfa,0x05,0xff,0xff,0xfd,0x17,
0xff,0xff,0x90,0x05,0xff,0xff,0x92,0xff,0xff,0x90,0x00,0x05,0xff,0xf8,0x3f,0xff,0x90,0x00,0x00,0x04,
0xff,0xfe,0xff,0x90,0x00,0x00,0x00,0x04,0xf8,0x2f,0x90,0x00,0x00,0x00,0x00,0x04,0x95,0x90,0x00,0x00,
0x00,0x00,0x00,0x04,0x90,0x00,0x00,0x00,
};

static const font_glyph_t s_glyphs[509] = {
{0x0020,0,0,0,0,4,0,0},
{0x0021,2,10,2,10,6,0,0},
{0x0022,5,4,1,10,6,0,10},
{0x0023,10,10,1,10,12,0,20},
{0x0024,7,13,1,11,9,0,70},
{0x0025,13,10,0,10,13,0,116},
{0x0026,11,10,0,10,11,0,181},
{0x0027,2,4,1,10,4,0,236},
{0x0028,4,13,1,11,5,0,240},
{0x0029,4,13,1,11,5,0,266},
{0x002a,7,7,0,10,7,0,292},
{0x002b,10,9,1,9,12,0,317},
{0x002c,3,4,1,2,4,0,362},
{0x002d,5,2,0,5,5,0,368},
{0x002e,2,2,1,2,4,0,373},
{0x002f,5,12,0,10,5,0,375},
{0x0030,8,10,0,10,9,0,405},
{0x0031,7,10,1,10,9,0,445},
{0x0032,7,10,1,10,9,0,480},
{0x0033,7,10,1,10,9,0,515},
{0x0034,9,10,0,10,9,0,550},
{0x0035,7,10,1,10,9,0,595},
{0x0036,9,10,0,10,9,0,630},
{0x0037,7,10,1,10,9,0,675},
{0x0038,8,10,0,10,9,0,710},
{0x0039,8,10,0,10,9,0,750},
{0x003a,3,7,1,7,5,0,790},
{0x003b,3,9,1,7,5,0,801},
{0x003c,10,9,1,9,12,0,815},
{0x003d,10,5,1,7,12,0,860},
{0x003e,10,9,1,9,12,0,885},
{0x003f,6,10,1,10,7,0,930},
{0x0040,14,13,0,11,14,0,960},
{0x0041,10,10,0,10,10,0,1051},
{0x0042,8,10,1,10,10,0,1101},
{0x0043,10,10,0,10,10,0,1141},
{0x0044,9,10,1,10,11,0,1191},
{0x0045,7,10,1,10,9,0,1236},
{0x0046,7,10,1,10,8,0,1271},
{0x0047,10,10,0,10,11,0,1306},
{0x0048,9,10,1,10,11,0,1356},
{0x0049,2,10,1,10,4,0,1401},
{0x004a,4,13,-1,10,4,0,1411},
{0x004b,9,10,1,10,9,0,1437},
{0x004c,7,10,1,10,8,0,1482},
{0x004d,10,10,1,10,12,0,1517},
{0x004e,9,10,1,10,10,0,1567},
{0x004f,11,10,0,10,11,0,1612},
{0x0050,7,10,1,10,8,0,1667},
{0x0051,11,12,0,10,11,0,1702},
{0x0052,9,10,1,10,10,0,1768},
{0x0053,9,10,0,10,9,0,1813},
{0x0054,10,10,-1,10,9,0,1858},
{0x0055,9,10,1,10,10,0,1908},
{0x0056,10,10,0,10,10,0,1953},
{0x0057,14,10,0,10,14,0,2003},
{0x0058,10,10,0,10,10,0,2073},
{0x0059,10,10,-1,10,9,0,2123},
{0x005a,9,10,0,10,10,0,2173},
{0x005b,4,13,1,11,5,0,2218},
{0x005c,5,12,0,10,5,0,2244},
{0x005d,4,13,1,11,5,0,2274},
{0x005e,10,4,1,11,12,0,2300},
{0x005f,9,1,-1,-2,7,0,2320},
{0x0060,4,3,1,12,7,0,2325},
{0x0061,8,8,0,8,9,0,2331},
{0x0062,8,11,1,11,9,0,2363},
{0x0063,7,8,0,8,8,0,2407},
{0x0064,8,11,0,11,9,0,2435},
{0x0065,8,8,0,8,9,0,2479},
{0x0066,6,11,0,11,5,0,2511},
{0x0067,8,11,0,8,9,0,2544},
{0x0068,7,11,1,11,9,0,2588},
{0x0069,2,11,1,11,4,0,2627},
{0x006a,4,14,-1,11,4,0,2638},
{0x006b,8,11,1,11,8,0,2666},
{0x006c,2,11,1,11,4,0,2710},
{0x006d,12,8,1,8,14,0,2721},
{0x006e,7,8,1,8,9,0,2769},
{0x006f,8,8,0,8,9,0,2797},
{0x0070,8,11,1,8,9,0,2829},
{0x0071,8,11,0,8,9,0,2873},
{0x0072,5,9,1,9,6,0,2917},
{0x0073,7,8,0,8,7,0,2940},
{0x0074,6,10,0,10,5,0,2968},
{0x0075,7,8,1,8,9,0,2998},
{0x0076,8,8,0,8,8,0,3026},
{0x0077,11,8,0,8,11,0,3058},
{0x0078,8,8,0,8,8,0,3102},
{0x0079,8,11,0,8,8,0,3134},
{0x007a,7,8,0,8,7,0,3178},
{0x007b,7,13,1,11,9,0,3206},
{0x007c,2,15,1,11,5,0,3252},
{0x007d,7,13,1,11,9,0,3267},
{0x007e,10,4,1,7,12,0,3313},
{0x00a0,0,0,0,0,4,0,3333},
{0x00a1,2,11,2,8,6,0,3333},
{0x00a2,7,13,1,10,9,0,3344},
{0x00a3,8,10,0,10,9,0,3390},
{0x00a4,9,9,0,9,9,0,3430},
{0x00a5,9,10,0,10,9,0,3471},
{0x00a6,2,13,1,11,5,0,3516},
{0x00a7,7,12,0,10,7,0,3529},
{0x00a8,5,3,1,12,7,0,3571},
{0x00a9,12,11,1,11,14,0,3579},
{0x00aa,6,7,0,10,7,0,3645},
{0x00ab,7,8,1,8,9,0,3666},
{0x00ac,10,5,1,6,12,0,3694},
{0x00ad,5,2,0,5,5,0,3719},
{0x00ae,12,11,1,11,14,0,3724},
{0x00af,5,2,1,11,7,0,3790},
{0x00b0,5,5,1,11,7,0,3795},
{0x00b1,10,9,1,9,12,0,3808},
{0x00b2,5,5,0,10,6,0,3853},
{0x00b3,5,5,0,10,6,0,3866},
{0x00b4,4,3,2,12,7,0,3879},
{0x00b5,8,11,1,8,9,0,3885},
{0x00b6,7,12,1,10,9,0,3929},
{0x00b7,2,2,1,6,4,0,3971},
{0x00b8,4,4,1,1,7,0,3973},
{0x00b9,5,5,0,10,6,0,3981},
{0x00ba,6,7,0,10,7,0,3994},
{0x00bb,7,8,1,8,9,0,4015},
{0x00bc,14,12,0,11,14,0,4043},
{0x00bd,13,11,0,11,14,0,4127},
{0x00be,14,12,0,11,14,0,4199},
{0x00bf,7,11,0,8,7,0,4283},
{0x00c0,10,13,0,13,10,0,4322},
{0x00c1,10,13,0,13,10,0,4387},
{0x00c2,10,14,0,14,10,0,4452},
{0x00c3,10,14,0,14,10,0,4522},
{0x00c4,10,14,0,14,10,0,4592},
{0x00c5,10,13,0,13,10,0,4662},
{0x00c6,13,10,0,10,14,0,4727},
{0x00c7,10,13,0,10,10,0,4792},
{0x00c8,7,13,1,13,9,0,4857},
{0x00c9,7,13,1,13,9,0,4903},
{0x00ca,7,14,1,14,9,0,4949},
{0x00cb,7,14,1,14,9,0,4998},
{0x00cc,4,13,0,13,4,0,5047},
{0x00cd,3,13,1,13,4,0,5073},
{0x00ce,6,14,-1,14,4,0,5093},
{0x00cf,5,14,0,14,4,0,5135},
{0x00d0,11,10,0,10,11,0,5170},
{0x00d1,9,14,1,14,10,0,5225},
{0x00d2,11,14,0,14,11,0,5288},
{0x00d3,11,14,0,14,11,0,5365},
{0x00d4,11,14,0,14,11,0,5442},
{0x00d5,11,14,0,14,11,0,5519},
{0x00d6,11,14,0,14,11,0,5596},
{0x00d7,9,9,1,9,12,0,5673},
{0x00d8,11,12,0,11,11,0,5714},
{0x00d9,9,14,1,14,10,0,5780},
{0x00da,9,14,1,14,10,0,5843},
{0x00db,9,14,1,14,10,0,5906},
{0x00dc,9,14,1,14,10,0,5969},
{0x00dd,10,13,-1,13,9,0,6032},
{0x00de,7,10,1,10,8,0,6097},
{0x00df,8,11,1,11,9,0,6132},
{0x00e0,8,12,0,12,9,0,6176},
{0x00e1,8,12,0,12,9,0,6224},
{0x00e2,8,12,0,12,9,0,6272},
{0x00e3,8,11,0,11,9,0,6320},
{0x00e4,8,11,0,11,9,0,6364},
{0x00e5,8,13,0,13,9,0,6408},
{0x00e6,14,8,0,8,14,0,6460},
{0x00e7,7,11,0,8,8,0,6516},
{0x00e8,8,12,0,12,9,0,6555},
{0x00e9,8,12,0,12,9,0,6603},
{0x00ea,8,12,0,12,9,0,6651},
{0x00eb,8,11,0,11,9,0,6699},
{0x00ec,4,12,-1,12,4,0,6743},
{0x00ed,5,12,0,12,4,0,6767},
{0x00ee,6,12,-1,12,4,0,6797},
{0x00ef,5,11,-1,11,4,0,6833},
{0x00f0,8,11,0,11,9,0,6861},
{0x00f1,7,11,1,11,9,0,6905},
{0x00f2,8,12,0,12,9,0,6944},
{0x00f3,8,12,0,12,9,0,6992},
{0x00f4,8,12,0,12,9,0,7040},
{0x00f5,8,11,0,11,9,0,7088},
{0x00f6,8,11,0,11,9,0,7132},
{0x00f7,10,7,1,8,12,0,7176},
{0x00f8,9,10,0,9,9,0,7211},
{0x00f9,7,12,1,12,9,0,7256},
{0x00fa,7,12,1,12,9,0,7298},
{0x00fb,7,12,1,12,9,0,7340},
{0x00fc,7,11,1,11,9,0,7382},
{0x00fd,8,15,0,12,8,0,7421},
{0x00fe,8,14,1,11,9,0,7481},
{0x00ff,8,14,0,11,8,0,7537},
{0x0100,10,13,0,13,10,0,7593},
{0x0101,8,11,0,11,9,0,7658},
{0x0102,10,14,0,14,10,0,7702},
{0x0103,8,11,0,11,9,0,7772},
{0x0104,10,13,0,10,10,0,7816},
{0x0105,8,11,0,8,9,0,7881},
{0x0106,10,14,0,14,10,0,7925},
{0x0107,7,12,0,12,8,0,7995},
{0x0108,10,14,0,14,10,0,8037},
{0x0109,7,12,0,12,8,0,8107},
{0x010a,10,14,0,14,10,0,8149},
{0x010b,7,11,0,11,8,0,8219},
{0x010c,10,14,0,14,10,0,8258},
{0x010d,7,12,0,12,8,0,8328},
{0x010e,9,14,1,14,11,0,8370},
{0x010f,11,11,0,11,9,0,8433},
{0x0110,11,10,0,10,11,0,8494},
{0x0111,9,11,0,11,9,0,8549},
{0x0112,7,13,1,13,9,0,8599},
{0x0113,8,11,0,11,9,0,8645},
{0x0114,7,14,1,14,9,0,8689},
{0x0115,8,12,0,12,9,0,8738},
{0x0116,7,14,1,14,9,0,8786},
{0x0117,8,11,0,11,9,0,8835},
{0x0118,7,13,1,10,9,0,8879},
{0x0119,8,11,0,8,9,0,8925},
{0x011a,7,13,1,13,9,0,8969},
{0x011b,8,12,0,12,9,0,9015},
{0x011c,10,14,0,14,11,0,9063},
{0x011d,8,15,0,12,9,0,9133},
{0x011e,10,14,0,14,11,0,9193},
{0x011f,8,14,0,11,9,0,9263},
{0x0120,10,14,0,14,11,0,9319},
{0x0121,8,14,0,11,9,0,9389},
{0x0122,10,14,0,10,11,0,9445},
{0x0123,8,15,0,12,9,0,9515},
{0x0124,9,14,1,14,11,0,9575},
{0x0125,9,14,-1,14,9,0,9638},
{0x0126,11,10,1,10,13,0,9701},
{0x0127,9,11,0,11,10,0,9756},
{0x0128,6,14,-1,14,4,0,9806},
{0x0129,6,11,-1,11,4,0,9848},
{0x012a,5,13,0,13,4,0,9881},
{0x012b,5,11,-1,11,4,0,9914},
{0x012c,6,14,-1,14,4,0,9942},
{0x012d,6,11,-1,11,4,0,9984},
{0x012e,3,13,1,10,4,0,10017},
{0x012f,3,14,1,11,4,0,10037},
{0x0130,2,14,1,14,4,0,10058},
{0x0131,2,8,1,8,4,0,10072},
{0x0132,6,13,1,10,8,0,10080},
{0x0133,6,14,1,11,8,0,10119},
{0x0134,6,16,-1,13,4,0,10161},
{0x0135,6,15,-1,12,4,0,10209},
{0x0136,9,14,1,10,9,0,10254},
{0x0137,8,15,1,11,8,0,10317},
{0x0138,8,8,1,8,8,0,10377},
{0x0139,7,14,1,14,8,0,10409},
{0x013a,3,14,1,14,4,0,10458},
{0x013b,7,14,1,10,8,0,10479},
{0x013c,3,15,0,11,4,0,10528},
{0x013d,7,10,1,10,8,0,10551},
{0x013e,5,11,1,11,5,0,10586},
{0x013f,7,10,1,10,8,0,10614},
{0x0140,4,11,1,11,5,0,10649},
{0x0141,9,10,-1,10,8,0,10671},
{0x0142,4,11,0,11,4,0,10716},
{0x0143,9,14,1,14,10,0,10738},
{0x0144,7,12,1,12,9,0,10801},
{0x0145,9,14,1,10,10,0,10843},
{0x0146,7,12,1,8,9,0,10906},
{0x0147,9,13,1,13,10,0,10948},
{0x0148,7,12,1,12,9,0,11007},
{0x0149,10,10,1,10,11,0,11049},
{0x014a,8,13,1,10,10,0,11099},
{0x014b,7,11,1,8,9,0,11151},
{0x014c,11,13,0,13,11,0,11190},
{0x014d,8,11,0,11,9,0,11262},
{0x014e,11,14,0,14,11,0,11306},
{0x014f,8,12,0,12,9,0,11383},
{0x0150,11,14,0,14,11,0,11431},
{0x0151,8,12,0,12,9,0,11508},
{0x0152,15,10,0,10,15,0,11556},
{0x0153,14,8,0,8,14,0,11631},
{0x0154,9,14,1,14,10,0,11687},
{0x0155,6,12,1,12,6,0,11750},
{0x0156,9,14,1,10,10,0,11786},
{0x0157,6,13,0,9,6,0,11849},
{0x0158,9,13,1,13,10,0,11888},
{0x0159,5,12,1,12,6,0,11947},
{0x015a,9,14,0,14,9,0,11977},
{0x015b,7,12,0,12,7,0,12040},
{0x015c,9,14,0,14,9,0,12082},
{0x015d,7,12,0,12,7,0,12145},
{0x015e,9,13,0,10,9,0,12187},
{0x015f,7,11,0,8,7,0,12246},
{0x0160,9,14,0,14,9,0,12285},
{0x0161,7,12,0,12,7,0,12348},
{0x0162,10,13,-1,10,9,0,12390},
{0x0163,6,13,0,10,5,0,12455},
{0x0164,10,13,-1,13,9,0,12494},
{0x0165,6,12,0,12,5,0,12559},
{0x0166,10,10,-1,10,9,0,12595},
{0x0167,6,10,0,10,5,0,12645},
{0x0168,9,14,1,14,10,0,12675},
{0x0169,7,11,1,11,9,0,12738},
{0x016a,9,13,1,13,10,0,12777},
{0x016b,7,11,1,11,9,0,12836},
{0x016c,9,14,1,14,10,0,12875},
{0x016d,7,11,1,11,9,0,12938},
{0x016e,9,14,1,14,10,0,12977},
{0x016f,7,13,1,13,9,0,13040},
{0x0170,9,14,1,14,10,0,13086},
{0x0171,7,12,1,12,9,0,13149},
{0x0172,9,13,1,10,10,0,13191},
{0x0173,8,11,1,8,9,0,13250},
{0x0174,14,14,0,14,14,0,13294},
{0x0175,11,12,0,12,11,0,13392},
{0x0176,10,14,-1,14,9,0,13458},
{0x0177,8,15,0,12,8,0,13528},
{0x0178,10,14,-1,14,9,0,13588},
{0x0179,9,14,0,14,10,0,13658},
{0x017a,7,12,0,12,7,0,13721},
{0x017b,9,14,0,14,10,0,13763},
{0x017c,7,11,0,11,7,0,13826},
{0x017d,9,14,0,14,10,0,13865},
{0x017e,7,12,0,12,7,0,13928},
{0x017f,6,11,0,11,5,0,13970},
{0x0192,7,14,-1,11,5,0,14003},
{0x0218,9,14,0,10,9,0,14052},
{0x0219,7,12,0,8,7,0,14115},
{0x021a,10,14,-1,10,9,0,14157},
{0x021b,6,14,0,10,5,0,14227},
{0x02c6,5,3,1,12,7,0,14269},
{0x02c7,5,3,1,12,7,0,14277},
{0x02dc,5,2,1,11,7,0,14285},
{0x0391,10,10,0,10,10,0,14290},
{0x0392,8,10,1,10,10,0,14340},
{0x0393,7,10,1,10,8,0,14380},
{0x0394,10,10,0,10,10,0,14415},
{0x0395,7,10,1,10,9,0,14465},
{0x0396,9,10,0,10,10,0,14500},
{0x0397,9,10,1,10,11,0,14545},
{0x0398,11,10,0,10,11,0,14590},
{0x0399,2,10,1,10,4,0,14645},
{0x039a,9,10,1,10,9,0,14655},
{0x039b,10,10,0,10,10,0,14700},
{0x039c,10,10,1,10,12,0,14750},
{0x039d,9,10,1,10,10,0,14800},
{0x039e,7,10,1,10,9,0,14845},
{0x039f,11,10,0,10,11,0,14880},
{0x03a0,9,10,1,10,11,0,14935},
{0x03a1,7,10,1,10,8,0,14980},
{0x03a3,7,10,1,10,9,0,15015},
{0x03a4,10,10,-1,10,9,0,15050},
{0x03a5,10,10,-1,10,9,0,15100},
{0x03a6,11,10,0,10,11,0,15150},
{0x03a7,10,10,0,10,10,0,15205},
{0x03a8,11,10,0,10,11,0,15255},
{0x03a9,11,10,0,10,11,0,15310},
{0x03b1,9,8,0,8,9,0,15365},
{0x03b2,7,14,1,11,9,0,15401},
{0x03b3,8,11,0,8,8,0,15450},
{0x03b4,8,10,0,10,9,0,15494},
{0x03b5,7,8,0,8,8,0,15534},
{0x03b6,7,14,0,11,8,0,15562},
{0x03b7,7,11,1,8,9,0,15611},
{0x03b8,8,11,0,11,9,0,15650},
{0x03b9,4,8,1,8,5,0,15694},
{0x03ba,7,8,1,8,8,0,15710},
{0x03bb,8,11,0,11,8,0,15738},
{0x03bc,8,11,1,8,9,0,15782},
{0x03bd,8,8,0,8,8,0,15826},
{0x03be,7,14,0,11,8,0,15858},
{0x03bf,8,8,0,8,9,0,15907},
{0x03c0,9,8,0,8,8,0,15939},
{0x03c1,8,11,1,8,9,0,15975},
{0x03c2,7,11,0,8,8,0,16019},
{0x03c3,9,8,0,8,9,0,16058},
{0x03c4,8,8,0,8,8,0,16094},
{0x03c5,7,8,1,8,8,0,16126},
{0x03c6,9,11,0,8,9,0,16154},
{0x03c7,8,11,0,8,8,0,16204},
{0x03c8,9,11,0,8,9,0,16248},
{0x03c9,11,8,0,8,12,0,16298},
{0x0400,7,13,1,13,9,0,16342},
{0x0401,7,14,1,14,9,0,16388},
{0x0402,11,13,-1,10,11,0,16437},
{0x0403,7,13,1,13,9,0,16509},
{0x0404,10,10,0,10,10,0,16555},
{0x0405,9,10,0,10,9,0,16605},
{0x0406,2,10,1,10,4,0,16650},
{0x0407,5,14,0,14,4,0,16660},
{0x0408,4,13,-1,10,4,0,16695},
{0x0409,15,10,0,10,15,0,16721},
{0x040a,13,10,1,10,15,0,16796},
{0x040b,11,10,-1,10,11,0,16861},
{0x040c,9,13,1,13,10,0,16916},
{0x040d,9,13,1,13,10,0,16975},
{0x040e,9,14,0,14,9,0,17034},
{0x040f,9,12,1,10,11,0,17097},
{0x0410,10,10,0,10,10,0,17151},
{0x0411,8,10,1,10,10,0,17201},
{0x0412,8,10,1,10,10,0,17241},
{0x0413,7,10,1,10,9,0,17281},
{0x0414,11,13,0,10,11,0,17316},
{0x0415,7,10,1,10,9,0,17388},
{0x0416,15,10,0,10,15,0,17423},
{0x0417,9,10,0,10,9,0,17498},
{0x0418,9,10,1,10,10,0,17543},
{0x0419,9,14,1,14,10,0,17588},
{0x041a,9,10,1,10,10,0,17651},
{0x041b,10,10,0,10,11,0,17696},
{0x041c,10,10,1,10,12,0,17746},
{0x041d,9,10,1,10,11,0,17796},
{0x041e,11,10,0,10,11,0,17841},
{0x041f,9,10,1,10,11,0,17896},
{0x0420,7,10,1,10,8,0,17941},
{0x0421,10,10,0,10,10,0,17976},
{0x0422,10,10,-1,10,9,0,18026},
{0x0423,9,10,0,10,9,0,18076},
{0x0424,12,10,0,10,12,0,18121},
{0x0425,10,10,0,10,10,0,18181},
{0x0426,10,13,1,10,11,0,18231},
{0x0427,8,10,1,10,10,0,18296},
{0x0428,13,10,1,10,15,0,18336},
{0x0429,14,13,1,10,15,0,18401},
{0x042a,11,10,0,10,12,0,18492},
{0x042b,10,10,1,10,12,0,18547},
{0x042c,8,10,1,10,10,0,18597},
{0x042d,9,10,0,10,10,0,18637},
{0x042e,14,10,1,10,15,0,18682},
{0x042f,9,10,0,10,10,0,18752},
{0x0430,8,8,0,8,9,0,18797},
{0x0431,8,12,0,12,9,0,18829},
{0x0432,7,8,1,8,8,0,18877},
{0x0433,6,8,1,8,7,0,18905},
{0x0434,9,10,0,8,10,0,18929},
{0x0435,8,8,0,8,9,0,18974},
{0x0436,13,8,0,8,13,0,19006},
{0x0437,7,8,0,8,7,0,19058},
{0x0438,7,8,1,8,9,0,19086},
{0x0439,7,11,1,11,9,0,19114},
{0x043a,7,8,1,8,8,0,19153},
{0x043b,8,8,0,8,9,0,19181},
{0x043c,9,8,1,8,11,0,19213},
{0x043d,7,8,1,8,9,0,19249},
{0x043e,8,8,0,8,9,0,19277},
{0x043f,7,8,1,8,9,0,19309},
{0x0440,8,11,1,8,9,0,19337},
{0x0441,7,8,0,8,8,0,19381},
{0x0442,8,8,0,8,8,0,19409},
{0x0443,8,11,0,8,8,0,19441},
{0x0444,12,13,0,10,12,0,19485},
{0x0445,8,8,0,8,8,0,19563},
{0x0446,8,10,1,8,10,0,19595},
{0x0447,6,8,1,8,8,0,19635},
{0x0448,11,8,1,8,13,0,19659},
{0x0449,12,10,1,8,13,0,19703},
{0x044a,10,8,0,8,10,0,19763},
{0x044b,9,8,1,8,11,0,19803},
{0x044c,7,8,1,8,8,0,19839},
{0x044d,7,8,0,8,8,0,19867},
{0x044e,11,8,1,8,12,0,19895},
{0x044f,8,8,0,8,8,0,19939},
{0x0450,8,12,0,12,9,0,19971},
{0x0451,8,12,0,12,9,0,20019},
{0x0452,8,14,0,11,9,0,20067},
{0x0453,6,12,1,12,7,0,20123},
{0x0454,7,8,0,8,8,0,20159},
{0x0455,7,8,0,8,7,0,20187},
{0x0456,2,11,1,11,4,0,20215},
{0x0457,5,12,-1,12,4,0,20226},
{0x0458,4,14,-1,11,4,0,20256},
{0x0459,12,8,0,8,13,0,20284},
{0x045a,11,8,1,8,13,0,20332},
{0x045b,8,11,0,11,9,0,20376},
{0x045c,7,12,1,12,8,0,20420},
{0x045d,7,12,1,12,9,0,20462},
{0x045e,8,14,0,11,8,0,20504},
{0x045f,7,10,1,8,9,0,20560},
{0x2010,5,2,0,5,5,0,20595},
{0x2011,5,2,0,5,5,0,20600},
{0x2012,9,1,0,4,9,0,20605},
{0x2013,7,1,0,4,7,0,20610},
{0x2014,14,1,0,4,14,0,20614},
{0x2015,14,1,0,4,14,0,20621},
{0x2018,3,4,1,10,4,0,20628},
{0x2019,3,4,1,10,4,0,20634},
{0x201a,3,4,1,2,4,0,20640},
{0x201b,3,4,1,10,4,0,20646},
{0x201c,5,4,1,10,7,0,20652},
{0x201d,5,4,1,10,7,0,20662},
{0x201e,5,4,1,2,7,0,20672},
{0x201f,5,4,1,10,7,0,20682},
{0x2020,7,12,0,10,7,0,20692},
{0x2021,7,12,0,10,7,0,20734},
{0x2022,5,5,2,8,8,0,20776},
{0x2026,12,2,1,2,14,0,20789},
{0x2030,19,10,0,10,19,0,20801},
{0x2039,4,8,1,8,6,0,20896},
{0x203a,4,8,1,8,6,0,20912},
{0x20ac,8,10,0,10,9,0,20928},
{0x2116,14,11,0,11,15,0,20968},
{0x2122,9,5,2,11,14,0,21045},
{0x2190,11,7,0,8,12,0,21068},
{0x2191,7,11,2,11,12,0,21107},
{0x2192,12,7,0,8,12,0,21146},
{0x2193,7,12,2,11,12,0,21188},
{0x2212,10,2,1,5,12,0,21230},
{0x25b2,11,11,0,9,11,0,21240},
{0x25b6,11,11,0,9,11,0,21301},
{0x25bc,11,11,0,9,11,0,21362},
{0x25c0,11,11,0,9,11,0,21423},
{0x25cf,12,11,0,9,12,0,21484},
{0x2713,8,8,2,9,12,0,21550},
{0x2715,9,9,1,10,12,0,21582},
{0xfffd,15,14,0,13,14,0,21623},
};

const font_t font_sans_14 = {
    .px = 14, .line_h = 17, .ascent = 13, .descent = 4,
    .count = 509, .glyphs = s_glyphs, .bitmap = s_bits,
};
