/* Generated by tools/fontgen.c from DejaVuSans.ttf at 20px - do not edit.
 * DejaVu fonts: Bitstream Vera license (see tools/LICENSE). */
#include "font.h"

static const uint8_t s_bits[41273] = {
0xff,0xff,0xff,0xff,0xff,0xff,0xff,0xee,0xdd,0x89,0x00,0x67,0xff,0xff,0x1f,0x90,0x6f,0x41,0xf9,0x06,
0xf4,0x1f,0x90,0x6f,0x41,0xf9,0x06,0xf4,0x1f,0x90,0x6f,0x40,0x53,0x02,0x51,0x00,0x00,0x00,0xe9,0x00,
0x8f,0x10,0x00,0x00,0x00,0x3f,0x60,0x0c,0xc0,0x00,0x00,0x00,0x07,0xf2,0x01,0xf8,0x00,0x00,0x12,0x22,
0xbd,0x22,0x6f,0x62,0x20,0x05,0xff,0xff,0xff,0xff,0xff,0xff,0x30,0x25,0x58,0xf8,0x55,0xec,0x55,0x51,
0x00,0x00,0x7f,0x20,0x1f,0x80,0x00,0x00,0x00,0x0b,0xd0,0x04,0xf5,0x00,0x00,0x12,0x22,0xeb,0x22,0x8f,
0x32,0x20,0x07,0xff,0xff,0xff,0xff,0xff,0xff,0x20,0x25,0x5a,0xf6,0x55,0xfa,0x55,0x51,0x00,0x00,0xbd,
0x00,0x4f,0x40,0x00,0x00,0x00,0x0e,0x90,0x08,0xf1,0x00,0x00,0x00,0x04,0xf5,0x00,0xdb,0x00,0x00,0x00,
0x00,0x00,0x3c,0x00,0x00,0x00,0x00,0x03,0xc0,0x00,0x00,0x01,0x8d,0xff,0xfe,0xb1,0x00,0xbf,0x97,0xc5,
0x8d,0x30,0x3f,0xa0,0x3c,0x00,0x00,0x05,0xf8,0x03,0xc0,0x00,0x00,0x2f,0xd2,0x3c,0x00,0x00,0x00,0x9f,
0xfc,0xd5,0x10,0x00,0x00,0x6c,0xff,0xff,0x80,0x00,0x00,0x03,0xd7,0xef,0x90,0x00,0x00,0x3c,0x01,0xee,
0x00,0x00,0x03,0xc0,0x0c,0xf1,0x33,0x00,0x3c,0x02,0xed,0x05,0xfb,0x78,0xd8,0xef,0x60,0x16,0xbd,0xff,
0xeb,0x40,0x00,0x00,0x04,0xc0,0x00,0x00,0x00,0x00,0x3c,0x00,0x00,0x00,0x00,0x03,0xc0,0x00,0x00,0x05,
0xce,0xc5,0x00,0x00,0x02,0xe8,0x00,0x04,0xf9,0x4a,0xf4,0x00,0x00,0xad,0x00,0x00,0xbd,0x00,0x0e,0xa0,
0x00,0x5f,0x30,0x00,0x0d,0xa0,0x00,0xbc,0x00,0x1e,0x80,0x00,0x00,0xbc,0x00,0x0d,0xb0,0x0a,0xd1,0x00,
0x00,0x06,0xf6,0x17,0xf5,0x05,0xf4,0x00,0x00,0x00,0x09,0xff,0xf8,0x01,0xd9,0x05,0xdf,0xd5,0x00,0x01,
0x21,0x00,0x9d,0x13,0xfa,0x49,0xf3,0x00,0x00,0x00,0x4f,0x50,0x9e,0x10,0x0e,0xa0,0x00,0x00,0x1d,0xa0,
0x0c,0xc0,0x00,0xbd,0x00,0x00,0x08,0xe1,0x00,0xcc,0x00,0x0b,0xd0,0x00,0x03,0xf5,0x00,0x09,0xe1,0x00,
0xea,0x00,0x00,0xda,0x00,0x00,0x3f,0xa4,0xaf,0x30,0x00,0x8e,0x20,0x00,0x00,0x5d,0xfd,0x50,0x00,0x06,
0xce,0xec,0x81,0x00,0x00,0x00,0x8f,0xe9,0x9b,0xf2,0x00,0x00,0x00,0xfe,0x20,0x00,0x21,0x00,0x00,0x00,
0xfd,0x00,0x00,0x00,0x00,0x00,0x00,0xaf,0x50,0x00,0x00,0x00,0x00,0x00,0x6f,0xf5,0x00,0x00,0x00,0x00,
0x06,0xf7,0xaf,0x60,0x00,0x06,0xa2,0x3f,0xa0,0x0a,0xf7,0x00,0x0b,0xf1,0x9f,0x40,0x00,0xaf,0x80,0x1e,
0xb0,0xbf,0x30,0x00,0x0a,0xf9,0x7f,0x40,0x9f,0x60,0x00,0x00,0xaf,0xf9,0x00,0x3f,0xe4,0x00,0x00,0x6f,
0xfa,0x00,0x07,0xff,0xc9,0x9d,0xfb,0xbf,0x90,0x00,0x3a,0xef,0xeb,0x50,0x1d,0xf8,0x1f,0x91,0xf9,0x1f,
0x91,0xf9,0x1f,0x90,0x53,0x00,0x0a,0xe1,0x00,0x3f,0x60,0x00,0xbe,0x00,0x03,0xf9,0x00,0x08,0xf3,0x00,
0x0c,0xf0,0x00,0x1f,0xc0,0x00,0x3f,0xb0,0x00,0x4f,0xa0,0x00,0x3f,0xa0,0x00,0x2f,0xb0,0x00,0x0e,0xe0,
0x00,0x0b,0xf2,0x00,0x06,0xf6,0x00,0x01,0xec,0x00,0x00,0x8f,0x30,0x00,0x1d,0xa0,0x00,0x04,0x71,0x2f,
0x70,0x00,0x09,0xe1,0x00,0x02,0xf8,0x00,0x00,0xce,0x00,0x00,0x7f,0x50,0x00,0x3f,0x90,0x00,0x0f,0xd0,
0x00,0x0e,0xf0,0x00,0x0d,0xf1,0x00,0x0d,0xf0,0x00,0x0e,0xe0,0x00,0x1f,0xb0,0x00,0x5f,0x70,0x00,0x9f,
0x20,0x00,0xeb,0x00,0x05,0xf4,0x00,0x0d,0xb0,0x00,0x28,0x20,0x00,0x00,0x00,0x88,0x00,0x00,0x02,0x00,
0x88,0x00,0x20,0x3e,0x81,0x88,0x18,0xe3,0x02,0x9d,0xcc,0xd9,0x20,0x00,0x06,0xff,0x60,0x00,0x02,0xad,
0xcc,0xda,0x20,0x3e,0x70,0x88,0x07,0xe3,0x01,0x00,0x88,0x00,0x10,0x00,0x00,0x88,0x00,0x00,0x00,0x00,
0x02,0x51,0x00,0x00,0x00,0x00,0x00,0x7f,0x30,0x00,0x00,0x00,0x00,0x07,0xf3,0x00,0x00,0x00,0x00,0x00,
0x7f,0x30,0x00,0x00,0x00,0x00,0x07,0xf3,0x00,0x00,0x00,0x00,0x00,0x7f,0x30,0x00,0x00,0xdf,0xff,0xff,
0xff,0xff,0xff,0xa8,0x99,0x99,0xcf,0xb9,0x99,0x96,0x00,0x00,0x07,0xf3,0x00,0x00,0x00,0x00,0x00,0x7f,
0x30,0x00,0x00,0x00,0x00,0x07,0xf3,0x00,0x00,0x00,0x00,0x00,0x7f,0x30,0x00,0x00,0x00,0x00,0x07,0xf3,
0x00,0x00,0x00,0x07,0xb4,0x0a,0xf6,0x0c,0xf2,0x1f,0x90,0x5e,0x10,0x09,0x99,0x99,0x20,0xff,0xff,0xf4,
0x67,0x1d,0xf3,0xdf,0x30,0x00,0x00,0x1f,0x90,0x00,0x06,0xf4,0x00,0x00,0xbe,0x00,0x00,0x1f,0x90,0x00,
0x05,0xf5,0x00,0x00,0xae,0x00,0x00,0x0e,0xa0,0x00,0x05,0xf5,0x00,0x00,0x9f,0x10,0x00,0x0e,0xb0,0x00,
0x04,0xf6,0x00,0x00,0x9f,0x10,0x00,0x0d,0xb0,0x00,0x03,0xf7,0x00,0x00,0x8f,0x20,0x00,0x0d,0xc0,0x00,
0x00,0x00,0x2a,0xef,0xd8,0x10,0x00,0x3e,0xfa,0x8c,0xfc,0x10,0x0c,0xf6,0x00,0x0a,0xf7,0x03,0xfc,0x00,
0x00,0x2f,0xd0,0x7f,0x80,0x00,0x00,0xcf,0x29,0xf6,0x00,0x00,0x0a,0xf5,0xaf,0x50,0x00,0x00,0x9f,0x5a,
0xf5,0x00,0x00,0x09,0xf5,0x9f,0x60,0x00,0x00,0xaf,0x57,0xf8,0x00,0x00,0x0c,0xf2,0x3f,0xc0,0x00,0x02,
0xfd,0x00,0xcf,0x60,0x00,0xaf,0x70,0x03,0xef,0xa8,0xcf,0xc1,0x00,0x02,0xae,0xfd,0x81,0x00,0x59,0xce,
0xfa,0x00,0x0c,0xfe,0xdf,0xa0,0x00,0x42,0x04,0xfa,0x00,0x00,0x00,0x4f,0xa0,0x00,0x00,0x04,0xfa,0x00,
0x00,0x00,0x4f,0xa0,0x00,0x00,0x04,0xfa,0x00,0x00,0x00,0x4f,0xa0,0x00,0x00,0x04,0xfa,0x00,0x00,0x00,
0x4f,0xa0,0x00,0x00,0x04,0xfa,0x00,0x00,0x00,0x4f,0xa0,0x00,0x59,0x9b,0xfd,0x99,0x88,0xff,0xff,0xff,
0xfd,0x15,0xad,0xee,0xc6,0x00,0x7f,0xfc,0xab,0xff,0xa0,0x56,0x10,0x00,0x2e,0xf5,0x00,0x00,0x00,0x07,
0xf9,0x00,0x00,0x00,0x06,0xf9,0x00,0x00,0x00,0x0c,0xf4,0x00,0x00,0x00,0x8f,0xa0,0x00,0x00,0x06,0xfc,
0x10,0x00,0x00,0x7f,0xc1,0x00,0x00,0x08,0xfc,0x10,0x00,0x00,0x8f,0xb1,0x00,0x00,0x09,0xfb,0x10,0x00,
0x00,0x7f,0xfa,0x99,0x99,0x97,0x8f,0xff,0xff,0xff,0xfb,0x07,0xbd,0xee,0xc7,0x10,0x00,0xfe,0xba,0xbe,
0xfd,0x20,0x02,0x00,0x00,0x0a,0xf9,0x00,0x00,0x00,0x00,0x4f,0xb0,0x00,0x00,0x00,0x09,0xf8,0x00,0x00,
0x89,0xad,0xfc,0x10,0x00,0x0e,0xff,0xfb,0x10,0x00,0x00,0x00,0x15,0xde,0x30,0x00,0x00,0x00,0x03,0xfc,
0x00,0x00,0x00,0x00,0x0e,0xf1,0x00,0x00,0x00,0x01,0xff,0x13,0x30,0x00,0x01,0xaf,0xb0,0x7f,0xdb,0xab,
0xef,0xe2,0x02,0x8c,0xef,0xec,0x71,0x00,0x00,0x00,0x00,0x5f,0xf8,0x00,0x00,0x00,0x01,0xee,0xf8,0x00,
0x00,0x00,0x0a,0xe8,0xf8,0x00,0x00,0x00,0x6f,0x47,0xf8,0x00,0x00,0x02,0xe9,0x07,0xf8,0x00,0x00,0x0b,
0xd1,0x07,0xf8,0x00,0x00,0x7f,0x40,0x07,0xf8,0x00,0x03,0xf9,0x00,0x07,0xf8,0x00,0x0c,0xd1,0x00,0x07,
0xf8,0x00,0x0f,0xff,0xff,0xff,0xff,0xf9,0x09,0x99,0x99,0x9c,0xfc,0x96,0x00,0x00,0x00,0x07,0xf8,0x00,
0x00,0x00,0x00,0x07,0xf8,0x00,0x00,0x00,0x00,0x07,0xf8,0x00,0x0d,0xff,0xff,0xff,0xe0,0x0d,0xf9,0x99,
0x99,0x90,0x0d,0xf0,0x00,0x00,0x00,0x0d,0xf0,0x00,0x00,0x00,0x0d,0xf7,0x99,0x61,0x00,0x0d,0xff,0xff,
0xfe,0x50,0x07,0x41,0x13,0x9f,0xf4,0x00,0x00,0x00,0x08,0xfb,0x00,0x00,0x00,0x02,0xfe,0x00,0x00,0x00,
0x01,0xfe,0x00,0x00,0x00,0x05,0xfc,0x33,0x00,0x00,0x3d,0xf7,0x7f,0xdb,0xac,0xff,0xa0,0x39,0xce,0xfe,
0xb5,0x00,0x00,0x04,0xae,0xfd,0xa4,0x00,0x08,0xff,0xba,0xbe,0x80,0x06,0xfc,0x20,0x00,0x01,0x00,0xee,
0x10,0x00,0x00,0x00,0x4f,0xa0,0x58,0x74,0x00,0x07,0xf9,0xdf,0xff,0xfc,0x10,0x9f,0xfd,0x41,0x3b,0xfb,
0x09,0xff,0x20,0x00,0x1d,0xf3,0x8f,0xc0,0x00,0x00,0x9f,0x66,0xfb,0x00,0x00,0x08,0xf7,0x2f,0xe0,0x00,
0x00,0xbf,0x50,0xaf,0x80,0x00,0x4f,0xe1,0x02,0xdf,0xc9,0xbf,0xf5,0x00,0x01,0x9d,0xfe,0xa3,0x00,0x5f,
0xff,0xff,0xff,0xff,0x03,0x99,0x99,0x99,0xcf,0xb0,0x00,0x00,0x00,0x0b,0xf5,0x00,0x00,0x00,0x02,0xfe,
0x00,0x00,0x00,0x00,0x8f,0x80,0x00,0x00,0x00,0x0e,0xf2,0x00,0x00,0x00,0x05,0xfb,0x00,0x00,0x00,0x00,
0xbf,0x50,0x00,0x00,0x00,0x2f,0xe0,0x00,0x00,0x00,0x08,0xf8,0x00,0x00,0x00,0x00,0xef,0x20,0x00,0x00,
0x00,0x5f,0xb0,0x00,0x00,0x00,0x0b,0xf5,0x00,0x00,0x00,0x02,0xfe,0x00,0x00,0x00,0x00,0x5b,0xdf,0xda,
0x30,0x00,0x9f,0xea,0x8b,0xff,0x60,0x2f,0xe2,0x00,0x05,0xfd,0x04,0xfb,0x00,0x00,0x0f,0xe0,0x2f,0xe1,
0x00,0x04,0xfa,0x00,0x7f,0xea,0x8b,0xfb,0x10,0x00,0x5e,0xff,0xfd,0x50,0x00,0x7f,0x82,0x13,0xbf,0x80,
0x4f,0xa0,0x00,0x01,0xdf,0x29,0xf6,0x00,0x00,0x0a,0xf5,0x9f,0x70,0x00,0x00,0xbf,0x45,0xfe,0x20,0x00,
0x5f,0xe1,0x0b,0xfe,0xa9,0xbf,0xf6,0x00,0x07,0xce,0xfe,0xa4,0x00,0x00,0x6c,0xee,0xc7,0x00,0x00,0x9f,
0xea,0x9d,0xfa,0x00,0x4f,0xd1,0x00,0x0b,0xf6,0x09,0xf6,0x00,0x00,0x3f,0xc0,0xbf,0x40,0x00,0x01,0xff,
0x1a,0xf6,0x00,0x00,0x3f,0xf3,0x5f,0xd1,0x00,0x0a,0xff,0x40,0xaf,0xe9,0x8c,0xfd,0xf4,0x00,0x7c,0xfe,
0xb3,0xcf,0x30,0x00,0x00,0x00,0x1f,0xe0,0x00,0x00,0x00,0x07,0xf9,0x00,0x20,0x00,0x05,0xee,0x20,0x0c,
0xdb,0xac,0xfe,0x40,0x00,0x6c,0xef,0xd9,0x20,0x00,0xaf,0x6a,0xf6,0x47,0x30,0x00,0x00,0x00,0x00,0x00,
0x04,0x73,0xaf,0x6a,0xf6,0x04,0x73,0x0a,0xf6,0x0a,0xf6,0x00,0x00,0x00,0x00,0x00,0x00,0x00,0x00,0x00,
0x00,0x07,0xb4,0x0a,0xf6,0x0c,0xf2,0x1f,0x90,0x5e,0x10,0x00,0x00,0x00,0x00,0x00,0x01,0x30,0x00,0x00,
0x00,0x00,0x4a,0xea,0x00,0x00,0x00,0x39,0xef,0xfb,0x40,0x00,0x28,0xdf,0xfc,0x61,0x00,0x17,0xcf,0xfc,
0x72,0x00,0x00,0x0d,0xfe,0x83,0x00,0x00,0x00,0x00,0xaf,0xfc,0x72,0x00,0x00,0x00,0x00,0x27,0xdf,0xfc,
0x61,0x00,0x00,0x00,0x00,0x38,0xef,0xfb,0x61,0x00,0x00,0x00,0x00,0x49,0xef,0xf7,0x00,0x00,0x00,0x00,
0x00,0x5a,0x90,0x00,0x00,0x00,0x00,0x00,0x00,0x89,0x99,0x99,0x99,0x99,0x99,0x6d,0xff,0xff,0xff,0xff,
0xff,0xfa,0x00,0x00,0x00,0x00,0x00,0x00,0x00,0x00,0x00,0x00,0x00,0x00,0x00,0x89,0x99,0x99,0x99,0x99,
0x99,0x6d,0xff,0xff,0xff,0xff,0xff,0xfa,0x30,0x00,0x00,0x00,0x00,0x00,0x0d,0xe8,0x30,0x00,0x00,0x00,
0x00,0x6c,0xff,0xd7,0x20,0x00,0x00,0x00,0x02,0x8d,0xff,0xc6,0x10,0x00,0x00,0x00,0x03,0x9e,0xff,0xb5,
0x10,0x00,0x00,0x00,0x04,0xaf,0xfa,0x00,0x00,0x00,0x03,0x8d,0xff,0x70,0x00,0x02,0x8d,0xff,0xb6,0x10,
0x02,0x7c,0xff,0xc7,0x20,0x00,0x0a,0xff,0xd8,0x30,0x00,0x00,0x00,0xc9,0x40,0x00,0x00,0x00,0x00,0x00,
0x00,0x00,0x00,0x00,0x00,0x00,0x16,0xbe,0xec,0x70,0x08,0xfc,0x9a,0xef,0xa0,0x53,0x00,0x02,0xef,0x20,
0x00,0x00,0x0d,0xf3,0x00,0x00,0x03,0xfd,0x00,0x00,0x04,0xee,0x30,0x00,0x04,0xed,0x20,0x00,0x00,0xdf,
0x20,0x00,0x00,0x1f,0xc0,0x00,0x00,0x02,0xfb,0x00,0x00,0x00,0x04,0x30,0x00,0x00,0x01,0x75,0x00,0x00,
0x00,0x3f,0xc0,0x00,0x00,0x03,0xfc,0x00,0x00,0x00,0x00,0x00,0x00,0x01,0x00,0x00,0x00,0x00,0x00,0x00,
0x04,0xae,0xff,0xec,0x71,0x00,0x00,0x00,0x02,0xcf,0xc7,0x55,0x6a,0xee,0x50,0x00,0x00,0x3e,0xd4,0x00,
0x00,0x00,0x19,0xf6,0x00,0x01,0xeb,0x10,0x00,0x10,0x00,0x10,0x8f,0x40,0x09,0xe1,0x00,0x5d,0xff,0xa5,
0xf2,0x0b,0xd0,0x2f,0x60,0x04,0xfc,0x66,0xce,0xf2,0x03,0xf4,0x6f,0x10,0x0c,0xe1,0x00,0x1d,0xf2,0x00,
0xe7,0x9d,0x00,0x1f,0x90,0x00,0x08,0xf2,0x00,0xc9,0xab,0x00,0x2f,0x70,0x00,0x06,0xf2,0x00,0xe8,0x9c,
0x00,0x1f,0x80,0x00,0x07,0xf2,0x02,0xf5,0x7e,0x00,0x0d,0xd0,0x00,0x0c,0xf2,0x09,0xe1,0x3f,0x40,0x06,
0xfa,0x33,0x9f,0xf5,0xaf,0x40,0x0c,0xc0,0x00,0x8f,0xff,0xd6,0xff,0xb3,0x00,0x03,0xf9,0x00,0x01,0x43,
0x01,0x31,0x00,0x00,0x00,0x6f,0xa1,0x00,0x00,0x00,0x05,0x10,0x00,0x00,0x05,0xee,0x84,0x22,0x37,0xcf,
0x60,0x00,0x00,0x00,0x18,0xdf,0xff,0xfe,0x93,0x00,0x00,0x00,0x00,0x00,0x02,0x34,0x20,0x00,0x00,0x00,
0x00,0x00,0x07,0xff,0x20,0x00,0x00,0x00,0x00,0x0d,0xff,0x80,0x00,0x00,0x00,0x00,0x4f,0x9e,0xe0,0x00,
0x00,0x00,0x00,0xaf,0x38,0xf5,0x00,0x00,0x00,0x01,0xfd,0x03,0xfb,0x00,0x00,0x00,0x07,0xf7,0x00,0xcf,
0x20,0x00,0x00,0x0d,0xf2,0x00,0x6f,0x80,0x00,0x00,0x4f,0xb0,0x00,0x1f,0xe0,0x00,0x00,0xaf,0x50,0x00,
0x0a,0xf5,0x00,0x01,0xff,0xff,0xff,0xff,0xfb,0x00,0x07,0xfc,0x99,0x99,0x99,0xef,0x20,0x0d,0xf3,0x00,
0x00,0x00,0x8f,0x80,0x4f,0xc0,0x00,0x00,0x00,0x2f,0xe0,0xaf,0x60,0x00,0x00,0x00,0x0b,0xf5,0x0f,0xff,
0xff,0xfd,0x92,0x00,0x0f,0xf9,0x99,0xad,0xfe,0x20,0x0f,0xe0,0x00,0x00,0xaf,0x90,0x0f,0xe0,0x00,0x00,
0x5f,0xa0,0x0f,0xe0,0x00,0x00,0x9f,0x70,0x0f,0xf8,0x88,0x9d,0xfa,0x10,0x0f,0xff,0xff,0xff,0xc5,0x00,
0x0f,0xe0,0x00,0x13,0xbf,0x70,0x0f,0xe0,0x00,0x00,0x1f,0xf1,0x0f,0xe0,0x00,0x00,0x0c,0xf4,0x0f,0xe0,
0x00,0x00,0x0e,0xf4,0x0f,0xe0,0x00,0x00,0x6f,0xe1,0x0f,0xf9,0x99,0xac,0xff,0x60,0x0f,0xff,0xff,0xfd,
0xa4,0x00,0x00,0x02,0x9c,0xef,0xda,0x50,0x00,0x7f,0xfd,0xa9,0xbe,0xfb,0x07,0xfe,0x40,0x00,0x00,0x6c,
0x2f,0xf3,0x00,0x00,0x00,0x01,0x8f,0x90,0x00,0x00,0x00,0x00,0xbf,0x50,0x00,0x00,0x00,0x00,0xdf,0x40,
0x00,0x00,0x00,0x00,0xdf,0x30,0x00,0x00,0x00,0x00,0xbf,0x50,0x00,0x00,0x00,0x00,0x8f,0x90,0x00,0x00,
0x00,0x00,0x2f,0xf3,0x00,0x00,0x00,0x01,0x07,0xfe,0x40,0x00,0x00,0x5c,0x00,0x7f,0xfd,0xa9,0xbe,0xfb,
0x00,0x02,0x9c,0xef,0xda,0x50,0x0f,0xff,0xff,0xec,0x94,0x00,0x00,0x0f,0xf9,0x99,0xad,0xff,0xc2,0x00,
0x0f,0xe0,0x00,0x00,0x2b,0xfd,0x10,0x0f,0xe0,0x00,0x00,0x00,0xcf,0x80,0x0f,0xe0,0x00,0x00,0x00,0x4f,
0xd0,0x0f,0xe0,0x00,0x00,0x00,0x0f,0xf1,0x0f,0xe0,0x00,0x00,0x00,0x0d,0xf3,0x0f,0xe0,0x00,0x00,0x00,
0x0d,0xf3,0x0f,0xe0,0x00,0x00,0x00,0x0f,0xf1,0x0f,0xe0,0x00,0x00,0x00,0x4f,0xd0,0x0f,0xe0,0x00,0x00,
0x00,0xcf,0x80,0x0f,0xe0,0x00,0x00,0x2b,0xfd,0x10,0x0f,0xf9,0x99,0xac,0xff,0xc2,0x00,0x0f,0xff,0xff,
0xec,0x94,0x00,0x00,0x0f,0xff,0xff,0xff,0xff,0x30,0xff,0x99,0x99,0x99,0x92,0x0f,0xe0,0x00,0x00,0x00,
0x00,0xfe,0x00,0x00,0x00,0x00,0x0f,0xe0,0x00,0x00,0x00,0x00,0xff,0xaa,0xaa,0xaa,0x80,0x0f,0xff,0xff,
0xff,0xfd,0x00,0xfe,0x00,0x00,0x00,0x00,0x0f,0xe0,0x00,0x00,0x00,0x00,0xfe,0x00,0x00,0x00,0x00,0x0f,
0xe0,0x00,0x00,0x00,0x00,0xfe,0x00,0x00,0x00,0x00,0x0f,0xf9,0x99,0x99,0x99,0x30,0xff,0xff,0xff,0xff,
0xf5,0x0f,0xff,0xff,0xff,0xf5,0x0f,0xf9,0x99,0x99,0x93,0x0f,0xe0,0x00,0x00,0x00,0x0f,0xe0,0x00,0x00,
0x00,0x0f,0xe0,0x00,0x00,0x00,0x0f,0xf9,0x99,0x99,0x70,0x0f,0xff,0xff,0xff,0xb0,0x0f,0xe0,0x00,0x00,
0x00,0x0f,0xe0,0x00,0x00,0x00,0x0f,0xe0,0x00,0x00,0x00,0x0f,0xe0,0x00,0x00,0x00,0x0f,0xe0,0x00,0x00,
0x00,0x0f,0xe0,0x00,0x00,0x00,0x0f,0xe0,0x00,0x00,0x00,0x00,0x02,0x8c,0xef,0xec,0x82,0x00,0x07,0xff,
0xda,0x9a,0xdf,0xf6,0x07,0xfd,0x40,0x00,0x00,0x29,0x72,0xff,0x30,0x00,0x00,0x00,0x00,0x8f,0x90,0x00,
0x00,0x00,0x00,0x0b,0xf5,0x00,0x00,0x00,0x00,0x00,0xdf,0x40,0x00,0x03,0x99,0x99,0x8d,0xf3,0x00,0x00,
0x5f,0xff,0xfd,0xbf,0x50,0x00,0x00,0x00,0x1f,0xd8,0xf9,0x00,0x00,0x00,0x01,0xfd,0x2f,0xf2,0x00,0x00,
0x00,0x1f,0xd0,0x7f,0xd4,0x00,0x00,0x03,0xfd,0x00,0x8f,0xfd,0xa9,0xac,0xff,0x80,0x00,0x28,0xce,0xfe,
0xc8,0x20,0x0f,0xe0,0x00,0x00,0x00,0xdf,0x10,0xfe,0x00,0x00,0x00,0x0d,0xf1,0x0f,0xe0,0x00,0x00,0x00,
0xdf,0x10,0xfe,0x00,0x00,0x00,0x0d,0xf1,0x0f,0xe0,0x00,0x00,0x00,0xdf,0x10,0xff,0xaa,0xaa,0xaa,0xae,
0xf1,0x0f,0xff,0xff,0xff,0xff,0xff,0x10,0xfe,0x00,0x00,0x00,0x0d,0xf1,0x0f,0xe0,0x00,0x00,0x00,0xdf,
0x10,0xfe,0x00,0x00,0x00,0x0d,0xf1,0x0f,0xe0,0x00,0x00,0x00,0xdf,0x10,0xfe,0x00,0x00,0x00,0x0d,0xf1,
0x0f,0xe0,0x00,0x00,0x00,0xdf,0x10,0xfe,0x00,0x00,0x00,0x0d,0xf1,0x0f,0xe0,0xfe,0x0f,0xe0,0xfe,0x0f,
0xe0,0xfe,0x0f,0xe0,0xfe,0x0f,0xe0,0xfe,0x0f,0xe0,0xfe,0x0f,0xe0,0xfe,0x00,0x00,0xfe,0x00,0x00,0xfe,
0x00,0x00,0xfe,0x00,0x00,0xfe,0x00,0x00,0xfe,0x00,0x00,0xfe,0x00,0x00,0xfe,0x00,0x00,0xfe,0x00,0x00,
0xfe,0x00,0x00,0xfe,0x00,0x00,0xfe,0x00,0x00,0xfe,0x00,0x00,0xfe,0x00,0x01,0xfe,0x00,0x02,0xfd,0x00,
0x08,0xf9,0x0a,0xcf,0xf3,0x0f,0xeb,0x30,0x0f,0xe0,0x00,0x00,0x3d,0xf7,0x00,0xfe,0x00,0x00,0x4e,0xf6,
0x00,0x0f,0xe0,0x00,0x5f,0xe4,0x00,0x00,0xfe,0x00,0x6f,0xe3,0x00,0x00,0x0f,0xe0,0x7f,0xd2,0x00,0x00,
0x00,0xfe,0x9f,0xc2,0x00,0x00,0x00,0x0f,0xff,0xe1,0x00,0x00,0x00,0x00,0xfe,0xbf,0xb1,0x00,0x00,0x00,
0x0f,0xe1,0xbf,0xc1,0x00,0x00,0x00,0xfe,0x00,0xbf,0xc1,0x00,0x00,0x0f,0xe0,0x00,0xaf,0xc1,0x00,0x00,
0xfe,0x00,0x00,0xaf,0xd1,0x00,0x0f,0xe0,0x00,0x00,0x9f,0xd2,0x00,0xfe,0x00,0x00,0x00,0x9f,0xd2,0x0f,
0xe0,0x00,0x00,0x00,0x00,0xfe,0x00,0x00,0x00,0x00,0x0f,0xe0,0x00,0x00,0x00,0x00,0xfe,0x00,0x00,0x00,
0x00,0x0f,0xe0,0x00,0x00,0x00,0x00,0xfe,0x00,0x00,0x00,0x00,0x0f,0xe0,0x00,0x00,0x00,0x00,0xfe,0x00,
0x00,0x00,0x00,0x0f,0xe0,0x00,0x00,0x00,0x00,0xfe,0x00,0x00,0x00,0x00,0x0f,0xe0,0x00,0x00,0x00,0x00,
0xfe,0x00,0x00,0x00,0x00,0x0f,0xf9,0x99,0x99,0x99,0x00,0xff,0xff,0xff,0xff,0xf0,0x0f,0xff,0x20,0x00,
0x00,0x0d,0xff,0x40,0xff,0xf7,0x00,0x00,0x03,0xff,0xf4,0x0f,0xdc,0xd0,0x00,0x00,0x9f,0xbf,0x40,0xfd,
0x6f,0x40,0x00,0x1e,0xa9,0xf4,0x0f,0xd1,0xfa,0x00,0x06,0xf4,0x9f,0x40,0xfd,0x0a,0xf1,0x00,0xcd,0x09,
0xf4,0x0f,0xd0,0x4f,0x70,0x3f,0x80,0x9f,0x40,0xfd,0x00,0xdc,0x09,0xf2,0x09,0xf4,0x0f,0xd0,0x07,0xf4,
0xeb,0x00,0x9f,0x40,0xfd,0x00,0x1f,0xdf,0x50,0x09,0xf4,0x0f,0xd0,0x00,0xaf,0xe0,0x00,0x9f,0x40,0xfd,
0x00,0x02,0x53,0x00,0x09,0xf4,0x0f,0xd0,0x00,0x00,0x00,0x00,0x9f,0x40,0xfd,0x00,0x00,0x00,0x00,0x09,
0xf4,0x0f,0xfd,0x00,0x00,0x00,0xef,0x0f,0xff,0x70,0x00,0x00,0xef,0x0f,0xee,0xe1,0x00,0x00,0xef,0x0f,
0xd7,0xf8,0x00,0x00,0xef,0x0f,0xd0,0xdf,0x20,0x00,0xef,0x0f,0xd0,0x5f,0xa0,0x00,0xef,0x0f,0xd0,0x0c,
0xf3,0x00,0xef,0x0f,0xd0,0x04,0xfb,0x00,0xef,0x0f,0xd0,0x00,0xaf,0x50,0xef,0x0f,0xd0,0x00,0x2f,0xd0,
0xef,0x0f,0xd0,0x00,0x09,0xf6,0xef,0x0f,0xd0,0x00,0x01,0xee,0xef,0x0f,0xd0,0x00,0x00,0x7f,0xff,0x0f,
0xd0,0x00,0x00,0x1d,0xff,0x00,0x03,0x9d,0xfe,0xc8,0x20,0x00,0x00,0x8f,0xfc,0x9a,0xdf,0xe5,0x00,0x07,
0xfd,0x30,0x00,0x06,0xff,0x40,0x2f,0xf3,0x00,0x00,0x00,0x6f,0xd0,0x8f,0x90,0x00,0x00,0x00,0x0d,0xf4,
0xbf,0x50,0x00,0x00,0x00,0x09,0xf7,0xdf,0x40,0x00,0x00,0x00,0x07,0xf9,0xdf,0x30,0x00,0x00,0x00,0x07,
0xf9,0xbf,0x50,0x00,0x00,0x00,0x09,0xf7,0x8f,0x90,0x00,0x00,0x00,0x0d,0xf4,0x2f,0xf3,0x00,0x00,0x00,
0x6f,0xd0,0x08,0xfd,0x30,0x00,0x05,0xff,0x40,0x00,0x8f,0xfc,0x9a,0xdf,0xe5,0x00,0x00,0x03,0x9d,0xfe,
0xc8,0x20,0x00,0x0f,0xff,0xff,0xeb,0x50,0x00,0xff,0x99,0x9b,0xff,0x80,0x0f,0xe0,0x00,0x04,0xff,0x20,
0xfe,0x00,0x00,0x0c,0xf5,0x0f,0xe0,0x00,0x00,0xcf,0x50,0xfe,0x00,0x00,0x4f,0xf2,0x0f,0xf9,0x99,0xbf,
0xf8,0x00,0xff,0xff,0xfe,0xb5,0x00,0x0f,0xe0,0x00,0x00,0x00,0x00,0xfe,0x00,0x00,0x00,0x00,0x0f,0xe0,
0x00,0x00,0x00,0x00,0xfe,0x00,0x00,0x00,0x00,0x0f,0xe0,0x00,0x00,0x00,0x00,0xfe,0x00,0x00,0x00,0x00,
0x00,0x03,0x9d,0xfe,0xc8,0x10,0x00,0x00,0x8f,0xfc,0x9a,0xdf,0xe4,0x00,0x07,0xfd,0x30,0x00,0x06,0xff,
0x30,0x2f,0xf3,0x00,0x00,0x00,0x6f,0xc0,0x8f,0xa0,0x00,0x00,0x00,0x0d,0xf3,0xbf,0x50,0x00,0x00,0x00,
0x09,0xf7,0xdf,0x40,0x00,0x00,0x00,0x07,0xf9,0xdf,0x30,0x00,0x00,0x00,0x07,0xf9,0xbf,0x50,0x00,0x00,
0x00,0x09,0xf8,0x8f,0x90,0x00,0x00,0x00,0x0d,0xf5,0x2f,0xf2,0x00,0x00,0x00,0x6f,0xe1,0x07,0xfd,0x30,
0x00,0x05,0xff,0x60,0x00,0x8f,0xfb,0x99,0xdf,0xf8,0x00,0x00,0x03,0x9d,0xff,0xfe,0x40,0x00,0x00,0x00,
0x00,0x01,0xcf,0x50,0x00,0x00,0x00,0x00,0x00,0x2d,0xf5,0x00,0x00,0x00,0x00,0x00,0x03,0x87,0x00,0x0f,
0xff,0xff,0xeb,0x60,0x00,0x00,0xff,0x99,0x9b,0xff,0x90,0x00,0x0f,0xe0,0x00,0x04,0xff,0x20,0x00,0xfe,
0x00,0x00,0x0c,0xf5,0x00,0x0f,0xe0,0x00,0x00,0xcf,0x50,0x00,0xfe,0x00,0x00,0x4f,0xf1,0x00,0x0f,0xf9,
0x99,0xbf,0xf6,0x00,0x00,0xff,0xff,0xff,0xf6,0x00,0x00,0x0f,0xe0,0x01,0x4e,0xf4,0x00,0x00,0xfe,0x00,
0x00,0x3f,0xd1,0x00,0x0f,0xe0,0x00,0x00,0x9f,0x70,0x00,0xfe,0x00,0x00,0x02,0xfe,0x10,0x0f,0xe0,0x00,
0x00,0x08,0xf8,0x00,0xfe,0x00,0x00,0x00,0x1e,0xe2,0x00,0x6c,0xef,0xec,0x94,0x00,0xbf,0xeb,0x9a,0xdf,
0xb0,0x6f,0xc1,0x00,0x00,0x25,0x0a,0xf6,0x00,0x00,0x00,0x00,0x9f,0x70,0x00,0x00,0x00,0x03,0xff,0x84,
0x10,0x00,0x00,0x05,0xdf,0xff,0xd9,0x40,0x00,0x00,0x47,0xae,0xff,0x80,0x00,0x00,0x00,0x05,0xff,0x40,
0x00,0x00,0x00,0x09,0xf8,0x00,0x00,0x00,0x00,0x9f,0x86,0x50,0x00,0x00,0x3e,0xf4,0x9f,0xeb,0x99,0xcf,
0xfa,0x02,0x6a,0xde,0xfd,0xb5,0x00,0x1f,0xff,0xff,0xff,0xff,0xff,0xf4,0x19,0x99,0x99,0xef,0xa9,0x99,
0x93,0x00,0x00,0x00,0xdf,0x10,0x00,0x00,0x00,0x00,0x00,0xdf,0x10,0x00,0x00,0x00,0x00,0x00,0xdf,0x10,
0x00,0x00,0x00,0x00,0x00,0xdf,0x10,0x00,0x00,0x00,0x00,0x00,0xdf,0x10,0x00,0x00,0x00,0x00,0x00,0xdf,
0x10,0x00,0x00,0x00,0x00,0x00,0xdf,0x10,0x00,0x00,0x00,0x00,0x00,0xdf,0x10,0x00,0x00,0x00,0x00,0x00,
0xdf,0x10,0x00,0x00,0x00,0x00,0x00,0xdf,0x10,0x00,0x00,0x00,0x00,0x00,0xdf,0x10,0x00,0x00,0x00,0x00,
0x00,0xdf,0x10,0x00,0x00,0x4f,0xb0,0x00,0x00,0x01,0xfe,0x4f,0xb0,0x00,0x00,0x01,0xfe,0x4f,0xb0,0x00,
0x00,0x01,0xfe,0x4f,0xb0,0x00,0x00,0x01,0xfe,0x4f,0xb0,0x00,0x00,0x01,0xfe,0x4f,0xb0,0x00,0x00,0x01,
0xfe,0x4f,0xb0,0x00,0x00,0x01,0xfe,0x4f,0xb0,0x00,0x00,0x01,0xfe,0x4f,0xb0,0x00,0x00,0x01,0xfe,0x3f,
0xc0,0x00,0x00,0x03,0xfd,0x1f,0xf1,0x00,0x00,0x06,0xfa,0x0a,0xfa,0x00,0x00,0x2d,0xf4,0x01,0xdf,0xda,
0x9b,0xff,0x80,0x00,0x17,0xce,0xfe,0xb5,0x00,0xaf,0x60,0x00,0x00,0x00,0x0b,0xf5,0x4f,0xc0,0x00,0x00,
0x00,0x2f,0xe0,0x0d,0xf3,0x00,0x00,0x00,0x8f,0x80,0x07,0xf9,0x00,0x00,0x00,0xdf,0x20,0x01,0xfe,0x10,
0x00,0x04,0xfb,0x00,0x00,0xaf,0x60,0x00,0x0a,0xf5,0x00,0x00,0x4f,0xc0,0x00,0x1f,0xe0,0x00,0x00,0x0d,
0xf2,0x00,0x7f,0x80,0x00,0x00,0x07,0xf8,0x00,0xdf,0x20,0x00,0x00,0x01,0xfe,0x04,0xfb,0x00,0x00,0x00,
0x00,0xaf,0x5a,0xf5,0x00,0x00,0x00,0x00,0x4f,0xcf,0xe0,0x00,0x00,0x00,0x00,0x0d,0xff,0x80,0x00,0x00,
0x00,0x00,0x07,0xff,0x20,0x00,0x00,0x3f,0xc0,0x00,0x00,0x5f,0xf2,0x00,0x00,0x1f,0xe0,0x0e,0xf1,0x00,
0x00,0x9f,0xf6,0x00,0x00,0x4f,0xb0,0x0a,0xf5,0x00,0x00,0xdb,0xea,0x00,0x00,0x8f,0x70,0x06,0xf8,0x00,
0x02,0xf7,0xae,0x00,0x00,0xcf,0x30,0x02,0xfc,0x00,0x06,0xf3,0x6f,0x20,0x01,0xfe,0x00,0x00,0xdf,0x10,
0x0a,0xe0,0x3f,0x60,0x05,0xfa,0x00,0x00,0xaf,0x50,0x0e,0xb0,0x0e,0xa0,0x08,0xf6,0x00,0x00,0x6f,0x90,
0x2f,0x70,0x0a,0xe0,0x0c,0xf2,0x00,0x00,0x2f,0xd0,0x6f,0x30,0x06,0xf3,0x1f,0xd0,0x00,0x00,0x0d,0xf2,
0xae,0x00,0x02,0xf7,0x5f,0x90,0x00,0x00,0x09,0xf6,0xea,0x00,0x00,0xeb,0x9f,0x60,0x00,0x00,0x05,0xfc,
0xf7,0x00,0x00,0xae,0xdf,0x20,0x00,0x00,0x01,0xff,0xf3,0x00,0x00,0x6f,0xfd,0x00,0x00,0x00,0x00,0xcf,
0xe0,0x00,0x00,0x2f,0xf9,0x00,0x00,0x06,0xfb,0x00,0x00,0x00,0xbf,0x60,0x00,0xaf,0x60,0x00,0x06,0xfb,
0x00,0x00,0x1e,0xe2,0x00,0x2e,0xe1,0x00,0x00,0x05,0xfc,0x00,0xcf,0x50,0x00,0x00,0x00,0x9f,0x88,0xf9,
0x00,0x00,0x00,0x00,0x1d,0xff,0xd1,0x00,0x00,0x00,0x00,0x06,0xff,0x40,0x00,0x00,0x00,0x00,0x1d,0xff,
0x90,0x00,0x00,0x00,0x00,0x9f,0x8c,0xf5,0x00,0x00,0x00,0x04,0xfc,0x03,0xfe,0x10,0x00,0x00,0x1d,0xf3,
0x00,0x7f,0xa0,0x00,0x00,0xaf,0x70,0x00,0x0b,0xf5,0x00,0x05,0xfb,0x00,0x00,0x02,0xee,0x20,0x2e,0xe2,
0x00,0x00,0x00,0x6f,0xb0,0x0a,0xf6,0x00,0x00,0x00,0x3f,0xd1,0x01,0xef,0x20,0x00,0x01,0xdf,0x30,0x00,
0x4f,0xc0,0x00,0x09,0xf7,0x00,0x00,0x09,0xf8,0x00,0x5f,0xc0,0x00,0x00,0x01,0xdf,0x41,0xee,0x20,0x00,
0x00,0x00,0x3f,0xdb,0xf6,0x00,0x00,0x00,0x00,0x07,0xff,0xa0,0x00,0x00,0x00,0x00,0x00,0xef,0x20,0x00,
0x00,0x00,0x00,0x00,0xdf,0x10,0x00,0x00,0x00,0x00,0x00,0xdf,0x10,0x00,0x00,0x00,0x00,0x00,0xdf,0x10,
0x00,0x00,0x00,0x00,0x00,0xdf,0x10,0x00,0x00,0x00,0x00,0x00,0xdf,0x10,0x00,0x00,0x00,0x00,0x00,0xdf,
0x10,0x00,0x00,0x0d,0xff,0xff,0xff,0xff,0xff,0x90,0x89,0x99,0x99,0x99,0xaf,0xf7,0x00,0x00,0x00,0x00,
0x09,0xfa,0x00,0x00,0x00,0x00,0x07,0xfc,0x10,0x00,0x00,0x00,0x05,0xfe,0x20,0x00,0x00,0x00,0x03,0xee,
0x30,0x00,0x00,0x00,0x02,0xdf,0x50,0x00,0x00,0x00,0x01,0xcf,0x70,0x00,0x00,0x00,0x00,0xaf,0xa0,0x00,
0x00,0x00,0x00,0x8f,0xb0,0x00,0x00,0x00,0x00,0x6f,0xd1,0x00,0x00,0x00,0x00,0x4f,0xe2,0x00,0x00,0x00,
0x00,0x1e,0xfc,0x99,0x99,0x99,0x99,0x71,0xff,0xff,0xff,0xff,0xff,0xfc,0x4f,0xff,0xd4,0xfa,0x65,0x4f,
0x80,0x04,0xf8,0x00,0x4f,0x80,0x04,0xf8,0x00,0x4f,0x80,0x04,0xf8,0x00,0x4f,0x80,0x04,0xf8,0x00,0x4f,
0x80,0x04,0xf8,0x00,0x4f,0x80,0x04,0xf8,0x00,0x4f,0x80,0x04,0xf8,0x11,0x4f,0xff,0xd1,0x44,0x44,0xdc,
0x00,0x00,0x08,0xf2,0x00,0x00,0x3f,0x70,0x00,0x00,0xdb,0x00,0x00,0x09,0xf1,0x00,0x00,0x4f,0x60,0x00,
0x00,0xeb,0x00,0x00,0x09,0xf1,0x00,0x00,0x5f,0x50,0x00,0x00,0xea,0x00,0x00,0x0a,0xe0,0x00,0x00,0x5f,
0x50,0x00,0x01,0xf9,0x00,0x00,0x0b,0xe0,0x00,0x00,0x6f,0x40,0x00,0x01,0xf9,0x1f,0xff,0xf1,0x06,0x6c,
0xf1,0x00,0x0b,0xf1,0x00,0x0b,0xf1,0x00,0x0b,0xf1,0x00,0x0b,0xf1,0x00,0x0b,0xf1,0x00,0x0b,0xf1,0x00,
0x0b,0xf1,0x00,0x0b,0xf1,0x00,0x0b,0xf1,0x00,0x0b,0xf1,0x00,0x0b,0xf1,0x00,0x0b,0xf1,0x00,0x0b,0xf1,
0x01,0x1b,0xf1,0x1f,0xff,0xf1,0x04,0x44,0x40,0x00,0x00,0x06,0x84,0x00,0x00,0x00,0x00,0x08,0xff,0xf5,
0x00,0x00,0x00,0x08,0xfc,0x5e,0xf4,0x00,0x00,0x07,0xfb,0x10,0x3e,0xf4,0x00,0x06,0xfa,0x10,0x00,0x2d,
0xe4,0x06,0xf9,0x00,0x00,0x00,0x1c,0xe3,0x01,0x11,0x11,0x11,0x11,0x10,0x3f,0xff,0xff,0xff,0xff,0xf3,
0x14,0x44,0x44,0x44,0x44,0x41,0x17,0x60,0x00,0x07,0xf6,0x00,0x00,0x8e,0x30,0x00,0x09,0xd1,0x06,0xad,
0xfe,0xb5,0x00,0x0f,0xc9,0x89,0xef,0x70,0x02,0x00,0x00,0x1c,0xe1,0x00,0x00,0x11,0x17,0xf5,0x03,0xae,
0xff,0xff,0xf6,0x3e,0xe8,0x54,0x48,0xf7,0xaf,0x40,0x00,0x07,0xf7,0xcf,0x10,0x00,0x0b,0xf7,0xaf,0x50,
0x00,0x5f,0xf7,0x3f,0xf9,0x8a,0xfa,0xf7,0x04,0xbe,0xeb,0x45,0xf7,0x3f,0x90,0x00,0x00,0x00,0x03,0xf9,
0x00,0x00,0x00,0x00,0x3f,0x90,0x00,0x00,0x00,0x03,0xf9,0x00,0x00,0x00,0x00,0x3f,0x92,0xae,0xeb,0x40,
0x03,0xfb,0xeb,0x89,0xef,0x50,0x3f,0xf8,0x00,0x03,0xfe,0x13,0xfe,0x10,0x00,0x09,0xf5,0x3f,0xb0,0x00,
0x00,0x6f,0x83,0xfa,0x00,0x00,0x04,0xf9,0x3f,0xb0,0x00,0x00,0x6f,0x83,0xfe,0x10,0x00,0x09,0xf5,0x3f,
0xf8,0x00,0x03,0xfe,0x13,0xfb,0xeb,0x89,0xef,0x50,0x3f,0x92,0xae,0xeb,0x40,0x00,0x00,0x3a,0xef,0xeb,
0x50,0x6f,0xfa,0x89,0xcb,0x3f,0xe2,0x00,0x00,0x29,0xf6,0x00,0x00,0x00,0xcf,0x20,0x00,0x00,0x0d,0xf1,
0x00,0x00,0x00,0xcf,0x20,0x00,0x00,0x09,0xf6,0x00,0x00,0x00,0x3f,0xe2,0x00,0x00,0x20,0x6f,0xfa,0x89,
0xcb,0x00,0x3a,0xef,0xeb,0x50,0x00,0x00,0x00,0x00,0xed,0x00,0x00,0x00,0x00,0xed,0x00,0x00,0x00,0x00,
0xed,0x00,0x00,0x00,0x00,0xed,0x00,0x7d,0xfd,0x81,0xed,0x09,0xfd,0x88,0xdb,0xed,0x4f,0xc1,0x00,0x1c,
0xfd,0x9f,0x50,0x00,0x04,0xfd,0xcf,0x10,0x00,0x01,0xfd,0xdf,0x00,0x00,0x00,0xed,0xcf,0x10,0x00,0x01,
0xfd,0x9f,0x50,0x00,0x04,0xfd,0x4f,0xc1,0x00,0x1c,0xfd,0x09,0xfd,0x88,0xdb,0xed,0x00,0x7d,0xfd,0x81,
0xed,0x00,0x3a,0xef,0xea,0x20,0x00,0x6f,0xe9,0x8a,0xfe,0x30,0x2f,0xb1,0x00,0x03,0xec,0x09,0xf4,0x11,
0x11,0x1a,0xf2,0xcf,0xff,0xff,0xff,0xff,0x3d,0xf5,0x44,0x44,0x44,0x41,0xcf,0x30,0x00,0x00,0x00,0x09,
0xf8,0x00,0x00,0x00,0x00,0x3f,0xf4,0x00,0x00,0x15,0x00,0x6f,0xfb,0x88,0xae,0xc0,0x00,0x3a,0xdf,0xec,
0x94,0x00,0x00,0x07,0xdf,0xf6,0x00,0x6f,0xc7,0x73,0x00,0xbf,0x10,0x00,0x00,0xcf,0x00,0x00,0x8f,0xff,
0xff,0xe0,0x35,0xdf,0x55,0x50,0x00,0xcf,0x00,0x00,0x00,0xcf,0x00,0x00,0x00,0xcf,0x00,0x00,0x00,0xcf,
0x00,0x00,0x00,0xcf,0x00,0x00,0x00,0xcf,0x00,0x00,0x00,0xcf,0x00,0x00,0x00,0xcf,0x00,0x00,0x00,0xcf,
0x00,0x00,0x00,0x7d,0xfd,0x81,0xed,0x09,0xfd,0x88,0xdb,0xed,0x4f,0xc1,0x00,0x1c,0xfd,0x9f,0x50,0x00,
0x04,0xfd,0xcf,0x10,0x00,0x01,0xfd,0xdf,0x00,0x00,0x00,0xed,0xcf,0x10,0x00,0x01,0xfd,0xaf,0x50,0x00,
0x04,0xfd,0x4f,0xc1,0x00,0x0c,0xfd,0x09,0xfd,0x88,0xdb,0xed,0x00,0x7d,0xfd,0x91,0xfc,0x00,0x00,0x00,
0x03,0xfa,0x01,0x00,0x00,0x1b,0xf5,0x09,0xc9,0x79,0xdf,0xb0,0x04,0xbe,0xfe,0xc7,0x00,0x3f,0x90,0x00,
0x00,0x00,0x3f,0x90,0x00,0x00,0x00,0x3f,0x90,0x00,0x00,0x00,0x3f,0x90,0x00,0x00,0x00,0x3f,0x92,0xae,
0xfc,0x40,0x3f,0xbe,0xc9,0xaf,0xf4,0x3f,0xf8,0x00,0x05,0xfa,0x3f,0xd0,0x00,0x00,0xee,0x3f,0xa0,0x00,
0x00,0xcf,0x3f,0x90,0x00,0x00,0xcf,0x3f,0x90,0x00,0x00,0xcf,0x3f,0x90,0x00,0x00,0xcf,0x3f,0x90,0x00,
0x00,0xcf,0x3f,0x90,0x00,0x00,0xcf,0x3f,0x90,0x00,0x00,0xcf,0x2f,0xa2,0xfa,0x04,0x20,0x00,0x2f,0xa2,
0xfa,0x2f,0xa2,0xfa,0x2f,0xa2,0xfa,0x2f,0xa2,0xfa,0x2f,0xa2,0xfa,0x2f,0xa0,0x00,0x2f,0xa0,0x02,0xfa,
0x00,0x04,0x20,0x00,0x00,0x00,0x2f,0xa0,0x02,0xfa,0x00,0x2f,0xa0,0x02,0xfa,0x00,0x2f,0xa0,0x02,0xfa,
0x00,0x2f,0xa0,0x02,0xfa,0x00,0x2f,0xa0,0x02,0xfa,0x00,0x2f,0xa0,0x02,0xfa,0x00,0x4f,0x83,0x8d,0xf3,
0x5f,0xc5,0x00,0x3f,0x90,0x00,0x00,0x00,0x03,0xf9,0x00,0x00,0x00,0x00,0x3f,0x90,0x00,0x00,0x00,0x03,
0xf9,0x00,0x00,0x00,0x00,0x3f,0x90,0x00,0x09,0xfa,0x03,0xf9,0x00,0x0a,0xf9,0x00,0x3f,0x90,0x1b,0xf7,
0x00,0x03,0xf9,0x2d,0xf5,0x00,0x00,0x3f,0xce,0xe4,0x00,0x00,0x03,0xfe,0xfc,0x10,0x00,0x00,0x3f,0x97,
0xfc,0x10,0x00,0x03,0xf9,0x07,0xfc,0x10,0x00,0x3f,0x90,0x06,0xfd,0x20,0x03,0xf9,0x00,0x06,0xfd,0x20,
0x3f,0x90,0x00,0x05,0xfd,0x20,0x2f,0xa2,0xfa,0x2f,0xa2,0xfa,0x2f,0xa2,0xfa,0x2f,0xa2,0xfa,0x2f,0xa2,
0xfa,0x2f,0xa2,0xfa,0x2f,0xa2,0xfa,0x2f,0xa0,0x3f,0x92,0xae,0xeb,0x20,0x19,0xef,0xc3,0x03,0xfb,0xec,
0x9b,0xfe,0x2d,0xc9,0xbf,0xe1,0x3f,0xf7,0x00,0x09,0xfe,0x80,0x00,0x8f,0x73,0xfd,0x00,0x00,0x3f,0xe1,
0x00,0x02,0xfa,0x3f,0xa0,0x00,0x02,0xfb,0x00,0x00,0x0f,0xb3,0xf9,0x00,0x00,0x2f,0xb0,0x00,0x00,0xfc,
0x3f,0x90,0x00,0x02,0xfb,0x00,0x00,0x0f,0xc3,0xf9,0x00,0x00,0x2f,0xb0,0x00,0x00,0xfc,0x3f,0x90,0x00,
0x02,0xfb,0x00,0x00,0x0f,0xc3,0xf9,0x00,0x00,0x2f,0xb0,0x00,0x00,0xfc,0x3f,0x90,0x00,0x02,0xfb,0x00,
0x00,0x0f,0xc0,0x3f,0x92,0xae,0xfc,0x40,0x3f,0xbe,0xc9,0xaf,0xf4,0x3f,0xf8,0x00,0x05,0xfa,0x3f,0xd0,
0x00,0x00,0xee,0x3f,0xa0,0x00,0x00,0xcf,0x3f,0x90,0x00,0x00,0xcf,0x3f,0x90,0x00,0x00,0xcf,0x3f,0x90,
0x00,0x00,0xcf,0x3f,0x90,0x00,0x00,0xcf,0x3f,0x90,0x00,0x00,0xcf,0x3f,0x90,0x00,0x00,0xcf,0x00,0x5b,
0xef,0xc7,0x00,0x00,0x8f,0xe9,0x8d,0xfb,0x00,0x4f,0xd1,0x00,0x0b,0xf7,0x09,0xf6,0x00,0x00,0x2f,0xd0,
0xcf,0x20,0x00,0x00,0xdf,0x1d,0xf0,0x00,0x00,0x0c,0xf2,0xcf,0x20,0x00,0x00,0xdf,0x19,0xf6,0x00,0x00,
0x2f,0xd0,0x4f,0xd1,0x00,0x0b,0xf7,0x00,0x8f,0xe9,0x8d,0xfb,0x00,0x00,0x5c,0xef,0xc7,0x00,0x00,0x3f,
0x92,0xae,0xeb,0x40,0x03,0xfb,0xeb,0x89,0xef,0x50,0x3f,0xf8,0x00,0x03,0xfe,0x13,0xfe,0x10,0x00,0x09,
0xf5,0x3f,0xb0,0x00,0x00,0x6f,0x83,0xfa,0x00,0x00,0x04,0xf9,0x3f,0xb0,0x00,0x00,0x6f,0x83,0xfe,0x10,
0x00,0x09,0xf5,0x3f,0xf8,0x00,0x03,0xfe,0x13,0xfb,0xeb,0x89,0xef,0x50,0x3f,0x92,0xae,0xeb,0x40,0x03,
0xf9,0x00,0x00,0x00,0x00,0x3f,0x90,0x00,0x00,0x00,0x03,0xf9,0x00,0x00,0x00,0x00,0x3f,0x90,0x00,0x00,
0x00,0x00,0x00,0x7d,0xfd,0x81,0xed,0x09,0xfd,0x88,0xdb,0xed,0x4f,0xc1,0x00,0x1c,0xfd,0x9f,0x50,0x00,
0x04,0xfd,0xcf,0x10,0x00,0x01,0xfd,0xdf,0x00,0x00,0x00,0xed,0xcf,0x10,0x00,0x01,0xfd,0x9f,0x50,0x00,
0x04,0xfd,0x4f,0xc1,0x00,0x1c,0xfd,0x09,0xfd,0x88,0xdb,0xed,0x00,0x7d,0xfd,0x81,0xed,0x00,0x00,0x00,
0x00,0xed,0x00,0x00,0x00,0x00,0xed,0x00,0x00,0x00,0x00,0xed,0x00,0x00,0x00,0x00,0xed,0x3f,0x92,0xae,
0xf3,0x3f,0xbe,0xda,0xa3,0x3f,0xf9,0x00,0x00,0x3f,0xe1,0x00,0x00,0x3f,0xb0,0x00,0x00,0x3f,0x90,0x00,
0x00,0x3f,0x90,0x00,0x00,0x3f,0x90,0x00,0x00,0x3f,0x90,0x00,0x00,0x3f,0x90,0x00,0x00,0x3f,0x90,0x00,
0x00,0x04,0xbe,0xfe,0xc7,0x06,0xfe,0x98,0x9b,0xd0,0xcf,0x20,0x00,0x01,0x0c,0xf1,0x00,0x00,0x00,0x6f,
0xe9,0x51,0x00,0x00,0x5c,0xff,0xfc,0x30,0x00,0x01,0x49,0xfe,0x20,0x00,0x00,0x08,0xf6,0x40,0x00,0x00,
0x9f,0x5e,0xea,0x88,0xbf,0xc1,0x6a,0xde,0xec,0x71,0x00,0x02,0xfa,0x00,0x00,0x02,0xfa,0x00,0x00,0x02,
0xfa,0x00,0x00,0x7f,0xff,0xff,0xf5,0x37,0xfc,0x55,0x52,0x02,0xfa,0x00,0x00,0x02,0xfa,0x00,0x00,0x02,
0xfa,0x00,0x00,0x02,0xfa,0x00,0x00,0x02,0xfa,0x00,0x00,0x02,0xfa,0x00,0x00,0x01,0xfc,0x00,0x00,0x00,
0xcf,0xa7,0x73,0x00,0x2b,0xef,0xf5,0x4f,0x80,0x00,0x00,0xed,0x4f,0x80,0x00,0x00,0xed,0x4f,0x80,0x00,
0x00,0xed,0x4f,0x80,0x00,0x00,0xed,0x4f,0x80,0x00,0x00,0xed,0x4f,0x80,0x00,0x00,0xed,0x4f,0x80,0x00,
0x00,0xfd,0x3f,0x90,0x00,0x03,0xfd,0x1f,0xe1,0x00,0x1c,0xfd,0x08,0xfe,0x99,0xeb,0xed,0x00,0x8d,0xfd,
0x80,0xed,0x3f,0xa0,0x00,0x00,0x0d,0xf1,0x0d,0xf1,0x00,0x00,0x3f,0xa0,0x07,0xf6,0x00,0x00,0x9f,0x50,
0x02,0xfc,0x00,0x00,0xee,0x00,0x00,0xbf,0x20,0x05,0xf8,0x00,0x00,0x5f,0x80,0x0a,0xf3,0x00,0x00,0x1e,
0xd0,0x1f,0xc0,0x00,0x00,0x09,0xf4,0x7f,0x70,0x00,0x00,0x03,0xfa,0xcf,0x10,0x00,0x00,0x00,0xdf,0xfa,
0x00,0x00,0x00,0x00,0x7f,0xf5,0x00,0x00,0x1f,0xc0,0x00,0x1f,0xf5,0x00,0x06,0xf6,0x0c,0xf1,0x00,0x4f,
0xf9,0x00,0x0a,0xf2,0x08,0xf4,0x00,0x8f,0xbd,0x00,0x0e,0xd0,0x04,0xf8,0x00,0xcc,0x6f,0x20,0x3f,0x90,
0x00,0xec,0x01,0xf8,0x2f,0x60,0x7f,0x50,0x00,0xbf,0x15,0xf4,0x0d,0xa0,0xbf,0x10,0x00,0x7f,0x59,0xf0,
0x0a,0xe0,0xec,0x00,0x00,0x3f,0x9c,0xb0,0x06,0xf7,0xf8,0x00,0x00,0x0e,0xef,0x70,0x02,0xfe,0xf5,0x00,
0x00,0x0a,0xff,0x30,0x00,0xdf,0xf1,0x00,0x00,0x06,0xfe,0x00,0x00,0x9f,0xc0,0x00,0x0a,0xf6,0x00,0x00,
0x8f,0x90,0x01,0xdf,0x30,0x04,0xfd,0x10,0x00,0x3f,0xd1,0x1e,0xe3,0x00,0x00,0x07,0xfa,0xbf,0x60,0x00,
0x00,0x00,0xbf,0xfa,0x00,0x00,0x00,0x00,0x6f,0xf3,0x00,0x00,0x00,0x02,0xee,0xfc,0x00,0x00,0x00,0x0c,
0xf4,0x8f,0x90,0x00,0x00,0x9f,0x80,0x0c,0xf5,0x00,0x05,0xfc,0x00,0x02,0xee,0x20,0x2e,0xe2,0x00,0x00,
0x5f,0xc0,0x3f,0xa0,0x00,0x00,0x0d,0xe1,0x0c,0xf2,0x00,0x00,0x4f,0x90,0x06,0xf8,0x00,0x00,0xaf,0x30,
0x01,0xed,0x00,0x01,0xfc,0x00,0x00,0x8f,0x50,0x07,0xf6,0x00,0x00,0x2f,0xb0,0x0d,0xe1,0x00,0x00,0x0b,
0xf2,0x4f,0x90,0x00,0x00,0x05,0xf8,0xaf,0x30,0x00,0x00,0x00,0xde,0xfc,0x00,0x00,0x00,0x00,0x7f,0xf6,
0x00,0x00,0x00,0x00,0x2f,0xe1,0x00,0x00,0x00,0x00,0x4f,0x90,0x00,0x00,0x00,0x00,0xbf,0x30,0x00,0x00,
0x03,0x7a,0xfa,0x00,0x00,0x00,0x06,0xfe,0xa1,0x00,0x00,0x00,0x0d,0xff,0xff,0xff,0xfa,0x05,0x66,0x66,
0x6c,0xf9,0x00,0x00,0x00,0x5f,0xc1,0x00,0x00,0x03,0xee,0x20,0x00,0x00,0x2d,0xf3,0x00,0x00,0x01,0xcf,
0x50,0x00,0x00,0x0a,0xf7,0x00,0x00,0x00,0x8f,0xa0,0x00,0x00,0x06,0xfc,0x00,0x00,0x00,0x1f,0xf7,0x66,
0x66,0x64,0x2f,0xff,0xff,0xff,0xfa,0x00,0x00,0x6c,0xef,0x30,0x00,0x3f,0xe8,0x61,0x00,0x06,0xf7,0x00,
0x00,0x00,0x7f,0x50,0x00,0x00,0x07,0xf5,0x00,0x00,0x00,0x7f,0x50,0x00,0x00,0x09,0xf4,0x00,0x01,0x25,
0xee,0x10,0x00,0x8f,0xfd,0x20,0x00,0x02,0x59,0xfb,0x00,0x00,0x00,0x0b,0xf3,0x00,0x00,0x00,0x8f,0x50,
0x00,0x00,0x07,0xf5,0x00,0x00,0x00,0x7f,0x50,0x00,0x00,0x07,0xf5,0x00,0x00,0x00,0x6f,0x60,0x00,0x00,
0x03,0xfc,0x42,0x00,0x00,0x08,0xff,0xf3,0x00,0x00,0x01,0x34,0x10,0x7f,0x37,0xf3,0x7f,0x37,0xf3,0x7f,
0x37,0xf3,0x7f,0x37,0xf3,0x7f,0x37,0xf3,0x7f,0x37,0xf3,0x7f,0x37,0xf3,0x7f,0x37,0xf3,0x7f,0x37,0xf3,
0x7f,0x33,0x82,0x8f,0xeb,0x30,0x00,0x03,0x69,0xfd,0x00,0x00,0x00,0x0b,0xf2,0x00,0x00,0x00,0xaf,0x30,
0x00,0x00,0x09,0xf3,0x00,0x00,0x00,0x9f,0x30,0x00,0x00,0x08,0xf5,0x00,0x00,0x00,0x4f,0xc4,0x20,0x00,
0x00,0x5e,0xff,0x30,0x00,0x2e,0xe7,0x51,0x00,0x07,0xf6,0x00,0x00,0x00,0x9f,0x30,0x00,0x00,0x09,0xf3,
0x00,0x00,0x00,0x9f,0x30,0x00,0x00,0x09,0xf2,0x00,0x00,0x00,0xbf,0x20,0x00,0x12,0x5e,0xe0,0x00,0x08,
0xff,0xe5,0x00,0x00,0x24,0x30,0x00,0x00,0x00,0x00,0x00,0x00,0x00,0x00,0x00,0x00,0x6c,0xee,0xa5,0x00,
0x00,0x69,0xbf,0xc9,0xbf,0xfe,0xa9,0xdf,0x7b,0x30,0x00,0x16,0xbe,0xeb,0x40,0x00,0x00,0x00,0x00,0x00,
0x00,0x00,0xff,0xff,0x67,0x00,0x89,0xdd,0xee,0xff,0xff,0xff,0xff,0xff,0xff,0xff,0x00,0x00,0x00,0x00,
0x00,0x00,0x00,0x06,0x90,0x00,0x00,0x00,0x06,0x90,0x00,0x00,0x00,0x06,0x90,0x00,0x00,0x07,0xcf,0xfd,
0xa2,0x01,0xcf,0xdb,0xc9,0xd5,0x09,0xfa,0x06,0x90,0x01,0x1e,0xe1,0x06,0x90,0x00,0x3f,0xb0,0x06,0x90,
0x00,0x4f,0x90,0x06,0x90,0x00,0x4f,0xa0,0x06,0x90,0x00,0x1f,0xe0,0x06,0x90,0x00,0x0a,0xf7,0x06,0x90,
0x00,0x02,0xef,0xa9,0xb6,0xb5,0x00,0x2a,0xff,0xff,0xd3,0x00,0x00,0x17,0xb1,0x00,0x00,0x00,0x06,0x90,
0x00,0x00,0x00,0x05,0x90,0x00,0x00,0x00,0x7d,0xfe,0xc6,0x00,0x0a,0xfe,0x99,0xcb,0x00,0x2f,0xe1,0x00,
0x02,0x00,0x5f,0xa0,0x00,0x00,0x00,0x6f,0x80,0x00,0x00,0x00,0x7f,0x80,0x00,0x00,0x01,0x7f,0x81,0x11,
0x00,0x6f,0xff,0xff,0xff,0x50,0x14,0x9f,0xa4,0x44,0x10,0x00,0x7f,0x80,0x00,0x00,0x00,0x7f,0x80,0x00,
0x00,0x00,0x7f,0x80,0x00,0x00,0x79,0xcf,0xc9,0x99,0x99,0xbf,0xff,0xff,0xff,0xfe,0x00,0x10,0x00,0x00,
0x00,0x10,0x0a,0xc1,0x00,0x00,0x02,0xe7,0x06,0xfc,0x7d,0xec,0x7e,0xe3,0x00,0x6f,0xfb,0x8c,0xfe,0x30,
0x00,0x6f,0x50,0x00,0x9f,0x30,0x00,0xbc,0x00,0x00,0x1f,0x70,0x00,0xbd,0x00,0x00,0x2f,0x70,0x00,0x6f,
0x50,0x00,0x9f,0x20,0x00,0x6f,0xfa,0x8c,0xfe,0x30,0x06,0xfc,0x8d,0xec,0x6e,0xe3,0x0b,0xb1,0x00,0x00,
0x02,0xd7,0x00,0x10,0x00,0x00,0x00,0x10,0x0d,0xe1,0x00,0x00,0x04,0xf9,0x04,0xf9,0x00,0x00,0x0d,0xe1,
0x00,0xaf,0x30,0x00,0x7f,0x50,0x00,0x1e,0xc0,0x02,0xeb,0x00,0x00,0x06,0xf6,0x0a,0xf2,0x00,0x0a,0xff,
0xfe,0x5f,0xff,0xf6,0x02,0x33,0x5f,0xfe,0x33,0x31,0x00,0x00,0x0b,0xf6,0x00,0x00,0x0a,0xff,0xff,0xff,
0xff,0xf6,0x02,0x33,0x3a,0xf7,0x33,0x31,0x00,0x00,0x09,0xf5,0x00,0x00,0x00,0x00,0x09,0xf5,0x00,0x00,
0x00,0x00,0x09,0xf5,0x00,0x00,0x00,0x00,0x09,0xf5,0x00,0x00,0x7f,0x37,0xf3,0x7f,0x37,0xf3,0x7f,0x37,
0xf3,0x7f,0x32,0x41,0x00,0x02,0x41,0x7f,0x37,0xf3,0x7f,0x37,0xf3,0x7f,0x37,0xf3,0x7f,0x30,0x00,0x3b,
0xee,0xd9,0x10,0x02,0xee,0x86,0x9e,0x10,0x06,0xf7,0x00,0x00,0x00,0x05,0xfa,0x00,0x00,0x00,0x00,0xbf,
0xb3,0x00,0x00,0x03,0xeb,0xef,0x91,0x00,0x0d,0xb0,0x18,0xfd,0x20,0x1f,0x80,0x00,0x4e,0xc0,0x0d,0xe2,
0x00,0x09,0xf1,0x04,0xee,0x70,0x0b,0xd0,0x00,0x2b,0xfd,0xae,0x40,0x00,0x00,0x4d,0xf9,0x00,0x00,0x00,
0x01,0xcf,0x40,0x00,0x00,0x00,0x6f,0x60,0x04,0x84,0x24,0xdf,0x20,0x04,0xef,0xff,0xe5,0x00,0x00,0x02,
0x43,0x00,0x00,0xde,0x11,0xed,0xef,0x11,0xfe,0x00,0x00,0x28,0xce,0xec,0x82,0x00,0x00,0x00,0x06,0xe8,
0x30,0x03,0x8e,0x60,0x00,0x00,0x7c,0x20,0x00,0x00,0x02,0xc7,0x00,0x04,0xd1,0x04,0xbe,0xec,0x80,0x1d,
0x40,0x0b,0x50,0x6f,0xa4,0x34,0x80,0x05,0xb0,0x1e,0x01,0xeb,0x00,0x00,0x00,0x00,0xe1,0x3c,0x04,0xf6,
0x00,0x00,0x00,0x00,0xc3,0x3c,0x04,0xf5,0x00,0x00,0x00,0x00,0xc3,0x1e,0x01,0xf9,0x00,0x00,0x00,0x00,
0xe1,0x0b,0x50,0x8f,0x82,0x02,0x50,0x05,0xb0,0x04,0xd1,0x07,0xef,0xff,0xb0,0x1d,0x40,0x00,0x7c,0x20,
0x02,0x21,0x02,0xc7,0x00,0x00,0x06,0xe8,0x31,0x13,0x8e,0x60,0x00,0x00,0x00,0x28,0xce,0xec,0x82,0x00,
0x00,0x2a,0xdf,0xd8,0x10,0x4b,0x43,0x7f,0x80,0x00,0x00,0x0a,0xe0,0x00,0x00,0x07,0xf1,0x19,0xde,0xff,
0xf1,0xbd,0x53,0x28,0xf1,0xcd,0x43,0x6e,0xf1,0x3b,0xee,0xa7,0xf1,0x00,0x00,0x00,0x00,0x23,0x33,0x33,
0x30,0xaf,0xff,0xff,0xf1,0x00,0x00,0x00,0x00,0x00,0x00,0x00,0x92,0x00,0x65,0x00,0x1b,0xf1,0x08,0xf4,
0x01,0xce,0x40,0xaf,0x60,0x2d,0xd2,0x1b,0xe5,0x00,0x6f,0x80,0x2f,0xb0,0x00,0x07,0xf9,0x04,0xec,0x10,
0x00,0x5f,0xb0,0x3e,0xd2,0x00,0x04,0xe2,0x02,0xc5,0x00,0x00,0x21,0x00,0x13,0x89,0x99,0x99,0x99,0x99,
0x99,0x6d,0xff,0xff,0xff,0xff,0xff,0xfa,0x00,0x00,0x00,0x00,0x00,0x0f,0xa0,0x00,0x00,0x00,0x00,0x00,
0xfa,0x00,0x00,0x00,0x00,0x00,0x0f,0xa0,0x00,0x00,0x00,0x00,0x00,0xfa,0x09,0x99,0x99,0x20,0xff,0xff,
0xf4,0x00,0x00,0x28,0xce,0xec,0x82,0x00,0x00,0x00,0x06,0xe8,0x30,0x03,0x8e,0x60,0x00,0x00,0x7c,0x20,
0x00,0x00,0x02,0xc7,0x00,0x04,0xd1,0x0f,0xff,0xec,0x50,0x1d,0x40,0x0b,0x50,0x0f,0x80,0x19,0xf1,0x05,
0xb0,0x1e,0x00,0x0f,0x80,0x19,0xf1,0x00,0xe1,0x3c,0x00,0x0f,0xff,0xfc,0x40,0x00,0xc3,0x3c,0x00,0x0f,
0x81,0xae,0x20,0x00,0xc3,0x1e,0x00,0x0f,0x80,0x1e,0xa0,0x00,0xe1,0x0b,0x50,0x0f,0x80,0x06,0xf4,0x05,
0xb0,0x04,0xd1,0x09,0x50,0x00,0x87,0x1d,0x40,0x00,0x7c,0x20,0x00,0x00,0x02,0xc7,0x00,0x00,0x06,0xe8,
0x31,0x13,0x8e,0x60,0x00,0x00,0x00,0x28,0xce,0xec,0x82,0x00,0x00,0x12,0x22,0x21,0xef,0xff,0xfe,0x44,
0x44,0x44,0x00,0x00,0x00,0x00,0x01,0x9e,0xe8,0x00,0x09,0xd5,0x5d,0x90,0x0f,0x40,0x04,0xe0,0x0f,0x30,
0x03,0xf0,0x0b,0xb2,0x2b,0xb0,0x02,0xcf,0xfb,0x20,0x00,0x02,0x20,0x00,0x00,0x00,0x00,0x10,0x00,0x00,
0x00,0x00,0x00,0x7f,0x30,0x00,0x00,0x00,0x00,0x07,0xf3,0x00,0x00,0x00,0x00,0x00,0x7f,0x30,0x00,0x00,
0x89,0x99,0x9c,0xfb,0x99,0x99,0x6d,0xff,0xff,0xff,0xff,0xff,0xfa,0x00,0x00,0x07,0xf3,0x00,0x00,0x00,
0x00,0x00,0x7f,0x30,0x00,0x00,0x00,0x00,0x07,0xf3,0x00,0x00,0x00,0x00,0x00,0x7f,0x30,0x00,0x00,0x00,
0x00,0x00,0x00,0x00,0x00,0x08,0x99,0x99,0x99,0x99,0x99,0x96,0xdf,0xff,0xff,0xff,0xff,0xff,0xa0,0x09,
0xdf,0xd8,0x00,0x83,0x26,0xf7,0x00,0x00,0x0d,0x90,0x00,0x06,0xf3,0x00,0x05,0xf5,0x00,0x07,0xe4,0x00,
0x09,0xe5,0x22,0x21,0xff,0xff,0xfc,0x08,0xdf,0xea,0x10,0x43,0x14,0xda,0x00,0x00,0x1d,0xa0,0x06,0xef,
0xb1,0x00,0x12,0x5d,0x80,0x00,0x00,0x8e,0x06,0x22,0x4d,0xb0,0xbe,0xfd,0x91,0x00,0x06,0x71,0x00,0x6f,
0x60,0x03,0xf7,0x00,0x1d,0x90,0x00,0x4f,0x80,0x00,0x00,0xed,0x00,0x4f,0x80,0x00,0x00,0xed,0x00,0x4f,
0x80,0x00,0x00,0xed,0x00,0x4f,0x80,0x00,0x00,0xed,0x00,0x4f,0x80,0x00,0x00,0xed,0x00,0x4f,0x80,0x00,
0x00,0xed,0x00,0x4f,0x80,0x00,0x00,0xfd,0x00,0x4f,0x90,0x00,0x02,0xfd,0x00,0x4f,0xe2,0x00,0x09,0xfd,
0x00,0x4f,0xee,0x99,0xce,0xdf,0x93,0x4f,0x88,0xef,0xc4,0x5e,0xd2,0x4f,0x80,0x00,0x00,0x00,0x00,0x4f,
0x80,0x00,0x00,0x00,0x00,0x4f,0x80,0x00,0x00,0x00,0x00,0x4f,0x80,0x00,0x00,0x00,0x00,0x00,0x5b,0xef,
0xff,0xf8,0x08,0xff,0xff,0x73,0xd8,0x2f,0xff,0xff,0x50,0xc8,0x6f,0xff,0xff,0x50,0xc8,0x6f,0xff,0xff,
0x50,0xc8,0x3f,0xff,0xff,0x50,0xc8,0x09,0xff,0xff,0x50,0xc8,0x00,0x5c,0xff,0x50,0xc8,0x00,0x00,0x1f,
0x50,0xc8,0x00,0x00,0x1f,0x50,0xc8,0x00,0x00,0x1f,0x50,0xc8,0x00,0x00,0x1f,0x50,0xc8,0x00,0x00,0x1f,
0x50,0xc8,0x00,0x00,0x1f,0x50,0xc8,0x00,0x00,0x1f,0x50,0xc8,0x00,0x00,0x1f,0x50,0xc8,0x00,0x00,0x03,
0x10,0x21,0x67,0x1d,0xf3,0xdf,0x30,0x00,0x1c,0x20,0x00,0xaa,0x12,0x0a,0xd2,0xff,0xf6,0x01,0x21,0x00,
0x7c,0xfe,0x00,0x44,0x8e,0x00,0x00,0x7e,0x00,0x00,0x7e,0x00,0x00,0x7e,0x00,0x00,0x7e,0x00,0x11,0x8e,
0x11,0x7f,0xff,0xfe,0x00,0x5c,0xfe,0x91,0x00,0x5f,0x93,0x5e,0xb0,0x0d,0xc0,0x00,0x5f,0x40,0xf8,0x00,
0x01,0xf7,0x0f,0x80,0x00,0x1f,0x70,0xdc,0x00,0x05,0xf4,0x05,0xf9,0x35,0xec,0x00,0x05,0xcf,0xe9,0x10,
0x00,0x00,0x00,0x00,0x00,0x23,0x33,0x33,0x30,0x0a,0xff,0xff,0xff,0x10,0x00,0x00,0x00,0x00,0x00,0x29,
0x00,0x0a,0x10,0x00,0x1f,0xb1,0x0c,0xd2,0x00,0x04,0xec,0x22,0xce,0x30,0x00,0x2d,0xd2,0x1b,0xf5,0x00,
0x08,0xf6,0x04,0xf9,0x00,0x9f,0x70,0x6f,0xa1,0x0b,0xf5,0x07,0xf8,0x00,0x2e,0x40,0x0d,0x70,0x00,0x13,
0x00,0x03,0x00,0x00,0x13,0x55,0x00,0x00,0x00,0x00,0x45,0x00,0x00,0xae,0xde,0x00,0x00,0x00,0x02,0xf7,
0x00,0x00,0x10,0x7e,0x00,0x00,0x00,0x0b,0xc0,0x00,0x00,0x00,0x7e,0x00,0x00,0x00,0x5f,0x30,0x00,0x00,
0x00,0x7e,0x00,0x00,0x01,0xe9,0x00,0x00,0x00,0x00,0x7e,0x00,0x00,0x09,0xd1,0x00,0x00,0x00,0x00,0x7e,
0x00,0x00,0x4f,0x50,0x00,0x00,0x00,0x6e,0xef,0xed,0x00,0xda,0x00,0x00,0x7d,0x60,0x12,0x22,0x21,0x07,
0xe2,0x00,0x05,0x7f,0x60,0x00,0x00,0x00,0x2f,0x70,0x00,0x2a,0x0f,0x60,0x00,0x00,0x00,0xbc,0x00,0x01,
0xc2,0x0f,0x60,0x00,0x00,0x06,0xf3,0x00,0x0a,0x60,0x0f,0x60,0x00,0x00,0x1e,0x80,0x00,0x0f,0xee,0xef,
0xea,0x00,0x00,0xad,0x10,0x00,0x02,0x22,0x2f,0x71,0x00,0x04,0xf5,0x00,0x00,0x00,0x00,0x0c,0x50,0x00,
0x01,0x20,0x00,0x00,0x00,0x00,0x00,0x00,0x03,0x55,0x00,0x00,0x00,0x00,0x45,0x00,0x00,0xae,0xee,0x00,
0x00,0x00,0x02,0xe7,0x00,0x00,0x10,0x7e,0x00,0x00,0x00,0x0a,0xd0,0x00,0x00,0x00,0x7e,0x00,0x00,0x00,
0x4f,0x40,0x00,0x00,0x00,0x7e,0x00,0x00,0x00,0xda,0x00,0x00,0x00,0x00,0x7e,0x00,0x00,0x07,0xe2,0x00,
0x00,0x00,0x00,0x7e,0x00,0x00,0x2f,0x70,0x00,0x00,0x00,0x00,0x7e,0x00,0x00,0xbd,0x03,0x9d,0xd9,0x20,
0x6e,0xef,0xed,0x05,0xf4,0x09,0x73,0x4d,0xc0,0x12,0x22,0x21,0x1d,0xa0,0x00,0x00,0x07,0xf0,0x00,0x00,
0x00,0x8e,0x10,0x00,0x00,0x1d,0x90,0x00,0x00,0x02,0xf6,0x00,0x00,0x01,0xcb,0x00,0x00,0x00,0x0b,0xc0,
0x00,0x00,0x2c,0xb1,0x00,0x00,0x00,0x5f,0x30,0x00,0x03,0xd9,0x00,0x00,0x00,0x01,0xd9,0x00,0x00,0x0b,
0xfe,0xee,0xe2,0x00,0x04,0xa1,0x00,0x00,0x01,0x22,0x22,0x20,0x08,0xcd,0xc8,0x00,0x00,0x00,0x0b,0xa0,
0x00,0x00,0x64,0x25,0xe8,0x00,0x00,0x06,0xf3,0x00,0x00,0x00,0x00,0x0b,0xb0,0x00,0x01,0xe8,0x00,0x00,
0x00,0x00,0x02,0xe5,0x00,0x00,0x9d,0x10,0x00,0x00,0x00,0x6e,0xfb,0x10,0x00,0x3f,0x50,0x00,0x00,0x00,
0x01,0x25,0xeb,0x00,0x0c,0xb0,0x00,0x00,0x00,0x00,0x00,0x08,0xe0,0x07,0xf2,0x00,0x00,0x00,0x00,0x40,
0x02,0xdb,0x01,0xe8,0x00,0x00,0x5a,0x40,0x0d,0xfe,0xfa,0x10,0xad,0x10,0x00,0x3d,0xf6,0x00,0x01,0x10,
0x00,0x4f,0x50,0x00,0x1d,0x3f,0x60,0x00,0x00,0x00,0x0d,0xb0,0x00,0x0c,0x50,0xf6,0x00,0x00,0x00,0x07,
0xf2,0x00,0x0a,0x70,0x0f,0x60,0x00,0x00,0x02,0xe7,0x00,0x00,0xfe,0xee,0xfe,0xa0,0x00,0x00,0xad,0x00,
0x00,0x02,0x22,0x2f,0x71,0x00,0x00,0x4f,0x40,0x00,0x00,0x00,0x00,0xc5,0x00,0x00,0x01,0x20,0x00,0x00,
0x00,0x00,0x00,0x00,0x00,0x03,0xfc,0x00,0x00,0x00,0x3f,0xc0,0x00,0x00,0x01,0x75,0x00,0x00,0x00,0x02,
0x10,0x00,0x00,0x02,0xfb,0x00,0x00,0x00,0x2f,0xb0,0x00,0x00,0x05,0xf9,0x00,0x00,0x02,0xdf,0x30,0x00,
0x02,0xdf,0x60,0x00,0x00,0xcf,0x70,0x00,0x00,0x6f,0xa0,0x00,0x00,0x09,0xf6,0x00,0x00,0x00,0x7f,0xb0,
0x00,0x18,0x21,0xdf,0xd9,0xae,0xf3,0x01,0x9d,0xfd,0xa4,0x00,0x00,0x00,0x2e,0xa0,0x00,0x00,0x00,0x00,
0x00,0x03,0xf6,0x00,0x00,0x00,0x00,0x00,0x00,0x47,0x00,0x00,0x00,0x00,0x00,0x00,0x00,0x00,0x00,0x00,
0x00,0x00,0x07,0xff,0x20,0x00,0x00,0x00,0x00,0x0d,0xff,0x80,0x00,0x00,0x00,0x00,0x4f,0x9e,0xe0,0x00,
0x00,0x00,0x00,0xaf,0x38,0xf5,0x00,0x00,0x00,0x01,0xfd,0x03,0xfb,0x00,0x00,0x00,0x07,0xf7,0x00,0xcf,
0x20,0x00,0x00,0x0d,0xf2,0x00,0x6f,0x80,0x00,0x00,0x4f,0xb0,0x00,0x1f,0xe0,0x00,0x00,0xaf,0x50,0x00,
0x0a,0xf5,0x00,0x01,0xff,0xff,0xff,0xff,0xfb,0x00,0x07,0xfc,0x99,0x99,0x99,0xef,0x20,0x0d,0xf3,0x00,
0x00,0x00,0x8f,0x80,0x4f,0xc0,0x00,0x00,0x00,0x2f,0xe0,0xaf,0x60,0x00,0x00,0x00,0x0b,0xf5,0x00,0x00,
0x00,0x1e,0xb0,0x00,0x00,0x00,0x00,0x00,0xbc,0x10,0x00,0x00,0x00,0x00,0x03,0x71,0x00,0x00,0x00,0x00,
0x00,0x00,0x00,0x00,0x00,0x00,0x00,0x00,0x07,0xff,0x20,0x00,0x00,0x00,0x00,0x0d,0xff,0x80,0x00,0x00,
0x00,0x00,0x4f,0x9e,0xe0,0x00,0x00,0x00,0x00,0xaf,0x38,0xf5,0x00,0x00,0x00,0x01,0xfd,0x03,0xfb,0x00,
0x00,0x00,0x07,0xf7,0x00,0xcf,0x20,0x00,0x00,0x0d,0xf2,0x00,0x6f,0x80,0x00,0x00,0x4f,0xb0,0x00,0x1f,
0xe0,0x00,0x00,0xaf,0x50,0x00,0x0a,0xf5,0x00,0x01,0xff,0xff,0xff,0xff,0xfb,0x00,0x07,0xfc,0x99,0x99,
0x99,0xef,0x20,0x0d,0xf3,0x00,0x00,0x00,0x8f,0x80,0x4f,0xc0,0x00,0x00,0x00,0x2f,0xe0,0xaf,0x60,0x00,
0x00,0x00,0x0b,0xf5,0x00,0x00,0x07,0xfe,0x30,0x00,0x00,0x00,0x00,0x5e,0x48,0xd1,0x00,0x00,0x00,0x00,
0x73,0x00,0x65,0x00,0x00,0x00,0x00,0x00,0x00,0x00,0x00,0x00,0x00,0x00,0x07,0xff,0x20,0x00,0x00,0x00,
0x00,0x0d,0xff,0x80,0x00,0x00,0x00,0x00,0x4f,0x9e,0xe0,0x00,0x00,0x00,0x00,0xaf,0x38,0xf5,0x00,0x00,
0x00,0x01,0xfd,0x03,0xfb,0x00,0x00,0x00,0x07,0xf7,0x00,0xcf,0x20,0x00,0x00,0x0d,0xf2,0x00,0x6f,0x80,
0x00,0x00,0x4f,0xb0,0x00,0x1f,0xe0,0x00,0x00,0xaf,0x50,0x00,0x0a,0xf5,0x00,0x01,0xff,0xff,0xff,0xff,
0xfb,0x00,0x07,0xfc,0x99,0x99,0x99,0xef,0x20,0x0d,0xf3,0x00,0x00,0x00,0x8f,0x80,0x4f,0xc0,0x00,0x00,
0x00,0x2f,0xe0,0xaf,0x60,0x00,0x00,0x00,0x0b,0xf5,0x00,0x00,0x00,0x00,0x01,0x00,0x00,0x00,0x00,0xbf,
0xc5,0x6e,0x00,0x00,0x00,0x05,0xe3,0x7e,0xf6,0x00,0x00,0x00,0x00,0x10,0x00,0x00,0x00,0x00,0x00,0x00,
0x00,0x00,0x00,0x00,0x00,0x00,0x00,0x07,0xff,0x20,0x00,0x00,0x00,0x00,0x0d,0xff,0x80,0x00,0x00,0x00,
0x00,0x4f,0x9e,0xe0,0x00,0x00,0x00,0x00,0xaf,0x38,0xf5,0x00,0x00,0x00,0x01,0xfd,0x03,0xfb,0x00,0x00,
0x00,0x07,0xf7,0x00,0xcf,0x20,0x00,0x00,0x0d,0xf2,0x00,0x6f,0x80,0x00,0x00,0x4f,0xb0,0x00,0x1f,0xe0,
0x00,0x00,0xaf,0x50,0x00,0x0a,0xf5,0x00,0x01,0xff,0xff,0xff,0xff,0xfb,0x00,0x07,0xfc,0x99,0x99,0x99,
0xef,0x20,0x0d,0xf3,0x00,0x00,0x00,0x8f,0x80,0x4f,0xc0,0x00,0x00,0x00,0x2f,0xe0,0xaf,0x60,0x00,0x00,
0x00,0x0b,0xf5,0x00,0x01,0xed,0x04,0xeb,0x00,0x00,0x00,0x01,0xfe,0x04,0xfb,0x00,0x00,0x00,0x00,0x00,
0x00,0x00,0x00,0x00,0x00,0x00,0x00,0x00,0x00,0x00,0x00,0x00,0x00,0x07,0xff,0x20,0x00,0x00,0x00,0x00,
0x0d,0xff,0x80,0x00,0x00,0x00,0x00,0x4f,0x9e,0xe0,0x00,0x00,0x00,0x00,0xaf,0x38,0xf5,0x00,0x00,0x00,
0x01,0xfd,0x03,0xfb,0x00,0x00,0x00,0x07,0xf7,0x00,0xcf,0x20,0x00,0x00,0x0d,0xf2,0x00,0x6f,0x80,0x00,
0x00,0x4f,0xb0,0x00,0x1f,0xe0,0x00,0x00,0xaf,0x50,0x00,0x0a,0xf5,0x00,0x01,0xff,0xff,0xff,0xff,0xfb,
0x00,0x07,0xfc,0x99,0x99,0x99,0xef,0x20,0x0d,0xf3,0x00,0x00,0x00,0x8f,0x80,0x4f,0xc0,0x00,0x00,0x00,
0x2f,0xe0,0xaf,0x60,0x00,0x00,0x00,0x0b,0xf5,0x00,0x00,0x09,0xed,0x60,0x00,0x00,0x00,0x00,0x8d,0x46,
0xf3,0x00,0x00,0x00,0x00,0xc6,0x00,0xb7,0x00,0x00,0x00,0x00,0xab,0x13,0xe5,0x00,0x00,0x00,0x00,0x2d,
0xff,0xa0,0x00,0x00,0x00,0x00,0x0e,0xff,0x90,0x00,0x00,0x00,0x00,0x5f,0x9e,0xe1,0x00,0x00,0x00,0x00,
0xbf,0x48,0xf6,0x00,0x00,0x00,0x02,0xfd,0x03,0xfc,0x00,0x00,0x00,0x08,0xf7,0x00,0xcf,0x30,0x00,0x00,
0x0d,0xf2,0x00,0x7f,0x90,0x00,0x00,0x4f,0xb0,0x00,0x1f,0xe0,0x00,0x00,0xaf,0x60,0x00,0x0a,0xf5,0x00,
0x01,0xff,0xff,0xff,0xff,0xfb,0x00,0x07,0xfc,0x99,0x99,0x99,0xef,0x20,0x0d,0xf3,0x00,0x00,0x00,0x8f,
0x80,0x4f,0xc0,0x00,0x00,0x00,0x2f,0xe0,0xaf,0x60,0x00,0x00,0x00,0x0b,0xf5,0x00,0x00,0x01,0xef,0xff,
0xff,0xff,0xff,0xff,0x00,0x00,0x00,0x7f,0xcb,0xfe,0x99,0x99,0x99,0x90,0x00,0x00,0x0d,0xf2,0x3f,0xc0,
0x00,0x00,0x00,0x00,0x00,0x05,0xfb,0x03,0xfc,0x00,0x00,0x00,0x00,0x00,0x00,0xcf,0x40,0x3f,0xc0,0x00,
0x00,0x00,0x00,0x00,0x3f,0xd0,0x03,0xfe,0xaa,0xaa,0xaa,0x70,0x00,0x0a,0xf6,0x00,0x3f,0xff,0xff,0xff,
0xfb,0x00,0x02,0xfe,0x10,0x03,0xfc,0x00,0x00,0x00,0x00,0x00,0x8f,0x80,0x00,0x3f,0xc0,0x00,0x00,0x00,
0x00,0x1e,0xff,0xff,0xff,0xfc,0x00,0x00,0x00,0x00,0x06,0xfc,0x99,0x99,0xaf,0xc0,0x00,0x00,0x00,0x00,
0xcf,0x30,0x00,0x03,0xfc,0x00,0x00,0x00,0x00,0x4f,0xc0,0x00,0x00,0x3f,0xe9,0x99,0x99,0x99,0x2b,0xf5,
0x00,0x00,0x03,0xff,0xff,0xff,0xff,0xf3,0x00,0x02,0x9c,0xef,0xda,0x50,0x00,0x7f,0xfd,0xa9,0xbe,0xfb,
0x07,0xfe,0x40,0x00,0x00,0x6c,0x2f,0xf3,0x00,0x00,0x00,0x01,0x8f,0x90,0x00,0x00,0x00,0x00,0xbf,0x50,
0x00,0x00,0x00,0x00,0xdf,0x40,0x00,0x00,0x00,0x00,0xdf,0x30,0x00,0x00,0x00,0x00,0xbf,0x50,0x00,0x00,
0x00,0x00,0x8f,0x90,0x00,0x00,0x00,0x00,0x2f,0xf3,0x00,0x00,0x00,0x01,0x07,0xfe,0x40,0x00,0x00,0x5c,
0x00,0x7f,0xfd,0xa9,0xbe,0xfb,0x00,0x02,0x9c,0xff,0xda,0x50,0x00,0x00,0x00,0x0d,0x60,0x00,0x00,0x00,
0x11,0x0a,0xc0,0x00,0x00,0x00,0x3f,0xff,0x70,0x00,0x00,0x00,0x01,0x21,0x00,0x00,0x00,0x06,0xf5,0x00,
0x00,0x00,0x00,0x07,0xe3,0x00,0x00,0x00,0x00,0x06,0x50,0x00,0x00,0x00,0x00,0x00,0x00,0x00,0x0f,0xff,
0xff,0xff,0xff,0x30,0xff,0x99,0x99,0x99,0x92,0x0f,0xe0,0x00,0x00,0x00,0x00,0xfe,0x00,0x00,0x00,0x00,
0x0f,0xe0,0x00,0x00,0x00,0x00,0xff,0xaa,0xaa,0xaa,0x80,0x0f,0xff,0xff,0xff,0xfd,0x00,0xfe,0x00,0x00,
0x00,0x00,0x0f,0xe0,0x00,0x00,0x00,0x00,0xfe,0x00,0x00,0x00,0x00,0x0f,0xe0,0x00,0x00,0x00,0x00,0xfe,
0x00,0x00,0x00,0x00,0x0f,0xf9,0x99,0x99,0x99,0x30,0xff,0xff,0xff,0xff,0xf5,0x00,0x00,0x05,0xf7,0x00,
0x00,0x00,0x02,0xe8,0x00,0x00,0x00,0x00,0x57,0x00,0x00,0x00,0x00,0x00,0x00,0x00,0x00,0x0f,0xff,0xff,
0xff,0xff,0x30,0xff,0x99,0x99,0x99,0x92,0x0f,0xe0,0x00,0x00,0x00,0x00,0xfe,0x00,0x00,0x00,0x00,0x0f,
0xe0,0x00,0x00,0x00,0x00,0xff,0xaa,0xaa,0xaa,0x80,0x0f,0xff,0xff,0xff,0xfd,0x00,0xfe,0x00,0x00,0x00,
0x00,0x0f,0xe0,0x00,0x00,0x00,0x00,0xfe,0x00,0x00,0x00,0x00,0x0f,0xe0,0x00,0x00,0x00,0x00,0xfe,0x00,
0x00,0x00,0x00,0x0f,0xf9,0x99,0x99,0x99,0x30,0xff,0xff,0xff,0xff,0xf5,0x00,0x00,0xbf,0xc1,0x00,0x00,
0x00,0x9c,0x2b,0xa0,0x00,0x00,0x27,0x10,0x17,0x20,0x00,0x00,0x00,0x00,0x00,0x00,0x0f,0xff,0xff,0xff,
0xff,0x30,0xff,0x99,0x99,0x99,0x92,0x0f,0xe0,0x00,0x00,0x00,0x00,0xfe,0x00,0x00,0x00,0x00,0x0f,0xe0,
0x00,0x00,0x00,0x00,0xff,0xaa,0xaa,0xaa,0x80,0x0f,0xff,0xff,0xff,0xfd,0x00,0xfe,0x00,0x00,0x00,0x00,
0x0f,0xe0,0x00,0x00,0x00,0x00,0xfe,0x00,0x00,0x00,0x00,0x0f,0xe0,0x00,0x00,0x00,0x00,0xfe,0x00,0x00,
0x00,0x00,0x0f,0xf9,0x99,0x99,0x99,0x30,0xff,0xff,0xff,0xff,0xf5,0x00,0x5e,0x90,0x8e,0x60,0x00,0x05,
0xf9,0x08,0xf7,0x00,0x00,0x00,0x00,0x00,0x00,0x00,0x00,0x00,0x00,0x00,0x00,0x0f,0xff,0xff,0xff,0xff,
0x30,0xff,0x99,0x99,0x99,0x92,0x0f,0xe0,0x00,0x00,0x00,0x00,0xfe,0x00,0x00,0x00,0x00,0x0f,0xe0,0x00,
0x00,0x00,0x00,0xff,0xaa,0xaa,0xaa,0x80,0x0f,0xff,0xff,0xff,0xfd,0x00,0xfe,0x00,0x00,0x00,0x00,0x0f,
0xe0,0x00,0x00,0x00,0x00,0xfe,0x00,0x00,0x00,0x00,0x0f,0xe0,0x00,0x00,0x00,0x00,0xfe,0x00,0x00,0x00,
0x00,0x0f,0xf9,0x99,0x99,0x99,0x30,0xff,0xff,0xff,0xff,0xf5,0x1d,0xc0,0x00,0x2e,0x80,0x00,0x37,0x10,
0x00,0x00,0x00,0xfe,0x00,0x0f,0xe0,0x00,0xfe,0x00,0x0f,0xe0,0x00,0xfe,0x00,0x0f,0xe0,0x00,0xfe,0x00,
0x0f,0xe0,0x00,0xfe,0x00,0x0f,0xe0,0x00,0xfe,0x00,0x0f,0xe0,0x00,0xfe,0x00,0x0f,0xe0,0x01,0xdc,0x10,
0xad,0x10,0x28,0x20,0x00,0x00,0x00,0x0f,0xe0,0x00,0xfe,0x00,0x0f,0xe0,0x00,0xfe,0x00,0x0f,0xe0,0x00,
0xfe,0x00,0x0f,0xe0,0x00,0xfe,0x00,0x0f,0xe0,0x00,0xfe,0x00,0x0f,0xe0,0x00,0xfe,0x00,0x0f,0xe0,0x00,
0xfe,0x00,0x00,0x6f,0xf4,0x00,0x3e,0x56,0xe2,0x06,0x40,0x05,0x50,0x00,0x00,0x00,0x00,0x0f,0xe0,0x00,
0x00,0xfe,0x00,0x00,0x0f,0xe0,0x00,0x00,0xfe,0x00,0x00,0x0f,0xe0,0x00,0x00,0xfe,0x00,0x00,0x0f,0xe0,
0x00,0x00,0xfe,0x00,0x00,0x0f,0xe0,0x00,0x00,0xfe,0x00,0x00,0x0f,0xe0,0x00,0x00,0xfe,0x00,0x00,0x0f,
0xe0,0x00,0x00,0xfe,0x00,0xde,0x12,0xec,0xef,0x12,0xfd,0x00,0x00,0x00,0x00,0x00,0x00,0x00,0xfe,0x00,
0x00,0xfe,0x00,0x00,0xfe,0x00,0x00,0xfe,0x00,0x00,0xfe,0x00,0x00,0xfe,0x00,0x00,0xfe,0x00,0x00,0xfe,
0x00,0x00,0xfe,0x00,0x00,0xfe,0x00,0x00,0xfe,0x00,0x00,0xfe,0x00,0x00,0xfe,0x00,0x00,0xfe,0x00,0x00,
0xef,0xff,0xfe,0xc9,0x50,0x00,0x00,0x0e,0xf9,0x99,0xac,0xff,0xc3,0x00,0x00,0xef,0x10,0x00,0x02,0xaf,
0xe2,0x00,0x0e,0xf1,0x00,0x00,0x00,0xaf,0x90,0x00,0xef,0x10,0x00,0x00,0x03,0xfe,0x01,0x1e,0xf2,0x11,
0x00,0x00,0x0e,0xf3,0xef,0xff,0xff,0xf5,0x00,0x00,0xcf,0x44,0x4e,0xf5,0x44,0x10,0x00,0x0c,0xf4,0x00,
0xef,0x10,0x00,0x00,0x00,0xef,0x30,0x0e,0xf1,0x00,0x00,0x00,0x3f,0xe0,0x00,0xef,0x10,0x00,0x00,0x0a,
0xf9,0x00,0x0e,0xf1,0x00,0x00,0x2a,0xfe,0x20,0x00,0xef,0x99,0x9a,0xcf,0xfc,0x30,0x00,0x0e,0xff,0xff,
0xec,0x95,0x00,0x00,0x00,0x00,0x00,0x00,0x01,0x00,0x00,0x03,0xef,0xa3,0xb9,0x00,0x00,0x0a,0xa3,0xaf,
0xd2,0x00,0x00,0x01,0x00,0x00,0x00,0x00,0x00,0x00,0x00,0x00,0x00,0x00,0x0f,0xfd,0x00,0x00,0x00,0xef,
0x0f,0xff,0x70,0x00,0x00,0xef,0x0f,0xee,0xe1,0x00,0x00,0xef,0x0f,0xd7,0xf8,0x00,0x00,0xef,0x0f,0xd0,
0xdf,0x20,0x00,0xef,0x0f,0xd0,0x5f,0xa0,0x00,0xef,0x0f,0xd0,0x0c,0xf3,0x00,0xef,0x0f,0xd0,0x04,0xfb,
0x00,0xef,0x0f,0xd0,0x00,0xaf,0x50,0xef,0x0f,0xd0,0x00,0x2f,0xd0,0xef,0x0f,0xd0,0x00,0x09,0xf6,0xef,
0x0f,0xd0,0x00,0x01,0xee,0xef,0x0f,0xd0,0x00,0x00,0x7f,0xff,0x0f,0xd0,0x00,0x00,0x1d,0xff,0x00,0x00,
0x28,0x40,0x00,0x00,0x00,0x00,0x00,0x09,0xe2,0x00,0x00,0x00,0x00,0x00,0x00,0xac,0x10,0x00,0x00,0x00,
0x00,0x00,0x00,0x00,0x00,0x00,0x00,0x00,0x00,0x00,0x00,0x00,0x00,0x00,0x03,0x9d,0xfe,0xc8,0x20,0x00,
0x00,0x8f,0xfc,0x9a,0xdf,0xe5,0x00,0x07,0xfd,0x30,0x00,0x06,0xff,0x40,0x2f,0xf3,0x00,0x00,0x00,0x6f,
0xd0,0x8f,0x90,0x00,0x00,0x00,0x0d,0xf4,0xbf,0x50,0x00,0x00,0x00,0x09,0xf7,0xdf,0x40,0x00,0x00,0x00,
0x07,0xf9,0xdf,0x30,0x00,0x00,0x00,0x07,0xf9,0xbf,0x50,0x00,0x00,0x00,0x09,0xf7,0x8f,0x90,0x00,0x00,
0x00,0x0d,0xf4,0x2f,0xf3,0x00,0x00,0x00,0x6f,0xd0,0x08,0xfd,0x30,0x00,0x05,0xff,0x40,0x00,0x8f,0xfc,
0x9a,0xdf,0xe5,0x00,0x00,0x03,0x9d,0xfe,0xc8,0x20,0x00,0x00,0x00,0x00,0x06,0x70,0x00,0x00,0x00,0x00,
0x00,0x5f,0x50,0x00,0x00,0x00,0x00,0x02,0xe7,0x00,0x00,0x00,0x00,0x00,0x00,0x00,0x00,0x00,0x00,0x00,
0x00,0x00,0x00,0x00,0x00,0x00,0x00,0x03,0x9d,0xfe,0xc8,0x20,0x00,0x00,0x8f,0xfc,0x9a,0xdf,0xe5,0x00,
0x07,0xfd,0x30,0x00,0x06,0xff,0x40,0x2f,0xf3,0x00,0x00,0x00,0x6f,0xd0,0x8f,0x90,0x00,0x00,0x00,0x0d,
0xf4,0xbf,0x50,0x00,0x00,0x00,0x09,0xf7,0xdf,0x40,0x00,0x00,0x00,0x07,0xf9,0xdf,0x30,0x00,0x00,0x00,
0x07,0xf9,0xbf,0x50,0x00,0x00,0x00,0x09,0xf7,0x8f,0x90,0x00,0x00,0x00,0x0d,0xf4,0x2f,0xf3,0x00,0x00,
0x00,0x6f,0xd0,0x08,0xfd,0x30,0x00,0x05,0xff,0x40,0x00,0x8f,0xfc,0x9a,0xdf,0xe5,0x00,0x00,0x03,0x9d,
0xfe,0xc8,0x20,0x00,0x00,0x00,0x02,0x87,0x00,0x00,0x00,0x00,0x00,0x1c,0xbd,0x90,0x00,0x00,0x00,0x00,
0xab,0x02,0xd7,0x00,0x00,0x00,0x00,0x00,0x00,0x00,0x00,0x00,0x00,0x00,0x00,0x00,0x00,0x00,0x00,0x00,
0x03,0x9d,0xfe,0xc8,0x20,0x00,0x00,0x8f,0xfc,0x9a,0xdf,0xe5,0x00,0x07,0xfd,0x30,0x00,0x06,0xff,0x40,
0x2f,0xf3,0x00,0x00,0x00,0x6f,0xd0,0x8f,0x90,0x00,0x00,0x00,0x0d,0xf4,0xbf,0x50,0x00,0x00,0x00,0x09,
0xf7,0xdf,0x40,0x00,0x00,0x00,0x07,0xf9,0xdf,0x30,0x00,0x00,0x00,0x07,0xf9,0xbf,0x50,0x00,0x00,0x00,
0x09,0xf7,0x8f,0x90,0x00,0x00,0x00,0x0d,0xf4,0x2f,0xf3,0x00,0x00,0x00,0x6f,0xd0,0x08,0xfd,0x30,0x00,
0x05,0xff,0x40,0x00,0x8f,0xfc,0x9a,0xdf,0xe5,0x00,0x00,0x03,0x9d,0xfe,0xc8,0x20,0x00,0x00,0x00,0x00,
0x00,0x01,0x00,0x00,0x00,0x00,0xbf,0xc5,0x6f,0x00,0x00,0x00,0x04,0xf3,0x7e,0xf7,0x00,0x00,0x00,0x00,
0x10,0x00,0x00,0x00,0x00,0x00,0x00,0x00,0x00,0x00,0x00,0x00,0x00,0x03,0x9d,0xfe,0xc8,0x20,0x00,0x00,
0x8f,0xfc,0x9a,0xdf,0xe5,0x00,0x07,0xfd,0x30,0x00,0x06,0xff,0x40,0x2f,0xf3,0x00,0x00,0x00,0x6f,0xd0,
0x8f,0x90,0x00,0x00,0x00,0x0d,0xf4,0xbf,0x50,0x00,0x00,0x00,0x09,0xf7,0xdf,0x40,0x00,0x00,0x00,0x07,
0xf9,0xdf,0x30,0x00,0x00,0x00,0x07,0xf9,0xbf,0x50,0x00,0x00,0x00,0x09,0xf7,0x8f,0x90,0x00,0x00,0x00,
0x0d,0xf4,0x2f,0xf3,0x00,0x00,0x00,0x6f,0xd0,0x08,0xfd,0x30,0x00,0x05,0xff,0x40,0x00,0x8f,0xfc,0x9a,
0xdf,0xe5,0x00,0x00,0x03,0x9d,0xfe,0xc8,0x20,0x00,0x00,0x00,0xff,0x03,0xfc,0x00,0x00,0x00,0x00,0xee,
0x03,0xeb,0x00,0x00,0x00,0x00,0x00,0x00,0x00,0x00,0x00,0x00,0x00,0x00,0x00,0x00,0x00,0x00,0x00,0x03,
0x9d,0xfe,0xc8,0x20,0x00,0x00,0x8f,0xfc,0x9a,0xdf,0xe5,0x00,0x07,0xfd,0x30,0x00,0x06,0xff,0x40,0x2f,
0xf3,0x00,0x00,0x00,0x6f,0xd0,0x8f,0x90,0x00,0x00,0x00,0x0d,0xf4,0xbf,0x50,0x00,0x00,0x00,0x09,0xf7,
0xdf,0x40,0x00,0x00,0x00,0x07,0xf9,0xdf,0x30,0x00,0x00,0x00,0x07,0xf9,0xbf,0x50,0x00,0x00,0x00,0x09,
0xf7,0x8f,0x90,0x00,0x00,0x00,0x0d,0xf4,0x2f,0xf3,0x00,0x00,0x00,0x6f,0xd0,0x08,0xfd,0x30,0x00,0x05,
0xff,0x40,0x00,0x8f,0xfc,0x9a,0xdf,0xe5,0x00,0x00,0x03,0x9d,0xfe,0xc8,0x20,0x00,0x05,0x30,0x00,0x00,
0x00,0x52,0x01,0xee,0x30,0x00,0x00,0x6f,0xc0,0x04,0xee,0x30,0x00,0x6f,0xd2,0x00,0x03,0xee,0x30,0x6f,
0xd2,0x00,0x00,0x03,0xee,0x9f,0xd1,0x00,0x00,0x00,0x03,0xef,0xd1,0x00,0x00,0x00,0x00,0x7f,0xfe,0x40,
0x00,0x00,0x00,0x7f,0xc4,0xee,0x40,0x00,0x00,0x7f,0xc1,0x03,0xef,0x40,0x00,0x8f,0xc1,0x00,0x02,0xef,
0x50,0x1d,0xb1,0x00,0x00,0x02,0xdb,0x00,0x21,0x00,0x00,0x00,0x02,0x00,0x00,0x00,0x00,0x00,0x00,0x00,
0x20,0x00,0x03,0x9d,0xfe,0xc7,0x12,0xe7,0x00,0x8f,0xfc,0x9a,0xdf,0xed,0xc1,0x07,0xfd,0x30,0x00,0x06,
0xff,0x40,0x2f,0xf3,0x00,0x00,0x0b,0x9f,0xc0,0x8f,0x90,0x00,0x00,0xa9,0x0b,0xf3,0xbf,0x50,0x00,0x09,
0xb0,0x09,0xf7,0xdf,0x40,0x00,0x8d,0x10,0x07,0xf9,0xdf,0x40,0x07,0xe2,0x00,0x08,0xf9,0xbf,0x50,0x6e,
0x30,0x00,0x0a,0xf7,0x8f,0xa5,0xf5,0x00,0x00,0x0e,0xf4,0x2f,0xff,0x70,0x00,0x00,0x7f,0xd0,0x08,0xfe,
0x30,0x00,0x06,0xff,0x40,0x2e,0xcf,0xfc,0x9a,0xdf,0xe5,0x00,0xbb,0x03,0x9d,0xfe,0xc8,0x20,0x00,0x11,
0x00,0x00,0x00,0x00,0x00,0x00,0x00,0x00,0x67,0x00,0x00,0x00,0x00,0x00,0x3e,0x80,0x00,0x00,0x00,0x00,
0x04,0xf5,0x00,0x00,0x00,0x00,0x00,0x00,0x00,0x00,0x00,0x00,0x00,0x00,0x00,0x00,0x4f,0xb0,0x00,0x00,
0x01,0xfe,0x4f,0xb0,0x00,0x00,0x01,0xfe,0x4f,0xb0,0x00,0x00,0x01,0xfe,0x4f,0xb0,0x00,0x00,0x01,0xfe,
0x4f,0xb0,0x00,0x00,0x01,0xfe,0x4f,0xb0,0x00,0x00,0x01,0xfe,0x4f,0xb0,0x00,0x00,0x01,0xfe,0x4f,0xb0,
0x00,0x00,0x01,0xfe,0x4f,0xb0,0x00,0x00,0x01,0xfe,0x3f,0xc0,0x00,0x00,0x03,0xfd,0x1f,0xf1,0x00,0x00,
0x06,0xfa,0x0a,0xfa,0x00,0x00,0x2d,0xf4,0x01,0xdf,0xda,0x9b,0xff,0x80,0x00,0x17,0xce,0xfe,0xb5,0x00,
0x00,0x00,0x00,0x28,0x30,0x00,0x00,0x00,0x01,0xdb,0x00,0x00,0x00,0x00,0x0a,0xc1,0x00,0x00,0x00,0x00,
0x00,0x00,0x00,0x00,0x00,0x00,0x00,0x00,0x00,0x00,0x4f,0xb0,0x00,0x00,0x01,0xfe,0x4f,0xb0,0x00,0x00,
0x01,0xfe,0x4f,0xb0,0x00,0x00,0x01,0xfe,0x4f,0xb0,0x00,0x00,0x01,0xfe,0x4f,0xb0,0x00,0x00,0x01,0xfe,
0x4f,0xb0,0x00,0x00,0x01,0xfe,0x4f,0xb0,0x00,0x00,0x01,0xfe,0x4f,0xb0,0x00,0x00,0x01,0xfe,0x4f,0xb0,
0x00,0x00,0x01,0xfe,0x3f,0xc0,0x00,0x00,0x03,0xfd,0x1f,0xf1,0x00,0x00,0x06,0xfa,0x0a,0xfa,0x00,0x00,
0x2d,0xf4,0x01,0xdf,0xda,0x9b,0xff,0x80,0x00,0x17,0xce,0xfe,0xb5,0x00,0x00,0x00,0x06,0x83,0x00,0x00,
0x00,0x00,0x6e,0x9e,0x20,0x00,0x00,0x04,0xe3,0x08,0xd1,0x00,0x00,0x00,0x00,0x00,0x00,0x00,0x00,0x00,
0x00,0x00,0x00,0x00,0x4f,0xb0,0x00,0x00,0x01,0xfe,0x4f,0xb0,0x00,0x00,0x01,0xfe,0x4f,0xb0,0x00,0x00,
0x01,0xfe,0x4f,0xb0,0x00,0x00,0x01,0xfe,0x4f,0xb0,0x00,0x00,0x01,0xfe,0x4f,0xb0,0x00,0x00,0x01,0xfe,
0x4f,0xb0,0x00,0x00,0x01,0xfe,0x4f,0xb0,0x00,0x00,0x01,0xfe,0x4f,0xb0,0x00,0x00,0x01,0xfe,0x3f,0xc0,
0x00,0x00,0x03,0xfd,0x1f,0xf1,0x00,0x00,0x06,0xfa,0x0a,0xfa,0x00,0x00,0x2d,0xf4,0x01,0xdf,0xda,0x9b,
0xff,0x80,0x00,0x17,0xce,0xfe,0xb5,0x00,0x00,0x09,0xf6,0x0b,0xf3,0x00,0x00,0x08,0xe6,0x0b,0xe3,0x00,
0x00,0x00,0x00,0x00,0x00,0x00,0x00,0x00,0x00,0x00,0x00,0x00,0x4f,0xb0,0x00,0x00,0x01,0xfe,0x4f,0xb0,
0x00,0x00,0x01,0xfe,0x4f,0xb0,0x00,0x00,0x01,0xfe,0x4f,0xb0,0x00,0x00,0x01,0xfe,0x4f,0xb0,0x00,0x00,
0x01,0xfe,0x4f,0xb0,0x00,0x00,0x01,0xfe,0x4f,0xb0,0x00,0x00,0x01,0xfe,0x4f,0xb0,0x00,0x00,0x01,0xfe,
0x4f,0xb0,0x00,0x00,0x01,0xfe,0x3f,0xc0,0x00,0x00,0x03,0xfd,0x1f,0xf1,0x00,0x00,0x06,0xfa,0x0a,0xfa,
0x00,0x00,0x2d,0xf4,0x01,0xdf,0xda,0x9b,0xff,0x80,0x00,0x17,0xce,0xfe,0xb5,0x00,0x00,0x00,0x00,0x0b,
0xe2,0x00,0x00,0x00,0x00,0x00,0x7e,0x30,0x00,0x00,0x00,0x00,0x01,0x73,0x00,0x00,0x00,0x00,0x00,0x00,
0x00,0x00,0x00,0x00,0x0a,0xf6,0x00,0x00,0x00,0x3f,0xd1,0x01,0xef,0x20,0x00,0x01,0xdf,0x30,0x00,0x4f,
0xc0,0x00,0x09,0xf7,0x00,0x00,0x09,0xf8,0x00,0x5f,0xc0,0x00,0x00,0x01,0xdf,0x41,0xee,0x20,0x00,0x00,
0x00,0x3f,0xdb,0xf6,0x00,0x00,0x00,0x00,0x07,0xff,0xa0,0x00,0x00,0x00,0x00,0x00,0xef,0x20,0x00,0x00,
0x00,0x00,0x00,0xdf,0x10,0x00,0x00,0x00,0x00,0x00,0xdf,0x10,0x00,0x00,0x00,0x00,0x00,0xdf,0x10,0x00,
0x00,0x00,0x00,0x00,0xdf,0x10,0x00,0x00,0x00,0x00,0x00,0xdf,0x10,0x00,0x00,0x00,0x00,0x00,0xdf,0x10,
0x00,0x00,0x0f,0xe0,0x00,0x00,0x00,0x00,0xfe,0x00,0x00,0x00,0x00,0x0f,0xf9,0x99,0x85,0x10,0x00,0xff,
0xff,0xff,0xfe,0x30,0x0f,0xe0,0x00,0x3a,0xfd,0x00,0xfe,0x00,0x00,0x0e,0xf4,0x0f,0xe0,0x00,0x00,0xbf,
0x50,0xfe,0x00,0x00,0x0e,0xf4,0x0f,0xe0,0x00,0x3a,0xfd,0x00,0xff,0xff,0xff,0xfe,0x30,0x0f,0xf9,0x99,
0x85,0x10,0x00,0xfe,0x00,0x00,0x00,0x00,0x0f,0xe0,0x00,0x00,0x00,0x00,0xfe,0x00,0x00,0x00,0x00,0x00,
0x4b,0xef,0xd8,0x00,0x00,0x6f,0xe9,0x8b,0xfa,0x00,0x0e,0xe2,0x00,0x0a,0xf3,0x02,0xfb,0x00,0x02,0x9f,
0x60,0x3f,0xa0,0x06,0xfc,0x73,0x03,0xfa,0x02,0xfa,0x00,0x00,0x3f,0xa0,0x5f,0x60,0x00,0x03,0xfa,0x03,
0xfd,0x20,0x00,0x3f,0xa0,0x09,0xfe,0x70,0x03,0xfa,0x00,0x05,0xdf,0xa0,0x3f,0xa0,0x00,0x01,0xbf,0x73,
0xfa,0x00,0x00,0x03,0xfa,0x3f,0xa0,0x00,0x00,0x6f,0x83,0xfa,0x4c,0x98,0x9e,0xe2,0x3f,0xa3,0xde,0xfd,
0xa2,0x00,0x02,0xeb,0x00,0x00,0x00,0x00,0x3e,0x90,0x00,0x00,0x00,0x04,0xf5,0x00,0x00,0x00,0x00,0x47,
0x00,0x00,0x00,0x00,0x00,0x00,0x00,0x06,0xad,0xfe,0xb5,0x00,0x0f,0xc9,0x89,0xef,0x70,0x02,0x00,0x00,
0x1c,0xe1,0x00,0x00,0x11,0x17,0xf5,0x03,0xae,0xff,0xff,0xf6,0x3e,0xe8,0x54,0x48,0xf7,0xaf,0x40,0x00,
0x07,0xf7,0xcf,0x10,0x00,0x0b,0xf7,0xaf,0x50,0x00,0x5f,0xf7,0x3f,0xf9,0x8a,0xfa,0xf7,0x04,0xbe,0xeb,
0x45,0xf7,0x00,0x00,0x04,0xfa,0x00,0x00,0x00,0x2e,0xb0,0x00,0x00,0x00,0xcc,0x10,0x00,0x00,0x03,0x71,
0x00,0x00,0x00,0x00,0x00,0x00,0x00,0x06,0xad,0xfe,0xb5,0x00,0x0f,0xc9,0x89,0xef,0x70,0x02,0x00,0x00,
0x1c,0xe1,0x00,0x00,0x11,0x17,0xf5,0x03,0xae,0xff,0xff,0xf6,0x3e,0xe8,0x54,0x48,0xf7,0xaf,0x40,0x00,
0x07,0xf7,0xcf,0x10,0x00,0x0b,0xf7,0xaf,0x50,0x00,0x5f,0xf7,0x3f,0xf9,0x8a,0xfa,0xf7,0x04,0xbe,0xeb,
0x45,0xf7,0x00,0x04,0xfd,0x00,0x00,0x00,0x1d,0xad,0x80,0x00,0x00,0x9c,0x03,0xf4,0x00,0x01,0x72,0x00,
0x56,0x00,0x00,0x00,0x00,0x00,0x00,0x06,0xad,0xfe,0xb5,0x00,0x0f,0xc9,0x89,0xef,0x70,0x02,0x00,0x00,
0x1c,0xe1,0x00,0x00,0x11,0x17,0xf5,0x03,0xae,0xff,0xff,0xf6,0x3e,0xe8,0x54,0x48,0xf7,0xaf,0x40,0x00,
0x07,0xf7,0xcf,0x10,0x00,0x0b,0xf7,0xaf,0x50,0x00,0x5f,0xf7,0x3f,0xf9,0x8a,0xfa,0xf7,0x04,0xbe,0xeb,
0x45,0xf7,0x00,0x7c,0x70,0x3c,0x00,0x03,0xf7,0xea,0xac,0x00,0x05,0xb0,0x2a,0xc3,0x00,0x00,0x00,0x00,
0x00,0x00,0x00,0x00,0x00,0x00,0x00,0x06,0xad,0xfe,0xb5,0x00,0x0f,0xc9,0x89,0xef,0x70,0x02,0x00,0x00,
0x1c,0xe1,0x00,0x00,0x11,0x17,0xf5,0x03,0xae,0xff,0xff,0xf6,0x3e,0xe8,0x54,0x48,0xf7,0xaf,0x40,0x00,
0x07,0xf7,0xcf,0x10,0x00,0x0b,0xf7,0xaf,0x50,0x00,0x5f,0xf7,0x3f,0xf9,0x8a,0xfa,0xf7,0x04,0xbe,0xeb,
0x45,0xf7,0x01,0xfd,0x04,0xfb,0x00,0x01,0xed,0x04,0xea,0x00,0x00,0x00,0x00,0x00,0x00,0x00,0x00,0x00,
0x00,0x00,0x06,0xad,0xfe,0xb5,0x00,0x0f,0xc9,0x89,0xef,0x70,0x02,0x00,0x00,0x1c,0xe1,0x00,0x00,0x11,
0x17,0xf5,0x03,0xae,0xff,0xff,0xf6,0x3e,0xe8,0x54,0x48,0xf7,0xaf,0x40,0x00,0x07,0xf7,0xcf,0x10,0x00,
0x0b,0xf7,0xaf,0x50,0x00,0x5f,0xf7,0x3f,0xf9,0x8a,0xfa,0xf7,0x04,0xbe,0xeb,0x45,0xf7,0x00,0x00,0x11,
0x00,0x00,0x00,0x1b,0xff,0x60,0x00,0x00,0x8c,0x14,0xf2,0x00,0x00,0xc6,0x00,0xc6,0x00,0x00,0xc6,0x00,
0xc6,0x00,0x00,0x7d,0x47,0xe1,0x00,0x00,0x08,0xed,0x40,0x00,0x00,0x00,0x00,0x00,0x00,0x06,0xad,0xfe,
0xb5,0x00,0x0f,0xc9,0x89,0xef,0x70,0x02,0x00,0x00,0x1c,0xe1,0x00,0x00,0x11,0x17,0xf5,0x03,0xae,0xff,
0xff,0xf6,0x3e,0xe8,0x54,0x48,0xf7,0xaf,0x40,0x00,0x07,0xf7,0xcf,0x10,0x00,0x0b,0xf7,0xaf,0x50,0x00,
0x5f,0xf7,0x3f,0xf9,0x8a,0xfa,0xf7,0x04,0xbe,0xeb,0x45,0xf7,0x06,0xad,0xfe,0xb5,0x01,0x8d,0xfe,0xb5,
0x00,0x0f,0xc9,0x89,0xef,0x8d,0xfa,0x89,0xdf,0x80,0x02,0x00,0x00,0x1c,0xfe,0x30,0x00,0x0b,0xf2,0x00,
0x00,0x11,0x17,0xf8,0x11,0x11,0x16,0xf7,0x03,0xae,0xff,0xff,0xff,0xff,0xff,0xff,0xf8,0x3e,0xe8,0x54,
0x48,0xf8,0x44,0x44,0x44,0x42,0xaf,0x40,0x00,0x07,0xf8,0x00,0x00,0x00,0x00,0xcf,0x10,0x00,0x0b,0xfd,
0x00,0x00,0x00,0x00,0xaf,0x50,0x00,0x5f,0xdf,0x80,0x00,0x00,0x42,0x4f,0xf9,0x8a,0xf9,0x1c,0xfd,0x88,
0x9d,0xf3,0x04,0xbe,0xec,0x60,0x00,0x7c,0xee,0xda,0x60,0x00,0x3a,0xef,0xeb,0x50,0x6f,0xfa,0x89,0xcb,
0x3f,0xe2,0x00,0x00,0x29,0xf6,0x00,0x00,0x00,0xcf,0x20,0x00,0x00,0x0d,0xf1,0x00,0x00,0x00,0xcf,0x20,
0x00,0x00,0x09,0xf6,0x00,0x00,0x00,0x3f,0xe2,0x00,0x00,0x20,0x6f,0xfa,0x89,0xcb,0x00,0x3a,0xef,0xfb,
0x50,0x00,0x00,0x6c,0x00,0x00,0x02,0x04,0xf3,0x00,0x00,0xbf,0xfc,0x10,0x00,0x00,0x22,0x00,0x00,0x00,
0x8f,0x50,0x00,0x00,0x00,0x00,0x9e,0x30,0x00,0x00,0x00,0x00,0xad,0x10,0x00,0x00,0x00,0x01,0x74,0x00,
0x00,0x00,0x00,0x00,0x00,0x00,0x00,0x03,0xae,0xfe,0xa2,0x00,0x06,0xfe,0x98,0xaf,0xe3,0x02,0xfb,0x10,
0x00,0x3e,0xc0,0x9f,0x41,0x11,0x11,0xaf,0x2c,0xff,0xff,0xff,0xff,0xf3,0xdf,0x54,0x44,0x44,0x44,0x1c,
0xf3,0x00,0x00,0x00,0x00,0x9f,0x80,0x00,0x00,0x00,0x03,0xff,0x40,0x00,0x01,0x50,0x06,0xff,0xb8,0x8a,
0xec,0x00,0x03,0xad,0xfe,0xc9,0x40,0x00,0x00,0x00,0xae,0x40,0x00,0x00,0x00,0x7f,0x50,0x00,0x00,0x00,
0x4f,0x60,0x00,0x00,0x00,0x06,0x50,0x00,0x00,0x00,0x00,0x00,0x00,0x00,0x00,0x03,0xae,0xfe,0xa2,0x00,
0x06,0xfe,0x98,0xaf,0xe3,0x02,0xfb,0x10,0x00,0x3e,0xc0,0x9f,0x41,0x11,0x11,0xaf,0x2c,0xff,0xff,0xff,
0xff,0xf3,0xdf,0x54,0x44,0x44,0x44,0x1c,0xf3,0x00,0x00,0x00,0x00,0x9f,0x80,0x00,0x00,0x00,0x03,0xff,
0x40,0x00,0x01,0x50,0x06,0xff,0xb8,0x8a,0xec,0x00,0x03,0xad,0xfe,0xc9,0x40,0x00,0x00,0xbf,0x60,0x00,
0x00,0x00,0x6e,0x9e,0x20,0x00,0x00,0x2e,0x60,0xac,0x00,0x00,0x04,0x60,0x01,0x72,0x00,0x00,0x00,0x00,
0x00,0x00,0x00,0x03,0xae,0xfe,0xa2,0x00,0x06,0xfe,0x98,0xaf,0xe3,0x02,0xfb,0x10,0x00,0x3e,0xc0,0x9f,
0x41,0x11,0x11,0xaf,0x2c,0xff,0xff,0xff,0xff,0xf3,0xdf,0x54,0x44,0x44,0x44,0x1c,0xf3,0x00,0x00,0x00,
0x00,0x9f,0x80,0x00,0x00,0x00,0x03,0xff,0x40,0x00,0x01,0x50,0x06,0xff,0xb8,0x8a,0xec,0x00,0x03,0xad,
0xfe,0xc9,0x40,0x00,0x8f,0x70,0xbf,0x40,0x00,0x08,0xe6,0x0a,0xe4,0x00,0x00,0x00,0x00,0x00,0x00,0x00,
0x00,0x00,0x00,0x00,0x00,0x00,0x3a,0xef,0xea,0x20,0x00,0x6f,0xe9,0x8a,0xfe,0x30,0x2f,0xb1,0x00,0x03,
0xec,0x09,0xf4,0x11,0x11,0x1a,0xf2,0xcf,0xff,0xff,0xff,0xff,0x3d,0xf5,0x44,0x44,0x44,0x41,0xcf,0x30,
0x00,0x00,0x00,0x09,0xf8,0x00,0x00,0x00,0x00,0x3f,0xf4,0x00,0x00,0x15,0x00,0x6f,0xfb,0x88,0xae,0xc0,
0x00,0x3a,0xdf,0xec,0x94,0x00,0x38,0x40,0x00,0x0a,0xf3,0x00,0x00,0xbd,0x10,0x00,0x1c,0xb0,0x00,0x00,
0x00,0x00,0x2f,0xa0,0x00,0x2f,0xa0,0x00,0x2f,0xa0,0x00,0x2f,0xa0,0x00,0x2f,0xa0,0x00,0x2f,0xa0,0x00,
0x2f,0xa0,0x00,0x2f,0xa0,0x00,0x2f,0xa0,0x00,0x2f,0xa0,0x00,0x2f,0xa0,0x00,0x17,0x60,0x00,0xae,0x30,
0x06,0xf4,0x00,0x3f,0x50,0x00,0x00,0x00,0x00,0x2f,0xa0,0x00,0x2f,0xa0,0x00,0x2f,0xa0,0x00,0x2f,0xa0,
0x00,0x2f,0xa0,0x00,0x2f,0xa0,0x00,0x2f,0xa0,0x00,0x2f,0xa0,0x00,0x2f,0xa0,0x00,0x2f,0xa0,0x00,0x2f,
0xa0,0x00,0x00,0x17,0x50,0x00,0x09,0xef,0x30,0x05,0xf3,0x9d,0x01,0xe6,0x00,0xc8,0x00,0x00,0x00,0x00,
0x02,0xfa,0x00,0x00,0x2f,0xa0,0x00,0x02,0xfa,0x00,0x00,0x2f,0xa0,0x00,0x02,0xfa,0x00,0x00,0x2f,0xa0,
0x00,0x02,0xfa,0x00,0x00,0x2f,0xa0,0x00,0x02,0xfa,0x00,0x00,0x2f,0xa0,0x00,0x02,0xfa,0x00,0x2f,0xd0,
0x4f,0xa2,0xec,0x04,0xea,0x00,0x00,0x00,0x00,0x00,0x00,0x00,0x00,0x2f,0xa0,0x00,0x02,0xfa,0x00,0x00,
0x2f,0xa0,0x00,0x02,0xfa,0x00,0x00,0x2f,0xa0,0x00,0x02,0xfa,0x00,0x00,0x2f,0xa0,0x00,0x02,0xfa,0x00,
0x00,0x2f,0xa0,0x00,0x02,0xfa,0x00,0x00,0x2f,0xa0,0x00,0x00,0x7f,0xb0,0x15,0x80,0x00,0x00,0x9f,0xdd,
0x95,0x00,0x07,0xdc,0xaf,0xa0,0x00,0x00,0x42,0x00,0x8f,0x80,0x00,0x00,0x5c,0xee,0xff,0x50,0x00,0x7f,
0xe8,0x79,0xee,0x10,0x3f,0xd1,0x00,0x06,0xf8,0x09,0xf6,0x00,0x00,0x1f,0xd0,0xcf,0x20,0x00,0x00,0xdf,
0x1d,0xf0,0x00,0x00,0x0c,0xf2,0xcf,0x20,0x00,0x00,0xef,0x19,0xf6,0x00,0x00,0x2f,0xd0,0x3f,0xd1,0x00,
0x0b,0xf7,0x00,0x7f,0xe9,0x8d,0xfb,0x00,0x00,0x4b,0xef,0xc7,0x00,0x00,0x00,0x1a,0xb4,0x07,0x80,0x00,
0x7d,0x8f,0x8d,0x70,0x00,0x97,0x04,0xca,0x10,0x00,0x00,0x00,0x00,0x00,0x00,0x00,0x00,0x00,0x00,0x3f,
0x92,0xae,0xfc,0x40,0x3f,0xbe,0xc9,0xaf,0xf4,0x3f,0xf8,0x00,0x05,0xfa,0x3f,0xd0,0x00,0x00,0xee,0x3f,
0xa0,0x00,0x00,0xcf,0x3f,0x90,0x00,0x00,0xcf,0x3f,0x90,0x00,0x00,0xcf,0x3f,0x90,0x00,0x00,0xcf,0x3f,
0x90,0x00,0x00,0xcf,0x3f,0x90,0x00,0x00,0xcf,0x3f,0x90,0x00,0x00,0xcf,0x00,0xbe,0x20,0x00,0x00,0x00,
0x01,0xcd,0x10,0x00,0x00,0x00,0x01,0xda,0x00,0x00,0x00,0x00,0x02,0x82,0x00,0x00,0x00,0x00,0x00,0x00,
0x00,0x00,0x05,0xbe,0xfc,0x70,0x00,0x08,0xfe,0x98,0xdf,0xb0,0x04,0xfd,0x10,0x00,0xbf,0x70,0x9f,0x60,
0x00,0x02,0xfd,0x0c,0xf2,0x00,0x00,0x0d,0xf1,0xdf,0x00,0x00,0x00,0xcf,0x2c,0xf2,0x00,0x00,0x0d,0xf1,
0x9f,0x60,0x00,0x02,0xfd,0x04,0xfd,0x10,0x00,0xbf,0x70,0x08,0xfe,0x98,0xdf,0xb0,0x00,0x05,0xce,0xfc,
0x70,0x00,0x00,0x00,0x01,0xdd,0x10,0x00,0x00,0x00,0xae,0x20,0x00,0x00,0x00,0x7e,0x30,0x00,0x00,0x00,
0x17,0x30,0x00,0x00,0x00,0x00,0x00,0x00,0x00,0x00,0x05,0xbe,0xfc,0x70,0x00,0x08,0xfe,0x98,0xdf,0xb0,
0x04,0xfd,0x10,0x00,0xbf,0x70,0x9f,0x60,0x00,0x02,0xfd,0x0c,0xf2,0x00,0x00,0x0d,0xf1,0xdf,0x00,0x00,
0x00,0xcf,0x2c,0xf2,0x00,0x00,0x0d,0xf1,0x9f,0x60,0x00,0x02,0xfd,0x04,0xfd,0x10,0x00,0xbf,0x70,0x08,
0xfe,0x98,0xdf,0xb0,0x00,0x05,0xce,0xfc,0x70,0x00,0x00,0x01,0xdf,0x30,0x00,0x00,0x00,0x9d,0xad,0x00,
0x00,0x00,0x5e,0x31,0xd8,0x00,0x00,0x06,0x40,0x02,0x71,0x00,0x00,0x00,0x00,0x00,0x00,0x00,0x05,0xbe,
0xfc,0x70,0x00,0x08,0xfe,0x98,0xdf,0xb0,0x04,0xfd,0x10,0x00,0xbf,0x70,0x9f,0x60,0x00,0x02,0xfd,0x0c,
0xf2,0x00,0x00,0x0d,0xf1,0xdf,0x00,0x00,0x00,0xcf,0x2c,0xf2,0x00,0x00,0x0d,0xf1,0x9f,0x60,0x00,0x02,
0xfd,0x04,0xfd,0x10,0x00,0xbf,0x70,0x08,0xfe,0x98,0xdf,0xb0,0x00,0x05,0xce,0xfc,0x70,0x00,0x00,0x3c,
0xa1,0x0c,0x40,0x00,0x0d,0x9b,0xd7,0xf2,0x00,0x01,0xd2,0x08,0xc6,0x00,0x00,0x00,0x00,0x00,0x00,0x00,
0x00,0x00,0x00,0x00,0x00,0x00,0x05,0xbe,0xfc,0x70,0x00,0x08,0xfe,0x98,0xdf,0xb0,0x04,0xfd,0x10,0x00,
0xbf,0x70,0x9f,0x60,0x00,0x02,0xfd,0x0c,0xf2,0x00,0x00,0x0d,0xf1,0xdf,0x00,0x00,0x00,0xcf,0x2c,0xf2,
0x00,0x00,0x0d,0xf1,0x9f,0x60,0x00,0x02,0xfd,0x04,0xfd,0x10,0x00,0xbf,0x70,0x08,0xfe,0x98,0xdf,0xb0,
0x00,0x05,0xce,0xfc,0x70,0x00,0x00,0xcf,0x30,0xef,0x00,0x00,0x0b,0xe3,0x0d,0xe0,0x00,0x00,0x00,0x00,
0x00,0x00,0x00,0x00,0x00,0x00,0x00,0x00,0x00,0x5b,0xef,0xc7,0x00,0x00,0x8f,0xe9,0x8d,0xfb,0x00,0x4f,
0xd1,0x00,0x0b,0xf7,0x09,0xf6,0x00,0x00,0x2f,0xd0,0xcf,0x20,0x00,0x00,0xdf,0x1d,0xf0,0x00,0x00,0x0c,
0xf2,0xcf,0x20,0x00,0x00,0xdf,0x19,0xf6,0x00,0x00,0x2f,0xd0,0x4f,0xd1,0x00,0x0b,0xf7,0x00,0x8f,0xe9,
0x8d,0xfb,0x00,0x00,0x5c,0xef,0xc7,0x00,0x00,0x00,0x00,0x0c,0xf9,0x00,0x00,0x00,0x00,0x00,0xcf,0x90,
0x00,0x00,0x00,0x00,0x04,0x53,0x00,0x00,0x00,0x00,0x00,0x00,0x00,0x00,0x00,0xdf,0xff,0xff,0xff,0xff,
0xff,0xa8,0x99,0x99,0x99,0x99,0x99,0x96,0x00,0x00,0x00,0x00,0x00,0x00,0x00,0x00,0x00,0xcf,0x90,0x00,
0x00,0x00,0x00,0x0c,0xf9,0x00,0x00,0x00,0x00,0x00,0x45,0x30,0x00,0x00,0x00,0x00,0x00,0x00,0x00,0x51,
0x00,0x05,0xbe,0xec,0x76,0xf3,0x00,0x8f,0xe9,0x8d,0xff,0x60,0x04,0xfd,0x10,0x03,0xff,0x60,0x09,0xf6,
0x00,0x1d,0x8f,0xd0,0x0c,0xf2,0x01,0xc9,0x0c,0xf1,0x0d,0xf0,0x0a,0xb0,0x0c,0xf2,0x0c,0xf1,0x8d,0x10,
0x0e,0xf1,0x09,0xfa,0xe3,0x00,0x3f,0xd0,0x04,0xff,0x50,0x00,0xbf,0x70,0x03,0xff,0xe9,0x8d,0xfb,0x00,
0x1d,0x94,0xbe,0xfc,0x70,0x00,0x06,0x00,0x00,0x00,0x00,0x00,0x00,0xaf,0x30,0x00,0x00,0x00,0x0b,0xd1,
0x00,0x00,0x00,0x01,0xcb,0x00,0x00,0x00,0x00,0x17,0x30,0x00,0x00,0x00,0x00,0x00,0x00,0x4f,0x80,0x00,
0x00,0xed,0x4f,0x80,0x00,0x00,0xed,0x4f,0x80,0x00,0x00,0xed,0x4f,0x80,0x00,0x00,0xed,0x4f,0x80,0x00,
0x00,0xed,0x4f,0x80,0x00,0x00,0xed,0x4f,0x80,0x00,0x00,0xfd,0x3f,0x90,0x00,0x03,0xfd,0x1f,0xe1,0x00,
0x1c,0xfd,0x08,0xfe,0x99,0xeb,0xed,0x00,0x8d,0xfd,0x80,0xed,0x00,0x00,0x00,0xce,0x20,0x00,0x00,0x09,
0xe3,0x00,0x00,0x00,0x6f,0x40,0x00,0x00,0x00,0x74,0x00,0x00,0x00,0x00,0x00,0x00,0x00,0x4f,0x80,0x00,
0x00,0xed,0x4f,0x80,0x00,0x00,0xed,0x4f,0x80,0x00,0x00,0xed,0x4f,0x80,0x00,0x00,0xed,0x4f,0x80,0x00,
0x00,0xed,0x4f,0x80,0x00,0x00,0xed,0x4f,0x80,0x00,0x00,0xfd,0x3f,0x90,0x00,0x03,0xfd,0x1f,0xe1,0x00,
0x1c,0xfd,0x08,0xfe,0x99,0xeb,0xed,0x00,0x8d,0xfd,0x80,0xed,0x00,0x00,0xcf,0x40,0x00,0x00,0x08,0xda,
0xd1,0x00,0x00,0x3f,0x30,0xc9,0x00,0x00,0x65,0x00,0x27,0x10,0x00,0x00,0x00,0x00,0x00,0x4f,0x80,0x00,
0x00,0xed,0x4f,0x80,0x00,0x00,0xed,0x4f,0x80,0x00,0x00,0xed,0x4f,0x80,0x00,0x00,0xed,0x4f,0x80,0x00,
0x00,0xed,0x4f,0x80,0x00,0x00,0xed,0x4f,0x80,0x00,0x00,0xfd,0x3f,0x90,0x00,0x03,0xfd,0x1f,0xe1,0x00,
0x1c,0xfd,0x08,0xfe,0x99,0xeb,0xed,0x00,0x8d,0xfd,0x80,0xed,0x00,0xbf,0x40,0xdf,0x20,0x00,0xae,0x40,
0xce,0x20,0x00,0x00,0x00,0x00,0x00,0x00,0x00,0x00,0x00,0x00,0x4f,0x80,0x00,0x00,0xed,0x4f,0x80,0x00,
0x00,0xed,0x4f,0x80,0x00,0x00,0xed,0x4f,0x80,0x00,0x00,0xed,0x4f,0x80,0x00,0x00,0xed,0x4f,0x80,0x00,
0x00,0xed,0x4f,0x80,0x00,0x00,0xfd,0x3f,0x90,0x00,0x03,0xfd,0x1f,0xe1,0x00,0x1c,0xfd,0x08,0xfe,0x99,
0xeb,0xed,0x00,0x8d,0xfd,0x80,0xed,0x00,0x00,0x00,0x2e,0xc0,0x00,0x00,0x00,0x00,0xbe,0x20,0x00,0x00,
0x00,0x06,0xf4,0x00,0x00,0x00,0x00,0x2e,0x60,0x00,0x00,0x00,0x00,0x00,0x00,0x00,0x00,0x3f,0xa0,0x00,
0x00,0x0d,0xe1,0x0c,0xf2,0x00,0x00,0x4f,0x90,0x06,0xf8,0x00,0x00,0xaf,0x30,0x01,0xed,0x00,0x01,0xfc,
0x00,0x00,0x8f,0x50,0x07,0xf6,0x00,0x00,0x2f,0xb0,0x0d,0xe1,0x00,0x00,0x0b,0xf2,0x4f,0x90,0x00,0x00,
0x05,0xf8,0xaf,0x30,0x00,0x00,0x00,0xde,0xfc,0x00,0x00,0x00,0x00,0x7f,0xf6,0x00,0x00,0x00,0x00,0x2f,
0xe1,0x00,0x00,0x00,0x00,0x4f,0x90,0x00,0x00,0x00,0x00,0xbf,0x30,0x00,0x00,0x03,0x7a,0xfa,0x00,0x00,
0x00,0x06,0xfe,0xa1,0x00,0x00,0x00,0x3f,0x90,0x00,0x00,0x00,0x03,0xf9,0x00,0x00,0x00,0x00,0x3f,0x90,
0x00,0x00,0x00,0x03,0xf9,0x00,0x00,0x00,0x00,0x3f,0x92,0xae,0xeb,0x40,0x03,0xfb,0xeb,0x89,0xef,0x50,
0x3f,0xf8,0x00,0x03,0xfe,0x13,0xfe,0x10,0x00,0x09,0xf5,0x3f,0xb0,0x00,0x00,0x6f,0x83,0xfa,0x00,0x00,
0x04,0xf9,0x3f,0xb0,0x00,0x00,0x6f,0x83,0xfe,0x10,0x00,0x09,0xf5,0x3f,0xf8,0x00,0x03,0xfe,0x13,0xfb,
0xeb,0x89,0xef,0x50,0x3f,0x92,0xae,0xeb,0x40,0x03,0xf9,0x00,0x00,0x00,0x00,0x3f,0x90,0x00,0x00,0x00,
0x03,0xf9,0x00,0x00,0x00,0x00,0x3f,0x90,0x00,0x00,0x00,0x00,0x00,0x0f,0xf0,0x2f,0xc0,0x00,0x00,0x0e,
0xe0,0x2e,0xb0,0x00,0x00,0x00,0x00,0x00,0x00,0x00,0x00,0x00,0x00,0x00,0x00,0x00,0x3f,0xa0,0x00,0x00,
0x0d,0xe1,0x0c,0xf2,0x00,0x00,0x4f,0x90,0x06,0xf8,0x00,0x00,0xaf,0x30,0x01,0xed,0x00,0x01,0xfc,0x00,
0x00,0x8f,0x50,0x07,0xf6,0x00,0x00,0x2f,0xb0,0x0d,0xe1,0x00,0x00,0x0b,0xf2,0x4f,0x90,0x00,0x00,0x05,
0xf8,0xaf,0x30,0x00,0x00,0x00,0xde,0xfc,0x00,0x00,0x00,0x00,0x7f,0xf6,0x00,0x00,0x00,0x00,0x2f,0xe1,
0x00,0x00,0x00,0x00,0x4f,0x90,0x00,0x00,0x00,0x00,0xbf,0x30,0x00,0x00,0x03,0x7a,0xfa,0x00,0x00,0x00,
0x06,0xfe,0xa1,0x00,0x00,0x00,0x00,0x00,0x22,0x22,0x21,0x00,0x00,0x00,0x01,0xff,0xff,0xfb,0x00,0x00,
0x00,0x00,0x44,0x44,0x43,0x00,0x00,0x00,0x00,0x00,0x00,0x00,0x00,0x00,0x00,0x00,0x00,0x00,0x00,0x00,
0x00,0x00,0x00,0x07,0xff,0x20,0x00,0x00,0x00,0x00,0x0d,0xff,0x80,0x00,0x00,0x00,0x00,0x4f,0x9e,0xe0,
0x00,0x00,0x00,0x00,0xaf,0x38,0xf5,0x00,0x00,0x00,0x01,0xfd,0x03,0xfb,0x00,0x00,0x00,0x07,0xf7,0x00,
0xcf,0x20,0x00,0x00,0x0d,0xf2,0x00,0x6f,0x80,0x00,0x00,0x4f,0xb0,0x00,0x1f,0xe0,0x00,0x00,0xaf,0x50,
0x00,0x0a,0xf5,0x00,0x01,0xff,0xff,0xff,0xff,0xfb,0x00,0x07,0xfc,0x99,0x99,0x99,0xef,0x20,0x0d,0xf3,
0x00,0x00,0x00,0x8f,0x80,0x4f,0xc0,0x00,0x00,0x00,0x2f,0xe0,0xaf,0x60,0x00,0x00,0x00,0x0b,0xf5,0x03,
0xff,0xff,0xfa,0x00,0x01,0x66,0x66,0x64,0x00,0x00,0x00,0x00,0x00,0x00,0x00,0x00,0x00,0x00,0x00,0x06,
0xad,0xfe,0xb5,0x00,0x0f,0xc9,0x89,0xef,0x70,0x02,0x00,0x00,0x1c,0xe1,0x00,0x00,0x11,0x17,0xf5,0x03,
0xae,0xff,0xff,0xf6,0x3e,0xe8,0x54,0x48,0xf7,0xaf,0x40,0x00,0x07,0xf7,0xcf,0x10,0x00,0x0b,0xf7,0xaf,
0x50,0x00,0x5f,0xf7,0x3f,0xf9,0x8a,0xfa,0xf7,0x04,0xbe,0xeb,0x45,0xf7,0x00,0x00,0x71,0x00,0x17,0x00,
0x00,0x00,0x00,0xca,0x22,0xac,0x00,0x00,0x00,0x00,0x3e,0xff,0xe3,0x00,0x00,0x00,0x00,0x00,0x33,0x00,
0x00,0x00,0x00,0x00,0x00,0x00,0x00,0x00,0x00,0x00,0x00,0x07,0xff,0x20,0x00,0x00,0x00,0x00,0x0d,0xff,
0x80,0x00,0x00,0x00,0x00,0x4f,0x9e,0xe0,0x00,0x00,0x00,0x00,0xaf,0x38,0xf5,0x00,0x00,0x00,0x01,0xfd,
0x03,0xfb,0x00,0x00,0x00,0x07,0xf7,0x00,0xcf,0x20,0x00,0x00,0x0d,0xf2,0x00,0x6f,0x80,0x00,0x00,0x4f,
0xb0,0x00,0x1f,0xe0,0x00,0x00,0xaf,0x50,0x00,0x0a,0xf5,0x00,0x01,0xff,0xff,0xff,0xff,0xfb,0x00,0x07,
0xfc,0x99,0x99,0x99,0xef,0x20,0x0d,0xf3,0x00,0x00,0x00,0x8f,0x80,0x4f,0xc0,0x00,0x00,0x00,0x2f,0xe0,
0xaf,0x60,0x00,0x00,0x00,0x0b,0xf5,0x02,0xf5,0x12,0xaa,0x00,0x00,0x8f,0xff,0xd3,0x00,0x00,0x01,0x33,
0x00,0x00,0x00,0x00,0x00,0x00,0x00,0x06,0xad,0xfe,0xb5,0x00,0x0f,0xc9,0x89,0xef,0x70,0x02,0x00,0x00,
0x1c,0xe1,0x00,0x00,0x11,0x17,0xf5,0x03,0xae,0xff,0xff,0xf6,0x3e,0xe8,0x54,0x48,0xf7,0xaf,0x40,0x00,
0x07,0xf7,0xcf,0x10,0x00,0x0b,0xf7,0xaf,0x50,0x00,0x5f,0xf7,0x3f,0xf9,0x8a,0xfa,0xf7,0x04,0xbe,0xeb,
0x45,0xf7,0x00,0x00,0x07,0xff,0x20,0x00,0x00,0x00,0x00,0x00,0xdf,0xf8,0x00,0x00,0x00,0x00,0x00,0x4f,
0x9e,0xe0,0x00,0x00,0x00,0x00,0x0a,0xf3,0x8f,0x50,0x00,0x00,0x00,0x01,0xfd,0x03,0xfb,0x00,0x00,0x00,
0x00,0x7f,0x70,0x0c,0xf2,0x00,0x00,0x00,0x0d,0xf2,0x00,0x6f,0x80,0x00,0x00,0x04,0xfb,0x00,0x01,0xfe,
0x00,0x00,0x00,0xaf,0x50,0x00,0x0a,0xf5,0x00,0x00,0x1f,0xff,0xff,0xff,0xff,0xb0,0x00,0x07,0xfc,0x99,
0x99,0x99,0xef,0x20,0x00,0xdf,0x30,0x00,0x00,0x08,0xf8,0x00,0x4f,0xc0,0x00,0x00,0x00,0x2f,0xe0,0x0a,
0xf6,0x00,0x00,0x00,0x00,0xbf,0x50,0x00,0x00,0x00,0x00,0x00,0x0c,0x60,0x00,0x00,0x00,0x00,0x00,0x05,
0xe0,0x00,0x00,0x00,0x00,0x00,0x00,0x7e,0x11,0x00,0x00,0x00,0x00,0x00,0x02,0xef,0xf2,0x00,0x00,0x00,
0x00,0x00,0x00,0x21,0x00,0x06,0xad,0xfe,0xb5,0x00,0x00,0xfc,0x98,0x9e,0xf7,0x00,0x02,0x00,0x00,0x1c,
0xe1,0x00,0x00,0x01,0x11,0x7f,0x50,0x03,0xae,0xff,0xff,0xf6,0x03,0xee,0x85,0x44,0x8f,0x70,0xaf,0x40,
0x00,0x07,0xf7,0x0c,0xf1,0x00,0x00,0xbf,0x70,0xaf,0x50,0x00,0x5f,0xf7,0x03,0xff,0x98,0xaf,0xaf,0x70,
0x04,0xbe,0xeb,0x45,0xf7,0x00,0x00,0x00,0x00,0xc6,0x00,0x00,0x00,0x00,0x5f,0x21,0x10,0x00,0x00,0x02,
0xef,0xf4,0x00,0x00,0x00,0x00,0x22,0x00,0x00,0x00,0x00,0x05,0x71,0x00,0x00,0x00,0x00,0x4f,0x60,0x00,
0x00,0x00,0x02,0xe8,0x00,0x00,0x00,0x00,0x00,0x00,0x00,0x00,0x00,0x00,0x00,0x00,0x00,0x00,0x00,0x02,
0x9c,0xef,0xda,0x50,0x00,0x7f,0xfd,0xa9,0xbe,0xfb,0x07,0xfe,0x40,0x00,0x00,0x6c,0x2f,0xf3,0x00,0x00,
0x00,0x01,0x8f,0x90,0x00,0x00,0x00,0x00,0xbf,0x50,0x00,0x00,0x00,0x00,0xdf,0x40,0x00,0x00,0x00,0x00,
0xdf,0x30,0x00,0x00,0x00,0x00,0xbf,0x50,0x00,0x00,0x00,0x00,0x8f,0x90,0x00,0x00,0x00,0x00,0x2f,0xf3,
0x00,0x00,0x00,0x01,0x07,0xfe,0x40,0x00,0x00,0x5c,0x00,0x7f,0xfd,0xa9,0xbe,0xfb,0x00,0x02,0x9c,0xef,
0xda,0x50,0x00,0x00,0x00,0xae,0x30,0x00,0x00,0x7f,0x40,0x00,0x00,0x4f,0x60,0x00,0x00,0x06,0x50,0x00,
0x00,0x00,0x00,0x00,0x00,0x03,0xae,0xfe,0xb5,0x06,0xff,0xa8,0x9c,0xb3,0xfe,0x20,0x00,0x02,0x9f,0x60,
0x00,0x00,0x0c,0xf2,0x00,0x00,0x00,0xdf,0x10,0x00,0x00,0x0c,0xf2,0x00,0x00,0x00,0x9f,0x60,0x00,0x00,
0x03,0xfe,0x20,0x00,0x02,0x06,0xff,0xa8,0x9c,0xb0,0x03,0xae,0xfe,0xb5,0x00,0x00,0x00,0x78,0x30,0x00,
0x00,0x00,0x07,0xea,0xd1,0x00,0x00,0x00,0x5e,0x30,0x9c,0x00,0x00,0x00,0x00,0x00,0x00,0x00,0x00,0x00,
0x00,0x00,0x00,0x00,0x00,0x02,0x9c,0xef,0xda,0x50,0x00,0x7f,0xfd,0xa9,0xbe,0xfb,0x07,0xfe,0x40,0x00,
0x00,0x6c,0x2f,0xf3,0x00,0x00,0x00,0x01,0x8f,0x90,0x00,0x00,0x00,0x00,0xbf,0x50,0x00,0x00,0x00,0x00,
0xdf,0x40,0x00,0x00,0x00,0x00,0xdf,0x30,0x00,0x00,0x00,0x00,0xbf,0x50,0x00,0x00,0x00,0x00,0x8f,0x90,
0x00,0x00,0x00,0x00,0x2f,0xf3,0x00,0x00,0x00,0x01,0x07,0xfe,0x40,0x00,0x00,0x5c,0x00,0x7f,0xfd,0xa9,
0xbe,0xfb,0x00,0x02,0x9c,0xef,0xda,0x50,0x00,0x00,0x7f,0xa0,0x00,0x00,0x3f,0x8f,0x50,0x00,0x0c,0x90,
0x6e,0x20,0x03,0x70,0x00,0x64,0x00,0x00,0x00,0x00,0x00,0x03,0xae,0xfe,0xb5,0x06,0xff,0xa8,0x9c,0xb3,
0xfe,0x20,0x00,0x02,0x9f,0x60,0x00,0x00,0x0c,0xf2,0x00,0x00,0x00,0xdf,0x10,0x00,0x00,0x0c,0xf2,0x00,
0x00,0x00,0x9f,0x60,0x00,0x00,0x03,0xfe,0x20,0x00,0x02,0x06,0xff,0xa8,0x9c,0xb0,0x03,0xae,0xfe,0xb5,
0x00,0x00,0x00,0xbf,0x40,0x00,0x00,0x00,0x00,0xbf,0x30,0x00,0x00,0x00,0x00,0x00,0x00,0x00,0x00,0x00,
0x00,0x00,0x00,0x00,0x00,0x02,0x9c,0xef,0xda,0x50,0x00,0x7f,0xfd,0xa9,0xbe,0xfb,0x07,0xfe,0x40,0x00,
0x00,0x6c,0x2f,0xf3,0x00,0x00,0x00,0x01,0x8f,0x90,0x00,0x00,0x00,0x00,0xbf,0x50,0x00,0x00,0x00,0x00,
0xdf,0x40,0x00,0x00,0x00,0x00,0xdf,0x30,0x00,0x00,0x00,0x00,0xbf,0x50,0x00,0x00,0x00,0x00,0x8f,0x90,
0x00,0x00,0x00,0x00,0x2f,0xf3,0x00,0x00,0x00,0x01,0x07,0xfe,0x40,0x00,0x00,0x5c,0x00,0x7f,0xfd,0xa9,
0xbe,0xfb,0x00,0x02,0x9c,0xef,0xda,0x50,0x00,0x00,0x5f,0x70,0x00,0x00,0x05,0xf7,0x00,0x00,0x00,0x14,
0x20,0x00,0x00,0x00,0x00,0x00,0x00,0x3a,0xef,0xeb,0x50,0x6f,0xfa,0x89,0xcb,0x3f,0xe2,0x00,0x00,0x29,
0xf6,0x00,0x00,0x00,0xcf,0x20,0x00,0x00,0x0d,0xf1,0x00,0x00,0x00,0xcf,0x20,0x00,0x00,0x09,0xf6,0x00,
0x00,0x00,0x3f,0xe2,0x00,0x00,0x20,0x6f,0xfa,0x89,0xcb,0x00,0x3a,0xef,0xeb,0x50,0x00,0x00,0x64,0x00,
0x55,0x00,0x00,0x00,0x4e,0x56,0xe2,0x00,0x00,0x00,0x06,0xff,0x40,0x00,0x00,0x00,0x00,0x00,0x00,0x00,
0x00,0x00,0x00,0x00,0x00,0x00,0x00,0x02,0x9c,0xef,0xda,0x50,0x00,0x7f,0xfd,0xa9,0xbe,0xfb,0x07,0xfe,
0x40,0x00,0x00,0x6c,0x2f,0xf3,0x00,0x00,0x00,0x01,0x8f,0x90,0x00,0x00,0x00,0x00,0xbf,0x50,0x00,0x00,
0x00,0x00,0xdf,0x40,0x00,0x00,0x00,0x00,0xdf,0x30,0x00,0x00,0x00,0x00,0xbf,0x50,0x00,0x00,0x00,0x00,
0x8f,0x90,0x00,0x00,0x00,0x00,0x2f,0xf3,0x00,0x00,0x00,0x01,0x07,0xfe,0x40,0x00,0x00,0x5c,0x00,0x7f,
0xfd,0xa9,0xbe,0xfb,0x00,0x02,0x9c,0xef,0xda,0x50,0x00,0x7d,0x10,0x4e,0x20,0x00,0xbb,0x2e,0x60,0x00,
0x02,0xee,0xb0,0x00,0x00,0x04,0x82,0x00,0x00,0x00,0x00,0x00,0x00,0x03,0xae,0xfe,0xb5,0x06,0xff,0xa8,
0x9c,0xb3,0xfe,0x20,0x00,0x02,0x9f,0x60,0x00,0x00,0x0c,0xf2,0x00,0x00,0x00,0xdf,0x10,0x00,0x00,0x0c,
0xf2,0x00,0x00,0x00,0x9f,0x60,0x00,0x00,0x03,0xfe,0x20,0x00,0x02,0x06,0xff,0xa8,0x9c,0xb0,0x03,0xae,
0xfe,0xb5,0x00,0x04,0xe3,0x08,0xc1,0x00,0x00,0x00,0x00,0x7e,0x9e,0x20,0x00,0x00,0x00,0x00,0x06,0x83,
0x00,0x00,0x00,0x00,0x00,0x00,0x00,0x00,0x00,0x00,0x0f,0xff,0xff,0xec,0x94,0x00,0x00,0x0f,0xf9,0x99,
0xad,0xff,0xc2,0x00,0x0f,0xe0,0x00,0x00,0x2b,0xfd,0x10,0x0f,0xe0,0x00,0x00,0x00,0xcf,0x80,0x0f,0xe0,
0x00,0x00,0x00,0x4f,0xd0,0x0f,0xe0,0x00,0x00,0x00,0x0f,0xf1,0x0f,0xe0,0x00,0x00,0x00,0x0d,0xf3,0x0f,
0xe0,0x00,0x00,0x00,0x0d,0xf3,0x0f,0xe0,0x00,0x00,0x00,0x0f,0xf1,0x0f,0xe0,0x00,0x00,0x00,0x4f,0xd0,
0x0f,0xe0,0x00,0x00,0x00,0xcf,0x80,0x0f,0xe0,0x00,0x00,0x2b,0xfd,0x10,0x0f,0xf9,0x99,0xac,0xff,0xc2,
0x00,0x0f,0xff,0xff,0xec,0x94,0x00,0x00,0x00,0x00,0x00,0x00,0xed,0x06,0xf7,0x00,0x00,0x00,0x00,0xed,
0x09,0xf2,0x00,0x00,0x00,0x00,0xed,0x0c,0xd0,0x00,0x00,0x00,0x00,0xed,0x09,0x60,0x00,0x7d,0xfd,0x81,
0xed,0x00,0x00,0x09,0xfd,0x88,0xdb,0xed,0x00,0x00,0x4f,0xc1,0x00,0x1c,0xfd,0x00,0x00,0x9f,0x50,0x00,
0x04,0xfd,0x00,0x00,0xcf,0x10,0x00,0x01,0xfd,0x00,0x00,0xdf,0x00,0x00,0x00,0xed,0x00,0x00,0xcf,0x10,
0x00,0x01,0xfd,0x00,0x00,0x9f,0x50,0x00,0x04,0xfd,0x00,0x00,0x4f,0xc1,0x00,0x1c,0xfd,0x00,0x00,0x09,
0xfd,0x88,0xdb,0xed,0x00,0x00,0x00,0x7d,0xfd,0x81,0xed,0x00,0x00,0x00,0xef,0xff,0xfe,0xc9,0x50,0x00,
0x00,0x0e,0xf9,0x99,0xac,0xff,0xc3,0x00,0x00,0xef,0x10,0x00,0x02,0xaf,0xe2,0x00,0x0e,0xf1,0x00,0x00,
0x00,0xaf,0x90,0x00,0xef,0x10,0x00,0x00,0x03,0xfe,0x01,0x1e,0xf2,0x11,0x00,0x00,0x0e,0xf3,0xef,0xff,
0xff,0xf5,0x00,0x00,0xcf,0x44,0x4e,0xf5,0x44,0x10,0x00,0x0c,0xf4,0x00,0xef,0x10,0x00,0x00,0x00,0xef,
0x30,0x0e,0xf1,0x00,0x00,0x00,0x3f,0xe0,0x00,0xef,0x10,0x00,0x00,0x0a,0xf9,0x00,0x0e,0xf1,0x00,0x00,
0x2a,0xfe,0x20,0x00,0xef,0x99,0x9a,0xcf,0xfc,0x30,0x00,0x0e,0xff,0xff,0xec,0x95,0x00,0x00,0x00,0x00,
0x00,0x00,0xed,0x00,0x00,0x00,0x1f,0xff,0xff,0xf6,0x00,0x00,0x03,0x33,0xee,0x31,0x00,0x00,0x00,0x00,
0xed,0x00,0x00,0x7d,0xfd,0x81,0xed,0x00,0x09,0xfd,0x88,0xdb,0xed,0x00,0x4f,0xc1,0x00,0x1c,0xfd,0x00,
0x9f,0x50,0x00,0x04,0xfd,0x00,0xcf,0x10,0x00,0x01,0xfd,0x00,0xdf,0x00,0x00,0x00,0xed,0x00,0xcf,0x10,
0x00,0x01,0xfd,0x00,0x9f,0x50,0x00,0x04,0xfd,0x00,0x4f,0xc1,0x00,0x1c,0xfd,0x00,0x09,0xfd,0x88,0xdb,
0xed,0x00,0x00,0x7d,0xfd,0x81,0xed,0x00,0x00,0x12,0x22,0x22,0x10,0x00,0x05,0xff,0xff,0xf8,0x00,0x00,
0x24,0x44,0x44,0x20,0x00,0x00,0x00,0x00,0x00,0x00,0x00,0x00,0x00,0x00,0x00,0x00,0xff,0xff,0xff,0xff,
0xf3,0x0f,0xf9,0x99,0x99,0x99,0x20,0xfe,0x00,0x00,0x00,0x00,0x0f,0xe0,0x00,0x00,0x00,0x00,0xfe,0x00,
0x00,0x00,0x00,0x0f,0xfa,0xaa,0xaa,0xa8,0x00,0xff,0xff,0xff,0xff,0xd0,0x0f,0xe0,0x00,0x00,0x00,0x00,
0xfe,0x00,0x00,0x00,0x00,0x0f,0xe0,0x00,0x00,0x00,0x00,0xfe,0x00,0x00,0x00,0x00,0x0f,0xe0,0x00,0x00,
0x00,0x00,0xff,0x99,0x99,0x99,0x93,0x0f,0xff,0xff,0xff,0xff,0x50,0x00,0x7f,0xff,0xff,0x60,0x00,0x03,
0x66,0x66,0x62,0x00,0x00,0x00,0x00,0x00,0x00,0x00,0x00,0x00,0x00,0x00,0x00,0x00,0x3a,0xef,0xea,0x20,
0x00,0x6f,0xe9,0x8a,0xfe,0x30,0x2f,0xb1,0x00,0x03,0xec,0x09,0xf4,0x11,0x11,0x1a,0xf2,0xcf,0xff,0xff,
0xff,0xff,0x3d,0xf5,0x44,0x44,0x44,0x41,0xcf,0x30,0x00,0x00,0x00,0x09,0xf8,0x00,0x00,0x00,0x00,0x3f,
0xf4,0x00,0x00,0x15,0x00,0x6f,0xfb,0x88,0xae,0xc0,0x00,0x3a,0xdf,0xec,0x94,0x00,0x00,0x5e,0x31,0x3c,
0x70,0x00,0x00,0xaf,0xff,0xb1,0x00,0x00,0x00,0x13,0x20,0x00,0x00,0x00,0x00,0x00,0x00,0x00,0x0f,0xff,
0xff,0xff,0xff,0x30,0xff,0x99,0x99,0x99,0x92,0x0f,0xe0,0x00,0x00,0x00,0x00,0xfe,0x00,0x00,0x00,0x00,
0x0f,0xe0,0x00,0x00,0x00,0x00,0xff,0xaa,0xaa,0xaa,0x80,0x0f,0xff,0xff,0xff,0xfd,0x00,0xfe,0x00,0x00,
0x00,0x00,0x0f,0xe0,0x00,0x00,0x00,0x00,0xfe,0x00,0x00,0x00,0x00,0x0f,0xe0,0x00,0x00,0x00,0x00,0xfe,
0x00,0x00,0x00,0x00,0x0f,0xf9,0x99,0x99,0x99,0x30,0xff,0xff,0xff,0xff,0xf5,0x00,0x45,0x00,0x05,0x30,
0x00,0x05,0xe3,0x04,0xe4,0x00,0x00,0x0b,0xff,0xfa,0x00,0x00,0x00,0x03,0x42,0x00,0x00,0x00,0x00,0x00,
0x00,0x00,0x00,0x03,0xae,0xfe,0xa2,0x00,0x06,0xfe,0x98,0xaf,0xe3,0x02,0xfb,0x10,0x00,0x3e,0xc0,0x9f,
0x41,0x11,0x11,0xaf,0x2c,0xff,0xff,0xff,0xff,0xf3,0xdf,0x54,0x44,0x44,0x44,0x1c,0xf3,0x00,0x00,0x00,
0x00,0x9f,0x80,0x00,0x00,0x00,0x03,0xff,0x40,0x00,0x01,0x50,0x06,0xff,0xb8,0x8a,0xec,0x00,0x03,0xad,
0xfe,0xc9,0x40,0x00,0x00,0x7f,0x80,0x00,0x00,0x00,0x07,0xf8,0x00,0x00,0x00,0x00,0x00,0x00,0x00,0x00,
0x00,0x00,0x00,0x00,0x00,0x0f,0xff,0xff,0xff,0xff,0x30,0xff,0x99,0x99,0x99,0x92,0x0f,0xe0,0x00,0x00,
0x00,0x00,0xfe,0x00,0x00,0x00,0x00,0x0f,0xe0,0x00,0x00,0x00,0x00,0xff,0xaa,0xaa,0xaa,0x80,0x0f,0xff,
0xff,0xff,0xfd,0x00,0xfe,0x00,0x00,0x00,0x00,0x0f,0xe0,0x00,0x00,0x00,0x00,0xfe,0x00,0x00,0x00,0x00,
0x0f,0xe0,0x00,0x00,0x00,0x00,0xfe,0x00,0x00,0x00,0x00,0x0f,0xf9,0x99,0x99,0x99,0x30,0xff,0xff,0xff,
0xff,0xf5,0x00,0x00,0x7f,0x50,0x00,0x00,0x00,0x07,0xf5,0x00,0x00,0x00,0x00,0x24,0x10,0x00,0x00,0x00,
0x00,0x00,0x00,0x00,0x00,0x3a,0xef,0xea,0x20,0x00,0x6f,0xe9,0x8a,0xfe,0x30,0x2f,0xb1,0x00,0x03,0xec,
0x09,0xf4,0x11,0x11,0x1a,0xf2,0xcf,0xff,0xff,0xff,0xff,0x3d,0xf5,0x44,0x44,0x44,0x41,0xcf,0x30,0x00,
0x00,0x00,0x09,0xf8,0x00,0x00,0x00,0x00,0x3f,0xf4,0x00,0x00,0x15,0x00,0x6f,0xfb,0x88,0xae,0xc0,0x00,
0x3a,0xdf,0xec,0x94,0x00,0x0f,0xff,0xff,0xff,0xff,0x30,0xff,0x99,0x99,0x99,0x92,0x0f,0xe0,0x00,0x00,
0x00,0x00,0xfe,0x00,0x00,0x00,0x00,0x0f,0xe0,0x00,0x00,0x00,0x00,0xff,0xaa,0xaa,0xaa,0x80,0x0f,0xff,
0xff,0xff,0xfd,0x00,0xfe,0x00,0x00,0x00,0x00,0x0f,0xe0,0x00,0x00,0x00,0x00,0xfe,0x00,0x00,0x00,0x00,
0x0f,0xe0,0x00,0x00,0x00,0x00,0xfe,0x00,0x00,0x00,0x00,0x0f,0xf9,0x99,0x99,0x99,0x30,0xff,0xff,0xff,
0xff,0xf5,0x00,0x00,0x00,0x09,0xa0,0x00,0x00,0x00,0x01,0xf3,0x00,0x00,0x00,0x00,0x3f,0x41,0x10,0x00,
0x00,0x00,0xcf,0xf6,0x00,0x00,0x00,0x00,0x22,0x00,0x00,0x3a,0xef,0xea,0x20,0x00,0x6f,0xe9,0x8a,0xfe,
0x30,0x2f,0xb1,0x00,0x03,0xec,0x09,0xf4,0x11,0x11,0x1a,0xf2,0xcf,0xff,0xff,0xff,0xff,0x3d,0xf5,0x44,
0x44,0x44,0x41,0xcf,0x30,0x00,0x00,0x00,0x09,0xf8,0x00,0x00,0x00,0x00,0x3f,0xf4,0x00,0x00,0x15,0x00,
0x6f,0xfb,0x88,0xae,0xc0,0x00,0x3a,0xdf,0xff,0x94,0x00,0x00,0x00,0x0a,0x90,0x00,0x00,0x00,0x00,0xf6,
0x01,0x00,0x00,0x00,0x0b,0xff,0x80,0x00,0x00,0x00,0x01,0x20,0x00,0x00,0x1d,0x70,0x4e,0x30,0x00,0x00,
0x3e,0x9e,0x50,0x00,0x00,0x00,0x48,0x60,0x00,0x00,0x00,0x00,0x00,0x00,0x00,0x0f,0xff,0xff,0xff,0xff,
0x30,0xff,0x99,0x99,0x99,0x92,0x0f,0xe0,0x00,0x00,0x00,0x00,0xfe,0x00,0x00,0x00,0x00,0x0f,0xe0,0x00,
0x00,0x00,0x00,0xff,0xaa,0xaa,0xaa,0x80,0x0f,0xff,0xff,0xff,0xfd,0x00,0xfe,0x00,0x00,0x00,0x00,0x0f,
0xe0,0x00,0x00,0x00,0x00,0xfe,0x00,0x00,0x00,0x00,0x0f,0xe0,0x00,0x00,0x00,0x00,0xfe,0x00,0x00,0x00,
0x00,0x0f,0xf9,0x99,0x99,0x99,0x30,0xff,0xff,0xff,0xff,0xf5,0x00,0x5e,0x20,0x3e,0x30,0x00,0x00,0xac,
0x2d,0x80,0x00,0x00,0x01,0xde,0xc0,0x00,0x00,0x00,0x03,0x83,0x00,0x00,0x00,0x00,0x00,0x00,0x00,0x00,
0x03,0xae,0xfe,0xa2,0x00,0x06,0xfe,0x98,0xaf,0xe3,0x02,0xfb,0x10,0x00,0x3e,0xc0,0x9f,0x41,0x11,0x11,
0xaf,0x2c,0xff,0xff,0xff,0xff,0xf3,0xdf,0x54,0x44,0x44,0x44,0x1c,0xf3,0x00,0x00,0x00,0x00,0x9f,0x80,
0x00,0x00,0x00,0x03,0xff,0x40,0x00,0x01,0x50,0x06,0xff,0xb8,0x8a,0xec,0x00,0x03,0xad,0xfe,0xc9,0x40,
0x00,0x00,0x00,0x58,0x40,0x00,0x00,0x00,0x00,0x5f,0x9e,0x30,0x00,0x00,0x00,0x3e,0x40,0x7d,0x10,0x00,
0x00,0x00,0x00,0x00,0x00,0x00,0x00,0x00,0x00,0x00,0x00,0x00,0x00,0x00,0x28,0xce,0xfe,0xc8,0x20,0x00,
0x7f,0xfd,0xa9,0xad,0xff,0x60,0x7f,0xd4,0x00,0x00,0x02,0x97,0x2f,0xf3,0x00,0x00,0x00,0x00,0x08,0xf9,
0x00,0x00,0x00,0x00,0x00,0xbf,0x50,0x00,0x00,0x00,0x00,0x0d,0xf4,0x00,0x00,0x39,0x99,0x98,0xdf,0x30,
0x00,0x05,0xff,0xff,0xdb,0xf5,0x00,0x00,0x00,0x01,0xfd,0x8f,0x90,0x00,0x00,0x00,0x1f,0xd2,0xff,0x20,
0x00,0x00,0x01,0xfd,0x07,0xfd,0x40,0x00,0x00,0x3f,0xd0,0x08,0xff,0xda,0x9a,0xcf,0xf8,0x00,0x02,0x8c,
0xef,0xec,0x82,0x00,0x00,0x01,0xee,0x10,0x00,0x00,0x09,0xdd,0x90,0x00,0x00,0x3f,0x44,0xf3,0x00,0x00,
0xc9,0x00,0x8c,0x00,0x00,0x00,0x00,0x00,0x00,0x00,0x7d,0xfd,0x81,0xed,0x09,0xfd,0x88,0xdb,0xed,0x4f,
0xc1,0x00,0x1c,0xfd,0x9f,0x50,0x00,0x04,0xfd,0xcf,0x10,0x00,0x01,0xfd,0xdf,0x00,0x00,0x00,0xed,0xcf,
0x10,0x00,0x01,0xfd,0xaf,0x50,0x00,0x04,0xfd,0x4f,0xc1,0x00,0x0c,0xfd,0x09,0xfd,0x88,0xdb,0xed,0x00,
0x7d,0xfd,0x91,0xfc,0x00,0x00,0x00,0x03,0xfa,0x01,0x00,0x00,0x1b,0xf5,0x09,0xc9,0x79,0xdf,0xb0,0x04,
0xbe,0xfe,0xc7,0x00,0x00,0x02,0x70,0x00,0x36,0x00,0x00,0x00,0x1f,0x71,0x3c,0x80,0x00,0x00,0x00,0x6e,
0xff,0xc1,0x00,0x00,0x00,0x00,0x13,0x20,0x00,0x00,0x00,0x00,0x00,0x00,0x00,0x00,0x00,0x00,0x28,0xce,
0xfe,0xc8,0x20,0x00,0x7f,0xfd,0xa9,0xad,0xff,0x60,0x7f,0xd4,0x00,0x00,0x02,0x97,0x2f,0xf3,0x00,0x00,
0x00,0x00,0x08,0xf9,0x00,0x00,0x00,0x00,0x00,0xbf,0x50,0x00,0x00,0x00,0x00,0x0d,0xf4,0x00,0x00,0x39,
0x99,0x98,0xdf,0x30,0x00,0x05,0xff,0xff,0xdb,0xf5,0x00,0x00,0x00,0x01,0xfd,0x8f,0x90,0x00,0x00,0x00,
0x1f,0xd2,0xff,0x20,0x00,0x00,0x01,0xfd,0x07,0xfd,0x40,0x00,0x00,0x3f,0xd0,0x08,0xff,0xda,0x9a,0xcf,
0xf8,0x00,0x02,0x8c,0xef,0xec,0x82,0x00,0x00,0x54,0x00,0x06,0x30,0x00,0x7d,0x30,0x5f,0x30,0x00,0x1c,
0xff,0xf8,0x00,0x00,0x00,0x34,0x20,0x00,0x00,0x00,0x00,0x00,0x00,0x00,0x7d,0xfd,0x81,0xed,0x09,0xfd,
0x88,0xdb,0xed,0x4f,0xc1,0x00,0x1c,0xfd,0x9f,0x50,0x00,0x04,0xfd,0xcf,0x10,0x00,0x01,0xfd,0xdf,0x00,
0x00,0x00,0xed,0xcf,0x10,0x00,0x01,0xfd,0xaf,0x50,0x00,0x04,0xfd,0x4f,0xc1,0x00,0x0c,0xfd,0x09,0xfd,
0x88,0xdb,0xed,0x00,0x7d,0xfd,0x91,0xfc,0x00,0x00,0x00,0x03,0xfa,0x01,0x00,0x00,0x1b,0xf5,0x09,0xc9,
0x79,0xdf,0xb0,0x04,0xbe,0xfe,0xc7,0x00,0x00,0x00,0x00,0x9f,0x60,0x00,0x00,0x00,0x00,0x09,0xf6,0x00,
0x00,0x00,0x00,0x00,0x00,0x00,0x00,0x00,0x00,0x00,0x00,0x00,0x00,0x00,0x00,0x02,0x8c,0xef,0xec,0x82,
0x00,0x07,0xff,0xda,0x9a,0xdf,0xf6,0x07,0xfd,0x40,0x00,0x00,0x29,0x72,0xff,0x30,0x00,0x00,0x00,0x00,
0x8f,0x90,0x00,0x00,0x00,0x00,0x0b,0xf5,0x00,0x00,0x00,0x00,0x00,0xdf,0x40,0x00,0x03,0x99,0x99,0x8d,
0xf3,0x00,0x00,0x5f,0xff,0xfd,0xbf,0x50,0x00,0x00,0x00,0x1f,0xd8,0xf9,0x00,0x00,0x00,0x01,0xfd,0x2f,
0xf2,0x00,0x00,0x00,0x1f,0xd0,0x7f,0xd4,0x00,0x00,0x03,0xfd,0x00,0x8f,0xfd,0xa9,0xac,0xff,0x80,0x00,
0x28,0xce,0xfe,0xc8,0x20,0x00,0x00,0xde,0x00,0x00,0x00,0x00,0xde,0x00,0x00,0x00,0x00,0x33,0x00,0x00,
0x00,0x00,0x00,0x00,0x00,0x00,0x7d,0xfd,0x81,0xed,0x09,0xfd,0x88,0xdb,0xed,0x4f,0xc1,0x00,0x1c,0xfd,
0x9f,0x50,0x00,0x04,0xfd,0xcf,0x10,0x00,0x01,0xfd,0xdf,0x00,0x00,0x00,0xed,0xcf,0x10,0x00,0x01,0xfd,
0xaf,0x50,0x00,0x04,0xfd,0x4f,0xc1,0x00,0x0c,0xfd,0x09,0xfd,0x88,0xdb,0xed,0x00,0x7d,0xfd,0x91,0xfc,
0x00,0x00,0x00,0x03,0xfa,0x01,0x00,0x00,0x1b,0xf5,0x09,0xc9,0x79,0xdf,0xb0,0x04,0xbe,0xfe,0xc7,0x00,
0x00,0x02,0x8c,0xef,0xec,0x82,0x00,0x07,0xff,0xda,0x9a,0xdf,0xf6,0x07,0xfd,0x40,0x00,0x00,0x29,0x72,
0xff,0x30,0x00,0x00,0x00,0x00,0x8f,0x90,0x00,0x00,0x00,0x00,0x0b,0xf5,0x00,0x00,0x00,0x00,0x00,0xdf,
0x40,0x00,0x03,0x99,0x99,0x8d,0xf3,0x00,0x00,0x5f,0xff,0xfd,0xbf,0x50,0x00,0x00,0x00,0x1f,0xd8,0xf9,
0x00,0x00,0x00,0x01,0xfd,0x2f,0xf2,0x00,0x00,0x00,0x1f,0xd0,0x7f,0xd4,0x00,0x00,0x03,0xfd,0x00,0x8f,
0xfd,0xa9,0xac,0xff,0x80,0x00,0x28,0xce,0xfe,0xc8,0x20,0x00,0x00,0x00,0x00,0x00,0x00,0x00,0x00,0x00,
0x00,0x11,0x00,0x00,0x00,0x00,0x00,0x6f,0x80,0x00,0x00,0x00,0x00,0x0a,0xe1,0x00,0x00,0x00,0x00,0x00,
0xe7,0x00,0x00,0x00,0x00,0x00,0x00,0x10,0x00,0x00,0x00,0x0a,0xb0,0x00,0x00,0x00,0x3f,0x70,0x00,0x00,
0x00,0xbf,0x30,0x00,0x00,0x00,0x00,0x00,0x00,0x00,0x7d,0xfd,0x81,0xed,0x09,0xfd,0x88,0xdb,0xed,0x4f,
0xc1,0x00,0x1c,0xfd,0x9f,0x50,0x00,0x04,0xfd,0xcf,0x10,0x00,0x01,0xfd,0xdf,0x00,0x00,0x00,0xed,0xcf,
0x10,0x00,0x01,0xfd,0xaf,0x50,0x00,0x04,0xfd,0x4f,0xc1,0x00,0x0c,0xfd,0x09,0xfd,0x88,0xdb,0xed,0x00,
0x7d,0xfd,0x91,0xfc,0x00,0x00,0x00,0x03,0xfa,0x01,0x00,0x00,0x1b,0xf5,0x09,0xc9,0x79,0xdf,0xb0,0x04,
0xbe,0xfe,0xc7,0x00,0x00,0x00,0x0c,0xfc,0x10,0x00,0x00,0x00,0x09,0xc2,0xca,0x00,0x00,0x00,0x02,0x71,
0x01,0x72,0x00,0x00,0x00,0x00,0x00,0x00,0x00,0x00,0x0f,0xe0,0x00,0x00,0x00,0xdf,0x10,0xfe,0x00,0x00,
0x00,0x0d,0xf1,0x0f,0xe0,0x00,0x00,0x00,0xdf,0x10,0xfe,0x00,0x00,0x00,0x0d,0xf1,0x0f,0xe0,0x00,0x00,
0x00,0xdf,0x10,0xff,0xaa,0xaa,0xaa,0xae,0xf1,0x0f,0xff,0xff,0xff,0xff,0xff,0x10,0xfe,0x00,0x00,0x00,
0x0d,0xf1,0x0f,0xe0,0x00,0x00,0x00,0xdf,0x10,0xfe,0x00,0x00,0x00,0x0d,0xf1,0x0f,0xe0,0x00,0x00,0x00,
0xdf,0x10,0xfe,0x00,0x00,0x00,0x0d,0xf1,0x0f,0xe0,0x00,0x00,0x00,0xdf,0x10,0xfe,0x00,0x00,0x00,0x0d,
0xf1,0x00,0x38,0x60,0x00,0x00,0x00,0x02,0xe9,0xe7,0x00,0x00,0x00,0x1c,0x90,0x3e,0x40,0x00,0x00,0x00,
0x00,0x00,0x00,0x00,0x00,0x00,0x3f,0x90,0x00,0x00,0x00,0x00,0x3f,0x90,0x00,0x00,0x00,0x00,0x3f,0x90,
0x00,0x00,0x00,0x00,0x3f,0x90,0x00,0x00,0x00,0x00,0x3f,0x92,0xae,0xfc,0x40,0x00,0x3f,0xbe,0xc9,0xaf,
0xf4,0x00,0x3f,0xf8,0x00,0x05,0xfa,0x00,0x3f,0xd0,0x00,0x00,0xee,0x00,0x3f,0xa0,0x00,0x00,0xcf,0x00,
0x3f,0x90,0x00,0x00,0xcf,0x00,0x3f,0x90,0x00,0x00,0xcf,0x00,0x3f,0x90,0x00,0x00,0xcf,0x00,0x3f,0x90,
0x00,0x00,0xcf,0x00,0x3f,0x90,0x00,0x00,0xcf,0x00,0x3f,0x90,0x00,0x00,0xcf,0x00,0x6f,0x90,0x00,0x00,
0x04,0xfb,0x00,0x00,0x6f,0x90,0x00,0x00,0x04,0xfb,0x00,0x0f,0xff,0xff,0xff,0xff,0xff,0xff,0xf5,0x09,
0xbf,0xc9,0x99,0x99,0x9a,0xfd,0x93,0x00,0x6f,0x90,0x00,0x00,0x04,0xfb,0x00,0x00,0x6f,0xda,0xaa,0xaa,
0xab,0xfb,0x00,0x00,0x6f,0xff,0xff,0xff,0xff,0xfb,0x00,0x00,0x6f,0x90,0x00,0x00,0x04,0xfb,0x00,0x00,
0x6f,0x90,0x00,0x00,0x04,0xfb,0x00,0x00,0x6f,0x90,0x00,0x00,0x04,0xfb,0x00,0x00,0x6f,0x90,0x00,0x00,
0x04,0xfb,0x00,0x00,0x6f,0x90,0x00,0x00,0x04,0xfb,0x00,0x00,0x6f,0x90,0x00,0x00,0x04,0xfb,0x00,0x00,
0x6f,0x90,0x00,0x00,0x04,0xfb,0x00,0x09,0xf3,0x00,0x00,0x00,0x07,0xdf,0xa9,0x96,0x00,0x00,0xcf,0xff,
0xff,0xa0,0x00,0x00,0x9f,0x30,0x00,0x00,0x00,0x09,0xf3,0x5c,0xfe,0x91,0x00,0x9f,0xaf,0xa9,0xcf,0xc0,
0x09,0xfe,0x20,0x00,0xcf,0x40,0x9f,0x70,0x00,0x06,0xf7,0x09,0xf4,0x00,0x00,0x4f,0x80,0x9f,0x30,0x00,
0x04,0xf8,0x09,0xf3,0x00,0x00,0x4f,0x80,0x9f,0x30,0x00,0x04,0xf8,0x09,0xf3,0x00,0x00,0x4f,0x80,0x9f,
0x30,0x00,0x04,0xf8,0x09,0xf3,0x00,0x00,0x4f,0x80,0x00,0x00,0x00,0x10,0x0a,0xfd,0x65,0xf1,0x3f,0x46,
0xdf,0x80,0x01,0x00,0x00,0x00,0x00,0x00,0x00,0x00,0x00,0x0f,0xe0,0x00,0x00,0x0f,0xe0,0x00,0x00,0x0f,
0xe0,0x00,0x00,0x0f,0xe0,0x00,0x00,0x0f,0xe0,0x00,0x00,0x0f,0xe0,0x00,0x00,0x0f,0xe0,0x00,0x00,0x0f,
0xe0,0x00,0x00,0x0f,0xe0,0x00,0x00,0x0f,0xe0,0x00,0x00,0x0f,0xe0,0x00,0x00,0x0f,0xe0,0x00,0x00,0x0f,
0xe0,0x00,0x00,0x0f,0xe0,0x00,0x07,0xc7,0x03,0xc3,0xf7,0xea,0xab,0x5b,0x02,0xbb,0x30,0x00,0x00,0x00,
0x00,0x00,0x00,0x00,0x02,0xfa,0x00,0x00,0x2f,0xa0,0x00,0x02,0xfa,0x00,0x00,0x2f,0xa0,0x00,0x02,0xfa,
0x00,0x00,0x2f,0xa0,0x00,0x02,0xfa,0x00,0x00,0x2f,0xa0,0x00,0x02,0xfa,0x00,0x00,0x2f,0xa0,0x00,0x02,
0xfa,0x00,0x22,0x22,0x21,0xff,0xff,0xfd,0x44,0x44,0x44,0x00,0x00,0x00,0x00,0x00,0x00,0x00,0xfe,0x00,
0x00,0xfe,0x00,0x00,0xfe,0x00,0x00,0xfe,0x00,0x00,0xfe,0x00,0x00,0xfe,0x00,0x00,0xfe,0x00,0x00,0xfe,
0x00,0x00,0xfe,0x00,0x00,0xfe,0x00,0x00,0xfe,0x00,0x00,0xfe,0x00,0x00,0xfe,0x00,0x00,0xfe,0x00,0x2f,
0xff,0xff,0xb1,0x66,0x66,0x64,0x00,0x00,0x00,0x00,0x00,0x00,0x00,0x00,0x2f,0xa0,0x00,0x02,0xfa,0x00,
0x00,0x2f,0xa0,0x00,0x02,0xfa,0x00,0x00,0x2f,0xa0,0x00,0x02,0xfa,0x00,0x00,0x2f,0xa0,0x00,0x02,0xfa,
0x00,0x00,0x2f,0xa0,0x00,0x02,0xfa,0x00,0x00,0x2f,0xa0,0x00,0x0e,0x71,0x18,0xd0,0x5e,0xff,0xe4,0x00,
0x13,0x20,0x00,0x00,0x00,0x00,0x00,0x0f,0xe0,0x00,0x00,0xfe,0x00,0x00,0x0f,0xe0,0x00,0x00,0xfe,0x00,
0x00,0x0f,0xe0,0x00,0x00,0xfe,0x00,0x00,0x0f,0xe0,0x00,0x00,0xfe,0x00,0x00,0x0f,0xe0,0x00,0x00,0xfe,
0x00,0x00,0x0f,0xe0,0x00,0x00,0xfe,0x00,0x00,0x0f,0xe0,0x00,0x00,0xfe,0x00,0x27,0x00,0x03,0x61,0xf6,
0x12,0xc9,0x06,0xff,0xfd,0x20,0x01,0x43,0x00,0x00,0x00,0x00,0x00,0x02,0xfa,0x00,0x00,0x2f,0xa0,0x00,
0x02,0xfa,0x00,0x00,0x2f,0xa0,0x00,0x02,0xfa,0x00,0x00,0x2f,0xa0,0x00,0x02,0xfa,0x00,0x00,0x2f,0xa0,
0x00,0x02,0xfa,0x00,0x00,0x2f,0xa0,0x00,0x02,0xfa,0x00,0x0f,0xe0,0x00,0xfe,0x00,0x0f,0xe0,0x00,0xfe,
0x00,0x0f,0xe0,0x00,0xfe,0x00,0x0f,0xe0,0x00,0xfe,0x00,0x0f,0xe0,0x00,0xfe,0x00,0x0f,0xe0,0x00,0xfe,
0x00,0x0f,0xe0,0x00,0xfe,0x00,0x09,0xa0,0x01,0xf3,0x00,0x3f,0x41,0x10,0xcf,0xf5,0x00,0x22,0x00,0x2f,
0xa0,0x02,0xfa,0x00,0x04,0x20,0x00,0x00,0x00,0x2f,0xa0,0x02,0xfa,0x00,0x2f,0xa0,0x02,0xfa,0x00,0x2f,
0xa0,0x02,0xfa,0x00,0x2f,0xa0,0x02,0xfa,0x00,0x2f,0xa0,0x02,0xfa,0x00,0x2f,0xa0,0x00,0xc6,0x00,0x5e,
0x00,0x07,0xe1,0x10,0x2e,0xff,0x20,0x02,0x10,0x0f,0xe0,0xfe,0x00,0x00,0x00,0x0f,0xe0,0xfe,0x0f,0xe0,
0xfe,0x0f,0xe0,0xfe,0x0f,0xe0,0xfe,0x0f,0xe0,0xfe,0x0f,0xe0,0xfe,0x0f,0xe0,0xfe,0x2f,0xa2,0xfa,0x2f,
0xa2,0xfa,0x2f,0xa2,0xfa,0x2f,0xa2,0xfa,0x2f,0xa2,0xfa,0x2f,0xa0,0x0f,0xe0,0x00,0x2f,0xc0,0xfe,0x00,
0x02,0xfc,0x0f,0xe0,0x00,0x2f,0xc0,0xfe,0x00,0x02,0xfc,0x0f,0xe0,0x00,0x2f,0xc0,0xfe,0x00,0x02,0xfc,
0x0f,0xe0,0x00,0x2f,0xc0,0xfe,0x00,0x02,0xfc,0x0f,0xe0,0x00,0x2f,0xc0,0xfe,0x00,0x02,0xfc,0x0f,0xe0,
0x00,0x2f,0xc0,0xfe,0x00,0x02,0xfc,0x0f,0xe0,0x00,0x2f,0xc0,0xfe,0x00,0x02,0xfc,0x00,0x00,0x00,0x4f,
0xb0,0x00,0x00,0x0a,0xf8,0x00,0x01,0xad,0xfe,0x20,0x00,0x2f,0xea,0x30,0x2f,0xa0,0x00,0x8f,0x42,0xfa,
0x00,0x08,0xf4,0x04,0x20,0x00,0x24,0x10,0x00,0x00,0x00,0x00,0x2f,0xa0,0x00,0x8f,0x42,0xfa,0x00,0x08,
0xf4,0x2f,0xa0,0x00,0x8f,0x42,0xfa,0x00,0x08,0xf4,0x2f,0xa0,0x00,0x8f,0x42,0xfa,0x00,0x08,0xf4,0x2f,
0xa0,0x00,0x8f,0x42,0xfa,0x00,0x08,0xf4,0x2f,0xa0,0x00,0x8f,0x42,0xfa,0x00,0x08,0xf4,0x2f,0xa0,0x00,
0x8f,0x40,0x00,0x00,0x09,0xf3,0x00,0x00,0x00,0xbf,0x10,0x00,0x06,0xaf,0xc0,0x00,0x00,0xce,0xa1,0x00,
0x00,0x06,0xff,0x40,0x00,0x3e,0x56,0xe2,0x00,0x64,0x00,0x55,0x00,0x00,0x00,0x00,0x00,0x00,0xfe,0x00,
0x00,0x00,0xfe,0x00,0x00,0x00,0xfe,0x00,0x00,0x00,0xfe,0x00,0x00,0x00,0xfe,0x00,0x00,0x00,0xfe,0x00,
0x00,0x00,0xfe,0x00,0x00,0x00,0xfe,0x00,0x00,0x00,0xfe,0x00,0x00,0x00,0xfe,0x00,0x00,0x00,0xfe,0x00,
0x00,0x00,0xfe,0x00,0x00,0x00,0xfe,0x00,0x00,0x01,0xfe,0x00,0x00,0x02,0xfd,0x00,0x00,0x08,0xf9,0x00,
0x0a,0xcf,0xf3,0x00,0x0f,0xeb,0x30,0x00,0x00,0x4f,0xc0,0x00,0x0c,0xcf,0x60,0x07,0xe2,0x7e,0x11,0xe5,
0x00,0xc9,0x00,0x00,0x00,0x00,0x02,0xfa,0x00,0x00,0x2f,0xa0,0x00,0x02,0xfa,0x00,0x00,0x2f,0xa0,0x00,
0x02,0xfa,0x00,0x00,0x2f,0xa0,0x00,0x02,0xfa,0x00,0x00,0x2f,0xa0,0x00,0x02,0xfa,0x00,0x00,0x2f,0xa0,
0x00,0x02,0xfa,0x00,0x00,0x2f,0xa0,0x00,0x04,0xf8,0x00,0x38,0xdf,0x30,0x05,0xfc,0x50,0x00,0x0f,0xe0,
0x00,0x00,0x3d,0xf7,0x00,0xfe,0x00,0x00,0x4e,0xf6,0x00,0x0f,0xe0,0x00,0x5f,0xe4,0x00,0x00,0xfe,0x00,
0x6f,0xe3,0x00,0x00,0x0f,0xe0,0x7f,0xd2,0x00,0x00,0x00,0xfe,0x9f,0xc2,0x00,0x00,0x00,0x0f,0xff,0xe1,
0x00,0x00,0x00,0x00,0xfe,0xbf,0xb1,0x00,0x00,0x00,0x0f,0xe1,0xbf,0xc1,0x00,0x00,0x00,0xfe,0x00,0xbf,
0xc1,0x00,0x00,0x0f,0xe0,0x00,0xaf,0xc1,0x00,0x00,0xfe,0x00,0x00,0xaf,0xd1,0x00,0x0f,0xe0,0x00,0x00,
0x9f,0xd2,0x00,0xfe,0x00,0x00,0x00,0x9f,0xd2,0x00,0x00,0x00,0x00,0x00,0x00,0x00,0x00,0x00,0x01,0x10,
0x00,0x00,0x00,0x00,0x01,0xfd,0x00,0x00,0x00,0x00,0x00,0x5f,0x50,0x00,0x00,0x00,0x00,0x09,0xc0,0x00,
0x00,0x00,0x3f,0x90,0x00,0x00,0x00,0x03,0xf9,0x00,0x00,0x00,0x00,0x3f,0x90,0x00,0x00,0x00,0x03,0xf9,
0x00,0x00,0x00,0x00,0x3f,0x90,0x00,0x09,0xfa,0x03,0xf9,0x00,0x0a,0xf9,0x00,0x3f,0x90,0x1b,0xf7,0x00,
0x03,0xf9,0x2d,0xf5,0x00,0x00,0x3f,0xce,0xe4,0x00,0x00,0x03,0xfe,0xfc,0x10,0x00,0x00,0x3f,0x97,0xfc,
0x10,0x00,0x03,0xf9,0x07,0xfc,0x10,0x00,0x3f,0x90,0x06,0xfd,0x20,0x03,0xf9,0x00,0x06,0xfd,0x20,0x3f,
0x90,0x00,0x05,0xfd,0x20,0x00,0x00,0x00,0x00,0x00,0x00,0x00,0x01,0x10,0x00,0x00,0x00,0x02,0xfc,0x00,
0x00,0x00,0x00,0x6f,0x40,0x00,0x00,0x00,0x0a,0xb0,0x00,0x00,0x3f,0x90,0x00,0x09,0xfa,0x13,0xf9,0x00,
0x0a,0xf9,0x00,0x3f,0x90,0x1b,0xf7,0x00,0x03,0xf9,0x2d,0xf6,0x00,0x00,0x3f,0xcd,0xe4,0x00,0x00,0x03,
0xfe,0xfc,0x10,0x00,0x00,0x3f,0x97,0xfc,0x10,0x00,0x03,0xf9,0x07,0xfc,0x10,0x00,0x3f,0x90,0x06,0xfd,
0x10,0x03,0xf9,0x00,0x06,0xfd,0x20,0x3f,0x90,0x00,0x05,0xfd,0x20,0x00,0x4f,0x70,0x00,0x00,0x00,0x2e,
0x90,0x00,0x00,0x00,0x05,0x70,0x00,0x00,0x00,0x00,0x00,0x00,0x00,0x00,0x00,0x0f,0xe0,0x00,0x00,0x00,
0x00,0xfe,0x00,0x00,0x00,0x00,0x0f,0xe0,0x00,0x00,0x00,0x00,0xfe,0x00,0x00,0x00,0x00,0x0f,0xe0,0x00,
0x00,0x00,0x00,0xfe,0x00,0x00,0x00,0x00,0x0f,0xe0,0x00,0x00,0x00,0x00,0xfe,0x00,0x00,0x00,0x00,0x0f,
0xe0,0x00,0x00,0x00,0x00,0xfe,0x00,0x00,0x00,0x00,0x0f,0xe0,0x00,0x00,0x00,0x00,0xfe,0x00,0x00,0x00,
0x00,0x0f,0xf9,0x99,0x99,0x99,0x00,0xff,0xff,0xff,0xff,0xf0,0x00,0x28,0x40,0x1c,0xc1,0x09,0xd1,0x00,
0x00,0x00,0x2f,0xa0,0x02,0xfa,0x00,0x2f,0xa0,0x02,0xfa,0x00,0x2f,0xa0,0x02,0xfa,0x00,0x2f,0xa0,0x02,
0xfa,0x00,0x2f,0xa0,0x02,0xfa,0x00,0x2f,0xa0,0x02,0xfa,0x00,0x2f,0xa0,0x02,0xfa,0x00,0x2f,0xa0,0x00,
0x0f,0xe0,0x00,0x00,0x00,0x00,0xfe,0x00,0x00,0x00,0x00,0x0f,0xe0,0x00,0x00,0x00,0x00,0xfe,0x00,0x00,
0x00,0x00,0x0f,0xe0,0x00,0x00,0x00,0x00,0xfe,0x00,0x00,0x00,0x00,0x0f,0xe0,0x00,0x00,0x00,0x00,0xfe,
0x00,0x00,0x00,0x00,0x0f,0xe0,0x00,0x00,0x00,0x00,0xfe,0x00,0x00,0x00,0x00,0x0f,0xe0,0x00,0x00,0x00,
0x00,0xfe,0x00,0x00,0x00,0x00,0x0f,0xf9,0x99,0x99,0x99,0x00,0xff,0xff,0xff,0xff,0xf0,0x00,0x00,0x00,
0x00,0x00,0x00,0x00,0x00,0x11,0x00,0x00,0x00,0x00,0x5f,0x90,0x00,0x00,0x00,0x09,0xf2,0x00,0x00,0x00,
0x00,0xc9,0x00,0x00,0x00,0x2f,0xa0,0x2f,0xa0,0x2f,0xa0,0x2f,0xa0,0x2f,0xa0,0x2f,0xa0,0x2f,0xa0,0x2f,
0xa0,0x2f,0xa0,0x2f,0xa0,0x2f,0xa0,0x2f,0xa0,0x2f,0xa0,0x2f,0xa0,0x2f,0xa0,0x00,0x00,0x01,0x10,0x1f,
0xd0,0x4f,0x60,0x8d,0x00,0x0f,0xe0,0x08,0xf5,0x00,0x00,0xfe,0x00,0xbf,0x10,0x00,0x0f,0xe0,0x0e,0xb0,
0x00,0x00,0xfe,0x01,0x94,0x00,0x00,0x0f,0xe0,0x00,0x00,0x00,0x00,0xfe,0x00,0x00,0x00,0x00,0x0f,0xe0,
0x00,0x00,0x00,0x00,0xfe,0x00,0x00,0x00,0x00,0x0f,0xe0,0x00,0x00,0x00,0x00,0xfe,0x00,0x00,0x00,0x00,
0x0f,0xe0,0x00,0x00,0x00,0x00,0xfe,0x00,0x00,0x00,0x00,0x0f,0xf9,0x99,0x99,0x99,0x00,0xff,0xff,0xff,
0xff,0xf0,0x2f,0xa0,0x8f,0x52,0xfa,0x0b,0xf1,0x2f,0xa0,0xeb,0x02,0xfa,0x19,0x40,0x2f,0xa0,0x00,0x02,
0xfa,0x00,0x00,0x2f,0xa0,0x00,0x02,0xfa,0x00,0x00,0x2f,0xa0,0x00,0x02,0xfa,0x00,0x00,0x2f,0xa0,0x00,
0x02,0xfa,0x00,0x00,0x2f,0xa0,0x00,0x02,0xfa,0x00,0x00,0x2f,0xa0,0x00,0x00,0x0f,0xe0,0x00,0x00,0x00,
0x00,0xfe,0x00,0x00,0x00,0x00,0x0f,0xe0,0x00,0x00,0x00,0x00,0xfe,0x00,0x00,0x00,0x00,0x0f,0xe0,0x00,
0x00,0x00,0x00,0xfe,0x00,0x06,0xfa,0x00,0x0f,0xe0,0x00,0x6f,0xa0,0x00,0xfe,0x00,0x02,0x74,0x00,0x0f,
0xe0,0x00,0x00,0x00,0x00,0xfe,0x00,0x00,0x00,0x00,0x0f,0xe0,0x00,0x00,0x00,0x00,0xfe,0x00,0x00,0x00,
0x00,0x0f,0xf9,0x99,0x99,0x99,0x00,0xff,0xff,0xff,0xff,0xf0,0x2f,0xa0,0x00,0x2f,0xa0,0x00,0x2f,0xa0,
0x00,0x2f,0xa0,0x00,0x2f,0xa0,0x00,0x2f,0xa0,0x00,0x2f,0xac,0xf4,0x2f,0xac,0xf4,0x2f,0xa5,0x72,0x2f,
0xa0,0x00,0x2f,0xa0,0x00,0x2f,0xa0,0x00,0x2f,0xa0,0x00,0x2f,0xa0,0x00,0x2f,0xa0,0x00,0x00,0x0e,0xf1,
0x00,0x00,0x00,0x00,0x00,0xef,0x10,0x00,0x00,0x00,0x00,0x0e,0xf1,0x00,0x00,0x00,0x00,0x00,0xef,0x10,
0x11,0x00,0x00,0x00,0x0e,0xf1,0x3d,0x90,0x00,0x00,0x00,0xef,0x9f,0xa1,0x00,0x00,0x00,0x0e,0xfe,0x50,
0x00,0x00,0x00,0x08,0xff,0x20,0x00,0x00,0x00,0x0c,0xef,0xf1,0x00,0x00,0x00,0x00,0x51,0xef,0x10,0x00,
0x00,0x00,0x00,0x0e,0xf1,0x00,0x00,0x00,0x00,0x00,0xef,0x10,0x00,0x00,0x00,0x00,0x0e,0xfa,0x99,0x99,
0x99,0x10,0x00,0xef,0xff,0xff,0xff,0xf2,0x01,0xfb,0x00,0x01,0xfb,0x00,0x01,0xfb,0x00,0x01,0xfb,0x00,
0x01,0xfb,0x00,0x01,0xfc,0xb6,0x01,0xff,0xc2,0x1a,0xfc,0x00,0xbd,0xfb,0x00,0x22,0xfb,0x00,0x01,0xfb,
0x00,0x01,0xfb,0x00,0x01,0xfb,0x00,0x01,0xfb,0x00,0x01,0xfb,0x00,0x00,0x00,0x01,0xdc,0x10,0x00,0x00,
0x00,0x0a,0xd1,0x00,0x00,0x00,0x00,0x28,0x20,0x00,0x00,0x00,0x00,0x00,0x00,0x00,0x00,0x0f,0xfd,0x00,
0x00,0x00,0xef,0x0f,0xff,0x70,0x00,0x00,0xef,0x0f,0xee,0xe1,0x00,0x00,0xef,0x0f,0xd7,0xf8,0x00,0x00,
0xef,0x0f,0xd0,0xdf,0x20,0x00,0xef,0x0f,0xd0,0x5f,0xa0,0x00,0xef,0x0f,0xd0,0x0c,0xf3,0x00,0xef,0x0f,
0xd0,0x04,0xfb,0x00,0xef,0x0f,0xd0,0x00,0xaf,0x50,0xef,0x0f,0xd0,0x00,0x2f,0xd0,0xef,0x0f,0xd0,0x00,
0x09,0xf6,0xef,0x0f,0xd0,0x00,0x01,0xee,0xef,0x0f,0xd0,0x00,0x00,0x7f,0xff,0x0f,0xd0,0x00,0x00,0x1d,
0xff,0x00,0x00,0x05,0xf8,0x00,0x00,0x00,0x1e,0xb0,0x00,0x00,0x00,0xbd,0x10,0x00,0x00,0x06,0xf3,0x00,
0x00,0x00,0x00,0x00,0x00,0x00,0x3f,0x92,0xae,0xfc,0x40,0x3f,0xbe,0xc9,0xaf,0xf4,0x3f,0xf8,0x00,0x05,
0xfa,0x3f,0xd0,0x00,0x00,0xee,0x3f,0xa0,0x00,0x00,0xcf,0x3f,0x90,0x00,0x00,0xcf,0x3f,0x90,0x00,0x00,
0xcf,0x3f,0x90,0x00,0x00,0xcf,0x3f,0x90,0x00,0x00,0xcf,0x3f,0x90,0x00,0x00,0xcf,0x3f,0x90,0x00,0x00,
0xcf,0x0f,0xfd,0x00,0x00,0x00,0xef,0x0f,0xff,0x70,0x00,0x00,0xef,0x0f,0xee,0xe1,0x00,0x00,0xef,0x0f,
0xd7,0xf8,0x00,0x00,0xef,0x0f,0xd0,0xdf,0x20,0x00,0xef,0x0f,0xd0,0x5f,0xa0,0x00,0xef,0x0f,0xd0,0x0c,
0xf3,0x00,0xef,0x0f,0xd0,0x04,0xfb,0x00,0xef,0x0f,0xd0,0x00,0xaf,0x50,0xef,0x0f,0xd0,0x00,0x2f,0xd0,
0xef,0x0f,0xd0,0x00,0x09,0xf6,0xef,0x0f,0xd0,0x00,0x01,0xee,0xef,0x0f,0xd0,0x00,0x00,0x7f,0xff,0x0f,
0xd0,0x00,0x00,0x1d,0xff,0x00,0x00,0x00,0x00,0x00,0x00,0x00,0x00,0x00,0x11,0x00,0x00,0x00,0x00,0x05,
0xf9,0x00,0x00,0x00,0x00,0x09,0xf2,0x00,0x00,0x00,0x00,0x0d,0x80,0x00,0x00,0x3f,0x92,0xae,0xfc,0x40,
0x3f,0xbe,0xc9,0xaf,0xf4,0x3f,0xf8,0x00,0x05,0xfa,0x3f,0xd0,0x00,0x00,0xee,0x3f,0xa0,0x00,0x00,0xcf,
0x3f,0x90,0x00,0x00,0xcf,0x3f,0x90,0x00,0x00,0xcf,0x3f,0x90,0x00,0x00,0xcf,0x3f,0x90,0x00,0x00,0xcf,
0x3f,0x90,0x00,0x00,0xcf,0x3f,0x90,0x00,0x00,0xcf,0x00,0x00,0x00,0x00,0x00,0x00,0x00,0x01,0x10,0x00,
0x00,0x00,0x6f,0x70,0x00,0x00,0x00,0xae,0x10,0x00,0x00,0x00,0xe7,0x00,0x00,0x00,0x03,0xe4,0x07,0xd1,
0x00,0x00,0x00,0x5e,0x9e,0x30,0x00,0x00,0x00,0x06,0x84,0x00,0x00,0x00,0x00,0x00,0x00,0x00,0x00,0x0f,
0xfd,0x00,0x00,0x00,0xef,0x0f,0xff,0x70,0x00,0x00,0xef,0x0f,0xee,0xe1,0x00,0x00,0xef,0x0f,0xd7,0xf8,
0x00,0x00,0xef,0x0f,0xd0,0xdf,0x20,0x00,0xef,0x0f,0xd0,0x5f,0xa0,0x00,0xef,0x0f,0xd0,0x0c,0xf3,0x00,
0xef,0x0f,0xd0,0x04,0xfb,0x00,0xef,0x0f,0xd0,0x00,0xaf,0x50,0xef,0x0f,0xd0,0x00,0x2f,0xd0,0xef,0x0f,
0xd0,0x00,0x09,0xf6,0xef,0x0f,0xd0,0x00,0x01,0xee,0xef,0x0f,0xd0,0x00,0x00,0x7f,0xff,0x0f,0xd0,0x00,
0x00,0x1d,0xff,0x00,0x59,0x00,0x1a,0x30,0x00,0x1d,0x80,0xba,0x00,0x00,0x04,0xfa,0xe1,0x00,0x00,0x00,
0x9e,0x50,0x00,0x00,0x00,0x00,0x00,0x00,0x3f,0x92,0xae,0xfc,0x40,0x3f,0xbe,0xc9,0xaf,0xf4,0x3f,0xf8,
0x00,0x05,0xfa,0x3f,0xd0,0x00,0x00,0xee,0x3f,0xa0,0x00,0x00,0xcf,0x3f,0x90,0x00,0x00,0xcf,0x3f,0x90,
0x00,0x00,0xcf,0x3f,0x90,0x00,0x00,0xcf,0x3f,0x90,0x00,0x00,0xcf,0x3f,0x90,0x00,0x00,0xcf,0x3f,0x90,
0x00,0x00,0xcf,0x3f,0xd0,0x00,0x00,0x00,0x00,0x04,0xfb,0x00,0x00,0x00,0x00,0x00,0x8f,0x40,0x00,0x00,
0x00,0x00,0x0b,0xc0,0xde,0x07,0xdf,0xd8,0x00,0x73,0x0d,0xea,0xea,0x9e,0xf8,0x00,0x00,0xdf,0xc1,0x00,
0x1e,0xf1,0x00,0x0d,0xf3,0x00,0x00,0x9f,0x40,0x00,0xdf,0x00,0x00,0x08,0xf5,0x00,0x0d,0xe0,0x00,0x00,
0x7f,0x50,0x00,0xde,0x00,0x00,0x07,0xf5,0x00,0x0d,0xe0,0x00,0x00,0x7f,0x50,0x00,0xde,0x00,0x00,0x07,
0xf5,0x00,0x0d,0xe0,0x00,0x00,0x7f,0x50,0x00,0xde,0x00,0x00,0x07,0xf5,0x0f,0xe0,0x3a,0xef,0xc7,0x00,
0x0f,0xe4,0xff,0xef,0xff,0x90,0x0f,0xfe,0x92,0x01,0x7f,0xf3,0x0f,0xfa,0x00,0x00,0x0a,0xf7,0x0f,0xf3,
0x00,0x00,0x05,0xfa,0x0f,0xf0,0x00,0x00,0x04,0xfb,0x0f,0xe0,0x00,0x00,0x03,0xfb,0x0f,0xe0,0x00,0x00,
0x03,0xfb,0x0f,0xe0,0x00,0x00,0x03,0xfb,0x0f,0xe0,0x00,0x00,0x03,0xfb,0x0f,0xe0,0x00,0x00,0x03,0xfb,
0x0f,0xe0,0x00,0x00,0x03,0xfb,0x0f,0xe0,0x00,0x00,0x03,0xfb,0x0f,0xe0,0x00,0x00,0x03,0xfb,0x00,0x00,
0x00,0x00,0x03,0xfb,0x00,0x00,0x00,0x00,0x05,0xfa,0x00,0x00,0x00,0x03,0x8e,0xf5,0x00,0x00,0x00,0x07,
0xfd,0x60,0x3f,0x92,0xae,0xfc,0x40,0x3f,0xbe,0xc9,0xaf,0xf4,0x3f,0xf8,0x00,0x05,0xfb,0x3f,0xd0,0x00,
0x00,0xee,0x3f,0xa0,0x00,0x00,0xcf,0x3f,0x90,0x00,0x00,0xcf,0x3f,0x90,0x00,0x00,0xcf,0x3f,0x90,0x00,
0x00,0xcf,0x3f,0x90,0x00,0x00,0xcf,0x3f,0x90,0x00,0x00,0xcf,0x3f,0x90,0x00,0x00,0xcf,0x00,0x00,0x00,
0x00,0xde,0x00,0x00,0x00,0x01,0xed,0x00,0x00,0x67,0x8b,0xf8,0x00,0x00,0xdf,0xfd,0x80,0x00,0x00,0x22,
0x22,0x21,0x00,0x00,0x00,0x00,0xff,0xff,0xfc,0x00,0x00,0x00,0x00,0x44,0x44,0x44,0x00,0x00,0x00,0x00,
0x00,0x00,0x00,0x00,0x00,0x00,0x00,0x00,0x00,0x00,0x00,0x00,0x00,0x03,0x9d,0xfe,0xc8,0x20,0x00,0x00,
0x8f,0xfc,0x9a,0xdf,0xe5,0x00,0x07,0xfd,0x30,0x00,0x06,0xff,0x40,0x2f,0xf3,0x00,0x00,0x00,0x6f,0xd0,
0x8f,0x90,0x00,0x00,0x00,0x0d,0xf4,0xbf,0x50,0x00,0x00,0x00,0x09,0xf7,0xdf,0x40,0x00,0x00,0x00,0x07,
0xf9,0xdf,0x30,0x00,0x00,0x00,0x07,0xf9,0xbf,0x50,0x00,0x00,0x00,0x09,0xf7,0x8f,0x90,0x00,0x00,0x00,
0x0d,0xf4,0x2f,0xf3,0x00,0x00,0x00,0x6f,0xd0,0x08,0xfd,0x30,0x00,0x05,0xff,0x40,0x00,0x8f,0xfc,0x9a,
0xdf,0xe5,0x00,0x00,0x03,0x9d,0xfe,0xc8,0x20,0x00,0x00,0xcf,0xff,0xff,0x10,0x00,0x05,0x66,0x66,0x60,
0x00,0x00,0x00,0x00,0x00,0x00,0x00,0x00,0x00,0x00,0x00,0x00,0x00,0x5b,0xef,0xc7,0x00,0x00,0x8f,0xe9,
0x8d,0xfb,0x00,0x4f,0xd1,0x00,0x0b,0xf7,0x09,0xf6,0x00,0x00,0x2f,0xd0,0xcf,0x20,0x00,0x00,0xdf,0x1d,
0xf0,0x00,0x00,0x0c,0xf2,0xcf,0x20,0x00,0x00,0xdf,0x19,0xf6,0x00,0x00,0x2f,0xd0,0x4f,0xd1,0x00,0x0b,
0xf7,0x00,0x8f,0xe9,0x8d,0xfb,0x00,0x00,0x5c,0xef,0xc7,0x00,0x00,0x00,0x01,0x70,0x00,0x27,0x00,0x00,
0x00,0x00,0xe9,0x12,0xba,0x00,0x00,0x00,0x00,0x4e,0xff,0xc2,0x00,0x00,0x00,0x00,0x00,0x22,0x00,0x00,
0x00,0x00,0x00,0x00,0x00,0x00,0x00,0x00,0x00,0x03,0x9d,0xfe,0xc8,0x20,0x00,0x00,0x8f,0xfc,0x9a,0xdf,
0xe5,0x00,0x07,0xfd,0x30,0x00,0x06,0xff,0x40,0x2f,0xf3,0x00,0x00,0x00,0x6f,0xd0,0x8f,0x90,0x00,0x00,
0x00,0x0d,0xf4,0xbf,0x50,0x00,0x00,0x00,0x09,0xf7,0xdf,0x40,0x00,0x00,0x00,0x07,0xf9,0xdf,0x30,0x00,
0x00,0x00,0x07,0xf9,0xbf,0x50,0x00,0x00,0x00,0x09,0xf7,0x8f,0x90,0x00,0x00,0x00,0x0d,0xf4,0x2f,0xf3,
0x00,0x00,0x00,0x6f,0xd0,0x08,0xfd,0x30,0x00,0x05,0xff,0x40,0x00,0x8f,0xfc,0x9a,0xdf,0xe5,0x00,0x00,
0x03,0x9d,0xfe,0xc8,0x20,0x00,0x00,0x72,0x00,0x07,0x10,0x00,0x0b,0xb1,0x18,0xe0,0x00,0x00,0x2d,0xff,
0xe5,0x00,0x00,0x00,0x13,0x41,0x00,0x00,0x00,0x00,0x00,0x00,0x00,0x00,0x05,0xbe,0xfc,0x70,0x00,0x08,
0xfe,0x98,0xdf,0xb0,0x04,0xfd,0x10,0x00,0xbf,0x70,0x9f,0x60,0x00,0x02,0xfd,0x0c,0xf2,0x00,0x00,0x0d,
0xf1,0xdf,0x00,0x00,0x00,0xcf,0x2c,0xf2,0x00,0x00,0x0d,0xf1,0x9f,0x60,0x00,0x02,0xfd,0x04,0xfd,0x10,
0x00,0xbf,0x70,0x08,0xfe,0x98,0xdf,0xb0,0x00,0x05,0xce,0xfc,0x70,0x00,0x00,0x00,0x01,0x85,0x07,0x70,
0x00,0x00,0x00,0x0b,0xd1,0x7f,0x40,0x00,0x00,0x00,0x7e,0x23,0xf5,0x00,0x00,0x00,0x00,0x00,0x00,0x00,
0x00,0x00,0x00,0x00,0x00,0x00,0x00,0x00,0x00,0x00,0x03,0x9d,0xfe,0xc8,0x20,0x00,0x00,0x8f,0xfc,0x9a,
0xdf,0xe5,0x00,0x07,0xfd,0x30,0x00,0x06,0xff,0x40,0x2f,0xf3,0x00,0x00,0x00,0x6f,0xd0,0x8f,0x90,0x00,
0x00,0x00,0x0d,0xf4,0xbf,0x50,0x00,0x00,0x00,0x09,0xf7,0xdf,0x40,0x00,0x00,0x00,0x07,0xf9,0xdf,0x30,
0x00,0x00,0x00,0x07,0xf9,0xbf,0x50,0x00,0x00,0x00,0x09,0xf7,0x8f,0x90,0x00,0x00,0x00,0x0d,0xf4,0x2f,
0xf3,0x00,0x00,0x00,0x6f,0xd0,0x08,0xfd,0x30,0x00,0x05,0xff,0x40,0x00,0x8f,0xfc,0x9a,0xdf,0xe5,0x00,
0x00,0x03,0x9d,0xfe,0xc8,0x20,0x00,0x00,0x00,0x7f,0x24,0xf6,0x00,0x00,0x1e,0x80,0xcb,0x00,0x00,0x08,
0xd1,0x5e,0x20,0x00,0x00,0x84,0x07,0x50,0x00,0x00,0x00,0x00,0x00,0x00,0x00,0x05,0xbe,0xfc,0x70,0x00,
0x08,0xfe,0x98,0xdf,0xb0,0x04,0xfd,0x10,0x00,0xbf,0x70,0x9f,0x60,0x00,0x02,0xfd,0x0c,0xf2,0x00,0x00,
0x0d,0xf1,0xdf,0x00,0x00,0x00,0xcf,0x2c,0xf2,0x00,0x00,0x0d,0xf1,0x9f,0x60,0x00,0x02,0xfd,0x04,0xfd,
0x10,0x00,0xbf,0x70,0x08,0xfe,0x98,0xdf,0xb0,0x00,0x05,0xce,0xfc,0x70,0x00,0x00,0x01,0x5a,0xde,0xff,
0xff,0xff,0xff,0xff,0xe0,0x00,0x5e,0xff,0xca,0x9b,0xfd,0x99,0x99,0x99,0x90,0x06,0xff,0x71,0x00,0x04,
0xfb,0x00,0x00,0x00,0x00,0x2e,0xf4,0x00,0x00,0x04,0xfb,0x00,0x00,0x00,0x00,0x7f,0xa0,0x00,0x00,0x04,
0xfb,0x00,0x00,0x00,0x00,0xbf,0x50,0x00,0x00,0x04,0xfd,0xaa,0xaa,0xaa,0x60,0xdf,0x40,0x00,0x00,0x04,
0xff,0xff,0xff,0xff,0xa0,0xdf,0x40,0x00,0x00,0x04,0xfb,0x00,0x00,0x00,0x00,0xbf,0x60,0x00,0x00,0x04,
0xfb,0x00,0x00,0x00,0x00,0x7f,0xa0,0x00,0x00,0x04,0xfb,0x00,0x00,0x00,0x00,0x2e,0xf5,0x00,0x00,0x04,
0xfb,0x00,0x00,0x00,0x00,0x06,0xff,0x71,0x00,0x04,0xfb,0x00,0x00,0x00,0x00,0x00,0x5e,0xff,0xca,0x9b,
0xfd,0x99,0x99,0x99,0x91,0x00,0x01,0x6a,0xde,0xff,0xff,0xff,0xff,0xff,0xf2,0x00,0x5b,0xee,0xc7,0x00,
0x39,0xdf,0xeb,0x30,0x00,0x8f,0xe9,0x8d,0xfb,0x6f,0xea,0x89,0xef,0x50,0x4f,0xd1,0x00,0x0b,0xff,0xd1,
0x00,0x01,0xde,0x19,0xf6,0x00,0x00,0x2f,0xf6,0x11,0x11,0x18,0xf4,0xcf,0x20,0x00,0x00,0xdf,0xff,0xff,
0xff,0xff,0x6d,0xf0,0x00,0x00,0x0c,0xf6,0x44,0x44,0x44,0x42,0xcf,0x20,0x00,0x00,0xdf,0x60,0x00,0x00,
0x00,0x09,0xf6,0x00,0x00,0x2f,0xfb,0x00,0x00,0x00,0x00,0x4f,0xd1,0x00,0x0b,0xff,0xf6,0x00,0x00,0x05,
0x00,0x8f,0xe9,0x8d,0xfa,0x3e,0xfc,0x88,0xae,0xf0,0x00,0x5c,0xee,0xc6,0x00,0x18,0xde,0xed,0xa5,0x00,
0x00,0x00,0x06,0xf5,0x00,0x00,0x00,0x00,0x03,0xf7,0x00,0x00,0x00,0x00,0x00,0x56,0x00,0x00,0x00,0x00,
0x00,0x00,0x00,0x00,0x00,0x00,0x0f,0xff,0xff,0xeb,0x60,0x00,0x00,0xff,0x99,0x9b,0xff,0x90,0x00,0x0f,
0xe0,0x00,0x04,0xff,0x20,0x00,0xfe,0x00,0x00,0x0c,0xf5,0x00,0x0f,0xe0,0x00,0x00,0xcf,0x50,0x00,0xfe,
0x00,0x00,0x4f,0xf1,0x00,0x0f,0xf9,0x99,0xbf,0xf6,0x00,0x00,0xff,0xff,0xff,0xf6,0x00,0x00,0x0f,0xe0,
0x01,0x4e,0xf4,0x00,0x00,0xfe,0x00,0x00,0x3f,0xd1,0x00,0x0f,0xe0,0x00,0x00,0x9f,0x70,0x00,0xfe,0x00,
0x00,0x02,0xfe,0x10,0x0f,0xe0,0x00,0x00,0x08,0xf8,0x00,0xfe,0x00,0x00,0x00,0x1e,0xe2,0x00,0x00,0x05,
0xf8,0x00,0x00,0x1e,0xb0,0x00,0x00,0xbd,0x10,0x00,0x06,0xf3,0x00,0x00,0x00,0x00,0x00,0x3f,0x92,0xae,
0xf3,0x3f,0xbe,0xda,0xa3,0x3f,0xf9,0x00,0x00,0x3f,0xe1,0x00,0x00,0x3f,0xb0,0x00,0x00,0x3f,0x90,0x00,
0x00,0x3f,0x90,0x00,0x00,0x3f,0x90,0x00,0x00,0x3f,0x90,0x00,0x00,0x3f,0x90,0x00,0x00,0x3f,0x90,0x00,
0x00,0x0f,0xff,0xff,0xeb,0x60,0x00,0x00,0xff,0x99,0x9b,0xff,0x90,0x00,0x0f,0xe0,0x00,0x04,0xff,0x20,
0x00,0xfe,0x00,0x00,0x0c,0xf5,0x00,0x0f,0xe0,0x00,0x00,0xcf,0x50,0x00,0xfe,0x00,0x00,0x4f,0xf1,0x00,
0x0f,0xf9,0x99,0xbf,0xf6,0x00,0x00,0xff,0xff,0xff,0xf6,0x00,0x00,0x0f,0xe0,0x01,0x4e,0xf4,0x00,0x00,
0xfe,0x00,0x00,0x3f,0xd1,0x00,0x0f,0xe0,0x00,0x00,0x9f,0x70,0x00,0xfe,0x00,0x00,0x02,0xfe,0x10,0x0f,
0xe0,0x00,0x00,0x08,0xf8,0x00,0xfe,0x00,0x00,0x00,0x1e,0xe2,0x00,0x00,0x00,0x00,0x00,0x00,0x00,0x00,
0x00,0x01,0x10,0x00,0x00,0x00,0x00,0x02,0xfb,0x00,0x00,0x00,0x00,0x00,0x6f,0x30,0x00,0x00,0x00,0x00,
0x0a,0xb0,0x00,0x00,0x00,0x3f,0x92,0xae,0xf3,0x3f,0xbe,0xda,0xa3,0x3f,0xf9,0x00,0x00,0x3f,0xe1,0x00,
0x00,0x3f,0xb0,0x00,0x00,0x3f,0x90,0x00,0x00,0x3f,0x90,0x00,0x00,0x3f,0x90,0x00,0x00,0x3f,0x90,0x00,
0x00,0x3f,0x90,0x00,0x00,0x3f,0x90,0x00,0x00,0x00,0x00,0x00,0x00,0x01,0x10,0x00,0x00,0x1f,0xc0,0x00,
0x00,0x5f,0x50,0x00,0x00,0x9c,0x00,0x00,0x00,0x00,0x5e,0x20,0xac,0x00,0x00,0x00,0x00,0x8e,0xad,0x10,
0x00,0x00,0x00,0x00,0x78,0x30,0x00,0x00,0x00,0x00,0x00,0x00,0x00,0x00,0x00,0x0f,0xff,0xff,0xeb,0x60,
0x00,0x00,0xff,0x99,0x9b,0xff,0x90,0x00,0x0f,0xe0,0x00,0x04,0xff,0x20,0x00,0xfe,0x00,0x00,0x0c,0xf5,
0x00,0x0f,0xe0,0x00,0x00,0xcf,0x50,0x00,0xfe,0x00,0x00,0x4f,0xf1,0x00,0x0f,0xf9,0x99,0xbf,0xf6,0x00,
0x00,0xff,0xff,0xff,0xf6,0x00,0x00,0x0f,0xe0,0x01,0x4e,0xf4,0x00,0x00,0xfe,0x00,0x00,0x3f,0xd1,0x00,
0x0f,0xe0,0x00,0x00,0x9f,0x70,0x00,0xfe,0x00,0x00,0x02,0xfe,0x10,0x0f,0xe0,0x00,0x00,0x08,0xf8,0x00,
0xfe,0x00,0x00,0x00,0x1e,0xe2,0x05,0x50,0x01,0x72,0x03,0xf4,0x0b,0xa0,0x00,0x7e,0x9e,0x10,0x00,0x0c,
0xf5,0x00,0x00,0x00,0x00,0x00,0x3f,0x92,0xae,0xf3,0x3f,0xbe,0xda,0xa3,0x3f,0xf9,0x00,0x00,0x3f,0xe1,
0x00,0x00,0x3f,0xb0,0x00,0x00,0x3f,0x90,0x00,0x00,0x3f,0x90,0x00,0x00,0x3f,0x90,0x00,0x00,0x3f,0x90,
0x00,0x00,0x3f,0x90,0x00,0x00,0x3f,0x90,0x00,0x00,0x00,0x00,0x01,0x84,0x00,0x00,0x00,0x00,0xbd,0x10,
0x00,0x00,0x00,0x8e,0x20,0x00,0x00,0x00,0x00,0x00,0x00,0x00,0x00,0x00,0x00,0x00,0x00,0x00,0x06,0xce,
0xfe,0xc9,0x40,0x0b,0xfe,0xb9,0xad,0xfb,0x06,0xfc,0x10,0x00,0x02,0x50,0xaf,0x60,0x00,0x00,0x00,0x09,
0xf7,0x00,0x00,0x00,0x00,0x3f,0xf8,0x41,0x00,0x00,0x00,0x5d,0xff,0xfd,0x94,0x00,0x00,0x04,0x7a,0xef,
0xf8,0x00,0x00,0x00,0x00,0x5f,0xf4,0x00,0x00,0x00,0x00,0x9f,0x80,0x00,0x00,0x00,0x09,0xf8,0x65,0x00,
0x00,0x03,0xef,0x49,0xfe,0xb9,0x9c,0xff,0xa0,0x26,0xad,0xef,0xdb,0x50,0x00,0x00,0x00,0x06,0xf7,0x00,
0x00,0x03,0xf9,0x00,0x00,0x01,0xda,0x00,0x00,0x00,0x47,0x00,0x00,0x00,0x00,0x00,0x00,0x00,0x4b,0xef,
0xec,0x70,0x6f,0xe9,0x89,0xbd,0x0c,0xf2,0x00,0x00,0x10,0xcf,0x10,0x00,0x00,0x06,0xfe,0x95,0x10,0x00,
0x05,0xcf,0xff,0xc3,0x00,0x00,0x14,0x9f,0xe2,0x00,0x00,0x00,0x8f,0x64,0x00,0x00,0x09,0xf5,0xee,0xa8,
0x8b,0xfc,0x16,0xad,0xee,0xc7,0x10,0x00,0x00,0x58,0x40,0x00,0x00,0x00,0x5f,0x9e,0x30,0x00,0x00,0x3e,
0x50,0x6d,0x20,0x00,0x00,0x00,0x00,0x00,0x00,0x00,0x00,0x00,0x00,0x00,0x00,0x06,0xce,0xfe,0xc9,0x40,
0x0b,0xfe,0xb9,0xad,0xfb,0x06,0xfc,0x10,0x00,0x02,0x50,0xaf,0x60,0x00,0x00,0x00,0x09,0xf7,0x00,0x00,
0x00,0x00,0x3f,0xf8,0x41,0x00,0x00,0x00,0x5d,0xff,0xfd,0x94,0x00,0x00,0x04,0x7a,0xef,0xf8,0x00,0x00,
0x00,0x00,0x5f,0xf4,0x00,0x00,0x00,0x00,0x9f,0x80,0x00,0x00,0x00,0x09,0xf8,0x65,0x00,0x00,0x03,0xef,
0x49,0xfe,0xb9,0x9c,0xff,0xa0,0x26,0xad,0xef,0xdb,0x50,0x00,0x00,0x0b,0xf6,0x00,0x00,0x06,0xe9,0xe2,
0x00,0x02,0xe6,0x0a,0xc0,0x00,0x46,0x00,0x17,0x20,0x00,0x00,0x00,0x00,0x00,0x4b,0xef,0xec,0x70,0x6f,
0xe9,0x89,0xbd,0x0c,0xf2,0x00,0x00,0x10,0xcf,0x10,0x00,0x00,0x06,0xfe,0x95,0x10,0x00,0x05,0xcf,0xff,
0xc3,0x00,0x00,0x14,0x9f,0xe2,0x00,0x00,0x00,0x8f,0x64,0x00,0x00,0x09,0xf5,0xee,0xa8,0x8b,0xfc,0x16,
0xad,0xee,0xc7,0x10,0x00,0x6c,0xef,0xec,0x94,0x00,0xbf,0xeb,0x9a,0xdf,0xb0,0x6f,0xc1,0x00,0x00,0x25,
0x0a,0xf6,0x00,0x00,0x00,0x00,0x9f,0x70,0x00,0x00,0x00,0x03,0xff,0x84,0x10,0x00,0x00,0x05,0xdf,0xff,
0xd9,0x40,0x00,0x00,0x47,0xae,0xff,0x80,0x00,0x00,0x00,0x05,0xff,0x40,0x00,0x00,0x00,0x09,0xf8,0x00,
0x00,0x00,0x00,0x9f,0x86,0x50,0x00,0x00,0x3e,0xf4,0x9f,0xeb,0x99,0xcf,0xfa,0x02,0x6a,0xde,0xff,0xb5,
0x00,0x00,0x00,0x07,0xc0,0x00,0x00,0x00,0x20,0x4f,0x30,0x00,0x00,0x0c,0xff,0xc1,0x00,0x00,0x00,0x02,
0x20,0x00,0x00,0x04,0xbe,0xfe,0xc7,0x06,0xfe,0x98,0x9b,0xd0,0xcf,0x20,0x00,0x01,0x0c,0xf1,0x00,0x00,
0x00,0x6f,0xe9,0x51,0x00,0x00,0x5c,0xff,0xfc,0x30,0x00,0x01,0x49,0xfe,0x20,0x00,0x00,0x08,0xf6,0x40,
0x00,0x00,0x9f,0x5e,0xea,0x88,0xbf,0xc1,0x6a,0xdf,0xfd,0x71,0x00,0x00,0x09,0xa0,0x00,0x00,0x20,0x6f,
0x10,0x00,0x0e,0xff,0xb0,0x00,0x00,0x12,0x10,0x00,0x00,0x00,0x37,0x00,0x27,0x10,0x00,0x00,0xca,0x2d,
0x80,0x00,0x00,0x01,0xdf,0xa0,0x00,0x00,0x00,0x00,0x00,0x00,0x00,0x00,0x00,0x00,0x00,0x00,0x00,0x06,
0xce,0xfe,0xc9,0x40,0x0b,0xfe,0xb9,0xad,0xfb,0x06,0xfc,0x10,0x00,0x02,0x50,0xaf,0x60,0x00,0x00,0x00,
0x09,0xf7,0x00,0x00,0x00,0x00,0x3f,0xf8,0x41,0x00,0x00,0x00,0x5d,0xff,0xfd,0x94,0x00,0x00,0x04,0x7a,
0xef,0xf8,0x00,0x00,0x00,0x00,0x5f,0xf4,0x00,0x00,0x00,0x00,0x9f,0x80,0x00,0x00,0x00,0x09,0xf8,0x65,
0x00,0x00,0x03,0xef,0x49,0xfe,0xb9,0x9c,0xff,0xa0,0x26,0xad,0xef,0xdb,0x50,0x00,0x05,0xe2,0x03,0xe3,
0x00,0x0a,0xc2,0xd8,0x00,0x00,0x1e,0xec,0x00,0x00,0x00,0x48,0x20,0x00,0x00,0x00,0x00,0x00,0x00,0x4b,
0xef,0xec,0x70,0x6f,0xe9,0x89,0xbd,0x0c,0xf2,0x00,0x00,0x10,0xcf,0x10,0x00,0x00,0x06,0xfe,0x95,0x10,
0x00,0x05,0xcf,0xff,0xc3,0x00,0x00,0x14,0x9f,0xe2,0x00,0x00,0x00,0x8f,0x64,0x00,0x00,0x09,0xf5,0xee,
0xa8,0x8b,0xfc,0x16,0xad,0xee,0xc7,0x10,0x1f,0xff,0xff,0xff,0xff,0xff,0xf4,0x19,0x99,0x99,0xef,0xa9,
0x99,0x93,0x00,0x00,0x00,0xdf,0x10,0x00,0x00,0x00,0x00,0x00,0xdf,0x10,0x00,0x00,0x00,0x00,0x00,0xdf,
0x10,0x00,0x00,0x00,0x00,0x00,0xdf,0x10,0x00,0x00,0x00,0x00,0x00,0xdf,0x10,0x00,0x00,0x00,0x00,0x00,
0xdf,0x10,0x00,0x00,0x00,0x00,0x00,0xdf,0x10,0x00,0x00,0x00,0x00,0x00,0xdf,0x10,0x00,0x00,0x00,0x00,
0x00,0xdf,0x10,0x00,0x00,0x00,0x00,0x00,0xdf,0x10,0x00,0x00,0x00,0x00,0x00,0xdf,0x10,0x00,0x00,0x00,
0x00,0x00,0xdf,0x10,0x00,0x00,0x00,0x00,0x00,0x4d,0x10,0x00,0x00,0x00,0x00,0x00,0x0d,0x70,0x00,0x00,
0x00,0x00,0x11,0x1d,0x90,0x00,0x00,0x00,0x00,0x6f,0xfe,0x40,0x00,0x00,0x00,0x00,0x02,0x20,0x00,0x00,
0x00,0x02,0xfa,0x00,0x00,0x02,0xfa,0x00,0x00,0x02,0xfa,0x00,0x00,0x7f,0xff,0xff,0xf5,0x37,0xfc,0x55,
0x52,0x02,0xfa,0x00,0x00,0x02,0xfa,0x00,0x00,0x02,0xfa,0x00,0x00,0x02,0xfa,0x00,0x00,0x02,0xfa,0x00,
0x00,0x02,0xfa,0x00,0x00,0x01,0xfc,0x00,0x00,0x00,0xcf,0xa7,0x73,0x00,0x2b,0xef,0xf5,0x00,0x00,0x6d,
0x00,0x00,0x00,0x0e,0x60,0x00,0x21,0x1e,0x80,0x00,0x7f,0xfe,0x30,0x00,0x02,0x20,0x00,0x00,0x00,0x7d,
0x20,0xba,0x00,0x00,0x00,0x00,0x09,0xdb,0xc1,0x00,0x00,0x00,0x00,0x00,0x78,0x20,0x00,0x00,0x00,0x00,
0x00,0x00,0x00,0x00,0x00,0x1f,0xff,0xff,0xff,0xff,0xff,0xf4,0x19,0x99,0x99,0xef,0xa9,0x99,0x93,0x00,
0x00,0x00,0xdf,0x10,0x00,0x00,0x00,0x00,0x00,0xdf,0x10,0x00,0x00,0x00,0x00,0x00,0xdf,0x10,0x00,0x00,
0x00,0x00,0x00,0xdf,0x10,0x00,0x00,0x00,0x00,0x00,0xdf,0x10,0x00,0x00,0x00,0x00,0x00,0xdf,0x10,0x00,
0x00,0x00,0x00,0x00,0xdf,0x10,0x00,0x00,0x00,0x00,0x00,0xdf,0x10,0x00,0x00,0x00,0x00,0x00,0xdf,0x10,
0x00,0x00,0x00,0x00,0x00,0xdf,0x10,0x00,0x00,0x00,0x00,0x00,0xdf,0x10,0x00,0x00,0x00,0x00,0x00,0xdf,
0x10,0x00,0x00,0x00,0x00,0x09,0xf5,0x00,0x00,0x0b,0xe1,0x02,0xc8,0x0e,0xa0,0x02,0xfa,0x19,0x40,0x02,
0xfa,0x00,0x00,0x7f,0xff,0xff,0xf5,0x37,0xfc,0x55,0x52,0x02,0xfa,0x00,0x00,0x02,0xfa,0x00,0x00,0x02,
0xfa,0x00,0x00,0x02,0xfa,0x00,0x00,0x02,0xfa,0x00,0x00,0x02,0xfa,0x00,0x00,0x01,0xfc,0x00,0x00,0x00,
0xcf,0xa7,0x73,0x00,0x2b,0xef,0xf5,0x1f,0xff,0xff,0xff,0xff,0xff,0xf4,0x19,0x99,0x99,0xef,0xa9,0x99,
0x93,0x00,0x00,0x00,0xdf,0x10,0x00,0x00,0x00,0x00,0x00,0xdf,0x10,0x00,0x00,0x00,0x00,0x00,0xdf,0x10,
0x00,0x00,0x00,0x00,0x00,0xdf,0x10,0x00,0x00,0x00,0x00,0x00,0xdf,0x10,0x00,0x00,0x00,0x07,0xff,0xff,
0xff,0xa0,0x00,0x00,0x04,0x99,0xef,0xa9,0x60,0x00,0x00,0x00,0x00,0xdf,0x10,0x00,0x00,0x00,0x00,0x00,
0xdf,0x10,0x00,0x00,0x00,0x00,0x00,0xdf,0x10,0x00,0x00,0x00,0x00,0x00,0xdf,0x10,0x00,0x00,0x00,0x00,
0x00,0xdf,0x10,0x00,0x00,0x02,0xfa,0x00,0x00,0x02,0xfa,0x00,0x00,0x02,0xfa,0x00,0x00,0x7f,0xff,0xff,
0xf5,0x37,0xfc,0x55,0x52,0x02,0xfa,0x00,0x00,0x13,0xfa,0x11,0x10,0x7f,0xff,0xff,0xf5,0x26,0xfb,0x44,
0x41,0x02,0xfa,0x00,0x00,0x02,0xfa,0x00,0x00,0x01,0xfc,0x00,0x00,0x00,0xcf,0xa7,0x73,0x00,0x2b,0xef,
0xf5,0x00,0x00,0x00,0x00,0x10,0x00,0x00,0x05,0xee,0x93,0xd7,0x00,0x00,0x0c,0x94,0xbf,0xc1,0x00,0x00,
0x01,0x00,0x00,0x00,0x00,0x00,0x00,0x00,0x00,0x00,0x00,0x4f,0xb0,0x00,0x00,0x01,0xfe,0x4f,0xb0,0x00,
0x00,0x01,0xfe,0x4f,0xb0,0x00,0x00,0x01,0xfe,0x4f,0xb0,0x00,0x00,0x01,0xfe,0x4f,0xb0,0x00,0x00,0x01,
0xfe,0x4f,0xb0,0x00,0x00,0x01,0xfe,0x4f,0xb0,0x00,0x00,0x01,0xfe,0x4f,0xb0,0x00,0x00,0x01,0xfe,0x4f,
0xb0,0x00,0x00,0x01,0xfe,0x3f,0xc0,0x00,0x00,0x03,0xfd,0x1f,0xf1,0x00,0x00,0x06,0xfa,0x0a,0xfa,0x00,
0x00,0x2d,0xf4,0x01,0xdf,0xda,0x9b,0xff,0x80,0x00,0x17,0xce,0xfe,0xb5,0x00,0x00,0x2b,0xb2,0x0a,0x60,
0x00,0xab,0xae,0x7e,0x40,0x00,0xb4,0x07,0xc8,0x00,0x00,0x00,0x00,0x00,0x00,0x00,0x00,0x00,0x00,0x00,
0x4f,0x80,0x00,0x00,0xed,0x4f,0x80,0x00,0x00,0xed,0x4f,0x80,0x00,0x00,0xed,0x4f,0x80,0x00,0x00,0xed,
0x4f,0x80,0x00,0x00,0xed,0x4f,0x80,0x00,0x00,0xed,0x4f,0x80,0x00,0x00,0xfd,0x3f,0x90,0x00,0x03,0xfd,
0x1f,0xe1,0x00,0x1c,0xfd,0x08,0xfe,0x99,0xeb,0xed,0x00,0x8d,0xfd,0x80,0xed,0x00,0x01,0x22,0x22,0x20,
0x00,0x00,0x09,0xff,0xff,0xf4,0x00,0x00,0x03,0x44,0x44,0x41,0x00,0x00,0x00,0x00,0x00,0x00,0x00,0x00,
0x00,0x00,0x00,0x00,0x00,0x4f,0xb0,0x00,0x00,0x01,0xfe,0x4f,0xb0,0x00,0x00,0x01,0xfe,0x4f,0xb0,0x00,
0x00,0x01,0xfe,0x4f,0xb0,0x00,0x00,0x01,0xfe,0x4f,0xb0,0x00,0x00,0x01,0xfe,0x4f,0xb0,0x00,0x00,0x01,
0xfe,0x4f,0xb0,0x00,0x00,0x01,0xfe,0x4f,0xb0,0x00,0x00,0x01,0xfe,0x4f,0xb0,0x00,0x00,0x01,0xfe,0x3f,
0xc0,0x00,0x00,0x03,0xfd,0x1f,0xf1,0x00,0x00,0x06,0xfa,0x0a,0xfa,0x00,0x00,0x2d,0xf4,0x01,0xdf,0xda,
0x9b,0xff,0x80,0x00,0x17,0xce,0xfe,0xb5,0x00,0x00,0xaf,0xff,0xff,0x30,0x00,0x46,0x66,0x66,0x10,0x00,
0x00,0x00,0x00,0x00,0x00,0x00,0x00,0x00,0x00,0x4f,0x80,0x00,0x00,0xed,0x4f,0x80,0x00,0x00,0xed,0x4f,
0x80,0x00,0x00,0xed,0x4f,0x80,0x00,0x00,0xed,0x4f,0x80,0x00,0x00,0xed,0x4f,0x80,0x00,0x00,0xed,0x4f,
0x80,0x00,0x00,0xfd,0x3f,0x90,0x00,0x03,0xfd,0x1f,0xe1,0x00,0x1c,0xfd,0x08,0xfe,0x99,0xeb,0xed,0x00,
0x8d,0xfd,0x80,0xed,0x00,0x05,0x40,0x00,0x62,0x00,0x00,0x07,0xd3,0x16,0xf2,0x00,0x00,0x01,0xbf,0xff,
0x70,0x00,0x00,0x00,0x02,0x31,0x00,0x00,0x00,0x00,0x00,0x00,0x00,0x00,0x4f,0xb0,0x00,0x00,0x01,0xfe,
0x4f,0xb0,0x00,0x00,0x01,0xfe,0x4f,0xb0,0x00,0x00,0x01,0xfe,0x4f,0xb0,0x00,0x00,0x01,0xfe,0x4f,0xb0,
0x00,0x00,0x01,0xfe,0x4f,0xb0,0x00,0x00,0x01,0xfe,0x4f,0xb0,0x00,0x00,0x01,0xfe,0x4f,0xb0,0x00,0x00,
0x01,0xfe,0x4f,0xb0,0x00,0x00,0x01,0xfe,0x3f,0xc0,0x00,0x00,0x03,0xfd,0x1f,0xf1,0x00,0x00,0x06,0xfa,
0x0a,0xfa,0x00,0x00,0x2d,0xf4,0x01,0xdf,0xda,0x9b,0xff,0x80,0x00,0x17,0xce,0xfe,0xb5,0x00,0x00,0x53,
0x00,0x07,0x20,0x00,0x8c,0x21,0x6f,0x20,0x00,0x1c,0xff,0xf7,0x00,0x00,0x00,0x34,0x20,0x00,0x00,0x00,
0x00,0x00,0x00,0x4f,0x80,0x00,0x00,0xed,0x4f,0x80,0x00,0x00,0xed,0x4f,0x80,0x00,0x00,0xed,0x4f,0x80,
0x00,0x00,0xed,0x4f,0x80,0x00,0x00,0xed,0x4f,0x80,0x00,0x00,0xed,0x4f,0x80,0x00,0x00,0xfd,0x3f,0x90,
0x00,0x03,0xfd,0x1f,0xe1,0x00,0x1c,0xfd,0x08,0xfe,0x99,0xeb,0xed,0x00,0x8d,0xfd,0x80,0xed,0x00,0x00,
0x3c,0xe9,0x10,0x00,0x00,0x00,0xd9,0x4c,0x80,0x00,0x00,0x03,0xe0,0x04,0xe0,0x00,0x00,0x04,0xe0,0x04,
0xe0,0x00,0x00,0x01,0xe6,0x1b,0xb0,0x00,0x4f,0xb0,0x6f,0xfe,0x21,0xfe,0x4f,0xb0,0x02,0x41,0x01,0xfe,
0x4f,0xb0,0x00,0x00,0x01,0xfe,0x4f,0xb0,0x00,0x00,0x01,0xfe,0x4f,0xb0,0x00,0x00,0x01,0xfe,0x4f,0xb0,
0x00,0x00,0x01,0xfe,0x4f,0xb0,0x00,0x00,0x01,0xfe,0x4f,0xb0,0x00,0x00,0x01,0xfe,0x4f,0xb0,0x00,0x00,
0x01,0xfe,0x3f,0xc0,0x00,0x00,0x03,0xfd,0x1f,0xf1,0x00,0x00,0x06,0xfa,0x0a,0xfa,0x00,0x00,0x2d,0xf4,
0x01,0xdf,0xda,0x9b,0xff,0x80,0x00,0x17,0xce,0xfe,0xb5,0x00,0x00,0x00,0x12,0x00,0x00,0x00,0x08,0xff,
0xc2,0x00,0x00,0x4e,0x41,0xba,0x00,0x00,0x6c,0x00,0x5d,0x00,0x00,0x3f,0x63,0xc9,0x00,0x00,0x05,0xde,
0xa1,0x00,0x00,0x00,0x00,0x00,0x00,0x4f,0x80,0x00,0x00,0xed,0x4f,0x80,0x00,0x00,0xed,0x4f,0x80,0x00,
0x00,0xed,0x4f,0x80,0x00,0x00,0xed,0x4f,0x80,0x00,0x00,0xed,0x4f,0x80,0x00,0x00,0xed,0x4f,0x80,0x00,
0x00,0xfd,0x3f,0x90,0x00,0x03,0xfd,0x1f,0xe1,0x00,0x1c,0xfd,0x08,0xfe,0x99,0xeb,0xed,0x00,0x8d,0xfd,
0x80,0xed,0x00,0x00,0x06,0x81,0x48,0x30,0x00,0x00,0x4f,0x62,0xea,0x00,0x00,0x02,0xe8,0x0b,0xb0,0x00,
0x00,0x00,0x00,0x00,0x00,0x00,0x00,0x00,0x00,0x00,0x00,0x00,0x4f,0xb0,0x00,0x00,0x01,0xfe,0x4f,0xb0,
0x00,0x00,0x01,0xfe,0x4f,0xb0,0x00,0x00,0x01,0xfe,0x4f,0xb0,0x00,0x00,0x01,0xfe,0x4f,0xb0,0x00,0x00,
0x01,0xfe,0x4f,0xb0,0x00,0x00,0x01,0xfe,0x4f,0xb0,0x00,0x00,0x01,0xfe,0x4f,0xb0,0x00,0x00,0x01,0xfe,
0x4f,0xb0,0x00,0x00,0x01,0xfe,0x3f,0xc0,0x00,0x00,0x03,0xfd,0x1f,0xf1,0x00,0x00,0x06,0xfa,0x0a,0xfa,
0x00,0x00,0x2d,0xf4,0x01,0xdf,0xda,0x9b,0xff,0x80,0x00,0x17,0xce,0xfe,0xb5,0x00,0x00,0x00,0x5f,0x42,
0xf9,0x00,0x00,0xda,0x0a,0xd1,0x00,0x06,0xe2,0x3f,0x40,0x00,0x07,0x50,0x66,0x00,0x00,0x00,0x00,0x00,
0x00,0x4f,0x80,0x00,0x00,0xed,0x4f,0x80,0x00,0x00,0xed,0x4f,0x80,0x00,0x00,0xed,0x4f,0x80,0x00,0x00,
0xed,0x4f,0x80,0x00,0x00,0xed,0x4f,0x80,0x00,0x00,0xed,0x4f,0x80,0x00,0x00,0xfd,0x3f,0x90,0x00,0x03,
0xfd,0x1f,0xe1,0x00,0x1c,0xfd,0x08,0xfe,0x99,0xeb,0xed,0x00,0x8d,0xfd,0x80,0xed,0x4f,0xb0,0x00,0x00,
0x01,0xfe,0x4f,0xb0,0x00,0x00,0x01,0xfe,0x4f,0xb0,0x00,0x00,0x01,0xfe,0x4f,0xb0,0x00,0x00,0x01,0xfe,
0x4f,0xb0,0x00,0x00,0x01,0xfe,0x4f,0xb0,0x00,0x00,0x01,0xfe,0x4f,0xb0,0x00,0x00,0x01,0xfe,0x4f,0xb0,
0x00,0x00,0x01,0xfe,0x4f,0xb0,0x00,0x00,0x01,0xfe,0x3f,0xc0,0x00,0x00,0x03,0xfd,0x1f,0xf1,0x00,0x00,
0x06,0xfa,0x0a,0xfa,0x00,0x00,0x2d,0xf4,0x01,0xdf,0xda,0x9b,0xff,0x80,0x00,0x17,0xcf,0xfe,0xb5,0x00,
0x00,0x00,0x0d,0x50,0x00,0x00,0x00,0x00,0x4f,0x31,0x10,0x00,0x00,0x00,0x1d,0xff,0x50,0x00,0x00,0x00,
0x00,0x22,0x00,0x00,0x4f,0x80,0x00,0x00,0xed,0x00,0x4f,0x80,0x00,0x00,0xed,0x00,0x4f,0x80,0x00,0x00,
0xed,0x00,0x4f,0x80,0x00,0x00,0xed,0x00,0x4f,0x80,0x00,0x00,0xed,0x00,0x4f,0x80,0x00,0x00,0xed,0x00,
0x4f,0x80,0x00,0x00,0xfd,0x00,0x3f,0x90,0x00,0x03,0xfd,0x00,0x1f,0xe1,0x00,0x1c,0xfd,0x00,0x08,0xfe,
0x99,0xeb,0xed,0x00,0x00,0x8d,0xfd,0x80,0xed,0x00,0x00,0x00,0x00,0x00,0xb6,0x00,0x00,0x00,0x00,0x04,
0xf2,0x11,0x00,0x00,0x00,0x02,0xef,0xf4,0x00,0x00,0x00,0x00,0x02,0x20,0x00,0x00,0x00,0x00,0x28,0x70,
0x00,0x00,0x00,0x00,0x00,0x00,0x00,0x01,0xcb,0xda,0x00,0x00,0x00,0x00,0x00,0x00,0x00,0x0a,0xb0,0x2d,
0x70,0x00,0x00,0x00,0x00,0x00,0x00,0x00,0x00,0x00,0x00,0x00,0x00,0x00,0x00,0x00,0x00,0x00,0x00,0x00,
0x00,0x00,0x00,0x00,0x3f,0xc0,0x00,0x00,0x5f,0xf2,0x00,0x00,0x1f,0xe0,0x0e,0xf1,0x00,0x00,0x9f,0xf6,
0x00,0x00,0x4f,0xb0,0x0a,0xf5,0x00,0x00,0xdb,0xea,0x00,0x00,0x8f,0x70,0x06,0xf8,0x00,0x02,0xf7,0xae,
0x00,0x00,0xcf,0x30,0x02,0xfc,0x00,0x06,0xf3,0x6f,0x20,0x01,0xfe,0x00,0x00,0xdf,0x10,0x0a,0xe0,0x3f,
0x60,0x05,0xfa,0x00,0x00,0xaf,0x50,0x0e,0xb0,0x0e,0xa0,0x08,0xf6,0x00,0x00,0x6f,0x90,0x2f,0x70,0x0a,
0xe0,0x0c,0xf2,0x00,0x00,0x2f,0xd0,0x6f,0x30,0x06,0xf3,0x1f,0xd0,0x00,0x00,0x0d,0xf2,0xae,0x00,0x02,
0xf7,0x5f,0x90,0x00,0x00,0x09,0xf6,0xea,0x00,0x00,0xeb,0x9f,0x60,0x00,0x00,0x05,0xfc,0xf7,0x00,0x00,
0xae,0xdf,0x20,0x00,0x00,0x01,0xff,0xf3,0x00,0x00,0x6f,0xfd,0x00,0x00,0x00,0x00,0xcf,0xe0,0x00,0x00,
0x2f,0xf9,0x00,0x00,0x00,0x00,0x00,0x0c,0xf3,0x00,0x00,0x00,0x00,0x00,0x00,0x7e,0xcc,0x00,0x00,0x00,
0x00,0x00,0x01,0xe6,0x2e,0x60,0x00,0x00,0x00,0x00,0x0a,0xb0,0x06,0xe1,0x00,0x00,0x00,0x00,0x00,0x00,
0x00,0x00,0x00,0x00,0x1f,0xc0,0x00,0x1f,0xf5,0x00,0x06,0xf6,0x0c,0xf1,0x00,0x4f,0xf9,0x00,0x0a,0xf2,
0x08,0xf4,0x00,0x8f,0xbd,0x00,0x0e,0xd0,0x04,0xf8,0x00,0xcc,0x6f,0x20,0x3f,0x90,0x00,0xec,0x01,0xf8,
0x2f,0x60,0x7f,0x50,0x00,0xbf,0x15,0xf4,0x0d,0xa0,0xbf,0x10,0x00,0x7f,0x59,0xf0,0x0a,0xe0,0xec,0x00,
0x00,0x3f,0x9c,0xb0,0x06,0xf7,0xf8,0x00,0x00,0x0e,0xef,0x70,0x02,0xfe,0xf5,0x00,0x00,0x0a,0xff,0x30,
0x00,0xdf,0xf1,0x00,0x00,0x06,0xfe,0x00,0x00,0x9f,0xc0,0x00,0x00,0x00,0x00,0x78,0x20,0x00,0x00,0x00,
0x00,0x09,0xdb,0xc1,0x00,0x00,0x00,0x00,0x7d,0x20,0xba,0x00,0x00,0x00,0x00,0x00,0x00,0x00,0x00,0x00,
0x00,0x00,0x00,0x00,0x00,0x00,0x00,0x0a,0xf6,0x00,0x00,0x00,0x3f,0xd1,0x01,0xef,0x20,0x00,0x01,0xdf,
0x30,0x00,0x4f,0xc0,0x00,0x09,0xf7,0x00,0x00,0x09,0xf8,0x00,0x5f,0xc0,0x00,0x00,0x01,0xdf,0x41,0xee,
0x20,0x00,0x00,0x00,0x3f,0xdb,0xf6,0x00,0x00,0x00,0x00,0x07,0xff,0xa0,0x00,0x00,0x00,0x00,0x00,0xef,
0x20,0x00,0x00,0x00,0x00,0x00,0xdf,0x10,0x00,0x00,0x00,0x00,0x00,0xdf,0x10,0x00,0x00,0x00,0x00,0x00,
0xdf,0x10,0x00,0x00,0x00,0x00,0x00,0xdf,0x10,0x00,0x00,0x00,0x00,0x00,0xdf,0x10,0x00,0x00,0x00,0x00,
0x00,0xdf,0x10,0x00,0x00,0x00,0x00,0x3f,0xe1,0x00,0x00,0x00,0x00,0xcb,0xca,0x00,0x00,0x00,0x08,0xd1,
0x2e,0x50,0x00,0x00,0x07,0x30,0x04,0x60,0x00,0x00,0x00,0x00,0x00,0x00,0x00,0x3f,0xa0,0x00,0x00,0x0d,
0xe1,0x0c,0xf2,0x00,0x00,0x4f,0x90,0x06,0xf8,0x00,0x00,0xaf,0x30,0x01,0xed,0x00,0x01,0xfc,0x00,0x00,
0x8f,0x50,0x07,0xf6,0x00,0x00,0x2f,0xb0,0x0d,0xe1,0x00,0x00,0x0b,0xf2,0x4f,0x90,0x00,0x00,0x05,0xf8,
0xaf,0x30,0x00,0x00,0x00,0xde,0xfc,0x00,0x00,0x00,0x00,0x7f,0xf6,0x00,0x00,0x00,0x00,0x2f,0xe1,0x00,
0x00,0x00,0x00,0x4f,0x90,0x00,0x00,0x00,0x00,0xbf,0x30,0x00,0x00,0x03,0x7a,0xfa,0x00,0x00,0x00,0x06,
0xfe,0xa1,0x00,0x00,0x00,0x00,0x00,0xbe,0x30,0xee,0x00,0x00,0x00,0x00,0xcf,0x30,0xef,0x00,0x00,0x00,
0x00,0x00,0x00,0x00,0x00,0x00,0x00,0x00,0x00,0x00,0x00,0x00,0x00,0x0a,0xf6,0x00,0x00,0x00,0x3f,0xd1,
0x01,0xef,0x20,0x00,0x01,0xdf,0x30,0x00,0x4f,0xc0,0x00,0x09,0xf7,0x00,0x00,0x09,0xf8,0x00,0x5f,0xc0,
0x00,0x00,0x01,0xdf,0x41,0xee,0x20,0x00,0x00,0x00,0x3f,0xdb,0xf6,0x00,0x00,0x00,0x00,0x07,0xff,0xa0,
0x00,0x00,0x00,0x00,0x00,0xef,0x20,0x00,0x00,0x00,0x00,0x00,0xdf,0x10,0x00,0x00,0x00,0x00,0x00,0xdf,
0x10,0x00,0x00,0x00,0x00,0x00,0xdf,0x10,0x00,0x00,0x00,0x00,0x00,0xdf,0x10,0x00,0x00,0x00,0x00,0x00,
0xdf,0x10,0x00,0x00,0x00,0x00,0x00,0xdf,0x10,0x00,0x00,0x00,0x00,0x00,0x6f,0x50,0x00,0x00,0x00,0x00,
0x3f,0x70,0x00,0x00,0x00,0x00,0x05,0x60,0x00,0x00,0x00,0x00,0x00,0x00,0x00,0x00,0x00,0x0d,0xff,0xff,
0xff,0xff,0xff,0x90,0x89,0x99,0x99,0x99,0xaf,0xf7,0x00,0x00,0x00,0x00,0x09,0xfa,0x00,0x00,0x00,0x00,
0x07,0xfc,0x10,0x00,0x00,0x00,0x05,0xfe,0x20,0x00,0x00,0x00,0x03,0xee,0x30,0x00,0x00,0x00,0x02,0xdf,
0x50,0x00,0x00,0x00,0x01,0xcf,0x70,0x00,0x00,0x00,0x00,0xaf,0xa0,0x00,0x00,0x00,0x00,0x8f,0xb0,0x00,
0x00,0x00,0x00,0x6f,0xd1,0x00,0x00,0x00,0x00,0x4f,0xe2,0x00,0x00,0x00,0x00,0x1e,0xfc,0x99,0x99,0x99,
0x99,0x71,0xff,0xff,0xff,0xff,0xff,0xfc,0x00,0x00,0x00,0x5f,0x80,0x00,0x00,0x01,0xeb,0x00,0x00,0x00,
0x0b,0xd1,0x00,0x00,0x00,0x6f,0x30,0x00,0x00,0x00,0x00,0x00,0x00,0x0d,0xff,0xff,0xff,0xfa,0x05,0x66,
0x66,0x6c,0xf9,0x00,0x00,0x00,0x5f,0xc1,0x00,0x00,0x03,0xee,0x20,0x00,0x00,0x2d,0xf3,0x00,0x00,0x01,
0xcf,0x50,0x00,0x00,0x0a,0xf7,0x00,0x00,0x00,0x8f,0xa0,0x00,0x00,0x06,0xfc,0x00,0x00,0x00,0x1f,0xf7,
0x66,0x66,0x64,0x2f,0xff,0xff,0xff,0xfa,0x00,0x00,0x02,0xfd,0x00,0x00,0x00,0x00,0x00,0x2f,0xd0,0x00,
0x00,0x00,0x00,0x00,0x00,0x00,0x00,0x00,0x00,0x00,0x00,0x00,0x00,0x00,0x0d,0xff,0xff,0xff,0xff,0xff,
0x90,0x89,0x99,0x99,0x99,0xaf,0xf7,0x00,0x00,0x00,0x00,0x09,0xfa,0x00,0x00,0x00,0x00,0x07,0xfc,0x10,
0x00,0x00,0x00,0x05,0xfe,0x20,0x00,0x00,0x00,0x03,0xee,0x30,0x00,0x00,0x00,0x02,0xdf,0x50,0x00,0x00,
0x00,0x01,0xcf,0x70,0x00,0x00,0x00,0x00,0xaf,0xa0,0x00,0x00,0x00,0x00,0x8f,0xb0,0x00,0x00,0x00,0x00,
0x6f,0xd1,0x00,0x00,0x00,0x00,0x4f,0xe2,0x00,0x00,0x00,0x00,0x1e,0xfc,0x99,0x99,0x99,0x99,0x71,0xff,
0xff,0xff,0xff,0xff,0xfc,0x00,0x00,0xaf,0x20,0x00,0x00,0x00,0xaf,0x20,0x00,0x00,0x00,0x24,0x00,0x00,
0x00,0x00,0x00,0x00,0x00,0x0d,0xff,0xff,0xff,0xfa,0x05,0x66,0x66,0x6c,0xf9,0x00,0x00,0x00,0x5f,0xc1,
0x00,0x00,0x03,0xee,0x20,0x00,0x00,0x2d,0xf3,0x00,0x00,0x01,0xcf,0x50,0x00,0x00,0x0a,0xf7,0x00,0x00,
0x00,0x8f,0xa0,0x00,0x00,0x06,0xfc,0x00,0x00,0x00,0x1f,0xf7,0x66,0x66,0x64,0x2f,0xff,0xff,0xff,0xfa,
0x00,0x00,0xba,0x02,0xd6,0x00,0x00,0x00,0x01,0xda,0xd9,0x00,0x00,0x00,0x00,0x02,0x87,0x00,0x00,0x00,
0x00,0x00,0x00,0x00,0x00,0x00,0x0d,0xff,0xff,0xff,0xff,0xff,0x90,0x89,0x99,0x99,0x99,0xaf,0xf7,0x00,
0x00,0x00,0x00,0x09,0xfa,0x00,0x00,0x00,0x00,0x07,0xfc,0x10,0x00,0x00,0x00,0x05,0xfe,0x20,0x00,0x00,
0x00,0x03,0xee,0x30,0x00,0x00,0x00,0x02,0xdf,0x50,0x00,0x00,0x00,0x01,0xcf,0x70,0x00,0x00,0x00,0x00,
0xaf,0xa0,0x00,0x00,0x00,0x00,0x8f,0xb0,0x00,0x00,0x00,0x00,0x6f,0xd1,0x00,0x00,0x00,0x00,0x4f,0xe2,
0x00,0x00,0x00,0x00,0x1e,0xfc,0x99,0x99,0x99,0x99,0x71,0xff,0xff,0xff,0xff,0xff,0xfc,0x00,0x55,0x00,
0x17,0x20,0x00,0x3f,0x40,0xba,0x00,0x00,0x07,0xe9,0xe1,0x00,0x00,0x00,0xcf,0x50,0x00,0x00,0x00,0x00,
0x00,0x00,0x0d,0xff,0xff,0xff,0xfa,0x05,0x66,0x66,0x6c,0xf9,0x00,0x00,0x00,0x5f,0xc1,0x00,0x00,0x03,
0xee,0x20,0x00,0x00,0x2d,0xf3,0x00,0x00,0x01,0xcf,0x50,0x00,0x00,0x0a,0xf7,0x00,0x00,0x00,0x8f,0xa0,
0x00,0x00,0x06,0xfc,0x00,0x00,0x00,0x1f,0xf7,0x66,0x66,0x64,0x2f,0xff,0xff,0xff,0xfa,0x00,0x07,0xdf,
0xf6,0x00,0x6f,0xc7,0x73,0x00,0xbf,0x10,0x00,0x00,0xcf,0x00,0x00,0x8f,0xff,0x00,0x00,0x35,0xdf,0x00,
0x00,0x00,0xcf,0x00,0x00,0x00,0xcf,0x00,0x00,0x00,0xcf,0x00,0x00,0x00,0xcf,0x00,0x00,0x00,0xcf,0x00,
0x00,0x00,0xcf,0x00,0x00,0x00,0xcf,0x00,0x00,0x00,0xcf,0x00,0x00,0x00,0xcf,0x00,0x00,0x00,0x00,0x07,
0xdf,0xf6,0x00,0x00,0x6f,0xc7,0x73,0x00,0x00,0xbf,0x10,0x00,0x00,0x00,0xcf,0x00,0x00,0x00,0x8f,0xff,
0xff,0xe0,0x00,0x35,0xdf,0x55,0x50,0x00,0x00,0xcf,0x00,0x00,0x00,0x00,0xcf,0x00,0x00,0x00,0x00,0xcf,
0x00,0x00,0x00,0x00,0xcf,0x00,0x00,0x00,0x00,0xcf,0x00,0x00,0x00,0x00,0xcf,0x00,0x00,0x00,0x00,0xcf,
0x00,0x00,0x00,0x00,0xcf,0x00,0x00,0x00,0x00,0xcf,0x00,0x00,0x00,0x00,0xdf,0x00,0x00,0x00,0x00,0xed,
0x00,0x00,0x27,0x7b,0xf8,0x00,0x00,0x4f,0xfd,0x80,0x00,0x00,0x00,0x6c,0xef,0xec,0x94,0x00,0xbf,0xeb,
0x9a,0xdf,0xb0,0x6f,0xc1,0x00,0x00,0x25,0x0a,0xf6,0x00,0x00,0x00,0x00,0x9f,0x70,0x00,0x00,0x00,0x03,
0xff,0x84,0x10,0x00,0x00,0x05,0xdf,0xff,0xd9,0x40,0x00,0x00,0x47,0xae,0xff,0x80,0x00,0x00,0x00,0x05,
0xff,0x40,0x00,0x00,0x00,0x09,0xf8,0x00,0x00,0x00,0x00,0x9f,0x86,0x50,0x00,0x00,0x3e,0xf4,0x9f,0xeb,
0x99,0xcf,0xfa,0x02,0x6a,0xde,0xfd,0xb5,0x00,0x00,0x00,0x00,0x00,0x00,0x00,0x00,0x0a,0xf4,0x00,0x00,
0x00,0x00,0xeb,0x00,0x00,0x00,0x00,0x3f,0x40,0x00,0x00,0x00,0x00,0x10,0x00,0x00,0x00,0x04,0xbe,0xfe,
0xc7,0x06,0xfe,0x98,0x9b,0xd0,0xcf,0x20,0x00,0x01,0x0c,0xf1,0x00,0x00,0x00,0x6f,0xe9,0x51,0x00,0x00,
0x5c,0xff,0xfc,0x30,0x00,0x01,0x49,0xfe,0x20,0x00,0x00,0x08,0xf6,0x40,0x00,0x00,0x9f,0x5e,0xea,0x88,
0xbf,0xc1,0x6a,0xde,0xec,0x71,0x00,0x00,0x00,0x00,0x00,0x00,0x06,0xf8,0x00,0x00,0x00,0x9e,0x10,0x00,
0x00,0x0d,0x80,0x00,0x00,0x00,0x10,0x00,0x00,0x1f,0xff,0xff,0xff,0xff,0xff,0xf4,0x19,0x99,0x99,0xef,
0xa9,0x99,0x93,0x00,0x00,0x00,0xdf,0x10,0x00,0x00,0x00,0x00,0x00,0xdf,0x10,0x00,0x00,0x00,0x00,0x00,
0xdf,0x10,0x00,0x00,0x00,0x00,0x00,0xdf,0x10,0x00,0x00,0x00,0x00,0x00,0xdf,0x10,0x00,0x00,0x00,0x00,
0x00,0xdf,0x10,0x00,0x00,0x00,0x00,0x00,0xdf,0x10,0x00,0x00,0x00,0x00,0x00,0xdf,0x10,0x00,0x00,0x00,
0x00,0x00,0xdf,0x10,0x00,0x00,0x00,0x00,0x00,0xdf,0x10,0x00,0x00,0x00,0x00,0x00,0xdf,0x10,0x00,0x00,
0x00,0x00,0x00,0xdf,0x10,0x00,0x00,0x00,0x00,0x00,0x00,0x00,0x00,0x00,0x00,0x00,0x00,0x11,0x00,0x00,
0x00,0x00,0x00,0x01,0xfd,0x00,0x00,0x00,0x00,0x00,0x04,0xf6,0x00,0x00,0x00,0x00,0x00,0x08,0xd0,0x00,
0x00,0x00,0x02,0xfa,0x00,0x00,0x02,0xfa,0x00,0x00,0x02,0xfa,0x00,0x00,0x7f,0xff,0xff,0xf5,0x37,0xfc,
0x55,0x52,0x02,0xfa,0x00,0x00,0x02,0xfa,0x00,0x00,0x02,0xfa,0x00,0x00,0x02,0xfa,0x00,0x00,0x02,0xfa,
0x00,0x00,0x02,0xfa,0x00,0x00,0x01,0xfc,0x00,0x00,0x00,0xcf,0xa7,0x73,0x00,0x2b,0xef,0xf5,0x00,0x00,
0x00,0x00,0x00,0x00,0x11,0x00,0x00,0x00,0xcf,0x20,0x00,0x01,0xf9,0x00,0x00,0x05,0xe1,0x00,0x00,0x07,
0x70,0x00,0x00,0x6f,0xf6,0x00,0x02,0xe6,0x6e,0x20,0x0b,0xa0,0x09,0xb0,0x07,0x30,0x03,0x70,0x06,0xe2,
0x1e,0x60,0x00,0xbb,0xbb,0x00,0x00,0x2e,0xe2,0x00,0x00,0x00,0x00,0x00,0x08,0xed,0x53,0xf2,0x2f,0x26,
0xef,0xb0,0x13,0x00,0x12,0x00,0x00,0x00,0x07,0xff,0x20,0x00,0x00,0x00,0x00,0x0d,0xff,0x80,0x00,0x00,
0x00,0x00,0x4f,0x9e,0xe0,0x00,0x00,0x00,0x00,0xaf,0x38,0xf5,0x00,0x00,0x00,0x01,0xfd,0x03,0xfb,0x00,
0x00,0x00,0x07,0xf7,0x00,0xcf,0x20,0x00,0x00,0x0d,0xf2,0x00,0x6f,0x80,0x00,0x00,0x4f,0xb0,0x00,0x1f,
0xe0,0x00,0x00,0xaf,0x50,0x00,0x0a,0xf5,0x00,0x01,0xff,0xff,0xff,0xff,0xfb,0x00,0x07,0xfc,0x99,0x99,
0x99,0xef,0x20,0x0d,0xf3,0x00,0x00,0x00,0x8f,0x80,0x4f,0xc0,0x00,0x00,0x00,0x2f,0xe0,0xaf,0x60,0x00,
0x00,0x00,0x0b,0xf5,0x0f,0xff,0xff,0xfd,0x92,0x00,0x0f,0xf9,0x99,0xad,0xfe,0x20,0x0f,0xe0,0x00,0x00,
0xaf,0x90,0x0f,0xe0,0x00,0x00,0x5f,0xa0,0x0f,0xe0,0x00,0x00,0x9f,0x70,0x0f,0xf8,0x88,0x9d,0xfa,0x10,
0x0f,0xff,0xff,0xff,0xc5,0x00,0x0f,0xe0,0x00,0x13,0xbf,0x70,0x0f,0xe0,0x00,0x00,0x1f,0xf1,0x0f,0xe0,
0x00,0x00,0x0c,0xf4,0x0f,0xe0,0x00,0x00,0x0e,0xf4,0x0f,0xe0,0x00,0x00,0x6f,0xe1,0x0f,0xf9,0x99,0xac,
0xff,0x60,0x0f,0xff,0xff,0xfd,0xa4,0x00,0x0f,0xff,0xff,0xff,0xff,0x00,0xff,0x99,0x99,0x99,0x90,0x0f,
0xe0,0x00,0x00,0x00,0x00,0xfe,0x00,0x00,0x00,0x00,0x0f,0xe0,0x00,0x00,0x00,0x00,0xfe,0x00,0x00,0x00,
0x00,0x0f,0xe0,0x00,0x00,0x00,0x00,0xfe,0x00,0x00,0x00,0x00,0x0f,0xe0,0x00,0x00,0x00,0x00,0xfe,0x00,
0x00,0x00,0x00,0x0f,0xe0,0x00,0x00,0x00,0x00,0xfe,0x00,0x00,0x00,0x00,0x0f,0xe0,0x00,0x00,0x00,0x00,
0xfe,0x00,0x00,0x00,0x00,0x00,0x00,0x07,0xff,0x20,0x00,0x00,0x00,0x00,0x0d,0xef,0x80,0x00,0x00,0x00,
0x00,0x4f,0x8c,0xe0,0x00,0x00,0x00,0x00,0xaf,0x27,0xf5,0x00,0x00,0x00,0x01,0xfb,0x01,0xfb,0x00,0x00,
0x00,0x07,0xf6,0x00,0xbf,0x20,0x00,0x00,0x0d,0xe1,0x00,0x5f,0x80,0x00,0x00,0x4f,0xa0,0x00,0x0e,0xe0,
0x00,0x00,0xaf,0x40,0x00,0x09,0xf5,0x00,0x01,0xfd,0x00,0x00,0x03,0xfb,0x00,0x07,0xf8,0x00,0x00,0x00,
0xdf,0x20,0x0d,0xf2,0x00,0x00,0x00,0x7f,0x80,0x4f,0xe9,0x99,0x99,0x99,0xbf,0xe0,0xaf,0xff,0xff,0xff,
0xff,0xff,0xf5,0x0f,0xff,0xff,0xff,0xff,0x30,0xff,0x99,0x99,0x99,0x92,0x0f,0xe0,0x00,0x00,0x00,0x00,
0xfe,0x00,0x00,0x00,0x00,0x0f,0xe0,0x00,0x00,0x00,0x00,0xff,0xaa,0xaa,0xaa,0x80,0x0f,0xff,0xff,0xff,
0xfd,0x00,0xfe,0x00,0x00,0x00,0x00,0x0f,0xe0,0x00,0x00,0x00,0x00,0xfe,0x00,0x00,0x00,0x00,0x0f,0xe0,
0x00,0x00,0x00,0x00,0xfe,0x00,0x00,0x00,0x00,0x0f,0xf9,0x99,0x99,0x99,0x30,0xff,0xff,0xff,0xff,0xf5,
0x0d,0xff,0xff,0xff,0xff,0xff,0x90,0x89,0x99,0x99,0x99,0xaf,0xf7,0x00,0x00,0x00,0x00,0x09,0xfa,0x00,
0x00,0x00,0x00,0x07,0xfc,0x10,0x00,0x00,0x00,0x05,0xfe,0x20,0x00,0x00,0x00,0x03,0xee,0x30,0x00,0x00,
0x00,0x02,0xdf,0x50,0x00,0x00,0x00,0x01,0xcf,0x70,0x00,0x00,0x00,0x00,0xaf,0xa0,0x00,0x00,0x00,0x00,
0x8f,0xb0,0x00,0x00,0x00,0x00,0x6f,0xd1,0x00,0x00,0x00,0x00,0x4f,0xe2,0x00,0x00,0x00,0x00,0x1e,0xfc,
0x99,0x99,0x99,0x99,0x71,0xff,0xff,0xff,0xff,0xff,0xfc,0x0f,0xe0,0x00,0x00,0x00,0xdf,0x10,0xfe,0x00,
0x00,0x00,0x0d,0xf1,0x0f,0xe0,0x00,0x00,0x00,0xdf,0x10,0xfe,0x00,0x00,0x00,0x0d,0xf1,0x0f,0xe0,0x00,
0x00,0x00,0xdf,0x10,0xff,0xaa,0xaa,0xaa,0xae,0xf1,0x0f,0xff,0xff,0xff,0xff,0xff,0x10,0xfe,0x00,0x00,
0x00,0x0d,0xf1,0x0f,0xe0,0x00,0x00,0x00,0xdf,0x10,0xfe,0x00,0x00,0x00,0x0d,0xf1,0x0f,0xe0,0x00,0x00,
0x00,0xdf,0x10,0xfe,0x00,0x00,0x00,0x0d,0xf1,0x0f,0xe0,0x00,0x00,0x00,0xdf,0x10,0xfe,0x00,0x00,0x00,
0x0d,0xf1,0x00,0x03,0x9d,0xfe,0xc8,0x20,0x00,0x00,0x8f,0xfc,0x9a,0xdf,0xe5,0x00,0x07,0xfd,0x30,0x00,
0x06,0xff,0x40,0x2f,0xf3,0x00,0x00,0x00,0x6f,0xd0,0x8f,0xa0,0x00,0x00,0x00,0x0d,0xf4,0xbf,0x55,0x99,
0x99,0x99,0x39,0xf7,0xdf,0x49,0xff,0xff,0xff,0x57,0xf9,0xdf,0x30,0x00,0x00,0x00,0x07,0xf9,0xbf,0x50,
0x00,0x00,0x00,0x09,0xf7,0x8f,0x90,0x00,0x00,0x00,0x0d,0xf4,0x2f,0xf3,0x00,0x00,0x00,0x6f,0xd0,0x07,
0xfd,0x30,0x00,0x05,0xff,0x40,0x00,0x8f,0xfc,0x9a,0xdf,0xe5,0x00,0x00,0x03,0x9d,0xfe,0xc8,0x20,0x00,
0x0f,0xe0,0xfe,0x0f,0xe0,0xfe,0x0f,0xe0,0xfe,0x0f,0xe0,0xfe,0x0f,0xe0,0xfe,0x0f,0xe0,0xfe,0x0f,0xe0,
0xfe,0x0f,0xe0,0x00,0x00,0x3d,0xf7,0x00,0xfe,0x00,0x00,0x4e,0xf6,0x00,0x0f,0xe0,0x00,0x5f,0xe4,0x00,
0x00,0xfe,0x00,0x6f,0xe3,0x00,0x00,0x0f,0xe0,0x7f,0xd2,0x00,0x00,0x00,0xfe,0x9f,0xc2,0x00,0x00,0x00,
0x0f,0xff,0xe1,0x00,0x00,0x00,0x00,0xfe,0xbf,0xb1,0x00,0x00,0x00,0x0f,0xe1,0xbf,0xc1,0x00,0x00,0x00,
0xfe,0x00,0xbf,0xc1,0x00,0x00,0x0f,0xe0,0x00,0xaf,0xc1,0x00,0x00,0xfe,0x00,0x00,0xaf,0xd1,0x00,0x0f,
0xe0,0x00,0x00,0x9f,0xd2,0x00,0xfe,0x00,0x00,0x00,0x9f,0xd2,0x00,0x00,0x07,0xff,0x20,0x00,0x00,0x00,
0x00,0x0d,0xff,0x80,0x00,0x00,0x00,0x00,0x4f,0x9e,0xe0,0x00,0x00,0x00,0x00,0xaf,0x38,0xf5,0x00,0x00,
0x00,0x01,0xfd,0x02,0xfb,0x00,0x00,0x00,0x07,0xf7,0x00,0xcf,0x20,0x00,0x00,0x0d,0xf1,0x00,0x6f,0x80,
0x00,0x00,0x4f,0xb0,0x00,0x1e,0xe0,0x00,0x00,0xaf,0x50,0x00,0x09,0xf5,0x00,0x01,0xfe,0x00,0x00,0x04,
0xfb,0x00,0x07,0xf8,0x00,0x00,0x00,0xdf,0x20,0x0d,0xf3,0x00,0x00,0x00,0x7f,0x80,0x4f,0xc0,0x00,0x00,
0x00,0x2f,0xe0,0xaf,0x60,0x00,0x00,0x00,0x0b,0xf5,0x0f,0xff,0x20,0x00,0x00,0x0d,0xff,0x40,0xff,0xf7,
0x00,0x00,0x03,0xff,0xf4,0x0f,0xdc,0xd0,0x00,0x00,0x9f,0xbf,0x40,0xfd,0x6f,0x40,0x00,0x1e,0xa9,0xf4,
0x0f,0xd1,0xfa,0x00,0x06,0xf4,0x9f,0x40,0xfd,0x0a,0xf1,0x00,0xcd,0x09,0xf4,0x0f,0xd0,0x4f,0x70,0x3f,
0x80,0x9f,0x40,0xfd,0x00,0xdc,0x09,0xf2,0x09,0xf4,0x0f,0xd0,0x07,0xf4,0xeb,0x00,0x9f,0x40,0xfd,0x00,
0x1f,0xdf,0x50,0x09,0xf4,0x0f,0xd0,0x00,0xaf,0xe0,0x00,0x9f,0x40,0xfd,0x00,0x02,0x53,0x00,0x09,0xf4,
0x0f,0xd0,0x00,0x00,0x00,0x00,0x9f,0x40,0xfd,0x00,0x00,0x00,0x00,0x09,0xf4,0x0f,0xfd,0x00,0x00,0x00,
0xef,0x0f,0xff,0x70,0x00,0x00,0xef,0x0f,0xee,0xe1,0x00,0x00,0xef,0x0f,0xd7,0xf8,0x00,0x00,0xef,0x0f,
0xd0,0xdf,0x20,0x00,0xef,0x0f,0xd0,0x5f,0xa0,0x00,0xef,0x0f,0xd0,0x0c,0xf3,0x00,0xef,0x0f,0xd0,0x04,
0xfb,0x00,0xef,0x0f,0xd0,0x00,0xaf,0x50,0xef,0x0f,0xd0,0x00,0x2f,0xd0,0xef,0x0f,0xd0,0x00,0x09,0xf6,
0xef,0x0f,0xd0,0x00,0x01,0xee,0xef,0x0f,0xd0,0x00,0x00,0x7f,0xff,0x0f,0xd0,0x00,0x00,0x1d,0xff,0x0f,
0xff,0xff,0xff,0xfe,0x09,0x99,0x99,0x99,0x99,0x00,0x00,0x00,0x00,0x00,0x00,0x00,0x00,0x00,0x00,0x00,
0x00,0x00,0x00,0x00,0x00,0xaa,0xaa,0xaa,0x90,0x00,0xff,0xff,0xff,0xe0,0x00,0x00,0x00,0x00,0x00,0x00,
0x00,0x00,0x00,0x00,0x00,0x00,0x00,0x00,0x00,0x00,0x00,0x00,0x00,0x00,0x00,0x00,0x00,0x00,0x00,0x09,
0x99,0x99,0x99,0x99,0x0f,0xff,0xff,0xff,0xfe,0x00,0x03,0x9d,0xfe,0xc8,0x20,0x00,0x00,0x8f,0xfc,0x9a,
0xdf,0xe5,0x00,0x07,0xfd,0x30,0x00,0x06,0xff,0x40,0x2f,0xf3,0x00,0x00,0x00,0x6f,0xd0,0x8f,0x90,0x00,
0x00,0x00,0x0d,0xf4,0xbf,0x50,0x00,0x00,0x00,0x09,0xf7,0xdf,0x40,0x00,0x00,0x00,0x07,0xf9,0xdf,0x30,
0x00,0x00,0x00,0x07,0xf9,0xbf,0x50,0x00,0x00,0x00,0x09,0xf7,0x8f,0x90,0x00,0x00,0x00,0x0d,0xf4,0x2f,
0xf3,0x00,0x00,0x00,0x6f,0xd0,0x08,0xfd,0x30,0x00,0x05,0xff,0x40,0x00,0x8f,0xfc,0x9a,0xdf,0xe5,0x00,
0x00,0x03,0x9d,0xfe,0xc8,0x20,0x00,0x0f,0xff,0xff,0xff,0xff,0xff,0x10,0xff,0x99,0x99,0x99,0x9e,0xf1,
0x0f,0xe0,0x00,0x00,0x00,0xdf,0x10,0xfe,0x00,0x00,0x00,0x0d,0xf1,0x0f,0xe0,0x00,0x00,0x00,0xdf,0x10,
0xfe,0x00,0x00,0x00,0x0d,0xf1,0x0f,0xe0,0x00,0x00,0x00,0xdf,0x10,0xfe,0x00,0x00,0x00,0x0d,0xf1,0x0f,
0xe0,0x00,0x00,0x00,0xdf,0x10,0xfe,0x00,0x00,0x00,0x0d,0xf1,0x0f,0xe0,0x00,0x00,0x00,0xdf,0x10,0xfe,
0x00,0x00,0x00,0x0d,0xf1,0x0f,0xe0,0x00,0x00,0x00,0xdf,0x10,0xfe,0x00,0x00,0x00,0x0d,0xf1,0x0f,0xff,
0xff,0xeb,0x50,0x00,0xff,0x99,0x9b,0xff,0x80,0x0f,0xe0,0x00,0x04,0xff,0x20,0xfe,0x00,0x00,0x0c,0xf5,
0x0f,0xe0,0x00,0x00,0xcf,0x50,0xfe,0x00,0x00,0x4f,0xf2,0x0f,0xf9,0x99,0xbf,0xf8,0x00,0xff,0xff,0xfe,
0xb5,0x00,0x0f,0xe0,0x00,0x00,0x00,0x00,0xfe,0x00,0x00,0x00,0x00,0x0f,0xe0,0x00,0x00,0x00,0x00,0xfe,
0x00,0x00,0x00,0x00,0x0f,0xe0,0x00,0x00,0x00,0x00,0xfe,0x00,0x00,0x00,0x00,0x0f,0xff,0xff,0xff,0xff,
0x30,0xef,0xc9,0x99,0x99,0x92,0x04,0xee,0x20,0x00,0x00,0x00,0x04,0xfd,0x20,0x00,0x00,0x00,0x05,0xfd,
0x20,0x00,0x00,0x00,0x06,0xfd,0x10,0x00,0x00,0x00,0x09,0xfa,0x00,0x00,0x00,0x02,0xee,0x30,0x00,0x00,
0x01,0xdf,0x50,0x00,0x00,0x00,0xbf,0x80,0x00,0x00,0x00,0x8f,0xb0,0x00,0x00,0x00,0x5f,0xd1,0x00,0x00,
0x00,0x0e,0xfc,0x99,0x99,0x99,0x30,0xff,0xff,0xff,0xff,0xf5,0x1f,0xff,0xff,0xff,0xff,0xff,0xf4,0x19,
0x99,0x99,0xef,0xa9,0x99,0x93,0x00,0x00,0x00,0xdf,0x10,0x00,0x00,0x00,0x00,0x00,0xdf,0x10,0x00,0x00,
0x00,0x00,0x00,0xdf,0x10,0x00,0x00,0x00,0x00,0x00,0xdf,0x10,0x00,0x00,0x00,0x00,0x00,0xdf,0x10,0x00,
0x00,0x00,0x00,0x00,0xdf,0x10,0x00,0x00,0x00,0x00,0x00,0xdf,0x10,0x00,0x00,0x00,0x00,0x00,0xdf,0x10,
0x00,0x00,0x00,0x00,0x00,0xdf,0x10,0x00,0x00,0x00,0x00,0x00,0xdf,0x10,0x00,0x00,0x00,0x00,0x00,0xdf,
0x10,0x00,0x00,0x00,0x00,0x00,0xdf,0x10,0x00,0x00,0x0a,0xf6,0x00,0x00,0x00,0x3f,0xd1,0x01,0xef,0x20,
0x00,0x01,0xdf,0x30,0x00,0x4f,0xc0,0x00,0x09,0xf7,0x00,0x00,0x09,0xf8,0x00,0x5f,0xc0,0x00,0x00,0x01,
0xdf,0x41,0xee,0x20,0x00,0x00,0x00,0x3f,0xdb,0xf6,0x00,0x00,0x00,0x00,0x07,0xff,0xa0,0x00,0x00,0x00,
0x00,0x00,0xef,0x20,0x00,0x00,0x00,0x00,0x00,0xdf,0x10,0x00,0x00,0x00,0x00,0x00,0xdf,0x10,0x00,0x00,
0x00,0x00,0x00,0xdf,0x10,0x00,0x00,0x00,0x00,0x00,0xdf,0x10,0x00,0x00,0x00,0x00,0x00,0xdf,0x10,0x00,
0x00,0x00,0x00,0x00,0xdf,0x10,0x00,0x00,0x00,0x00,0x02,0xfd,0x00,0x00,0x00,0x00,0x00,0x48,0xfe,0x63,
0x00,0x00,0x00,0x6e,0xff,0xff,0xff,0xc4,0x00,0x08,0xfe,0x74,0xfd,0x39,0xff,0x50,0x4f,0xe2,0x02,0xfd,
0x00,0x5f,0xe1,0xaf,0x70,0x02,0xfd,0x00,0x0b,0xf6,0xcf,0x40,0x02,0xfd,0x00,0x08,0xf9,0xcf,0x40,0x02,
0xfd,0x00,0x07,0xf9,0xaf,0x70,0x02,0xfd,0x00,0x0b,0xf6,0x4f,0xe2,0x02,0xfd,0x00,0x5f,0xe1,0x08,0xfe,
0x74,0xfd,0x39,0xff,0x50,0x00,0x6e,0xff,0xff,0xff,0xc4,0x00,0x00,0x00,0x48,0xfe,0x73,0x00,0x00,0x00,
0x00,0x02,0xfd,0x00,0x00,0x00,0x06,0xfb,0x00,0x00,0x00,0xbf,0x60,0x00,0xaf,0x60,0x00,0x06,0xfb,0x00,
0x00,0x1e,0xe2,0x00,0x2e,0xe1,0x00,0x00,0x05,0xfc,0x00,0xcf,0x50,0x00,0x00,0x00,0x9f,0x88,0xf9,0x00,
0x00,0x00,0x00,0x1d,0xff,0xd1,0x00,0x00,0x00,0x00,0x06,0xff,0x40,0x00,0x00,0x00,0x00,0x1d,0xff,0x90,
0x00,0x00,0x00,0x00,0x9f,0x8c,0xf5,0x00,0x00,0x00,0x04,0xfc,0x03,0xfe,0x10,0x00,0x00,0x1d,0xf3,0x00,
0x7f,0xa0,0x00,0x00,0xaf,0x70,0x00,0x0b,0xf5,0x00,0x05,0xfb,0x00,0x00,0x02,0xee,0x20,0x2e,0xe2,0x00,
0x00,0x00,0x6f,0xb0,0xdf,0x30,0x02,0xfd,0x00,0x07,0xfa,0xdf,0x30,0x02,0xfd,0x00,0x07,0xfa,0xdf,0x30,
0x02,0xfd,0x00,0x07,0xfa,0xdf,0x30,0x02,0xfd,0x00,0x07,0xfa,0xcf,0x40,0x02,0xfd,0x00,0x07,0xf9,0xbf,
0x60,0x02,0xfd,0x00,0x09,0xf7,0x7f,0xa0,0x02,0xfd,0x00,0x0d,0xf4,0x2f,0xf2,0x02,0xfd,0x00,0x5f,0xd0,
0x08,0xfd,0x22,0xfd,0x04,0xef,0x40,0x00,0x9f,0xea,0xfe,0xaf,0xf6,0x00,0x00,0x05,0xdf,0xff,0xfb,0x30,
0x00,0x00,0x00,0x02,0xfd,0x00,0x00,0x00,0x00,0x00,0x02,0xfd,0x00,0x00,0x00,0x00,0x00,0x02,0xfd,0x00,
0x00,0x00,0x00,0x00,0x5a,0xef,0xec,0x71,0x00,0x00,0x01,0xbf,0xfc,0xab,0xef,0xd3,0x00,0x00,0xbf,0xb2,
0x00,0x01,0x8f,0xe2,0x00,0x6f,0xc0,0x00,0x00,0x00,0x9f,0xa0,0x0c,0xf5,0x00,0x00,0x00,0x01,0xff,0x10,
0xff,0x10,0x00,0x00,0x00,0x0c,0xf4,0x1f,0xe0,0x00,0x00,0x00,0x00,0xbf,0x50,0xff,0x10,0x00,0x00,0x00,
0x0c,0xf4,0x0c,0xf4,0x00,0x00,0x00,0x01,0xef,0x10,0x6f,0xb0,0x00,0x00,0x00,0x7f,0xa0,0x00,0xcf,0x70,
0x00,0x00,0x3e,0xe2,0x00,0x01,0xdf,0x70,0x00,0x4e,0xe4,0x00,0x2b,0xbc,0xff,0x80,0x4f,0xfd,0xbb,0x54,
0xff,0xff,0xf9,0x05,0xff,0xff,0xf8,0x00,0x6c,0xfd,0x91,0x0e,0xa0,0x0a,0xf9,0x47,0xfb,0x4f,0x50,0x5f,
0xb0,0x00,0x8f,0xce,0x10,0xaf,0x50,0x00,0x3f,0xfa,0x00,0xcf,0x20,0x00,0x0f,0xf5,0x00,0xdf,0x00,0x00,
0x0c,0xe0,0x00,0xcf,0x10,0x00,0x0e,0xe0,0x00,0xaf,0x30,0x00,0x4f,0xf2,0x00,0x5f,0x90,0x00,0xbf,0xf6,
0x00,0x0b,0xf9,0x48,0xf8,0xee,0x82,0x01,0x8d,0xfe,0x80,0x3c,0xf4,0x00,0x5c,0xef,0xd8,0x10,0x00,0x6f,
0xe8,0x7b,0xfa,0x00,0x0d,0xf3,0x00,0x0b,0xf2,0x01,0xfc,0x00,0x00,0x8f,0x40,0x2f,0xa0,0x00,0x0a,0xf3,
0x02,0xfa,0x00,0x04,0xfe,0x00,0x2f,0xa0,0x9b,0xff,0x50,0x02,0xfa,0x0f,0xff,0xe7,0x00,0x2f,0xa0,0x02,
0x5b,0xfa,0x02,0xfa,0x00,0x00,0x0c,0xf2,0x2f,0xa0,0x00,0x00,0x8f,0x42,0xfa,0x00,0x00,0x09,0xf4,0x2f,
0xf4,0x00,0x02,0xee,0x12,0xff,0xfb,0x89,0xef,0x70,0x2f,0xca,0xef,0xeb,0x50,0x02,0xfa,0x00,0x00,0x00,
0x00,0x2f,0xa0,0x00,0x00,0x00,0x02,0xfa,0x00,0x00,0x00,0x00,0x2f,0xa0,0x00,0x00,0x00,0x00,0xae,0x90,
0x00,0x00,0x0d,0xe1,0x5c,0xf6,0x00,0x00,0x4f,0x90,0x01,0xec,0x00,0x00,0xaf,0x30,0x00,0x9f,0x30,0x01,
0xfc,0x00,0x00,0x3f,0x80,0x07,0xf6,0x00,0x00,0x0d,0xd0,0x0d,0xe1,0x00,0x00,0x08,0xf4,0x5f,0x90,0x00,
0x00,0x02,0xf9,0xbf,0x30,0x00,0x00,0x00,0xce,0xfc,0x00,0x00,0x00,0x00,0x7f,0xf5,0x00,0x00,0x00,0x00,
0x2f,0xe0,0x00,0x00,0x00,0x00,0x0f,0xc0,0x00,0x00,0x00,0x00,0x0f,0xc0,0x00,0x00,0x00,0x00,0x0f,0xc0,
0x00,0x00,0x00,0x00,0x0f,0xc0,0x00,0x00,0x00,0x7c,0xef,0xec,0x60,0x00,0x9f,0xc8,0x78,0xab,0x00,0x0c,
0xf1,0x00,0x00,0x00,0x00,0x7f,0xd7,0x30,0x00,0x00,0x00,0xaa,0x69,0xd9,0x10,0x00,0x9b,0x00,0x01,0xce,
0x20,0x5f,0x40,0x00,0x03,0xfb,0x0b,0xf2,0x00,0x00,0x0d,0xf0,0xdf,0x00,0x00,0x00,0xcf,0x2d,0xf2,0x00,
0x00,0x0e,0xf1,0xaf,0x60,0x00,0x03,0xfe,0x04,0xfd,0x10,0x00,0xbf,0x80,0x09,0xfe,0x98,0xdf,0xc1,0x00,
0x05,0xce,0xfd,0x71,0x00,0x02,0x9d,0xfe,0xda,0x11,0xef,0xb8,0x9a,0xd1,0x5f,0x70,0x00,0x00,0x03,0xfc,
0x52,0x21,0x00,0x07,0xef,0xff,0x50,0x00,0x6c,0x85,0x51,0x00,0x5f,0x50,0x00,0x00,0x0a,0xf2,0x00,0x00,
0x00,0x9f,0x80,0x00,0x00,0x12,0xef,0xc8,0x89,0xd7,0x02,0x9d,0xff,0xda,0x40,0x9f,0xff,0xff,0xff,0xe7,
0xcc,0xcc,0xef,0xfd,0x00,0x00,0x7f,0xf8,0x10,0x01,0xbf,0xc2,0x00,0x01,0xcf,0x90,0x00,0x00,0x9f,0x90,
0x00,0x00,0x3f,0xc0,0x00,0x00,0x09,0xf5,0x00,0x00,0x00,0xdf,0x00,0x00,0x00,0x0e,0xd0,0x00,0x00,0x00,
0xde,0x00,0x00,0x00,0x0b,0xf3,0x00,0x00,0x00,0x5f,0xc1,0x00,0x00,0x00,0x9f,0xea,0x86,0x20,0x00,0x4a,
0xdf,0xfe,0x30,0x00,0x00,0x03,0xfb,0x00,0x00,0x00,0x0e,0xc0,0x00,0x00,0x2b,0xf8,0x00,0x00,0x03,0xd8,
0x00,0x3f,0x92,0xae,0xfc,0x40,0x3f,0xbe,0xc9,0xaf,0xf4,0x3f,0xf8,0x00,0x05,0xfb,0x3f,0xd0,0x00,0x00,
0xee,0x3f,0xa0,0x00,0x00,0xcf,0x3f,0x90,0x00,0x00,0xcf,0x3f,0x90,0x00,0x00,0xcf,0x3f,0x90,0x00,0x00,
0xcf,0x3f,0x90,0x00,0x00,0xcf,0x3f,0x90,0x00,0x00,0xcf,0x3f,0x90,0x00,0x00,0xcf,0x00,0x00,0x00,0x00,
0xcf,0x00,0x00,0x00,0x00,0xcf,0x00,0x00,0x00,0x00,0xcf,0x00,0x00,0x00,0x00,0xcf,0x00,0x2a,0xee,0xc4,
0x00,0x00,0x3e,0xe8,0x7d,0xf6,0x00,0x0c,0xe2,0x00,0x1d,0xf2,0x04,0xf9,0x00,0x00,0x5f,0x80,0x9f,0x40,
0x00,0x01,0xfc,0x0b,0xf2,0x00,0x00,0x0e,0xf0,0xdf,0xa9,0x99,0x99,0xef,0x1d,0xff,0xff,0xff,0xff,0xf2,
0xdf,0x10,0x00,0x00,0xcf,0x1b,0xf2,0x00,0x00,0x0e,0xf0,0x9f,0x50,0x00,0x01,0xfc,0x04,0xf9,0x00,0x00,
0x6f,0x80,0x0c,0xe3,0x00,0x1d,0xf2,0x00,0x3e,0xe8,0x8d,0xf6,0x00,0x00,0x2a,0xee,0xc4,0x00,0x00,0x6f,
0x70,0x00,0x6f,0x70,0x00,0x6f,0x70,0x00,0x6f,0x70,0x00,0x6f,0x70,0x00,0x6f,0x70,0x00,0x6f,0x70,0x00,
0x5f,0x70,0x00,0x3f,0x90,0x00,0x0d,0xf9,0x81,0x02,0xbe,0xf1,0x2f,0xb0,0x00,0x3e,0xe3,0x02,0xfb,0x00,
0x3e,0xe2,0x00,0x2f,0xb0,0x3e,0xd2,0x00,0x02,0xfb,0x4e,0xd2,0x00,0x00,0x2f,0xde,0xf9,0x00,0x00,0x02,
0xff,0xcc,0xf4,0x00,0x00,0x2f,0xd1,0x2e,0xe2,0x00,0x02,0xfb,0x00,0x6f,0xb0,0x00,0x2f,0xb0,0x00,0xaf,
0x70,0x02,0xfb,0x00,0x01,0xdf,0x30,0x2f,0xb0,0x00,0x04,0xfd,0x10,0x00,0xcf,0xc5,0x00,0x00,0x00,0x00,
0x68,0xff,0x20,0x00,0x00,0x00,0x00,0x7f,0x80,0x00,0x00,0x00,0x00,0x1f,0xd0,0x00,0x00,0x00,0x00,0x0b,
0xf4,0x00,0x00,0x00,0x00,0x1e,0xfa,0x00,0x00,0x00,0x00,0x7f,0xfe,0x10,0x00,0x00,0x00,0xee,0x9f,0x60,
0x00,0x00,0x06,0xf8,0x2f,0xc0,0x00,0x00,0x0d,0xf2,0x0c,0xf2,0x00,0x00,0x5f,0x90,0x06,0xf8,0x00,0x00,
0xcf,0x20,0x01,0xed,0x00,0x04,0xfa,0x00,0x00,0x9f,0x40,0x0b,0xf3,0x00,0x00,0x4f,0xa0,0x3f,0xb0,0x00,
0x00,0x0d,0xf1,0x4f,0x80,0x00,0x00,0xed,0x00,0x4f,0x80,0x00,0x00,0xed,0x00,0x4f,0x80,0x00,0x00,0xed,
0x00,0x4f,0x80,0x00,0x00,0xed,0x00,0x4f,0x80,0x00,0x00,0xed,0x00,0x4f,0x80,0x00,0x00,0xed,0x00,0x4f,
0x80,0x00,0x00,0xfd,0x00,0x4f,0x90,0x00,0x02,0xfd,0x00,0x4f,0xe2,0x00,0x09,0xfd,0x00,0x4f,0xee,0x99,
0xce,0xdf,0x93,0x4f,0x88,0xef,0xc4,0x5e,0xd2,0x4f,0x80,0x00,0x00,0x00,0x00,0x4f,0x80,0x00,0x00,0x00,
0x00,0x4f,0x80,0x00,0x00,0x00,0x00,0x4f,0x80,0x00,0x00,0x00,0x00,0x2f,0xc0,0x00,0x0c,0xe1,0x00,0xcf,
0x20,0x00,0x3f,0x90,0x08,0xf6,0x00,0x00,0xce,0x00,0x3f,0xb0,0x00,0x0a,0xf3,0x00,0xef,0x10,0x00,0xaf,
0x30,0x09,0xf5,0x00,0x1e,0xe0,0x00,0x5f,0xa0,0x07,0xf9,0x00,0x01,0xee,0x02,0xfe,0x10,0x00,0x0b,0xf5,
0xdf,0x30,0x00,0x00,0x6f,0xff,0x60,0x00,0x00,0x01,0xff,0x70,0x00,0x00,0x5f,0xff,0xff,0xff,0x60,0x4c,
0xdf,0xff,0xdc,0x50,0x07,0xfa,0x40,0x00,0x00,0x3f,0x90,0x00,0x00,0x00,0x6f,0x40,0x00,0x00,0x00,0x3f,
0xb1,0x00,0x00,0x00,0x08,0xff,0xca,0x93,0x00,0x01,0x7f,0xff,0xf6,0x00,0x2d,0xfa,0x52,0x00,0x00,0xaf,
0x60,0x00,0x00,0x00,0xde,0x00,0x00,0x00,0x00,0xde,0x00,0x00,0x00,0x00,0x9f,0x80,0x00,0x00,0x00,0x1d,
0xfd,0xa8,0x73,0x00,0x01,0x6b,0xef,0xff,0x60,0x00,0x00,0x00,0x2e,0xd0,0x00,0x00,0x00,0x0b,0xe0,0x00,
0x00,0x01,0x9f,0xa0,0x00,0x00,0x01,0xe9,0x10,0x00,0x5b,0xef,0xc7,0x00,0x00,0x8f,0xe9,0x8d,0xfb,0x00,
0x4f,0xd1,0x00,0x0b,0xf7,0x09,0xf6,0x00,0x00,0x2f,0xd0,0xcf,0x20,0x00,0x00,0xdf,0x1d,0xf0,0x00,0x00,
0x0c,0xf2,0xcf,0x20,0x00,0x00,0xdf,0x19,0xf6,0x00,0x00,0x2f,0xd0,0x4f,0xd1,0x00,0x0b,0xf7,0x00,0x8f,
0xe9,0x8d,0xfb,0x00,0x00,0x5c,0xef,0xc7,0x00,0x00,0x4f,0xff,0xff,0xff,0xff,0xf3,0x3c,0xff,0xcc,0xcc,
0xfe,0xc2,0x00,0xde,0x00,0x00,0xfc,0x00,0x00,0xde,0x00,0x00,0xfc,0x00,0x00,0xde,0x00,0x00,0xfc,0x00,
0x00,0xde,0x00,0x00,0xfc,0x00,0x00,0xde,0x00,0x00,0xfc,0x00,0x00,0xde,0x00,0x00,0xfc,0x00,0x00,0xde,
0x00,0x00,0xfd,0x00,0x00,0xde,0x00,0x00,0xdf,0x83,0x00,0xde,0x00,0x00,0x6e,0xf7,0x00,0x07,0xdf,0xeb,
0x40,0x00,0x0a,0xfb,0x89,0xef,0x50,0x07,0xf8,0x00,0x03,0xfe,0x10,0xde,0x10,0x00,0x09,0xf5,0x1f,0xb0,
0x00,0x00,0x6f,0x82,0xfa,0x00,0x00,0x04,0xf9,0x3f,0xb0,0x00,0x00,0x6f,0x83,0xfe,0x10,0x00,0x09,0xf5,
0x3f,0xf8,0x00,0x03,0xfe,0x13,0xfb,0xeb,0x89,0xef,0x50,0x3f,0x92,0xae,0xeb,0x40,0x03,0xf9,0x00,0x00,
0x00,0x00,0x3f,0x90,0x00,0x00,0x00,0x03,0xf9,0x00,0x00,0x00,0x00,0x3f,0x90,0x00,0x00,0x00,0x00,0x00,
0x3a,0xef,0xeb,0x50,0x6f,0xfa,0x89,0xcb,0x3f,0xe2,0x00,0x00,0x29,0xf6,0x00,0x00,0x00,0xcf,0x20,0x00,
0x00,0x0d,0xf1,0x00,0x00,0x00,0xcf,0x20,0x00,0x00,0x09,0xf6,0x00,0x00,0x00,0x3f,0xe2,0x00,0x00,0x00,
0x6f,0xfa,0x85,0x00,0x00,0x3a,0xef,0xfc,0x00,0x00,0x00,0x08,0xf6,0x00,0x00,0x00,0x4f,0x70,0x00,0x00,
0x5d,0xf3,0x00,0x00,0x08,0xc5,0x00,0x00,0x7c,0xef,0xff,0xff,0xf1,0x0b,0xfd,0x76,0xbf,0xfc,0xc1,0x5f,
0xc1,0x00,0x09,0xf7,0x00,0xaf,0x50,0x00,0x02,0xfd,0x00,0xdf,0x20,0x00,0x00,0xdf,0x10,0xdf,0x00,0x00,
0x00,0xcf,0x20,0xcf,0x20,0x00,0x00,0xef,0x10,0x9f,0x60,0x00,0x03,0xfd,0x00,0x3f,0xd1,0x00,0x0b,0xf7,
0x00,0x08,0xfe,0x98,0xdf,0xb0,0x00,0x00,0x5b,0xef,0xc7,0x00,0x00,0x0f,0xff,0xff,0xff,0xff,0xf1,0x0c,
0xcc,0xcf,0xfc,0xcc,0xc1,0x00,0x00,0x0e,0xe0,0x00,0x00,0x00,0x00,0x0e,0xe0,0x00,0x00,0x00,0x00,0x0e,
0xe0,0x00,0x00,0x00,0x00,0x0e,0xe0,0x00,0x00,0x00,0x00,0x0e,0xe0,0x00,0x00,0x00,0x00,0x0e,0xe0,0x00,
0x00,0x00,0x00,0x0c,0xf1,0x00,0x00,0x00,0x00,0x07,0xfc,0x84,0x00,0x00,0x00,0x00,0x7d,0xf8,0x00,0x8f,
0x40,0x00,0x9f,0x30,0x8f,0x40,0x00,0x1e,0xb0,0x8f,0x40,0x00,0x09,0xf2,0x8f,0x40,0x00,0x07,0xf5,0x8f,
0x40,0x00,0x07,0xf6,0x8f,0x40,0x00,0x08,0xf5,0x8f,0x40,0x00,0x0c,0xf3,0x7f,0x50,0x00,0x3f,0xd0,0x4f,
0xa0,0x01,0xcf,0x50,0x0b,0xfb,0x8d,0xf8,0x00,0x01,0xae,0xec,0x50,0x00,0x00,0x7c,0x16,0xde,0x91,0x00,
0x0a,0xfd,0x2f,0xda,0xfc,0x10,0x5f,0xd1,0x4f,0x80,0xaf,0x80,0xaf,0x50,0x5f,0x70,0x3f,0xc0,0xdf,0x20,
0x5f,0x70,0x0f,0xf0,0xdf,0x00,0x5f,0x70,0x0d,0xf0,0xcf,0x20,0x5f,0x70,0x0e,0xe0,0x9f,0x60,0x5f,0x70,
0x3f,0xb0,0x4f,0xd1,0x5f,0x71,0xcf,0x60,0x08,0xfe,0xcf,0xcd,0xfa,0x00,0x00,0x6c,0xff,0xfd,0x70,0x00,
0x00,0x00,0x5f,0x70,0x00,0x00,0x00,0x00,0x5f,0x70,0x00,0x00,0x00,0x00,0x5f,0x70,0x00,0x00,0x00,0x00,
0x5f,0x70,0x00,0x00,0x6f,0xd6,0x00,0x00,0x6f,0xb3,0x8d,0xf5,0x00,0x1e,0xf2,0x00,0x2f,0xb0,0x08,0xf9,
0x00,0x00,0xaf,0x22,0xfe,0x10,0x00,0x04,0xf8,0xaf,0x70,0x00,0x00,0x0d,0xef,0xd1,0x00,0x00,0x00,0x7f,
0xf6,0x00,0x00,0x00,0x05,0xfd,0x00,0x00,0x00,0x00,0xdf,0xf1,0x00,0x00,0x00,0x6f,0xef,0x70,0x00,0x00,
0x1e,0xf3,0xed,0x00,0x00,0x08,0xf9,0x08,0xf3,0x00,0x01,0xee,0x20,0x3f,0xa0,0x00,0x9f,0x80,0x00,0xbf,
0xb8,0x2f,0xe1,0x00,0x01,0xae,0xf0,0xee,0x00,0x5f,0x70,0x0c,0xf1,0xee,0x00,0x5f,0x70,0x0c,0xf1,0xee,
0x00,0x5f,0x70,0x0c,0xf1,0xee,0x00,0x5f,0x70,0x0c,0xf1,0xee,0x00,0x5f,0x70,0x0c,0xf1,0xee,0x00,0x5f,
0x70,0x0c,0xf1,0xde,0x00,0x5f,0x70,0x0c,0xf0,0xcf,0x10,0x5f,0x70,0x0e,0xe0,0x8f,0x90,0x5f,0x70,0x8f,
0xa0,0x1c,0xfc,0xbf,0xbb,0xfd,0x20,0x01,0x8d,0xff,0xfc,0x71,0x00,0x00,0x00,0x5f,0x70,0x00,0x00,0x00,
0x00,0x5f,0x70,0x00,0x00,0x00,0x00,0x5f,0x70,0x00,0x00,0x00,0x00,0x5f,0x70,0x00,0x00,0x06,0xf8,0x00,
0x00,0x00,0x0d,0xf2,0x00,0xcf,0x20,0x00,0x00,0x00,0x7f,0x80,0x3f,0xd0,0x00,0x00,0x00,0x02,0xfd,0x07,
0xf9,0x00,0x00,0x00,0x00,0x0d,0xf2,0x9f,0x70,0x00,0x5a,0x20,0x00,0xbf,0x5a,0xf6,0x00,0x08,0xf3,0x00,
0x0a,0xf5,0x9f,0x60,0x00,0x9f,0x50,0x00,0xbf,0x57,0xf9,0x00,0x0c,0xf7,0x00,0x0d,0xf2,0x3f,0xe1,0x02,
0xfc,0xc0,0x04,0xfd,0x00,0xaf,0xc8,0xdd,0x4f,0xb8,0xef,0x60,0x01,0x8e,0xfc,0x30,0x6d,0xfd,0x60,0x00,
0x00,0x00,0x9e,0x30,0x00,0x00,0x00,0x00,0xbd,0x10,0x00,0x00,0x00,0x01,0x74,0x00,0x00,0x00,0x00,0x00,
0x00,0x00,0x0f,0xff,0xff,0xff,0xff,0x30,0xff,0x99,0x99,0x99,0x92,0x0f,0xe0,0x00,0x00,0x00,0x00,0xfe,
0x00,0x00,0x00,0x00,0x0f,0xe0,0x00,0x00,0x00,0x00,0xff,0xaa,0xaa,0xaa,0x80,0x0f,0xff,0xff,0xff,0xfd,
0x00,0xfe,0x00,0x00,0x00,0x00,0x0f,0xe0,0x00,0x00,0x00,0x00,0xfe,0x00,0x00,0x00,0x00,0x0f,0xe0,0x00,
0x00,0x00,0x00,0xfe,0x00,0x00,0x00,0x00,0x0f,0xf9,0x99,0x99,0x99,0x30,0xff,0xff,0xff,0xff,0xf5,0x00,
0x5e,0x90,0x8e,0x60,0x00,0x05,0xf9,0x08,0xf7,0x00,0x00,0x00,0x00,0x00,0x00,0x00,0x00,0x00,0x00,0x00,
0x00,0x0f,0xff,0xff,0xff,0xff,0x30,0xff,0x99,0x99,0x99,0x92,0x0f,0xe0,0x00,0x00,0x00,0x00,0xfe,0x00,
0x00,0x00,0x00,0x0f,0xe0,0x00,0x00,0x00,0x00,0xff,0xaa,0xaa,0xaa,0x80,0x0f,0xff,0xff,0xff,0xfd,0x00,
0xfe,0x00,0x00,0x00,0x00,0x0f,0xe0,0x00,0x00,0x00,0x00,0xfe,0x00,0x00,0x00,0x00,0x0f,0xe0,0x00,0x00,
0x00,0x00,0xfe,0x00,0x00,0x00,0x00,0x0f,0xf9,0x99,0x99,0x99,0x30,0xff,0xff,0xff,0xff,0xf5,0x1f,0xff,
0xff,0xff,0xff,0xff,0x40,0x00,0x19,0x99,0x9e,0xfa,0x99,0x99,0x30,0x00,0x00,0x00,0x0d,0xf2,0x00,0x00,
0x00,0x00,0x00,0x00,0x0d,0xf2,0x00,0x00,0x00,0x00,0x00,0x00,0x0d,0xf2,0x00,0x00,0x00,0x00,0x00,0x00,
0x0d,0xfa,0xaa,0xa9,0x71,0x00,0x00,0x00,0x0d,0xff,0xff,0xff,0xfd,0x20,0x00,0x00,0x0d,0xf2,0x00,0x02,
0xbf,0xb0,0x00,0x00,0x0d,0xf2,0x00,0x00,0x1f,0xf1,0x00,0x00,0x0d,0xf2,0x00,0x00,0x0d,0xf2,0x00,0x00,
0x0d,0xf2,0x00,0x00,0x0c,0xf3,0x00,0x00,0x0d,0xf2,0x00,0x00,0x0c,0xf3,0x00,0x00,0x0d,0xf2,0x00,0x00,
0x0c,0xf3,0x00,0x00,0x0d,0xf2,0x00,0x00,0x0c,0xf2,0x00,0x00,0x00,0x00,0x00,0x00,0x0e,0xf1,0x00,0x00,
0x00,0x00,0x00,0x00,0x5f,0xd0,0x00,0x00,0x00,0x00,0x00,0x8b,0xff,0x60,0x00,0x00,0x00,0x00,0x00,0xcf,
0xc5,0x00,0x00,0x00,0x03,0xe9,0x00,0x00,0x00,0x01,0xda,0x00,0x00,0x00,0x00,0x47,0x10,0x00,0x00,0x00,
0x00,0x00,0x00,0x00,0x0f,0xff,0xff,0xff,0xff,0x00,0xff,0x99,0x99,0x99,0x90,0x0f,0xe0,0x00,0x00,0x00,
0x00,0xfe,0x00,0x00,0x00,0x00,0x0f,0xe0,0x00,0x00,0x00,0x00,0xfe,0x00,0x00,0x00,0x00,0x0f,0xe0,0x00,
0x00,0x00,0x00,0xfe,0x00,0x00,0x00,0x00,0x0f,0xe0,0x00,0x00,0x00,0x00,0xfe,0x00,0x00,0x00,0x00,0x0f,
0xe0,0x00,0x00,0x00,0x00,0xfe,0x00,0x00,0x00,0x00,0x0f,0xe0,0x00,0x00,0x00,0x00,0xfe,0x00,0x00,0x00,
0x00,0x00,0x02,0x9d,0xef,0xda,0x50,0x00,0x7f,0xfc,0xa9,0xbe,0xfb,0x07,0xfc,0x30,0x00,0x00,0x5b,0x2f,
0xe2,0x00,0x00,0x00,0x00,0x8f,0x90,0x00,0x00,0x00,0x00,0xbf,0x50,0x00,0x00,0x00,0x00,0xdf,0xff,0xff,
0xff,0xff,0x00,0xdf,0xb9,0x99,0x99,0x99,0x00,0xbf,0x60,0x00,0x00,0x00,0x00,0x8f,0xa0,0x00,0x00,0x00,
0x00,0x2f,0xf3,0x00,0x00,0x00,0x01,0x07,0xfd,0x30,0x00,0x00,0x6c,0x00,0x7f,0xfc,0xa9,0xbe,0xfb,0x00,
0x02,0x9d,0xef,0xda,0x50,0x00,0x6c,0xef,0xec,0x94,0x00,0xbf,0xeb,0x9a,0xdf,0xb0,0x6f,0xc1,0x00,0x00,
0x25,0x0a,0xf6,0x00,0x00,0x00,0x00,0x9f,0x70,0x00,0x00,0x00,0x03,0xff,0x84,0x10,0x00,0x00,0x05,0xdf,
0xff,0xd9,0x40,0x00,0x00,0x47,0xae,0xff,0x80,0x00,0x00,0x00,0x05,0xff,0x40,0x00,0x00,0x00,0x09,0xf8,
0x00,0x00,0x00,0x00,0x9f,0x86,0x50,0x00,0x00,0x3e,0xf4,0x9f,0xeb,0x99,0xcf,0xfa,0x02,0x6a,0xde,0xfd,
0xb5,0x00,0x0f,0xe0,0xfe,0x0f,0xe0,0xfe,0x0f,0xe0,0xfe,0x0f,0xe0,0xfe,0x0f,0xe0,0xfe,0x0f,0xe0,0xfe,
0x0f,0xe0,0xfe,0xde,0x12,0xec,0xef,0x12,0xfd,0x00,0x00,0x00,0x00,0x00,0x00,0x00,0xfe,0x00,0x00,0xfe,
0x00,0x00,0xfe,0x00,0x00,0xfe,0x00,0x00,0xfe,0x00,0x00,0xfe,0x00,0x00,0xfe,0x00,0x00,0xfe,0x00,0x00,
0xfe,0x00,0x00,0xfe,0x00,0x00,0xfe,0x00,0x00,0xfe,0x00,0x00,0xfe,0x00,0x00,0xfe,0x00,0x00,0x00,0xfe,
0x00,0x00,0xfe,0x00,0x00,0xfe,0x00,0x00,0xfe,0x00,0x00,0xfe,0x00,0x00,0xfe,0x00,0x00,0xfe,0x00,0x00,
0xfe,0x00,0x00,0xfe,0x00,0x00,0xfe,0x00,0x00,0xfe,0x00,0x00,0xfe,0x00,0x00,0xfe,0x00,0x01,0xfe,0x00,
0x02,0xfd,0x00,0x08,0xf9,0x0a,0xcf,0xf3,0x0f,0xeb,0x30,0x00,0x00,0x9f,0xff,0xff,0xff,0xf1,0x00,0x00,
0x00,0x00,0x00,0x09,0xfb,0x99,0x99,0xff,0x10,0x00,0x00,0x00,0x00,0x00,0x9f,0x50,0x00,0x0e,0xf1,0x00,
0x00,0x00,0x00,0x00,0x09,0xf5,0x00,0x00,0xef,0x10,0x00,0x00,0x00,0x00,0x00,0xaf,0x50,0x00,0x0e,0xf1,
0x00,0x00,0x00,0x00,0x00,0x0a,0xf5,0x00,0x00,0xef,0x99,0x87,0x40,0x00,0x00,0x00,0xbf,0x40,0x00,0x0e,
0xff,0xff,0xff,0xd3,0x00,0x00,0x0d,0xf2,0x00,0x00,0xef,0x10,0x13,0xaf,0xd1,0x00,0x00,0xff,0x00,0x00,
0x0e,0xf1,0x00,0x00,0xdf,0x50,0x00,0x3f,0xc0,0x00,0x00,0xef,0x10,0x00,0x0a,0xf6,0x00,0x09,0xf8,0x00,
0x00,0x0e,0xf1,0x00,0x00,0xbf,0x60,0x07,0xff,0x20,0x00,0x00,0xef,0x10,0x00,0x4f,0xf2,0x2d,0xff,0x50,
0x00,0x00,0x0e,0xf9,0x99,0xcf,0xf8,0x03,0xd9,0x20,0x00,0x00,0x00,0xef,0xff,0xfe,0xb5,0x00,0x0f,0xe0,
0x00,0x00,0x0d,0xf1,0x00,0x00,0x00,0x00,0xfe,0x00,0x00,0x00,0xdf,0x10,0x00,0x00,0x00,0x0f,0xe0,0x00,
0x00,0x0d,0xf1,0x00,0x00,0x00,0x00,0xfe,0x00,0x00,0x00,0xdf,0x10,0x00,0x00,0x00,0x0f,0xe0,0x00,0x00,
0x0d,0xf1,0x00,0x00,0x00,0x00,0xff,0xaa,0xaa,0xaa,0xef,0xaa,0x98,0x61,0x00,0x0f,0xff,0xff,0xff,0xff,
0xff,0xff,0xff,0xe4,0x00,0xfe,0x00,0x00,0x00,0xdf,0x10,0x03,0xaf,0xe1,0x0f,0xe0,0x00,0x00,0x0d,0xf1,
0x00,0x00,0xdf,0x50,0xfe,0x00,0x00,0x00,0xdf,0x10,0x00,0x0a,0xf7,0x0f,0xe0,0x00,0x00,0x0d,0xf1,0x00,
0x00,0xbf,0x60,0xfe,0x00,0x00,0x00,0xdf,0x10,0x00,0x4f,0xf3,0x0f,0xe0,0x00,0x00,0x0d,0xf9,0x99,0xbf,
0xf8,0x00,0xfe,0x00,0x00,0x00,0xdf,0xff,0xfe,0xb5,0x00,0x1f,0xff,0xff,0xff,0xff,0xff,0x40,0x00,0x19,
0x99,0x9e,0xfa,0x99,0x99,0x30,0x00,0x00,0x00,0x0d,0xf2,0x00,0x00,0x00,0x00,0x00,0x00,0x0d,0xf2,0x00,
0x00,0x00,0x00,0x00,0x00,0x0d,0xf2,0x00,0x00,0x00,0x00,0x00,0x00,0x0d,0xfa,0xaa,0xa9,0x71,0x00,0x00,
0x00,0x0d,0xff,0xff,0xff,0xfd,0x20,0x00,0x00,0x0d,0xf2,0x00,0x02,0xbf,0xb0,0x00,0x00,0x0d,0xf2,0x00,
0x00,0x1f,0xf1,0x00,0x00,0x0d,0xf2,0x00,0x00,0x0d,0xf2,0x00,0x00,0x0d,0xf2,0x00,0x00,0x0c,0xf3,0x00,
0x00,0x0d,0xf2,0x00,0x00,0x0c,0xf3,0x00,0x00,0x0d,0xf2,0x00,0x00,0x0c,0xf3,0x00,0x00,0x0d,0xf2,0x00,
0x00,0x0c,0xf3,0x00,0x00,0x00,0x8f,0x40,0x00,0x00,0x00,0x00,0x4f,0x50,0x00,0x00,0x00,0x00,0x06,0x50,
0x00,0x00,0x00,0x00,0x00,0x00,0x00,0x00,0x00,0x0f,0xe0,0x00,0x00,0x08,0xfd,0x20,0xfe,0x00,0x00,0x08,
0xfd,0x20,0x0f,0xe0,0x00,0x08,0xfd,0x20,0x00,0xfe,0x00,0x09,0xfd,0x20,0x00,0x0f,0xe0,0x09,0xfd,0x10,
0x00,0x00,0xfe,0x09,0xff,0x20,0x00,0x00,0x0f,0xe9,0xfe,0xf8,0x00,0x00,0x00,0xff,0xfc,0x2d,0xf4,0x00,
0x00,0x0f,0xfc,0x10,0x3f,0xd1,0x00,0x00,0xfe,0x10,0x00,0x7f,0xa0,0x00,0x0f,0xe0,0x00,0x00,0xcf,0x50,
0x00,0xfe,0x00,0x00,0x02,0xee,0x20,0x0f,0xe0,0x00,0x00,0x06,0xfb,0x00,0xfe,0x00,0x00,0x00,0x0a,0xf7,
0x00,0x00,0xae,0x20,0x00,0x00,0x00,0x00,0x0c,0xc0,0x00,0x00,0x00,0x00,0x01,0x73,0x00,0x00,0x00,0x00,
0x00,0x00,0x00,0x00,0x0f,0xd0,0x00,0x00,0x1d,0xff,0x0f,0xd0,0x00,0x00,0x7f,0xff,0x0f,0xd0,0x00,0x01,
0xee,0xef,0x0f,0xd0,0x00,0x09,0xf6,0xef,0x0f,0xd0,0x00,0x2f,0xd0,0xef,0x0f,0xd0,0x00,0xaf,0x50,0xef,
0x0f,0xd0,0x04,0xfb,0x00,0xef,0x0f,0xd0,0x0c,0xf3,0x00,0xef,0x0f,0xd0,0x5f,0xa0,0x00,0xef,0x0f,0xd0,
0xdf,0x20,0x00,0xef,0x0f,0xd7,0xf8,0x00,0x00,0xef,0x0f,0xee,0xe1,0x00,0x00,0xef,0x0f,0xff,0x70,0x00,
0x00,0xef,0x0f,0xfd,0x00,0x00,0x00,0xef,0x00,0x0c,0x91,0x16,0xf1,0x00,0x00,0x04,0xef,0xfe,0x60,0x00,
0x00,0x00,0x02,0x31,0x00,0x00,0x00,0x00,0x00,0x00,0x00,0x00,0x7f,0xa0,0x00,0x00,0x07,0xf9,0x1e,0xf2,
0x00,0x00,0x0e,0xf3,0x08,0xf9,0x00,0x00,0x6f,0xb0,0x02,0xfe,0x10,0x00,0xcf,0x40,0x00,0xaf,0x70,0x04,
0xfd,0x00,0x00,0x3f,0xd0,0x0b,0xf6,0x00,0x00,0x0c,0xf5,0x3f,0xe1,0x00,0x00,0x05,0xfc,0x9f,0x80,0x00,
0x00,0x00,0xdf,0xff,0x10,0x00,0x00,0x00,0x7f,0xf9,0x00,0x00,0x00,0x00,0x1f,0xf3,0x00,0x00,0x00,0x00,
0x6f,0xb0,0x00,0x00,0x01,0x9b,0xff,0x40,0x00,0x00,0x01,0xfe,0xc6,0x00,0x00,0x00,0x0f,0xe0,0x00,0x00,
0x00,0xdf,0x10,0xfe,0x00,0x00,0x00,0x0d,0xf1,0x0f,0xe0,0x00,0x00,0x00,0xdf,0x10,0xfe,0x00,0x00,0x00,
0x0d,0xf1,0x0f,0xe0,0x00,0x00,0x00,0xdf,0x10,0xfe,0x00,0x00,0x00,0x0d,0xf1,0x0f,0xe0,0x00,0x00,0x00,
0xdf,0x10,0xfe,0x00,0x00,0x00,0x0d,0xf1,0x0f,0xe0,0x00,0x00,0x00,0xdf,0x10,0xfe,0x00,0x00,0x00,0x0d,
0xf1,0x0f,0xe0,0x00,0x00,0x00,0xdf,0x10,0xfe,0x00,0x00,0x00,0x0d,0xf1,0x0f,0xf9,0x99,0x99,0x99,0xef,
0x10,0xff,0xff,0xff,0xff,0xff,0xf1,0x00,0x00,0x05,0xf5,0x00,0x00,0x00,0x00,0x00,0x5f,0x50,0x00,0x00,
0x00,0x00,0x05,0xf5,0x00,0x00,0x00,0x00,0x00,0x07,0xff,0x20,0x00,0x00,0x00,0x00,0x0d,0xff,0x80,0x00,
0x00,0x00,0x00,0x4f,0x9e,0xe0,0x00,0x00,0x00,0x00,0xaf,0x38,0xf5,0x00,0x00,0x00,0x01,0xfd,0x03,0xfb,
0x00,0x00,0x00,0x07,0xf7,0x00,0xcf,0x20,0x00,0x00,0x0d,0xf2,0x00,0x6f,0x80,0x00,0x00,0x4f,0xb0,0x00,
0x1f,0xe0,0x00,0x00,0xaf,0x50,0x00,0x0a,0xf5,0x00,0x01,0xff,0xff,0xff,0xff,0xfb,0x00,0x07,0xfc,0x99,
0x99,0x99,0xef,0x20,0x0d,0xf3,0x00,0x00,0x00,0x8f,0x80,0x4f,0xc0,0x00,0x00,0x00,0x2f,0xe0,0xaf,0x60,
0x00,0x00,0x00,0x0b,0xf5,0x0f,0xff,0xff,0xff,0xff,0x40,0x0f,0xf9,0x99,0x99,0x99,0x20,0x0f,0xe0,0x00,
0x00,0x00,0x00,0x0f,0xe0,0x00,0x00,0x00,0x00,0x0f,0xe0,0x00,0x00,0x00,0x00,0x0f,0xf9,0x99,0x87,0x40,
0x00,0x0f,0xff,0xff,0xff,0xfc,0x20,0x0f,0xe0,0x00,0x13,0xbf,0xc0,0x0f,0xe0,0x00,0x00,0x1f,0xf2,0x0f,
0xe0,0x00,0x00,0x0c,0xf4,0x0f,0xe0,0x00,0x00,0x0e,0xf4,0x0f,0xe0,0x00,0x00,0x6f,0xe1,0x0f,0xf9,0x99,
0xac,0xff,0x60,0x0f,0xff,0xff,0xfe,0xa4,0x00,0x0f,0xff,0xff,0xfd,0x92,0x00,0x0f,0xf9,0x99,0xad,0xfe,
0x20,0x0f,0xe0,0x00,0x00,0xaf,0x90,0x0f,0xe0,0x00,0x00,0x5f,0xa0,0x0f,0xe0,0x00,0x00,0x9f,0x70,0x0f,
0xf8,0x88,0x9d,0xfa,0x10,0x0f,0xff,0xff,0xff,0xc5,0x00,0x0f,0xe0,0x00,0x13,0xbf,0x70,0x0f,0xe0,0x00,
0x00,0x1f,0xf1,0x0f,0xe0,0x00,0x00,0x0c,0xf4,0x0f,0xe0,0x00,0x00,0x0e,0xf4,0x0f,0xe0,0x00,0x00,0x6f,
0xe1,0x0f,0xf9,0x99,0xac,0xff,0x60,0x0f,0xff,0xff,0xfd,0xa4,0x00,0x0f,0xff,0xff,0xff,0xff,0x00,0xff,
0x99,0x99,0x99,0x90,0x0f,0xe0,0x00,0x00,0x00,0x00,0xfe,0x00,0x00,0x00,0x00,0x0f,0xe0,0x00,0x00,0x00,
0x00,0xfe,0x00,0x00,0x00,0x00,0x0f,0xe0,0x00,0x00,0x00,0x00,0xfe,0x00,0x00,0x00,0x00,0x0f,0xe0,0x00,
0x00,0x00,0x00,0xfe,0x00,0x00,0x00,0x00,0x0f,0xe0,0x00,0x00,0x00,0x00,0xfe,0x00,0x00,0x00,0x00,0x0f,
0xe0,0x00,0x00,0x00,0x00,0xfe,0x00,0x00,0x00,0x00,0x00,0x00,0xaf,0xff,0xff,0xff,0xf0,0x00,0x00,0x0a,
0xfb,0x99,0x99,0xff,0x00,0x00,0x00,0xaf,0x40,0x00,0x0f,0xf0,0x00,0x00,0x0b,0xf4,0x00,0x00,0xff,0x00,
0x00,0x00,0xbf,0x40,0x00,0x0f,0xf0,0x00,0x00,0x0c,0xf3,0x00,0x00,0xff,0x00,0x00,0x00,0xdf,0x20,0x00,
0x0f,0xf0,0x00,0x00,0x0f,0xf0,0x00,0x00,0xff,0x00,0x00,0x02,0xfd,0x00,0x00,0x0f,0xf0,0x00,0x00,0x5f,
0xa0,0x00,0x00,0xff,0x00,0x00,0x09,0xf6,0x00,0x00,0x0f,0xf0,0x00,0x03,0xfe,0x10,0x00,0x00,0xff,0x00,
0x0a,0xff,0xd9,0x99,0x99,0x9f,0xf9,0x60,0xff,0xff,0xff,0xff,0xff,0xff,0xfa,0x0f,0xa0,0x00,0x00,0x00,
0x00,0x0f,0xa0,0xfa,0x00,0x00,0x00,0x00,0x00,0xfa,0x0f,0xa0,0x00,0x00,0x00,0x00,0x0f,0xa0,0x11,0x00,
0x00,0x00,0x00,0x00,0x11,0x0f,0xff,0xff,0xff,0xff,0x30,0xff,0x99,0x99,0x99,0x92,0x0f,0xe0,0x00,0x00,
0x00,0x00,0xfe,0x00,0x00,0x00,0x00,0x0f,0xe0,0x00,0x00,0x00,0x00,0xff,0xaa,0xaa,0xaa,0x80,0x0f,0xff,
0xff,0xff,0xfd,0x00,0xfe,0x00,0x00,0x00,0x00,0x0f,0xe0,0x00,0x00,0x00,0x00,0xfe,0x00,0x00,0x00,0x00,
0x0f,0xe0,0x00,0x00,0x00,0x00,0xfe,0x00,0x00,0x00,0x00,0x0f,0xf9,0x99,0x99,0x99,0x30,0xff,0xff,0xff,
0xff,0xf5,0x1b,0xf9,0x00,0x00,0x03,0xfc,0x00,0x00,0x02,0xef,0x50,0x01,0xcf,0x80,0x00,0x03,0xfc,0x00,
0x00,0x2d,0xf6,0x00,0x00,0x1c,0xf8,0x00,0x03,0xfc,0x00,0x02,0xdf,0x60,0x00,0x00,0x01,0xcf,0x70,0x03,
0xfc,0x00,0x1d,0xf7,0x00,0x00,0x00,0x00,0x1d,0xf7,0x03,0xfc,0x01,0xcf,0x70,0x00,0x00,0x00,0x00,0x02,
0xff,0x63,0xfc,0x1c,0xfa,0x00,0x00,0x00,0x00,0x00,0x09,0xff,0xf9,0xfc,0xcf,0xff,0x30,0x00,0x00,0x00,
0x00,0x4f,0xc2,0xef,0xff,0xf9,0x4f,0xc0,0x00,0x00,0x00,0x01,0xdf,0x20,0x3e,0xff,0x90,0x09,0xf7,0x00,
0x00,0x00,0x09,0xf7,0x00,0x04,0xfd,0x00,0x01,0xdf,0x30,0x00,0x00,0x4f,0xc0,0x00,0x03,0xfc,0x00,0x00,
0x4f,0xc0,0x00,0x01,0xdf,0x20,0x00,0x03,0xfc,0x00,0x00,0x09,0xf7,0x00,0x09,0xf7,0x00,0x00,0x03,0xfc,
0x00,0x00,0x01,0xdf,0x30,0x4f,0xc0,0x00,0x00,0x03,0xfc,0x00,0x00,0x00,0x4f,0xc0,0x38,0xce,0xfe,0xc8,
0x20,0x08,0xfd,0xaa,0xac,0xff,0x50,0x32,0x00,0x00,0x04,0xfe,0x10,0x00,0x00,0x00,0x0d,0xf2,0x00,0x00,
0x00,0x03,0xfd,0x00,0x01,0x99,0xab,0xfc,0x20,0x00,0x2f,0xff,0xfe,0x70,0x00,0x00,0x00,0x13,0xaf,0xb0,
0x00,0x00,0x00,0x00,0xcf,0x40,0x00,0x00,0x00,0x08,0xf7,0x00,0x00,0x00,0x00,0x9f,0x67,0x40,0x00,0x00,
0x5f,0xe1,0xaf,0xdb,0xab,0xdf,0xe4,0x02,0x8b,0xef,0xec,0x81,0x00,0x0f,0xd0,0x00,0x00,0x1d,0xff,0x0f,
0xd0,0x00,0x00,0x7f,0xff,0x0f,0xd0,0x00,0x01,0xee,0xef,0x0f,0xd0,0x00,0x09,0xf6,0xef,0x0f,0xd0,0x00,
0x2f,0xd0,0xef,0x0f,0xd0,0x00,0xaf,0x50,0xef,0x0f,0xd0,0x04,0xfb,0x00,0xef,0x0f,0xd0,0x0c,0xf3,0x00,
0xef,0x0f,0xd0,0x5f,0xa0,0x00,0xef,0x0f,0xd0,0xdf,0x20,0x00,0xef,0x0f,0xd7,0xf8,0x00,0x00,0xef,0x0f,
0xee,0xe1,0x00,0x00,0xef,0x0f,0xff,0x70,0x00,0x00,0xef,0x0f,0xfd,0x00,0x00,0x00,0xef,0x00,0x08,0xc2,
0x14,0xe5,0x00,0x00,0x01,0xcf,0xff,0x90,0x00,0x00,0x00,0x02,0x31,0x00,0x00,0x00,0x00,0x00,0x00,0x00,
0x00,0x0f,0xd0,0x00,0x00,0x1d,0xff,0x0f,0xd0,0x00,0x00,0x7f,0xff,0x0f,0xd0,0x00,0x01,0xee,0xef,0x0f,
0xd0,0x00,0x09,0xf6,0xef,0x0f,0xd0,0x00,0x2f,0xd0,0xef,0x0f,0xd0,0x00,0xaf,0x50,0xef,0x0f,0xd0,0x04,
0xfb,0x00,0xef,0x0f,0xd0,0x0c,0xf3,0x00,0xef,0x0f,0xd0,0x5f,0xa0,0x00,0xef,0x0f,0xd0,0xdf,0x20,0x00,
0xef,0x0f,0xd7,0xf8,0x00,0x00,0xef,0x0f,0xee,0xe1,0x00,0x00,0xef,0x0f,0xff,0x70,0x00,0x00,0xef,0x0f,
0xfd,0x00,0x00,0x00,0xef,0x0f,0xe0,0x00,0x00,0x08,0xfd,0x20,0xfe,0x00,0x00,0x08,0xfd,0x20,0x0f,0xe0,
0x00,0x08,0xfd,0x20,0x00,0xfe,0x00,0x09,0xfd,0x20,0x00,0x0f,0xe0,0x09,0xfd,0x10,0x00,0x00,0xfe,0x09,
0xff,0x20,0x00,0x00,0x0f,0xe9,0xfe,0xf8,0x00,0x00,0x00,0xff,0xfc,0x2d,0xf4,0x00,0x00,0x0f,0xfc,0x10,
0x3f,0xd1,0x00,0x00,0xfe,0x10,0x00,0x7f,0xa0,0x00,0x0f,0xe0,0x00,0x00,0xcf,0x50,0x00,0xfe,0x00,0x00,
0x02,0xee,0x20,0x0f,0xe0,0x00,0x00,0x06,0xfb,0x00,0xfe,0x00,0x00,0x00,0x0a,0xf7,0x00,0x00,0x9f,0xff,
0xff,0xff,0xf1,0x00,0x00,0x9f,0xb9,0x99,0x9f,0xf1,0x00,0x00,0x9f,0x50,0x00,0x0e,0xf1,0x00,0x00,0xaf,
0x50,0x00,0x0e,0xf1,0x00,0x00,0xaf,0x50,0x00,0x0e,0xf1,0x00,0x00,0xbf,0x50,0x00,0x0e,0xf1,0x00,0x00,
0xcf,0x40,0x00,0x0e,0xf1,0x00,0x00,0xdf,0x20,0x00,0x0e,0xf1,0x00,0x00,0xff,0x00,0x00,0x0e,0xf1,0x00,
0x03,0xfc,0x00,0x00,0x0e,0xf1,0x00,0x08,0xf8,0x00,0x00,0x0e,0xf1,0x00,0x5f,0xf2,0x00,0x00,0x0e,0xf1,
0x2c,0xff,0x50,0x00,0x00,0x0e,0xf1,0x3d,0x92,0x00,0x00,0x00,0x0e,0xf1,0x0f,0xff,0x20,0x00,0x00,0x0d,
0xff,0x40,0xff,0xf7,0x00,0x00,0x03,0xff,0xf4,0x0f,0xdc,0xd0,0x00,0x00,0x9f,0xbf,0x40,0xfd,0x6f,0x40,
0x00,0x1e,0xa9,0xf4,0x0f,0xd1,0xfa,0x00,0x06,0xf4,0x9f,0x40,0xfd,0x0a,0xf1,0x00,0xcd,0x09,0xf4,0x0f,
0xd0,0x4f,0x70,0x3f,0x80,0x9f,0x40,0xfd,0x00,0xdc,0x09,0xf2,0x09,0xf4,0x0f,0xd0,0x07,0xf4,0xeb,0x00,
0x9f,0x40,0xfd,0x00,0x1f,0xdf,0x50,0x09,0xf4,0x0f,0xd0,0x00,0xaf,0xe0,0x00,0x9f,0x40,0xfd,0x00,0x02,
0x53,0x00,0x09,0xf4,0x0f,0xd0,0x00,0x00,0x00,0x00,0x9f,0x40,0xfd,0x00,0x00,0x00,0x00,0x09,0xf4,0x0f,
0xe0,0x00,0x00,0x00,0xdf,0x10,0xfe,0x00,0x00,0x00,0x0d,0xf1,0x0f,0xe0,0x00,0x00,0x00,0xdf,0x10,0xfe,
0x00,0x00,0x00,0x0d,0xf1,0x0f,0xe0,0x00,0x00,0x00,0xdf,0x10,0xff,0xaa,0xaa,0xaa,0xae,0xf1,0x0f,0xff,
0xff,0xff,0xff,0xff,0x10,0xfe,0x00,0x00,0x00,0x0d,0xf1,0x0f,0xe0,0x00,0x00,0x00,0xdf,0x10,0xfe,0x00,
0x00,0x00,0x0d,0xf1,0x0f,0xe0,0x00,0x00,0x00,0xdf,0x10,0xfe,0x00,0x00,0x00,0x0d,0xf1,0x0f,0xe0,0x00,
0x00,0x00,0xdf,0x10,0xfe,0x00,0x00,0x00,0x0d,0xf1,0x00,0x03,0x9d,0xfe,0xc8,0x20,0x00,0x00,0x8f,0xfc,
0x9a,0xdf,0xe5,0x00,0x07,0xfd,0x30,0x00,0x06,0xff,0x40,0x2f,0xf3,0x00,0x00,0x00,0x6f,0xd0,0x8f,0x90,
0x00,0x00,0x00,0x0d,0xf4,0xbf,0x50,0x00,0x00,0x00,0x09,0xf7,0xdf,0x40,0x00,0x00,0x00,0x07,0xf9,0xdf,
0x30,0x00,0x00,0x00,0x07,0xf9,0xbf,0x50,0x00,0x00,0x00,0x09,0xf7,0x8f,0x90,0x00,0x00,0x00,0x0d,0xf4,
0x2f,0xf3,0x00,0x00,0x00,0x6f,0xd0,0x08,0xfd,0x30,0x00,0x05,0xff,0x40,0x00,0x8f,0xfc,0x9a,0xdf,0xe5,
0x00,0x00,0x03,0x9d,0xfe,0xc8,0x20,0x00,0x0f,0xff,0xff,0xff,0xff,0xff,0x10,0xff,0x99,0x99,0x99,0x9e,
0xf1,0x0f,0xe0,0x00,0x00,0x00,0xdf,0x10,0xfe,0x00,0x00,0x00,0x0d,0xf1,0x0f,0xe0,0x00,0x00,0x00,0xdf,
0x10,0xfe,0x00,0x00,0x00,0x0d,0xf1,0x0f,0xe0,0x00,0x00,0x00,0xdf,0x10,0xfe,0x00,0x00,0x00,0x0d,0xf1,
0x0f,0xe0,0x00,0x00,0x00,0xdf,0x10,0xfe,0x00,0x00,0x00,0x0d,0xf1,0x0f,0xe0,0x00,0x00,0x00,0xdf,0x10,
0xfe,0x00,0x00,0x00,0x0d,0xf1,0x0f,0xe0,0x00,0x00,0x00,0xdf,0x10,0xfe,0x00,0x00,0x00,0x0d,0xf1,0x0f,
0xff,0xff,0xeb,0x50,0x00,0xff,0x99,0x9b,0xff,0x80,0x0f,0xe0,0x00,0x04,0xff,0x20,0xfe,0x00,0x00,0x0c,
0xf5,0x0f,0xe0,0x00,0x00,0xcf,0x50,0xfe,0x00,0x00,0x4f,0xf2,0x0f,0xf9,0x99,0xbf,0xf8,0x00,0xff,0xff,
0xfe,0xb5,0x00,0x0f,0xe0,0x00,0x00,0x00,0x00,0xfe,0x00,0x00,0x00,0x00,0x0f,0xe0,0x00,0x00,0x00,0x00,
0xfe,0x00,0x00,0x00,0x00,0x0f,0xe0,0x00,0x00,0x00,0x00,0xfe,0x00,0x00,0x00,0x00,0x00,0x02,0x9c,0xef,
0xda,0x50,0x00,0x7f,0xfd,0xa9,0xbe,0xfb,0x07,0xfe,0x40,0x00,0x00,0x6c,0x2f,0xf3,0x00,0x00,0x00,0x01,
0x8f,0x90,0x00,0x00,0x00,0x00,0xbf,0x50,0x00,0x00,0x00,0x00,0xdf,0x40,0x00,0x00,0x00,0x00,0xdf,0x30,
0x00,0x00,0x00,0x00,0xbf,0x50,0x00,0x00,0x00,0x00,0x8f,0x90,0x00,0x00,0x00,0x00,0x2f,0xf3,0x00,0x00,
0x00,0x01,0x07,0xfe,0x40,0x00,0x00,0x5c,0x00,0x7f,0xfd,0xa9,0xbe,0xfb,0x00,0x02,0x9c,0xef,0xda,0x50,
0x1f,0xff,0xff,0xff,0xff,0xff,0xf4,0x19,0x99,0x99,0xef,0xa9,0x99,0x93,0x00,0x00,0x00,0xdf,0x10,0x00,
0x00,0x00,0x00,0x00,0xdf,0x10,0x00,0x00,0x00,0x00,0x00,0xdf,0x10,0x00,0x00,0x00,0x00,0x00,0xdf,0x10,
0x00,0x00,0x00,0x00,0x00,0xdf,0x10,0x00,0x00,0x00,0x00,0x00,0xdf,0x10,0x00,0x00,0x00,0x00,0x00,0xdf,
0x10,0x00,0x00,0x00,0x00,0x00,0xdf,0x10,0x00,0x00,0x00,0x00,0x00,0xdf,0x10,0x00,0x00,0x00,0x00,0x00,
0xdf,0x10,0x00,0x00,0x00,0x00,0x00,0xdf,0x10,0x00,0x00,0x00,0x00,0x00,0xdf,0x10,0x00,0x00,0x7f,0xa0,
0x00,0x00,0x07,0xf9,0x1e,0xf2,0x00,0x00,0x0e,0xf3,0x08,0xf9,0x00,0x00,0x6f,0xb0,0x02,0xfe,0x10,0x00,
0xcf,0x40,0x00,0xaf,0x70,0x04,0xfd,0x00,0x00,0x3f,0xd0,0x0b,0xf6,0x00,0x00,0x0c,0xf5,0x3f,0xe1,0x00,
0x00,0x05,0xfc,0x9f,0x80,0x00,0x00,0x00,0xdf,0xff,0x10,0x00,0x00,0x00,0x7f,0xf9,0x00,0x00,0x00,0x00,
0x1f,0xf3,0x00,0x00,0x00,0x00,0x6f,0xb0,0x00,0x00,0x01,0x9b,0xff,0x40,0x00,0x00,0x01,0xfe,0xc6,0x00,
0x00,0x00,0x00,0x00,0x00,0x6f,0x90,0x00,0x00,0x00,0x00,0x01,0x58,0xcf,0xd9,0x62,0x00,0x00,0x00,0x7e,
0xff,0xef,0xef,0xff,0xa1,0x00,0x0a,0xfe,0x62,0x6f,0x90,0x4c,0xfc,0x10,0x5f,0xe1,0x00,0x6f,0x90,0x00,
0xbf,0x80,0xaf,0x70,0x00,0x6f,0x90,0x00,0x4f,0xd0,0xcf,0x40,0x00,0x6f,0x90,0x00,0x1f,0xf0,0xbf,0x50,
0x00,0x6f,0x90,0x00,0x2f,0xf0,0x8f,0x90,0x00,0x6f,0x90,0x00,0x6f,0xc0,0x2f,0xf5,0x00,0x6f,0x90,0x03,
0xef,0x50,0x05,0xff,0xc7,0x8f,0xb6,0xaf,0xf8,0x00,0x00,0x2a,0xef,0xff,0xff,0xfb,0x40,0x00,0x00,0x00,
0x03,0x8f,0xb3,0x10,0x00,0x00,0x00,0x00,0x00,0x6f,0x90,0x00,0x00,0x00,0x06,0xfb,0x00,0x00,0x00,0xbf,
0x60,0x00,0xaf,0x60,0x00,0x06,0xfb,0x00,0x00,0x1e,0xe2,0x00,0x2e,0xe1,0x00,0x00,0x05,0xfc,0x00,0xcf,
0x50,0x00,0x00,0x00,0x9f,0x88,0xf9,0x00,0x00,0x00,0x00,0x1d,0xff,0xd1,0x00,0x00,0x00,0x00,0x06,0xff,
0x40,0x00,0x00,0x00,0x00,0x1d,0xff,0x90,0x00,0x00,0x00,0x00,0x9f,0x8c,0xf5,0x00,0x00,0x00,0x04,0xfc,
0x03,0xfe,0x10,0x00,0x00,0x1d,0xf3,0x00,0x7f,0xa0,0x00,0x00,0xaf,0x70,0x00,0x0b,0xf5,0x00,0x05,0xfb,
0x00,0x00,0x02,0xee,0x20,0x2e,0xe2,0x00,0x00,0x00,0x6f,0xb0,0x0f,0xe0,0x00,0x00,0x00,0xdf,0x10,0x0f,
0xe0,0x00,0x00,0x00,0xdf,0x10,0x0f,0xe0,0x00,0x00,0x00,0xdf,0x10,0x0f,0xe0,0x00,0x00,0x00,0xdf,0x10,
0x0f,0xe0,0x00,0x00,0x00,0xdf,0x10,0x0f,0xe0,0x00,0x00,0x00,0xdf,0x10,0x0f,0xe0,0x00,0x00,0x00,0xdf,
0x10,0x0f,0xe0,0x00,0x00,0x00,0xdf,0x10,0x0f,0xe0,0x00,0x00,0x00,0xdf,0x10,0x0f,0xe0,0x00,0x00,0x00,
0xdf,0x10,0x0f,0xe0,0x00,0x00,0x00,0xdf,0x10,0x0f,0xe0,0x00,0x00,0x00,0xdf,0x10,0x0f,0xf9,0x99,0x99,
0x99,0xef,0xa7,0x0f,0xff,0xff,0xff,0xff,0xff,0xfb,0x00,0x00,0x00,0x00,0x00,0x00,0xeb,0x00,0x00,0x00,
0x00,0x00,0x00,0xeb,0x00,0x00,0x00,0x00,0x00,0x00,0xeb,0x00,0x00,0x00,0x00,0x00,0x00,0x11,0x4f,0xa0,
0x00,0x00,0x4f,0xb4,0xfa,0x00,0x00,0x04,0xfb,0x4f,0xa0,0x00,0x00,0x4f,0xb4,0xfa,0x00,0x00,0x04,0xfb,
0x4f,0xc0,0x00,0x00,0x4f,0xb1,0xff,0x40,0x00,0x04,0xfb,0x08,0xff,0xb9,0x99,0xbf,0xb0,0x07,0xdf,0xff,
0xff,0xfb,0x00,0x00,0x00,0x00,0x4f,0xb0,0x00,0x00,0x00,0x04,0xfb,0x00,0x00,0x00,0x00,0x4f,0xb0,0x00,
0x00,0x00,0x04,0xfb,0x00,0x00,0x00,0x00,0x4f,0xb0,0x00,0x00,0x00,0x04,0xfb,0x0f,0xe0,0x00,0x00,0x4f,
0xa0,0x00,0x00,0x8f,0x60,0xfe,0x00,0x00,0x04,0xfa,0x00,0x00,0x08,0xf6,0x0f,0xe0,0x00,0x00,0x4f,0xa0,
0x00,0x00,0x8f,0x60,0xfe,0x00,0x00,0x04,0xfa,0x00,0x00,0x08,0xf6,0x0f,0xe0,0x00,0x00,0x4f,0xa0,0x00,
0x00,0x8f,0x60,0xfe,0x00,0x00,0x04,0xfa,0x00,0x00,0x08,0xf6,0x0f,0xe0,0x00,0x00,0x4f,0xa0,0x00,0x00,
0x8f,0x60,0xfe,0x00,0x00,0x04,0xfa,0x00,0x00,0x08,0xf6,0x0f,0xe0,0x00,0x00,0x4f,0xa0,0x00,0x00,0x8f,
0x60,0xfe,0x00,0x00,0x04,0xfa,0x00,0x00,0x08,0xf6,0x0f,0xe0,0x00,0x00,0x4f,0xa0,0x00,0x00,0x8f,0x60,
0xfe,0x00,0x00,0x04,0xfa,0x00,0x00,0x08,0xf6,0x0f,0xf9,0x99,0x99,0xbf,0xd9,0x99,0x99,0xcf,0x60,0xff,
0xff,0xff,0xff,0xff,0xff,0xff,0xff,0xf6,0x0f,0xe0,0x00,0x00,0x4f,0xa0,0x00,0x00,0x8f,0x60,0x00,0xfe,
0x00,0x00,0x04,0xfa,0x00,0x00,0x08,0xf6,0x00,0x0f,0xe0,0x00,0x00,0x4f,0xa0,0x00,0x00,0x8f,0x60,0x00,
0xfe,0x00,0x00,0x04,0xfa,0x00,0x00,0x08,0xf6,0x00,0x0f,0xe0,0x00,0x00,0x4f,0xa0,0x00,0x00,0x8f,0x60,
0x00,0xfe,0x00,0x00,0x04,0xfa,0x00,0x00,0x08,0xf6,0x00,0x0f,0xe0,0x00,0x00,0x4f,0xa0,0x00,0x00,0x8f,
0x60,0x00,0xfe,0x00,0x00,0x04,0xfa,0x00,0x00,0x08,0xf6,0x00,0x0f,0xe0,0x00,0x00,0x4f,0xa0,0x00,0x00,
0x8f,0x60,0x00,0xfe,0x00,0x00,0x04,0xfa,0x00,0x00,0x08,0xf6,0x00,0x0f,0xe0,0x00,0x00,0x4f,0xa0,0x00,
0x00,0x8f,0x60,0x00,0xfe,0x00,0x00,0x04,0xfa,0x00,0x00,0x08,0xf6,0x00,0x0f,0xf9,0x99,0x99,0xbf,0xd9,
0x99,0x99,0xcf,0xc9,0x10,0xff,0xff,0xff,0xff,0xff,0xff,0xff,0xff,0xff,0xf1,0x00,0x00,0x00,0x00,0x00,
0x00,0x00,0x00,0x00,0x9f,0x10,0x00,0x00,0x00,0x00,0x00,0x00,0x00,0x00,0x09,0xf1,0x00,0x00,0x00,0x00,
0x00,0x00,0x00,0x00,0x00,0x9f,0x10,0x00,0x00,0x00,0x00,0x00,0x00,0x00,0x00,0x01,0x10,0x6f,0xff,0xff,
0xd0,0x00,0x00,0x00,0x00,0x49,0x99,0xaf,0xd0,0x00,0x00,0x00,0x00,0x00,0x00,0x2f,0xd0,0x00,0x00,0x00,
0x00,0x00,0x00,0x2f,0xd0,0x00,0x00,0x00,0x00,0x00,0x00,0x2f,0xd0,0x00,0x00,0x00,0x00,0x00,0x00,0x2f,
0xe9,0x99,0x87,0x30,0x00,0x00,0x00,0x2f,0xff,0xff,0xff,0xfb,0x10,0x00,0x00,0x2f,0xd0,0x00,0x14,0xcf,
0xb0,0x00,0x00,0x2f,0xd0,0x00,0x00,0x2f,0xf1,0x00,0x00,0x2f,0xd0,0x00,0x00,0x0d,0xf3,0x00,0x00,0x2f,
0xd0,0x00,0x00,0x0e,0xf2,0x00,0x00,0x2f,0xd0,0x00,0x00,0x7f,0xe0,0x00,0x00,0x2f,0xe9,0x99,0xad,0xff,
0x50,0x00,0x00,0x2f,0xff,0xff,0xfd,0xa3,0x00,0x0f,0xe0,0x00,0x00,0x00,0x00,0x4f,0xa0,0xfe,0x00,0x00,
0x00,0x00,0x04,0xfa,0x0f,0xe0,0x00,0x00,0x00,0x00,0x4f,0xa0,0xfe,0x00,0x00,0x00,0x00,0x04,0xfa,0x0f,
0xe0,0x00,0x00,0x00,0x00,0x4f,0xa0,0xff,0x99,0x98,0x74,0x00,0x04,0xfa,0x0f,0xff,0xff,0xff,0xfc,0x20,
0x4f,0xa0,0xfe,0x00,0x01,0x3b,0xfc,0x04,0xfa,0x0f,0xe0,0x00,0x00,0x1f,0xf2,0x4f,0xa0,0xfe,0x00,0x00,
0x00,0xcf,0x44,0xfa,0x0f,0xe0,0x00,0x00,0x0e,0xf4,0x4f,0xa0,0xfe,0x00,0x00,0x06,0xfe,0x14,0xfa,0x0f,
0xf9,0x99,0xac,0xff,0x60,0x4f,0xa0,0xff,0xff,0xff,0xda,0x40,0x04,0xfa,0x0f,0xe0,0x00,0x00,0x00,0x00,
0x0f,0xe0,0x00,0x00,0x00,0x00,0x0f,0xe0,0x00,0x00,0x00,0x00,0x0f,0xe0,0x00,0x00,0x00,0x00,0x0f,0xe0,
0x00,0x00,0x00,0x00,0x0f,0xf9,0x99,0x87,0x40,0x00,0x0f,0xff,0xff,0xff,0xfc,0x20,0x0f,0xe0,0x00,0x13,
0xbf,0xc0,0x0f,0xe0,0x00,0x00,0x1f,0xf2,0x0f,0xe0,0x00,0x00,0x0c,0xf4,0x0f,0xe0,0x00,0x00,0x0e,0xf4,
0x0f,0xe0,0x00,0x00,0x6f,0xe1,0x0f,0xf9,0x99,0xac,0xff,0x60,0x0f,0xff,0xff,0xfd,0xa4,0x00,0x06,0xbd,
0xfe,0xc9,0x20,0x00,0xcf,0xeb,0x9a,0xcf,0xf7,0x00,0xc5,0x00,0x00,0x03,0xdf,0x70,0x00,0x00,0x00,0x00,
0x3f,0xf1,0x00,0x00,0x00,0x00,0x09,0xf7,0x00,0x00,0x00,0x00,0x05,0xfb,0x00,0xff,0xff,0xff,0xff,0xfc,
0x00,0x99,0x99,0x99,0x9b,0xfc,0x00,0x00,0x00,0x00,0x07,0xfb,0x00,0x00,0x00,0x00,0x0b,0xf7,0x10,0x00,
0x00,0x00,0x4f,0xf2,0xd6,0x00,0x00,0x04,0xdf,0x70,0xcf,0xeb,0x9a,0xcf,0xf7,0x00,0x05,0xad,0xfe,0xc9,
0x20,0x00,0xef,0x00,0x00,0x00,0x5a,0xdf,0xec,0x71,0x00,0x0e,0xf0,0x00,0x01,0xbf,0xfb,0x9a,0xdf,0xe3,
0x00,0xef,0x00,0x00,0xbf,0xc2,0x00,0x00,0x7f,0xe2,0x0e,0xf0,0x00,0x5f,0xe1,0x00,0x00,0x00,0x8f,0xb0,
0xef,0x00,0x0b,0xf7,0x00,0x00,0x00,0x01,0xff,0x2e,0xf0,0x00,0xef,0x30,0x00,0x00,0x00,0x0b,0xf5,0xef,
0xff,0xff,0xf1,0x00,0x00,0x00,0x00,0xaf,0x6e,0xfa,0x99,0xff,0x10,0x00,0x00,0x00,0x0a,0xf6,0xef,0x00,
0x0d,0xf3,0x00,0x00,0x00,0x00,0xbf,0x5e,0xf0,0x00,0xaf,0x70,0x00,0x00,0x00,0x1f,0xf2,0xef,0x00,0x03,
0xfe,0x10,0x00,0x00,0x08,0xfb,0x0e,0xf0,0x00,0x09,0xfc,0x20,0x00,0x07,0xfe,0x20,0xef,0x00,0x00,0x09,
0xff,0xb9,0xad,0xfe,0x40,0x0e,0xf0,0x00,0x00,0x04,0xad,0xfe,0xc7,0x10,0x00,0x00,0x3a,0xdf,0xff,0xff,
0xe0,0x5f,0xfd,0xa9,0x99,0xfe,0x0d,0xf8,0x00,0x00,0x0f,0xe2,0xff,0x10,0x00,0x00,0xfe,0x2f,0xf1,0x00,
0x00,0x0f,0xe0,0xdf,0x80,0x00,0x00,0xfe,0x04,0xef,0xda,0x99,0x9f,0xe0,0x01,0x7e,0xff,0xff,0xfe,0x00,
0x03,0xfe,0x10,0x0f,0xe0,0x00,0xcf,0x50,0x00,0xfe,0x00,0x6f,0xb0,0x00,0x0f,0xe0,0x2e,0xe2,0x00,0x00,
0xfe,0x0b,0xf7,0x00,0x00,0x0f,0xe5,0xfc,0x00,0x00,0x00,0xfe,0x06,0xad,0xfe,0xb5,0x00,0x0f,0xc9,0x89,
0xef,0x70,0x02,0x00,0x00,0x1c,0xe1,0x00,0x00,0x11,0x17,0xf5,0x03,0xae,0xff,0xff,0xf6,0x3e,0xe8,0x54,
0x48,0xf7,0xaf,0x40,0x00,0x07,0xf7,0xcf,0x10,0x00,0x0b,0xf7,0xaf,0x50,0x00,0x5f,0xf7,0x3f,0xf9,0x8a,
0xfa,0xf7,0x04,0xbe,0xeb,0x45,0xf7,0x00,0x00,0x36,0x78,0x91,0x00,0x05,0xdf,0xff,0xff,0x40,0x07,0xfe,
0x61,0x00,0x00,0x02,0xfd,0x20,0x00,0x00,0x00,0x9f,0x40,0x00,0x00,0x00,0x0c,0xe4,0xbe,0xfd,0x81,0x00,
0xdf,0xfe,0x98,0xcf,0xc1,0x0d,0xfe,0x20,0x00,0x9f,0x90,0xdf,0x70,0x00,0x01,0xee,0x0c,0xf3,0x00,0x00,
0x0c,0xf2,0xcf,0x20,0x00,0x00,0xaf,0x3a,0xf3,0x00,0x00,0x0c,0xf2,0x7f,0x70,0x00,0x01,0xee,0x02,0xfe,
0x20,0x00,0x9f,0x90,0x06,0xfe,0x98,0xcf,0xc1,0x00,0x04,0xbe,0xfd,0x81,0x00,0x3f,0xff,0xfe,0xd7,0x10,
0x3f,0xc6,0x67,0xcf,0xa0,0x3f,0x90,0x00,0x0d,0xf1,0x3f,0x90,0x00,0x0c,0xf0,0x3f,0xa2,0x23,0x8f,0x90,
0x3f,0xff,0xff,0xfa,0x10,0x3f,0xb4,0x45,0x8e,0xd1,0x3f,0x90,0x00,0x06,0xf7,0x3f,0x90,0x00,0x07,0xf8,
0x3f,0xc6,0x67,0x9f,0xf3,0x3f,0xff,0xff,0xda,0x30,0x3f,0xff,0xff,0xff,0x83,0xfc,0x66,0x66,0x63,0x3f,
0x90,0x00,0x00,0x03,0xf9,0x00,0x00,0x00,0x3f,0x90,0x00,0x00,0x03,0xf9,0x00,0x00,0x00,0x3f,0x90,0x00,
0x00,0x03,0xf9,0x00,0x00,0x00,0x3f,0x90,0x00,0x00,0x03,0xf9,0x00,0x00,0x00,0x3f,0x90,0x00,0x00,0x00,
0x00,0x1f,0xff,0xff,0xff,0x50,0x00,0x1f,0xd6,0x66,0xaf,0x50,0x00,0x1f,0xb0,0x00,0x7f,0x50,0x00,0x1f,
0xb0,0x00,0x7f,0x50,0x00,0x2f,0xa0,0x00,0x7f,0x50,0x00,0x4f,0x90,0x00,0x7f,0x50,0x00,0x7f,0x70,0x00,
0x7f,0x50,0x00,0xaf,0x30,0x00,0x7f,0x50,0x02,0xfd,0x00,0x00,0x7f,0x50,0x6d,0xfa,0x66,0x66,0xaf,0x95,
0xef,0xff,0xff,0xff,0xff,0xfc,0xe7,0x00,0x00,0x00,0x00,0xac,0xe7,0x00,0x00,0x00,0x00,0xac,0xa5,0x00,
0x00,0x00,0x00,0x78,0x00,0x3a,0xef,0xea,0x20,0x00,0x6f,0xe9,0x8a,0xfe,0x30,0x2f,0xb1,0x00,0x03,0xec,
0x09,0xf4,0x11,0x11,0x1a,0xf2,0xcf,0xff,0xff,0xff,0xff,0x3d,0xf5,0x44,0x44,0x44,0x41,0xcf,0x30,0x00,
0x00,0x00,0x09,0xf8,0x00,0x00,0x00,0x00,0x3f,0xf4,0x00,0x00,0x15,0x00,0x6f,0xfb,0x88,0xae,0xc0,0x00,
0x3a,0xdf,0xec,0x94,0x00,0x05,0xfb,0x10,0x00,0xde,0x00,0x00,0xbf,0x50,0x00,0x5f,0xb0,0x00,0xde,0x00,
0x0a,0xf6,0x00,0x00,0x07,0xfa,0x00,0xde,0x00,0x9f,0x70,0x00,0x00,0x00,0x8f,0x90,0xde,0x08,0xf8,0x00,
0x00,0x00,0x00,0x1e,0xf7,0xde,0x7f,0xf1,0x00,0x00,0x00,0x00,0xaf,0xbf,0xff,0xfb,0xfa,0x00,0x00,0x00,
0x05,0xf9,0x0b,0xff,0xb0,0x8f,0x50,0x00,0x00,0x1e,0xd1,0x01,0xee,0x10,0x1d,0xe1,0x00,0x00,0xaf,0x40,
0x00,0xde,0x00,0x04,0xfa,0x00,0x05,0xf9,0x00,0x00,0xde,0x00,0x00,0x9f,0x50,0x1e,0xd1,0x00,0x00,0xde,
0x00,0x00,0x1d,0xe1,0x3b,0xde,0xec,0x71,0x04,0xca,0x89,0xcf,0xc0,0x00,0x00,0x00,0xbf,0x20,0x01,0x22,
0x6e,0xe0,0x00,0x8f,0xff,0xd4,0x00,0x03,0x56,0xab,0x30,0x00,0x00,0x00,0x9f,0x20,0x00,0x00,0x06,0xf6,
0x10,0x00,0x00,0xbf,0x5b,0xc9,0x79,0xdf,0xc0,0x6b,0xef,0xec,0x71,0x00,0x3f,0x90,0x00,0x06,0xff,0x33,
0xf9,0x00,0x01,0xef,0xf3,0x3f,0x90,0x00,0x9f,0xcf,0x33,0xf9,0x00,0x3f,0x99,0xf3,0x3f,0x90,0x0c,0xe1,
0x9f,0x33,0xf9,0x06,0xf6,0x09,0xf3,0x3f,0x91,0xec,0x00,0x9f,0x33,0xf9,0x9f,0x30,0x09,0xf3,0x3f,0xcf,
0x90,0x00,0x9f,0x33,0xff,0xe1,0x00,0x09,0xf3,0x3f,0xf6,0x00,0x00,0x9f,0x30,0x00,0x22,0x00,0x02,0x20,
0x00,0x06,0xc0,0x00,0xc6,0x00,0x00,0x2f,0x95,0x9f,0x20,0x00,0x00,0x4c,0xec,0x40,0x00,0x00,0x00,0x00,
0x00,0x00,0x03,0xf9,0x00,0x00,0x6f,0xf3,0x3f,0x90,0x00,0x1e,0xff,0x33,0xf9,0x00,0x09,0xfc,0xf3,0x3f,
0x90,0x03,0xf9,0x9f,0x33,0xf9,0x00,0xce,0x19,0xf3,0x3f,0x90,0x6f,0x60,0x9f,0x33,0xf9,0x1e,0xc0,0x09,
0xf3,0x3f,0x99,0xf3,0x00,0x9f,0x33,0xfc,0xf9,0x00,0x09,0xf3,0x3f,0xfe,0x10,0x00,0x9f,0x33,0xff,0x60,
0x00,0x09,0xf3,0x3f,0x90,0x00,0x1c,0xf6,0x03,0xf9,0x00,0x1b,0xf6,0x00,0x3f,0x90,0x1b,0xf6,0x00,0x03,
0xf9,0x0b,0xf7,0x00,0x00,0x3f,0xab,0xfd,0x10,0x00,0x03,0xff,0xfb,0xf9,0x00,0x00,0x3f,0xf8,0x0b,0xf4,
0x00,0x03,0xfa,0x00,0x2e,0xe1,0x00,0x3f,0x90,0x00,0x5f,0xa0,0x03,0xf9,0x00,0x00,0xaf,0x60,0x3f,0x90,
0x00,0x01,0xde,0x20,0x00,0x04,0xff,0xff,0xff,0xf2,0x00,0x04,0xfb,0x66,0x6c,0xf2,0x00,0x04,0xf8,0x00,
0x0a,0xf2,0x00,0x05,0xf8,0x00,0x0a,0xf2,0x00,0x05,0xf7,0x00,0x0a,0xf2,0x00,0x07,0xf6,0x00,0x0a,0xf2,
0x00,0x09,0xf4,0x00,0x0a,0xf2,0x00,0x0c,0xf1,0x00,0x0a,0xf2,0x00,0x5f,0xb0,0x00,0x0a,0xf2,0x2b,0xfe,
0x20,0x00,0x0a,0xf2,0x4d,0x92,0x00,0x00,0x0a,0xf2,0x3f,0xfa,0x00,0x00,0x08,0xff,0x43,0xff,0xf1,0x00,
0x01,0xef,0xf4,0x3f,0xbf,0x70,0x00,0x6f,0xaf,0x43,0xf9,0x9d,0x00,0x0c,0xb8,0xf4,0x3f,0x93,0xf5,0x04,
0xf5,0x8f,0x43,0xf9,0x0c,0xb0,0xad,0x08,0xf4,0x3f,0x90,0x5f,0x4f,0x70,0x8f,0x43,0xf9,0x00,0xee,0xf1,
0x08,0xf4,0x3f,0x90,0x07,0xd9,0x00,0x8f,0x43,0xf9,0x00,0x00,0x00,0x08,0xf4,0x3f,0x90,0x00,0x00,0x00,
0x8f,0x40,0x3f,0x90,0x00,0x00,0x8f,0x43,0xf9,0x00,0x00,0x08,0xf4,0x3f,0x90,0x00,0x00,0x8f,0x43,0xf9,
0x00,0x00,0x08,0xf4,0x3f,0xa2,0x22,0x22,0x9f,0x43,0xff,0xff,0xff,0xff,0xf4,0x3f,0xb4,0x44,0x44,0xaf,
0x43,0xf9,0x00,0x00,0x08,0xf4,0x3f,0x90,0x00,0x00,0x8f,0x43,0xf9,0x00,0x00,0x08,0xf4,0x3f,0x90,0x00,
0x00,0x8f,0x40,0x00,0x5b,0xef,0xc7,0x00,0x00,0x8f,0xe9,0x8d,0xfb,0x00,0x4f,0xd1,0x00,0x0b,0xf7,0x09,
0xf6,0x00,0x00,0x2f,0xd0,0xcf,0x20,0x00,0x00,0xdf,0x1d,0xf0,0x00,0x00,0x0c,0xf2,0xcf,0x20,0x00,0x00,
0xdf,0x19,0xf6,0x00,0x00,0x2f,0xd0,0x4f,0xd1,0x00,0x0b,0xf7,0x00,0x8f,0xe9,0x8d,0xfb,0x00,0x00,0x5c,
0xef,0xc7,0x00,0x00,0x3f,0xff,0xff,0xff,0xff,0x43,0xfc,0x66,0x66,0x6b,0xf4,0x3f,0x90,0x00,0x00,0x8f,
0x43,0xf9,0x00,0x00,0x08,0xf4,0x3f,0x90,0x00,0x00,0x8f,0x43,0xf9,0x00,0x00,0x08,0xf4,0x3f,0x90,0x00,
0x00,0x8f,0x43,0xf9,0x00,0x00,0x08,0xf4,0x3f,0x90,0x00,0x00,0x8f,0x43,0xf9,0x00,0x00,0x08,0xf4,0x3f,
0x90,0x00,0x00,0x8f,0x40,0x3f,0x92,0xae,0xeb,0x40,0x03,0xfb,0xeb,0x89,0xef,0x50,0x3f,0xf8,0x00,0x03,
0xfe,0x13,0xfe,0x10,0x00,0x09,0xf5,0x3f,0xb0,0x00,0x00,0x6f,0x83,0xfa,0x00,0x00,0x04,0xf9,0x3f,0xb0,
0x00,0x00,0x6f,0x83,0xfe,0x10,0x00,0x09,0xf5,0x3f,0xf8,0x00,0x03,0xfe,0x13,0xfb,0xeb,0x89,0xef,0x50,
0x3f,0x92,0xae,0xeb,0x40,0x03,0xf9,0x00,0x00,0x00,0x00,0x3f,0x90,0x00,0x00,0x00,0x03,0xf9,0x00,0x00,
0x00,0x00,0x3f,0x90,0x00,0x00,0x00,0x00,0x00,0x3a,0xef,0xeb,0x50,0x6f,0xfa,0x89,0xcb,0x3f,0xe2,0x00,
0x00,0x29,0xf6,0x00,0x00,0x00,0xcf,0x20,0x00,0x00,0x0d,0xf1,0x00,0x00,0x00,0xcf,0x20,0x00,0x00,0x09,
0xf6,0x00,0x00,0x00,0x3f,0xe2,0x00,0x00,0x20,0x6f,0xfa,0x89,0xcb,0x00,0x3a,0xef,0xeb,0x50,0x6f,0xff,
0xff,0xff,0xff,0xf1,0x26,0x66,0x7f,0xc6,0x66,0x60,0x00,0x00,0x1f,0xb0,0x00,0x00,0x00,0x00,0x1f,0xb0,
0x00,0x00,0x00,0x00,0x1f,0xb0,0x00,0x00,0x00,0x00,0x1f,0xb0,0x00,0x00,0x00,0x00,0x1f,0xb0,0x00,0x00,
0x00,0x00,0x1f,0xb0,0x00,0x00,0x00,0x00,0x1f,0xb0,0x00,0x00,0x00,0x00,0x1f,0xb0,0x00,0x00,0x00,0x00,
0x1f,0xb0,0x00,0x00,0x3f,0xa0,0x00,0x00,0x0d,0xe1,0x0c,0xf2,0x00,0x00,0x4f,0x90,0x06,0xf8,0x00,0x00,
0xaf,0x30,0x01,0xed,0x00,0x01,0xfc,0x00,0x00,0x8f,0x50,0x07,0xf6,0x00,0x00,0x2f,0xb0,0x0d,0xe1,0x00,
0x00,0x0b,0xf2,0x4f,0x90,0x00,0x00,0x05,0xf8,0xaf,0x30,0x00,0x00,0x00,0xde,0xfc,0x00,0x00,0x00,0x00,
0x7f,0xf6,0x00,0x00,0x00,0x00,0x2f,0xe1,0x00,0x00,0x00,0x00,0x4f,0x90,0x00,0x00,0x00,0x00,0xbf,0x30,
0x00,0x00,0x03,0x7a,0xfa,0x00,0x00,0x00,0x06,0xfe,0xa1,0x00,0x00,0x00,0x00,0x00,0x00,0x5f,0x70,0x00,
0x00,0x00,0x00,0x00,0x05,0xf7,0x00,0x00,0x00,0x00,0x00,0x00,0x5f,0x70,0x00,0x00,0x00,0x19,0xee,0x86,
0xf7,0x7e,0xea,0x10,0x0b,0xfc,0x8c,0xdf,0xdd,0x8b,0xfc,0x05,0xfa,0x00,0x1c,0xfc,0x10,0x09,0xf6,0xaf,
0x30,0x00,0x5f,0x70,0x00,0x1f,0xbd,0xf0,0x00,0x05,0xf7,0x00,0x00,0xee,0xde,0x00,0x00,0x5f,0x70,0x00,
0x0d,0xfd,0xf0,0x00,0x05,0xf7,0x00,0x00,0xee,0xaf,0x30,0x00,0x5f,0x70,0x00,0x1f,0xc5,0xfa,0x00,0x1c,
0xfc,0x10,0x09,0xf7,0x0b,0xfc,0x8c,0xdf,0xdd,0x8b,0xfc,0x10,0x19,0xee,0x86,0xf7,0x7e,0xea,0x10,0x00,
0x00,0x00,0x5f,0x70,0x00,0x00,0x00,0x00,0x00,0x05,0xf7,0x00,0x00,0x00,0x00,0x00,0x00,0x5f,0x70,0x00,
0x00,0x00,0x00,0x00,0x05,0xf7,0x00,0x00,0x00,0x0a,0xf6,0x00,0x00,0x8f,0x90,0x01,0xdf,0x30,0x04,0xfd,
0x10,0x00,0x3f,0xd1,0x1e,0xe3,0x00,0x00,0x07,0xfa,0xbf,0x60,0x00,0x00,0x00,0xbf,0xfa,0x00,0x00,0x00,
0x00,0x6f,0xf3,0x00,0x00,0x00,0x02,0xee,0xfc,0x00,0x00,0x00,0x0c,0xf4,0x8f,0x90,0x00,0x00,0x9f,0x80,
0x0c,0xf5,0x00,0x05,0xfc,0x00,0x02,0xee,0x20,0x2e,0xe2,0x00,0x00,0x5f,0xc0,0x3f,0x90,0x00,0x00,0x8f,
0x40,0x3f,0x90,0x00,0x00,0x8f,0x40,0x3f,0x90,0x00,0x00,0x8f,0x40,0x3f,0x90,0x00,0x00,0x8f,0x40,0x3f,
0x90,0x00,0x00,0x8f,0x40,0x3f,0x90,0x00,0x00,0x8f,0x40,0x3f,0x90,0x00,0x00,0x8f,0x40,0x3f,0x90,0x00,
0x00,0x8f,0x40,0x3f,0x90,0x00,0x00,0x8f,0x40,0x3f,0xc6,0x66,0x66,0xbf,0x84,0x3f,0xff,0xff,0xff,0xff,
0xfb,0x00,0x00,0x00,0x00,0x00,0xbb,0x00,0x00,0x00,0x00,0x00,0xbb,0x00,0x00,0x00,0x00,0x00,0x88,0x8f,
0x40,0x00,0x0c,0xf8,0xf4,0x00,0x00,0xcf,0x8f,0x40,0x00,0x0c,0xf6,0xf6,0x00,0x00,0xcf,0x3f,0xd4,0x22,
0x2c,0xf0,0x6e,0xff,0xff,0xff,0x00,0x14,0x44,0x4d,0xf0,0x00,0x00,0x00,0xcf,0x00,0x00,0x00,0x0c,0xf0,
0x00,0x00,0x00,0xcf,0x00,0x00,0x00,0x0c,0xf0,0x3f,0x90,0x00,0x0b,0xf1,0x00,0x05,0xf7,0x3f,0x90,0x00,
0x0b,0xf1,0x00,0x05,0xf7,0x3f,0x90,0x00,0x0b,0xf1,0x00,0x05,0xf7,0x3f,0x90,0x00,0x0b,0xf1,0x00,0x05,
0xf7,0x3f,0x90,0x00,0x0b,0xf1,0x00,0x05,0xf7,0x3f,0x90,0x00,0x0b,0xf1,0x00,0x05,0xf7,0x3f,0x90,0x00,
0x0b,0xf1,0x00,0x05,0xf7,0x3f,0x90,0x00,0x0b,0xf1,0x00,0x05,0xf7,0x3f,0x90,0x00,0x0b,0xf1,0x00,0x05,
0xf7,0x3f,0xc6,0x66,0x6d,0xf7,0x66,0x69,0xf7,0x3f,0xff,0xff,0xff,0xff,0xff,0xff,0xf7,0x3f,0x90,0x00,
0x0b,0xf1,0x00,0x05,0xf7,0x03,0xf9,0x00,0x00,0xbf,0x10,0x00,0x5f,0x70,0x3f,0x90,0x00,0x0b,0xf1,0x00,
0x05,0xf7,0x03,0xf9,0x00,0x00,0xbf,0x10,0x00,0x5f,0x70,0x3f,0x90,0x00,0x0b,0xf1,0x00,0x05,0xf7,0x03,
0xf9,0x00,0x00,0xbf,0x10,0x00,0x5f,0x70,0x3f,0x90,0x00,0x0b,0xf1,0x00,0x05,0xf7,0x03,0xf9,0x00,0x00,
0xbf,0x10,0x00,0x5f,0x70,0x3f,0x90,0x00,0x0b,0xf1,0x00,0x05,0xf7,0x03,0xfc,0x66,0x66,0xdf,0x76,0x66,
0x9f,0xa6,0x3f,0xff,0xff,0xff,0xff,0xff,0xff,0xff,0xe0,0x00,0x00,0x00,0x00,0x00,0x00,0x00,0x8e,0x00,
0x00,0x00,0x00,0x00,0x00,0x00,0x08,0xe0,0x00,0x00,0x00,0x00,0x00,0x00,0x00,0x6a,0x6f,0xff,0xfe,0x00,
0x00,0x00,0x02,0x66,0x6e,0xe0,0x00,0x00,0x00,0x00,0x00,0xde,0x00,0x00,0x00,0x00,0x00,0x0d,0xe0,0x00,
0x00,0x00,0x00,0x00,0xde,0x22,0x10,0x00,0x00,0x00,0x0d,0xff,0xff,0xfd,0x70,0x00,0x00,0xdf,0x44,0x56,
0xcf,0x90,0x00,0x0d,0xe0,0x00,0x01,0xfe,0x00,0x00,0xde,0x00,0x00,0x2f,0xd0,0x00,0x0d,0xf6,0x66,0x8d,
0xf8,0x00,0x00,0xdf,0xff,0xfe,0xb6,0x00,0x3f,0x90,0x00,0x00,0x00,0x0c,0xf0,0x3f,0x90,0x00,0x00,0x00,
0x0c,0xf0,0x3f,0x90,0x00,0x00,0x00,0x0c,0xf0,0x3f,0x90,0x00,0x00,0x00,0x0c,0xf0,0x3f,0xa2,0x21,0x00,
0x00,0x0c,0xf0,0x3f,0xff,0xff,0xfb,0x40,0x0c,0xf0,0x3f,0xb4,0x45,0x8e,0xf4,0x0c,0xf0,0x3f,0x90,0x00,
0x06,0xf8,0x0c,0xf0,0x3f,0x90,0x00,0x07,0xf8,0x0c,0xf0,0x3f,0xc6,0x67,0x9f,0xf3,0x0c,0xf0,0x3f,0xff,
0xff,0xda,0x30,0x0c,0xf0,0x3f,0x90,0x00,0x00,0x00,0x3f,0x90,0x00,0x00,0x00,0x3f,0x90,0x00,0x00,0x00,
0x3f,0x90,0x00,0x00,0x00,0x3f,0xa2,0x21,0x00,0x00,0x3f,0xff,0xff,0xfb,0x40,0x3f,0xb4,0x45,0x8e,0xf4,
0x3f,0x90,0x00,0x06,0xf8,0x3f,0x90,0x00,0x07,0xf8,0x3f,0xc6,0x67,0x9f,0xf3,0x3f,0xff,0xff,0xda,0x30,
0x6b,0xef,0xd9,0x20,0x0d,0xb9,0x8a,0xee,0x40,0x00,0x00,0x02,0xde,0x10,0x12,0x22,0x27,0xf7,0x0a,0xff,
0xff,0xff,0xa0,0x34,0x44,0x46,0xfb,0x00,0x00,0x00,0x5f,0xa0,0x00,0x00,0x0a,0xf7,0x30,0x00,0x06,0xfe,
0x1d,0xc9,0x8c,0xff,0x50,0x6b,0xef,0xea,0x30,0x00,0x2f,0xa0,0x00,0x29,0xdf,0xeb,0x40,0x02,0xfa,0x00,
0x3e,0xfc,0x89,0xef,0x60,0x2f,0xa0,0x0c,0xf8,0x00,0x03,0xef,0x22,0xfb,0x24,0xfe,0x10,0x00,0x08,0xf7,
0x2f,0xff,0xff,0xb0,0x00,0x00,0x4f,0xa2,0xfc,0x57,0xf9,0x00,0x00,0x03,0xfb,0x2f,0xa0,0x2f,0xb0,0x00,
0x00,0x4f,0xa2,0xfa,0x00,0xee,0x10,0x00,0x08,0xf7,0x2f,0xa0,0x08,0xf8,0x00,0x02,0xef,0x22,0xfa,0x00,
0x1c,0xfb,0x89,0xef,0x60,0x2f,0xa0,0x00,0x18,0xdf,0xeb,0x40,0x00,0x01,0x8d,0xff,0xff,0xf5,0x0b,0xfc,
0x76,0x6a,0xf5,0x1f,0xd0,0x00,0x07,0xf5,0x1f,0xc0,0x00,0x07,0xf5,0x0d,0xf8,0x32,0x28,0xf5,0x02,0xbf,
0xff,0xff,0xf5,0x00,0x0c,0xf5,0x49,0xf5,0x00,0x7f,0x70,0x07,0xf5,0x03,0xfc,0x00,0x07,0xf5,0x0c,0xe2,
0x00,0x07,0xf5,0x8f,0x60,0x00,0x07,0xf5,0x02,0xdc,0x10,0x00,0x00,0x00,0x02,0xea,0x00,0x00,0x00,0x00,
0x03,0xe6,0x00,0x00,0x00,0x00,0x04,0x70,0x00,0x00,0x00,0x00,0x00,0x00,0x00,0x00,0x03,0xae,0xfe,0xa2,
0x00,0x06,0xfe,0x98,0xaf,0xe3,0x02,0xfb,0x10,0x00,0x3e,0xc0,0x9f,0x41,0x11,0x11,0xaf,0x2c,0xff,0xff,
0xff,0xff,0xf3,0xdf,0x54,0x44,0x44,0x44,0x1c,0xf3,0x00,0x00,0x00,0x00,0x9f,0x80,0x00,0x00,0x00,0x03,
0xff,0x40,0x00,0x01,0x50,0x06,0xff,0xb8,0x8a,0xec,0x00,0x03,0xad,0xfe,0xc9,0x40,0x00,0x7f,0x80,0x9f,
0x50,0x00,0x06,0xe8,0x09,0xe5,0x00,0x00,0x00,0x00,0x00,0x00,0x00,0x00,0x00,0x00,0x00,0x00,0x00,0x3a,
0xef,0xea,0x20,0x00,0x6f,0xe9,0x8a,0xfe,0x30,0x2f,0xb1,0x00,0x03,0xec,0x09,0xf4,0x11,0x11,0x1a,0xf2,
0xcf,0xff,0xff,0xff,0xff,0x3d,0xf5,0x44,0x44,0x44,0x41,0xcf,0x30,0x00,0x00,0x00,0x09,0xf8,0x00,0x00,
0x00,0x00,0x3f,0xf4,0x00,0x00,0x15,0x00,0x6f,0xfb,0x88,0xae,0xc0,0x00,0x3a,0xdf,0xec,0x94,0x00,0x00,
0xbe,0x00,0x00,0x00,0x00,0x00,0xcf,0x00,0x00,0x00,0x00,0x00,0xcf,0x00,0x00,0x00,0x00,0x00,0xcf,0x00,
0x00,0x00,0x00,0x8f,0xff,0xff,0xff,0xf4,0x00,0x35,0xdf,0x55,0x55,0x51,0x00,0x00,0xcf,0x00,0x00,0x00,
0x00,0x00,0xcf,0x01,0x68,0x61,0x00,0x00,0xcf,0x4e,0xff,0xfe,0x40,0x00,0xcf,0xe7,0x21,0x7f,0xd0,0x00,
0xcf,0x70,0x00,0x0b,0xf3,0x00,0xcf,0x20,0x00,0x08,0xf5,0x00,0xcf,0x00,0x00,0x07,0xf6,0x00,0xcf,0x00,
0x00,0x08,0xf4,0x00,0xcf,0x00,0x00,0x0c,0xe1,0x00,0x00,0x00,0x00,0x4f,0x80,0x00,0x00,0x00,0x02,0xec,
0x00,0x00,0x00,0x00,0x7e,0xc1,0x00,0x00,0x00,0x01,0xe8,0x10,0x00,0x00,0x00,0x00,0x00,0x00,0x00,0x00,
0x00,0x00,0xaf,0x30,0x00,0x00,0x5f,0x60,0x00,0x00,0x2e,0x90,0x00,0x00,0x0b,0xc0,0x00,0x00,0x00,0x00,
0x00,0x03,0xff,0xff,0xff,0xf8,0x3f,0xc6,0x66,0x66,0x33,0xf9,0x00,0x00,0x00,0x3f,0x90,0x00,0x00,0x03,
0xf9,0x00,0x00,0x00,0x3f,0x90,0x00,0x00,0x03,0xf9,0x00,0x00,0x00,0x3f,0x90,0x00,0x00,0x03,0xf9,0x00,
0x00,0x00,0x3f,0x90,0x00,0x00,0x03,0xf9,0x00,0x00,0x00,0x00,0x3a,0xef,0xeb,0x50,0x6f,0xe9,0x89,0xbb,
0x3f,0xc1,0x00,0x00,0x09,0xf5,0x22,0x22,0x10,0xcf,0xff,0xff,0xf8,0x0d,0xf5,0x44,0x44,0x20,0xcf,0x30,
0x00,0x00,0x09,0xf8,0x00,0x00,0x00,0x3f,0xe4,0x00,0x00,0x30,0x7f,0xfb,0x89,0xdb,0x00,0x4a,0xef,0xeb,
0x50,0x04,0xbe,0xfe,0xc7,0x06,0xfe,0x98,0x9b,0xd0,0xcf,0x20,0x00,0x01,0x0c,0xf1,0x00,0x00,0x00,0x6f,
0xe9,0x51,0x00,0x00,0x5c,0xff,0xfc,0x30,0x00,0x01,0x49,0xfe,0x20,0x00,0x00,0x08,0xf6,0x40,0x00,0x00,
0x9f,0x5e,0xea,0x88,0xbf,0xc1,0x6a,0xde,0xec,0x71,0x00,0x2f,0xa2,0xfa,0x04,0x20,0x00,0x2f,0xa2,0xfa,
0x2f,0xa2,0xfa,0x2f,0xa2,0xfa,0x2f,0xa2,0xfa,0x2f,0xa2,0xfa,0x2f,0xa0,0x2e,0xc0,0x4e,0xa2,0xfd,0x04,
0xfa,0x00,0x00,0x00,0x00,0x00,0x00,0x00,0x00,0x2f,0xa0,0x00,0x02,0xfa,0x00,0x00,0x2f,0xa0,0x00,0x02,
0xfa,0x00,0x00,0x2f,0xa0,0x00,0x02,0xfa,0x00,0x00,0x2f,0xa0,0x00,0x02,0xfa,0x00,0x00,0x2f,0xa0,0x00,
0x02,0xfa,0x00,0x00,0x2f,0xa0,0x00,0x00,0x2f,0xa0,0x02,0xfa,0x00,0x04,0x20,0x00,0x00,0x00,0x2f,0xa0,
0x02,0xfa,0x00,0x2f,0xa0,0x02,0xfa,0x00,0x2f,0xa0,0x02,0xfa,0x00,0x2f,0xa0,0x02,0xfa,0x00,0x2f,0xa0,
0x02,0xfa,0x00,0x2f,0xa0,0x02,0xfa,0x00,0x4f,0x83,0x8d,0xf3,0x5f,0xc5,0x00,0x00,0x04,0xff,0xff,0xff,
0xd0,0x00,0x00,0x00,0x00,0x4f,0xb6,0x66,0xfd,0x00,0x00,0x00,0x00,0x04,0xf8,0x00,0x0f,0xd0,0x00,0x00,
0x00,0x00,0x5f,0x80,0x00,0xfd,0x00,0x00,0x00,0x00,0x05,0xf7,0x00,0x0f,0xd2,0x10,0x00,0x00,0x00,0x6f,
0x60,0x00,0xff,0xff,0xfd,0x60,0x00,0x09,0xf4,0x00,0x0f,0xd4,0x57,0xdf,0x70,0x00,0xcf,0x10,0x00,0xfd,
0x00,0x03,0xfc,0x00,0x4f,0xb0,0x00,0x0f,0xd0,0x00,0x3f,0xc2,0xaf,0xe2,0x00,0x00,0xfe,0x66,0x8e,0xf6,
0x4d,0x92,0x00,0x00,0x0f,0xff,0xfe,0xb5,0x00,0x3f,0x90,0x00,0x01,0xfc,0x00,0x00,0x00,0x3f,0x90,0x00,
0x01,0xfc,0x00,0x00,0x00,0x3f,0x90,0x00,0x01,0xfc,0x00,0x00,0x00,0x3f,0x90,0x00,0x01,0xfc,0x00,0x00,
0x00,0x3f,0xa2,0x22,0x22,0xfc,0x21,0x00,0x00,0x3f,0xff,0xff,0xff,0xff,0xff,0xfc,0x60,0x3f,0xb4,0x44,
0x45,0xfd,0x45,0x7d,0xf6,0x3f,0x90,0x00,0x01,0xfc,0x00,0x04,0xfb,0x3f,0x90,0x00,0x01,0xfc,0x00,0x04,
0xfb,0x3f,0x90,0x00,0x01,0xfd,0x66,0x9e,0xf5,0x3f,0x90,0x00,0x01,0xff,0xff,0xdb,0x40,0x00,0xbe,0x00,
0x00,0x00,0x00,0x00,0xcf,0x00,0x00,0x00,0x00,0x00,0xcf,0x00,0x00,0x00,0x00,0x00,0xcf,0x00,0x00,0x00,
0x00,0x8f,0xff,0xff,0xff,0xf4,0x00,0x35,0xdf,0x55,0x55,0x51,0x00,0x00,0xcf,0x00,0x00,0x00,0x00,0x00,
0xcf,0x01,0x68,0x62,0x00,0x00,0xcf,0x4e,0xff,0xfe,0x40,0x00,0xcf,0xe7,0x21,0x7f,0xd0,0x00,0xcf,0x70,
0x00,0x0b,0xf3,0x00,0xcf,0x20,0x00,0x08,0xf5,0x00,0xcf,0x00,0x00,0x07,0xf5,0x00,0xcf,0x00,0x00,0x07,
0xf5,0x00,0xcf,0x00,0x00,0x07,0xf5,0x00,0x00,0x01,0xdd,0x10,0x00,0x00,0x00,0x9f,0x30,0x00,0x00,0x00,
0x4f,0x60,0x00,0x00,0x00,0x1d,0x90,0x00,0x00,0x00,0x00,0x00,0x00,0x00,0x03,0xf9,0x00,0x01,0xcf,0x60,
0x3f,0x90,0x01,0xbf,0x60,0x03,0xf9,0x01,0xbf,0x60,0x00,0x3f,0x90,0xbf,0x70,0x00,0x03,0xfa,0xbf,0xd1,
0x00,0x00,0x3f,0xff,0xbf,0x90,0x00,0x03,0xff,0x80,0xbf,0x40,0x00,0x3f,0xa0,0x02,0xee,0x10,0x03,0xf9,
0x00,0x05,0xfa,0x00,0x3f,0x90,0x00,0x0a,0xf6,0x03,0xf9,0x00,0x00,0x1d,0xe2,0x02,0xec,0x00,0x00,0x00,
0x00,0x04,0xf8,0x00,0x00,0x00,0x00,0x07,0xf3,0x00,0x00,0x00,0x00,0x0a,0xd1,0x00,0x00,0x00,0x00,0x00,
0x00,0x00,0x03,0xf9,0x00,0x00,0x6f,0xf3,0x3f,0x90,0x00,0x1e,0xff,0x33,0xf9,0x00,0x09,0xfc,0xf3,0x3f,
0x90,0x03,0xf9,0x9f,0x33,0xf9,0x00,0xce,0x19,0xf3,0x3f,0x90,0x6f,0x60,0x9f,0x33,0xf9,0x1e,0xc0,0x09,
0xf3,0x3f,0x99,0xf3,0x00,0x9f,0x33,0xfc,0xf9,0x00,0x09,0xf3,0x3f,0xfe,0x10,0x00,0x9f,0x33,0xff,0x60,
0x00,0x09,0xf3,0x00,0x1f,0x71,0x28,0xc0,0x00,0x00,0x06,0xef,0xfe,0x40,0x00,0x00,0x00,0x13,0x30,0x00,
0x00,0x00,0x00,0x00,0x00,0x00,0x00,0x3f,0xa0,0x00,0x00,0x0d,0xe1,0x0c,0xf2,0x00,0x00,0x4f,0x90,0x06,
0xf8,0x00,0x00,0xaf,0x30,0x01,0xed,0x00,0x01,0xfc,0x00,0x00,0x8f,0x50,0x07,0xf6,0x00,0x00,0x2f,0xb0,
0x0d,0xe1,0x00,0x00,0x0b,0xf2,0x4f,0x90,0x00,0x00,0x05,0xf8,0xaf,0x30,0x00,0x00,0x00,0xde,0xfc,0x00,
0x00,0x00,0x00,0x7f,0xf6,0x00,0x00,0x00,0x00,0x2f,0xe1,0x00,0x00,0x00,0x00,0x4f,0x90,0x00,0x00,0x00,
0x00,0xbf,0x30,0x00,0x00,0x03,0x7a,0xfa,0x00,0x00,0x00,0x06,0xfe,0xa1,0x00,0x00,0x00,0x3f,0x90,0x00,
0x00,0x8f,0x43,0xf9,0x00,0x00,0x08,0xf4,0x3f,0x90,0x00,0x00,0x8f,0x43,0xf9,0x00,0x00,0x08,0xf4,0x3f,
0x90,0x00,0x00,0x8f,0x43,0xf9,0x00,0x00,0x08,0xf4,0x3f,0x90,0x00,0x00,0x8f,0x43,0xf9,0x00,0x00,0x08,
0xf4,0x3f,0x90,0x00,0x00,0x8f,0x43,0xfc,0x66,0x66,0x6b,0xf4,0x3f,0xff,0xff,0xff,0xff,0x40,0x00,0x03,
0xf4,0x00,0x00,0x00,0x00,0x3f,0x40,0x00,0x00,0x00,0x01,0x82,0x00,0x00,0x09,0x99,0x99,0x20,0xff,0xff,
0xf4,0x09,0x99,0x99,0x20,0xff,0xff,0xf4,0x01,0x11,0x11,0x11,0x11,0x11,0x0f,0xff,0xff,0xff,0xff,0xfb,
0x04,0x44,0x44,0x44,0x44,0x43,0x01,0x11,0x11,0x11,0x10,0x0f,0xff,0xff,0xff,0xf0,0x04,0x44,0x44,0x44,
0x40,0x01,0x11,0x11,0x11,0x11,0x11,0x11,0x11,0x11,0x10,0x0f,0xff,0xff,0xff,0xff,0xff,0xff,0xff,0xff,
0xf0,0x04,0x44,0x44,0x44,0x44,0x44,0x44,0x44,0x44,0x40,0x11,0x11,0x11,0x11,0x11,0x11,0x11,0x11,0x11,
0x11,0xff,0xff,0xff,0xff,0xff,0xff,0xff,0xff,0xff,0xff,0x44,0x44,0x44,0x44,0x44,0x44,0x44,0x44,0x44,
0x44,0x01,0xe6,0x07,0xf3,0x1e,0xe0,0x4f,0xc0,0x3b,0x80,0x07,0xf9,0x07,0xf8,0x0b,0xe1,0x0f,0x80,0x28,
0x10,0x05,0xb6,0x08,0xf8,0x0a,0xf4,0x0e,0xb0,0x3f,0x30,0x4f,0xc0,0x3f,0xd0,0x0b,0xf1,0x03,0xf5,0x00,
0x64,0x01,0xe6,0x01,0xe6,0x07,0xf3,0x07,0xf3,0x1e,0xe0,0x1e,0xe0,0x4f,0xc0,0x4f,0xc0,0x3b,0x80,0x3b,
0x80,0x08,0xf8,0x08,0xf8,0x08,0xf8,0x08,0xf8,0x0b,0xf2,0x0b,0xf2,0x0e,0x90,0x0e,0x90,0x2b,0x20,0x2b,
0x20,0x05,0xb6,0x05,0xb6,0x08,0xf8,0x08,0xf8,0x0a,0xf4,0x0a,0xf4,0x0e,0xb0,0x0e,0xb0,0x3f,0x30,0x3f,
0x30,0x4f,0xc0,0x4f,0xc0,0x4f,0xc0,0x4f,0xc0,0x0d,0xe0,0x0d,0xe0,0x05,0xf4,0x05,0xf4,0x00,0xa5,0x00,
0x95,0x00,0x00,0xdd,0x00,0x00,0x00,0x00,0xdd,0x00,0x00,0x00,0x00,0xdd,0x00,0x00,0x7f,0xff,0xff,0xff,
0xf7,0x37,0x77,0xee,0x77,0x73,0x00,0x00,0xdd,0x00,0x00,0x00,0x00,0xdd,0x00,0x00,0x00,0x00,0xdd,0x00,
0x00,0x00,0x00,0xdd,0x00,0x00,0x00,0x00,0xdd,0x00,0x00,0x00,0x00,0xdd,0x00,0x00,0x00,0x00,0xdd,0x00,
0x00,0x00,0x00,0xdd,0x00,0x00,0x00,0x00,0xdd,0x00,0x00,0x00,0x00,0xcc,0x00,0x00,0x00,0x00,0xdd,0x00,
0x00,0x00,0x00,0xdd,0x00,0x00,0x00,0x00,0xdd,0x00,0x00,0x7f,0xff,0xff,0xff,0xf7,0x37,0x77,0xee,0x77,
0x73,0x00,0x00,0xdd,0x00,0x00,0x00,0x00,0xdd,0x00,0x00,0x00,0x00,0xdd,0x00,0x00,0x00,0x00,0xdd,0x00,
0x00,0x12,0x22,0xdd,0x22,0x21,0x7f,0xff,0xff,0xff,0xf7,0x25,0x55,0xee,0x55,0x52,0x00,0x00,0xdd,0x00,
0x00,0x00,0x00,0xdd,0x00,0x00,0x00,0x00,0xcc,0x00,0x00,0x04,0x99,0x30,0x6f,0xff,0xf3,0xdf,0xff,0xfa,
0xef,0xff,0xfb,0x9f,0xff,0xf6,0x19,0xed,0x70,0x57,0x30,0x00,0x07,0x70,0x00,0x03,0x75,0xaf,0x60,0x00,
0x0f,0xf0,0x00,0x06,0xfb,0xaf,0x60,0x00,0x0f,0xf0,0x00,0x06,0xfb,0x05,0xce,0xc5,0x00,0x00,0x02,0xe8,
0x00,0x00,0x00,0x00,0x00,0x04,0xf9,0x4a,0xf4,0x00,0x00,0xad,0x00,0x00,0x00,0x00,0x00,0x00,0xbd,0x00,
0x0e,0xa0,0x00,0x5f,0x30,0x00,0x00,0x00,0x00,0x00,0x0d,0xa0,0x00,0xbc,0x00,0x1e,0x80,0x00,0x00,0x00,
0x00,0x00,0x00,0xbc,0x00,0x0d,0xb0,0x0a,0xd1,0x00,0x00,0x00,0x00,0x00,0x00,0x06,0xf6,0x17,0xf5,0x05,
0xf4,0x00,0x00,0x00,0x00,0x00,0x00,0x00,0x09,0xff,0xf8,0x01,0xd9,0x05,0xdf,0xd5,0x00,0x06,0xdf,0xc4,
0x00,0x01,0x21,0x00,0x9d,0x13,0xfa,0x49,0xf3,0x05,0xf8,0x4b,0xe1,0x00,0x00,0x00,0x4f,0x50,0x9e,0x10,
0x0e,0xa0,0xcc,0x00,0x1f,0x80,0x00,0x00,0x1d,0xa0,0x0c,0xc0,0x00,0xbd,0x0e,0x90,0x00,0xda,0x00,0x00,
0x08,0xe1,0x00,0xcc,0x00,0x0b,0xd0,0xe9,0x00,0x0d,0xa0,0x00,0x03,0xf5,0x00,0x09,0xe1,0x00,0xea,0x0c,
0xc0,0x01,0xf8,0x00,0x00,0xda,0x00,0x00,0x3f,0xa4,0xaf,0x30,0x5f,0x94,0xbe,0x10,0x00,0x8e,0x20,0x00,
0x00,0x5d,0xfd,0x50,0x00,0x6d,0xfc,0x40,0x00,0x00,0x00,0x00,0x00,0x92,0x00,0x1b,0xf1,0x01,0xce,0x40,
0x2d,0xd2,0x00,0x6f,0x80,0x00,0x07,0xf9,0x00,0x00,0x5f,0xb0,0x00,0x04,0xe2,0x00,0x00,0x21,0x00,0x00,
0x00,0x29,0x00,0x00,0x1f,0xb1,0x00,0x04,0xec,0x20,0x00,0x2d,0xd2,0x00,0x08,0xf6,0x00,0x9f,0x70,0x0b,
0xf5,0x00,0x2e,0x40,0x00,0x13,0x00,0x00,0x00,0x00,0x4a,0xdf,0xea,0x30,0x00,0x08,0xff,0xb9,0x9c,0xf5,
0x00,0x5f,0xd2,0x00,0x00,0x34,0x00,0xcf,0x40,0x00,0x00,0x00,0xaf,0xff,0xff,0xff,0xf7,0x00,0x24,0xfd,
0x33,0x33,0x30,0x00,0x02,0xfd,0x00,0x00,0x00,0x00,0x02,0xfd,0x00,0x00,0x00,0x00,0xaf,0xff,0xff,0xfe,
0x10,0x00,0x33,0xdf,0x53,0x32,0x00,0x00,0x00,0x9f,0x80,0x00,0x00,0x00,0x00,0x2e,0xf5,0x00,0x00,0x66,
0x00,0x04,0xef,0xc9,0x9d,0xf4,0x00,0x00,0x29,0xdf,0xea,0x30,0x00,0x99,0x70,0x00,0x00,0x00,0x38,0x40,
0x00,0x00,0x00,0xff,0xf3,0x00,0x00,0x06,0xff,0x70,0x00,0x00,0x00,0xff,0xfb,0x00,0x00,0x0c,0xf5,0x10,
0x00,0x00,0x00,0xfd,0xbf,0x40,0x00,0x0e,0xf0,0x00,0x00,0x00,0x00,0xfd,0x3f,0xc0,0x00,0x0e,0xf0,0x00,
0x00,0x00,0x00,0xfd,0x0a,0xf4,0x00,0x0e,0xf0,0x00,0x32,0x00,0x00,0xfd,0x03,0xfc,0x00,0x0e,0xf0,0x0a,
0xff,0x50,0x00,0xfd,0x00,0xaf,0x50,0x0e,0xf0,0x5f,0x59,0xe0,0x00,0xfd,0x00,0x2f,0xd0,0x0e,0xf0,0x8c,
0x03,0xf3,0x00,0xfd,0x00,0x09,0xf6,0x0e,0xf0,0x8d,0x03,0xf2,0x00,0xfd,0x00,0x01,0xee,0x1e,0xf0,0x4f,
0x7b,0xd0,0x00,0xfd,0x00,0x00,0x8f,0x7e,0xf0,0x08,0xfe,0x40,0x01,0xfd,0x00,0x00,0x1e,0xee,0xf0,0x00,
0x10,0x00,0x5d,0xf9,0x00,0x00,0x07,0xff,0xf0,0x23,0x33,0x31,0x7e,0xa1,0x00,0x00,0x00,0xdf,0xf0,0x9f,
0xff,0xf4,0x19,0x99,0x98,0x08,0x80,0x00,0x88,0x15,0x6f,0x55,0x0e,0xd8,0x08,0xde,0x00,0x2e,0x00,0x0e,
0x4e,0x7e,0x4e,0x00,0x2e,0x00,0x0e,0x25,0xf5,0x3e,0x00,0x2e,0x00,0x0e,0x20,0x30,0x3e,0x00,0x2e,0x00,
0x0e,0x20,0x00,0x3e,0x00,0x01,0x00,0x01,0x00,0x00,0x01,0x00,0x00,0x31,0x00,0x00,0x00,0x00,0x00,0x00,
0x03,0xeb,0x00,0x00,0x00,0x00,0x00,0x00,0x3e,0xe3,0x00,0x00,0x00,0x00,0x00,0x03,0xee,0x41,0x11,0x11,
0x11,0x11,0x10,0x0e,0xff,0xff,0xff,0xff,0xff,0xff,0xf9,0x0b,0xfe,0x99,0x99,0x99,0x99,0x99,0x96,0x00,
0xbf,0x90,0x00,0x00,0x00,0x00,0x00,0x00,0x0b,0xf9,0x00,0x00,0x00,0x00,0x00,0x00,0x00,0xb6,0x00,0x00,
0x00,0x00,0x00,0x00,0x00,0x00,0x00,0x00,0x00,0x00,0x00,0x00,0x00,0x59,0x10,0x00,0x00,0x05,0xff,0xc1,
0x00,0x00,0x5f,0xff,0xfc,0x10,0x05,0xfd,0xbf,0x9f,0xc1,0x0a,0xd2,0x9f,0x18,0xe3,0x00,0x20,0x9f,0x10,
0x20,0x00,0x00,0x9f,0x10,0x00,0x00,0x00,0x9f,0x10,0x00,0x00,0x00,0x9f,0x10,0x00,0x00,0x00,0x9f,0x10,
0x00,0x00,0x00,0x9f,0x10,0x00,0x00,0x00,0x9f,0x10,0x00,0x00,0x00,0x9f,0x10,0x00,0x00,0x00,0x9f,0x10,
0x00,0x00,0x00,0x9f,0x10,0x00,0x00,0x00,0x00,0x00,0x00,0x31,0x00,0x00,0x00,0x00,0x00,0x00,0x1e,0xc1,
0x00,0x00,0x00,0x00,0x00,0x00,0x7f,0xc1,0x01,0x11,0x11,0x11,0x11,0x11,0x8f,0xc1,0xef,0xff,0xff,0xff,
0xff,0xff,0xff,0xa8,0x99,0x99,0x99,0x99,0x99,0xaf,0xf6,0x00,0x00,0x00,0x00,0x00,0x1c,0xf7,0x00,0x00,
0x00,0x00,0x00,0x1c,0xf6,0x00,0x00,0x00,0x00,0x00,0x00,0xa6,0x00,0x00,0x00,0x00,0x00,0x00,0x00,0x00,
0x00,0x00,0x00,0x59,0x10,0x00,0x00,0x00,0x9f,0x10,0x00,0x00,0x00,0x9f,0x10,0x00,0x00,0x00,0x9f,0x10,
0x00,0x00,0x00,0x9f,0x10,0x00,0x00,0x00,0x9f,0x10,0x00,0x00,0x00,0x9f,0x10,0x00,0x00,0x00,0x9f,0x10,
0x00,0x00,0x00,0x9f,0x10,0x00,0x00,0x00,0x9f,0x10,0x00,0x05,0x90,0x9f,0x13,0xa1,0x0a,0xf9,0x9f,0x4e,
0xe3,0x00,0xbf,0xef,0xee,0x40,0x00,0x0b,0xff,0xe4,0x00,0x00,0x00,0xbe,0x40,0x00,0x00,0x00,0x00,0x00,
0x00,0x11,0x11,0x11,0x11,0x11,0x11,0x0e,0xff,0xff,0xff,0xff,0xff,0xf9,0x89,0x99,0x99,0x99,0x99,0x99,
0x50,0x00,0x00,0x00,0x05,0x00,0x00,0x00,0x00,0x00,0x00,0x00,0x1e,0x50,0x00,0x00,0x00,0x00,0x00,0x00,
0x7f,0xd0,0x00,0x00,0x00,0x00,0x00,0x01,0xef,0xf5,0x00,0x00,0x00,0x00,0x00,0x07,0xff,0xfd,0x00,0x00,
0x00,0x00,0x00,0x1e,0xff,0xff,0x50,0x00,0x00,0x00,0x00,0x7f,0xff,0xff,0xd0,0x00,0x00,0x00,0x01,0xef,
0xff,0xff,0xf5,0x00,0x00,0x00,0x07,0xff,0xff,0xff,0xfd,0x00,0x00,0x00,0x1e,0xff,0xff,0xff,0xff,0x50,
0x00,0x00,0x7f,0xff,0xff,0xff,0xff,0xd0,0x00,0x01,0xef,0xff,0xff,0xff,0xff,0xf5,0x00,0x07,0xff,0xff,
0xff,0xff,0xff,0xfd,0x00,0x1e,0xff,0xff,0xff,0xff,0xff,0xff,0x50,0x7f,0xff,0xff,0xff,0xff,0xff,0xff,
0xd0,0x67,0x77,0x77,0x77,0x77,0x77,0x77,0x71,0x92,0x00,0x00,0x00,0x00,0x00,0x00,0x00,0xef,0xa2,0x00,
0x00,0x00,0x00,0x00,0x00,0xef,0xff,0xa2,0x00,0x00,0x00,0x00,0x00,0xef,0xff,0xff,0x92,0x00,0x00,0x00,
0x00,0xef,0xff,0xff,0xff,0x92,0x00,0x00,0x00,0xef,0xff,0xff,0xff,0xff,0x92,0x00,0x00,0xef,0xff,0xff,
0xff,0xff,0xff,0x92,0x00,0xef,0xff,0xff,0xff,0xff,0xff,0xff,0x91,0xef,0xff,0xff,0xff,0xff,0xff,0xfb,
0x30,0xef,0xff,0xff,0xff,0xff,0xfb,0x30,0x00,0xef,0xff,0xff,0xff,0xfb,0x30,0x00,0x00,0xef,0xff,0xff,
0xfb,0x30,0x00,0x00,0x00,0xef,0xff,0xfb,0x40,0x00,0x00,0x00,0x00,0xef,0xfb,0x40,0x00,0x00,0x00,0x00,
0x00,0xeb,0x40,0x00,0x00,0x00,0x00,0x00,0x00,0x30,0x00,0x00,0x00,0x00,0x00,0x00,0x00,0x9d,0xdd,0xdd,
0xdd,0xdd,0xdd,0xdd,0xd2,0x4f,0xff,0xff,0xff,0xff,0xff,0xff,0xa0,0x0b,0xff,0xff,0xff,0xff,0xff,0xff,
0x20,0x04,0xff,0xff,0xff,0xff,0xff,0xfa,0x00,0x00,0xcf,0xff,0xff,0xff,0xff,0xf2,0x00,0x00,0x4f,0xff,
0xff,0xff,0xff,0xa0,0x00,0x00,0x0c,0xff,0xff,0xff,0xff,0x20,0x00,0x00,0x04,0xff,0xff,0xff,0xfa,0x00,
0x00,0x00,0x00,0xcf,0xff,0xff,0xf3,0x00,0x00,0x00,0x00,0x4f,0xff,0xff,0xa0,0x00,0x00,0x00,0x00,0x0c,
0xff,0xff,0x30,0x00,0x00,0x00,0x00,0x04,0xff,0xfa,0x00,0x00,0x00,0x00,0x00,0x00,0xcf,0xf3,0x00,0x00,
0x00,0x00,0x00,0x00,0x4f,0xa0,0x00,0x00,0x00,0x00,0x00,0x00,0x0c,0x30,0x00,0x00,0x00,0x00,0x00,0x00,
0x02,0x00,0x00,0x00,0x00,0x00,0x00,0x00,0x00,0x00,0x00,0x01,0x74,0x00,0x00,0x00,0x00,0x00,0x01,0x7e,
0xf5,0x00,0x00,0x00,0x00,0x00,0x7e,0xff,0xf5,0x00,0x00,0x00,0x00,0x7e,0xff,0xff,0xf5,0x00,0x00,0x00,
0x6e,0xff,0xff,0xff,0xf5,0x00,0x00,0x6d,0xff,0xff,0xff,0xff,0xf5,0x00,0x6d,0xff,0xff,0xff,0xff,0xff,
0xf5,0x6d,0xff,0xff,0xff,0xff,0xff,0xff,0xf5,0x18,0xef,0xff,0xff,0xff,0xff,0xff,0xf5,0x00,0x18,0xef,
0xff,0xff,0xff,0xff,0xf5,0x00,0x00,0x18,0xef,0xff,0xff,0xff,0xf5,0x00,0x00,0x00,0x18,0xef,0xff,0xff,
0xf5,0x00,0x00,0x00,0x00,0x18,0xef,0xff,0xf5,0x00,0x00,0x00,0x00,0x00,0x18,0xef,0xf5,0x00,0x00,0x00,
0x00,0x00,0x00,0x18,0xe5,0x00,0x00,0x00,0x00,0x00,0x00,0x00,0x12,0x00,0x00,0x28,0xbd,0xca,0x50,0x00,
0x00,0x00,0x08,0xff,0xff,0xff,0xfc,0x20,0x00,0x00,0xbf,0xff,0xff,0xff,0xff,0xe3,0x00,0x08,0xff,0xff,
0xff,0xff,0xff,0xfd,0x10,0x2f,0xff,0xff,0xff,0xff,0xff,0xff,0x90,0x8f,0xff,0xff,0xff,0xff,0xff,0xff,
0xe1,0xcf,0xff,0xff,0xff,0xff,0xff,0xff,0xf3,0xdf,0xff,0xff,0xff,0xff,0xff,0xff,0xf5,0xdf,0xff,0xff,
0xff,0xff,0xff,0xff,0xf5,0xaf,0xff,0xff,0xff,0xff,0xff,0xff,0xf2,0x6f,0xff,0xff,0xff,0xff,0xff,0xff,
0xd0,0x0d,0xff,0xff,0xff,0xff,0xff,0xff,0x50,0x03,0xff,0xff,0xff,0xff,0xff,0xfa,0x00,0x00,0x5e,0xff,
0xff,0xff,0xff,0xa1,0x00,0x00,0x02,0xaf,0xff,0xff,0xd6,0x00,0x00,0x00,0x00,0x01,0x56,0x63,0x00,0x00,
0x00,0x00,0x00,0x00,0x00,0x48,0x20,0x00,0x00,0x00,0x6f,0xb0,0x00,0x00,0x00,0x4f,0xd1,0x00,0x00,0x00,
0x1e,0xf3,0x00,0x00,0x00,0x0b,0xf6,0x00,0x00,0x00,0x06,0xfa,0x00,0x00,0x14,0x02,0xed,0x10,0x00,0x0d,
0xf2,0xbf,0x40,0x00,0x00,0xcf,0xdf,0x80,0x00,0x00,0x08,0xff,0xd0,0x00,0x00,0x00,0x2e,0xe3,0x00,0x00,
0x00,0x00,0x00,0x00,0x00,0x00,0x00,0x00,0x00,0x00,0x00,0x00,0x00,0x00,0xa8,0x00,0x00,0x00,0x1b,0x70,
0x3e,0xf8,0x00,0x00,0x1b,0xfd,0x10,0x4e,0xf8,0x00,0x1b,0xfd,0x20,0x00,0x4e,0xf8,0x1b,0xfd,0x20,0x00,
0x00,0x4e,0xfd,0xfd,0x20,0x00,0x00,0x00,0x4f,0xfe,0x20,0x00,0x00,0x00,0x1b,0xff,0xf8,0x00,0x00,0x00,
0x1b,0xfd,0x5e,0xf8,0x00,0x00,0x1b,0xfd,0x20,0x4e,0xf8,0x00,0x1b,0xfd,0x20,0x00,0x4e,0xf8,0x03,0xed,
0x20,0x00,0x00,0x4e,0xc1,0x03,0x20,0x00,0x00,0x00,0x31,0x00,0x00,0x00,0x00,0x00,0x00,0x10,0x00,0x00,
0x00,0x00,0x00,0x00,0x00,0x00,0x00,0x8d,0x20,0x00,0x00,0x00,0x00,0x00,0x00,0x00,0x00,0x8f,0xfd,0x20,
0x00,0x00,0x00,0x00,0x00,0x00,0x00,0x8f,0xff,0xfd,0x20,0x00,0x00,0x00,0x00,0x00,0x00,0x8d,0x74,0x24,
0x7d,0x20,0x00,0x00,0x00,0x00,0x00,0x8e,0x00,0x24,0x10,0x2c,0x20,0x00,0x00,0x00,0x00,0x8f,0xd5,0xdf,
0xfe,0x30,0x8d,0x20,0x00,0x00,0x00,0x8f,0xff,0xff,0xff,0xf9,0x06,0xfd,0x20,0x00,0x00,0x8f,0xff,0xff,
0xff,0xff,0x60,0x8f,0xfd,0x20,0x00,0x8f,0xff,0xff,0xff,0xff,0xa0,0x2e,0xff,0xfd,0x20,0x6f,0xff,0xff,
0xff,0xff,0xa0,0x1d,0xff,0xff,0xfd,0x11,0xcf,0xff,0xff,0xff,0xc0,0x1d,0xff,0xff,0xff,0x60,0x01,0xcf,
0xff,0xff,0xf6,0x0a,0xff,0xff,0xff,0x60,0x00,0x01,0xcf,0xff,0xff,0x50,0xcf,0xff,0xff,0x60,0x00,0x00,
0x01,0xcf,0xff,0xf5,0x0c,0xff,0xff,0x60,0x00,0x00,0x00,0x01,0xcf,0xff,0xfe,0xff,0xff,0x60,0x00,0x00,
0x00,0x00,0x01,0xcf,0xf9,0x7d,0xff,0x60,0x00,0x00,0x00,0x00,0x00,0x01,0xcf,0x40,0xcf,0x60,0x00,0x00,
0x00,0x00,0x00,0x00,0x01,0xc4,0x0c,0x60,0x00,0x00,0x00,0x00,0x00,0x00,0x00,0x01,0xcf,0x60,0x00,0x00,
0x00,0x00,0x00,0x00,0x00,0x00,0x01,0x50,0x00,0x00,0x00,0x00,0x00,
};

static const font_glyph_t s_glyphs[509] = {
{0x0020,0,0,0,0,6,0,0},
{0x0021,2,14,3,14,8,0,0},
{0x0022,7,6,1,14,9,0,14},
{0x0023,15,14,1,14,17,0,35},
{0x0024,11,18,1,15,13,0,140},
{0x0025,17,14,1,14,19,0,239},
{0x0026,14,14,1,14,16,0,358},
{0x0027,3,6,1,14,6,0,456},
{0x0028,6,18,1,15,8,0,465},
{0x0029,6,18,1,15,8,0,519},
{0x002a,10,9,0,14,10,0,573},
{0x002b,13,13,2,13,17,0,618},
{0x002c,4,5,1,3,6,0,703},
{0x002d,7,2,0,7,7,0,713},
{0x002e,3,3,2,3,6,0,720},
{0x002f,7,16,0,14,7,0,725},
{0x0030,11,14,1,14,13,0,781},
{0x0031,9,14,2,14,13,0,858},
{0x0032,10,14,1,14,13,0,921},
{0x0033,11,14,1,14,13,0,991},
{0x0034,12,14,0,14,13,0,1068},
{0x0035,10,14,1,14,13,0,1152},
{0x0036,11,14,1,14,13,0,1222},
{0x0037,11,14,1,14,13,0,1299},
{0x0038,11,14,1,14,13,0,1376},
{0x0039,11,14,1,14,13,0,1453},
{0x003a,3,10,2,10,7,0,1530},
{0x003b,4,13,1,11,7,0,1545},
{0x003c,13,12,2,12,17,0,1571},
{0x003d,13,6,2,9,17,0,1649},
{0x003e,13,12,2,12,17,0,1688},
{0x003f,9,14,1,14,11,0,1766},
{0x0040,18,19,1,15,20,0,1829},
{0x0041,14,14,0,14,14,0,2000},
{0x0042,12,14,1,14,14,0,2098},
{0x0043,12,14,1,14,14,0,2182},
{0x0044,14,14,1,14,15,0,2266},
{0x0045,11,14,1,14,13,0,2364},
{0x0046,10,14,1,14,12,0,2441},
{0x0047,13,14,1,14,16,0,2511},
{0x0048,13,14,1,14,15,0,2602},
{0x0049,3,14,1,14,6,0,2693},
{0x004a,6,18,-2,14,6,0,2714},
{0x004b,13,14,1,14,13,0,2768},
{0x004c,11,14,1,14,11,0,2859},
{0x004d,15,14,1,14,17,0,2936},
{0x004e,12,14,1,14,15,0,3041},
{0x004f,14,14,1,14,16,0,3125},
{0x0050,11,14,1,14,12,0,3223},
{0x0051,14,17,1,14,16,0,3300},
{0x0052,13,14,1,14,14,0,3419},
{0x0053,11,14,1,14,13,0,3510},
{0x0054,14,14,-1,14,12,0,3587},
{0x0055,12,14,1,14,15,0,3685},
{0x0056,14,14,0,14,14,0,3769},
{0x0057,20,14,0,14,20,0,3867},
{0x0058,14,14,0,14,14,0,4007},
{0x0059,14,14,-1,14,12,0,4105},
{0x005a,13,14,0,14,14,0,4203},
{0x005b,5,18,1,15,8,0,4294},
{0x005c,7,16,0,14,7,0,4339},
{0x005d,6,18,1,15,8,0,4395},
{0x005e,13,6,2,15,17,0,4449},
{0x005f,12,3,-1,-2,10,0,4488},
{0x0060,6,4,1,16,10,0,4506},
{0x0061,10,11,1,11,12,0,4518},
{0x0062,11,15,1,15,13,0,4573},
{0x0063,9,11,1,11,11,0,4656},
{0x0064,10,15,1,15,13,0,4706},
{0x0065,11,11,1,11,12,0,4781},
{0x0066,8,15,0,15,7,0,4842},
{0x0067,10,15,1,11,13,0,4902},
{0x0068,10,15,1,15,13,0,4977},
{0x0069,3,15,1,15,6,0,5052},
{0x006a,5,19,-1,15,6,0,5075},
{0x006b,11,15,1,15,12,0,5123},
{0x006c,3,15,1,15,6,0,5206},
{0x006d,17,11,1,11,19,0,5229},
{0x006e,10,11,1,11,13,0,5323},
{0x006f,11,11,1,11,12,0,5378},
{0x0070,11,15,1,11,13,0,5439},
{0x0071,10,15,1,11,13,0,5522},
{0x0072,8,11,1,11,8,0,5597},
{0x0073,9,11,1,11,10,0,5641},
{0x0074,8,14,0,14,8,0,5691},
{0x0075,10,11,1,11,13,0,5747},
{0x0076,12,11,0,11,12,0,5802},
{0x0077,16,11,0,11,16,0,5868},
{0x0078,12,11,0,11,12,0,5956},
{0x0079,12,15,0,11,12,0,6022},
{0x007a,10,11,0,11,11,0,6112},
{0x007b,9,19,2,15,13,0,6167},
{0x007c,3,20,2,15,7,0,6253},
{0x007d,9,19,2,15,13,0,6283},
{0x007e,13,5,2,9,17,0,6369},
{0x00a0,0,0,0,0,6,0,6402},
{0x00a1,2,14,3,11,8,0,6402},
{0x00a2,10,18,1,15,13,0,6416},
{0x00a3,10,14,1,14,13,0,6506},
{0x00a4,12,12,0,12,13,0,6576},
{0x00a5,12,14,0,14,13,0,6648},
{0x00a6,3,17,2,14,7,0,6732},
{0x00a7,10,17,0,14,10,0,6758},
{0x00a8,6,2,2,15,10,0,6843},
{0x00a9,16,14,2,14,20,0,6849},
{0x00aa,8,11,1,15,9,0,6961},
{0x00ab,10,10,1,11,12,0,7005},
{0x00ac,13,6,2,9,17,0,7055},
{0x00ad,7,2,0,7,7,0,7094},
{0x00ae,16,14,2,14,20,0,7101},
{0x00af,6,3,2,16,10,0,7213},
{0x00b0,8,8,1,16,10,0,7222},
{0x00b1,13,13,2,13,17,0,7254},
{0x00b2,7,8,0,15,8,0,7339},
{0x00b3,7,8,0,15,8,0,7367},
{0x00b4,6,4,3,16,10,0,7395},
{0x00b5,12,15,1,11,13,0,7407},
{0x00b6,10,17,1,14,13,0,7497},
{0x00b7,3,3,2,9,6,0,7582},
{0x00b8,5,5,2,0,10,0,7587},
{0x00b9,6,8,1,15,8,0,7600},
{0x00ba,9,11,0,15,9,0,7624},
{0x00bb,10,10,1,11,12,0,7674},
{0x00bc,18,16,1,15,19,0,7724},
{0x00bd,18,16,1,15,19,0,7868},
{0x00be,19,16,0,15,19,0,8012},
{0x00bf,9,15,1,11,11,0,8164},
{0x00c0,14,18,0,18,14,0,8232},
{0x00c1,14,18,0,18,14,0,8358},
{0x00c2,14,18,0,18,14,0,8484},
{0x00c3,14,19,0,19,14,0,8610},
{0x00c4,14,18,0,18,14,0,8743},
{0x00c5,14,18,0,18,14,0,8869},
{0x00c6,19,14,0,14,19,0,8995},
{0x00c7,12,18,1,14,14,0,9128},
{0x00c8,11,18,1,18,13,0,9236},
{0x00c9,11,18,1,18,13,0,9335},
{0x00ca,11,18,1,18,13,0,9434},
{0x00cb,11,18,1,18,13,0,9533},
{0x00cc,5,18,0,18,6,0,9632},
{0x00cd,5,18,1,18,6,0,9677},
{0x00ce,7,18,-1,18,6,0,9722},
{0x00cf,6,18,0,18,6,0,9785},
{0x00d0,15,14,0,14,16,0,9839},
{0x00d1,12,19,1,19,15,0,9944},
{0x00d2,14,19,1,19,16,0,10058},
{0x00d3,14,19,1,19,16,0,10191},
{0x00d4,14,19,1,19,16,0,10324},
{0x00d5,14,19,1,19,16,0,10457},
{0x00d6,14,18,1,18,16,0,10590},
{0x00d7,13,12,2,12,17,0,10716},
{0x00d8,14,16,1,15,16,0,10794},
{0x00d9,12,19,1,19,15,0,10906},
{0x00da,12,19,1,19,15,0,11020},
{0x00db,12,19,1,19,15,0,11134},
{0x00dc,12,18,1,18,15,0,11248},
{0x00dd,14,18,-1,18,12,0,11356},
{0x00de,11,14,1,14,12,0,11482},
{0x00df,11,15,1,15,13,0,11559},
{0x00e0,10,16,1,16,12,0,11642},
{0x00e1,10,16,1,16,12,0,11722},
{0x00e2,10,16,1,16,12,0,11802},
{0x00e3,10,16,1,16,12,0,11882},
{0x00e4,10,15,1,15,12,0,11962},
{0x00e5,10,19,1,19,12,0,12037},
{0x00e6,18,11,1,11,20,0,12132},
{0x00e7,9,15,1,11,11,0,12231},
{0x00e8,11,16,1,16,12,0,12299},
{0x00e9,11,16,1,16,12,0,12387},
{0x00ea,11,16,1,16,12,0,12475},
{0x00eb,11,15,1,15,12,0,12563},
{0x00ec,6,16,-1,16,6,0,12646},
{0x00ed,6,16,1,16,6,0,12694},
{0x00ee,7,16,-1,16,6,0,12742},
{0x00ef,7,15,-1,15,6,0,12798},
{0x00f0,11,15,1,15,12,0,12851},
{0x00f1,10,16,1,16,13,0,12934},
{0x00f2,11,16,1,16,12,0,13014},
{0x00f3,11,16,1,16,12,0,13102},
{0x00f4,11,16,1,16,12,0,13190},
{0x00f5,11,16,1,16,12,0,13278},
{0x00f6,11,15,1,15,12,0,13366},
{0x00f7,13,10,2,11,17,0,13449},
{0x00f8,12,13,0,12,12,0,13514},
{0x00f9,10,16,1,16,13,0,13592},
{0x00fa,10,16,1,16,13,0,13672},
{0x00fb,10,16,1,16,13,0,13752},
{0x00fc,10,15,1,15,13,0,13832},
{0x00fd,12,20,0,16,12,0,13907},
{0x00fe,11,19,1,15,13,0,14027},
{0x00ff,12,19,0,15,12,0,14132},
{0x0100,14,19,0,19,14,0,14246},
{0x0101,10,15,1,15,12,0,14379},
{0x0102,14,19,0,19,14,0,14454},
{0x0103,10,15,1,15,12,0,14587},
{0x0104,15,19,0,14,14,0,14662},
{0x0105,11,15,1,11,12,0,14805},
{0x0106,12,19,1,19,14,0,14888},
{0x0107,9,16,1,16,11,0,15002},
{0x0108,12,19,1,19,14,0,15074},
{0x0109,9,16,1,16,11,0,15188},
{0x010a,12,18,1,18,14,0,15260},
{0x010b,9,15,1,15,11,0,15368},
{0x010c,12,19,1,19,14,0,15436},
{0x010d,9,16,1,16,11,0,15550},
{0x010e,14,18,1,18,15,0,15622},
{0x010f,14,15,1,15,13,0,15748},
{0x0110,15,14,0,14,16,0,15853},
{0x0111,12,15,1,15,13,0,15958},
{0x0112,11,19,1,19,13,0,16048},
{0x0113,11,15,1,15,12,0,16153},
{0x0114,11,18,1,18,13,0,16236},
{0x0115,11,16,1,16,12,0,16335},
{0x0116,11,18,1,18,13,0,16423},
{0x0117,11,15,1,15,12,0,16522},
{0x0118,11,19,1,14,13,0,16605},
{0x0119,11,15,1,11,12,0,16710},
{0x011a,11,18,1,18,13,0,16793},
{0x011b,11,16,1,16,12,0,16892},
{0x011c,13,19,1,19,16,0,16980},
{0x011d,10,20,1,16,13,0,17104},
{0x011e,13,19,1,19,16,0,17204},
{0x011f,10,20,1,16,13,0,17328},
{0x0120,13,18,1,18,16,0,17428},
{0x0121,10,19,1,15,13,0,17545},
{0x0122,13,19,1,14,16,0,17640},
{0x0123,10,20,1,16,13,0,17764},
{0x0124,13,18,1,18,15,0,17864},
{0x0125,12,19,-1,19,13,0,17981},
{0x0126,16,14,1,14,18,0,18095},
{0x0127,11,15,1,15,14,0,18207},
{0x0128,8,19,-1,19,6,0,18290},
{0x0129,7,16,-1,16,6,0,18366},
{0x012a,6,19,0,19,6,0,18422},
{0x012b,7,15,-1,15,6,0,18479},
{0x012c,7,18,-1,18,6,0,18532},
{0x012d,7,16,-1,16,6,0,18595},
{0x012e,5,19,1,14,6,0,18651},
{0x012f,5,20,1,15,6,0,18699},
{0x0130,3,18,1,18,6,0,18749},
{0x0131,3,11,1,11,6,0,18776},
{0x0132,9,18,1,14,12,0,18793},
{0x0133,9,19,1,15,11,0,18874},
{0x0134,8,22,-2,18,6,0,18960},
{0x0135,7,20,-1,16,6,0,19048},
{0x0136,13,19,1,14,13,0,19118},
{0x0137,11,20,1,15,12,0,19242},
{0x0138,11,11,1,11,12,0,19352},
{0x0139,11,18,1,18,11,0,19413},
{0x013a,5,19,1,19,6,0,19512},
{0x013b,11,19,1,14,11,0,19560},
{0x013c,4,20,1,15,6,0,19665},
{0x013d,11,14,1,14,11,0,19705},
{0x013e,7,15,1,15,8,0,19782},
{0x013f,11,14,1,14,11,0,19835},
{0x0140,6,15,1,15,7,0,19912},
{0x0141,13,14,-1,14,11,0,19957},
{0x0142,6,15,0,15,6,0,20048},
{0x0143,12,18,1,18,15,0,20093},
{0x0144,10,16,1,16,13,0,20201},
{0x0145,12,19,1,14,15,0,20281},
{0x0146,10,16,1,11,13,0,20395},
{0x0147,12,18,1,18,15,0,20475},
{0x0148,10,16,1,16,13,0,20583},
{0x0149,13,14,2,14,16,0,20663},
{0x014a,12,18,1,14,15,0,20754},
{0x014b,10,15,1,11,13,0,20862},
{0x014c,14,19,1,19,16,0,20937},
{0x014d,11,15,1,15,12,0,21070},
{0x014e,14,19,1,19,16,0,21153},
{0x014f,11,16,1,16,12,0,21286},
{0x0150,14,19,1,19,16,0,21374},
{0x0151,11,16,1,16,12,0,21507},
{0x0152,20,14,1,14,21,0,21595},
{0x0153,19,11,1,11,20,0,21735},
{0x0154,13,18,1,18,14,0,21840},
{0x0155,8,16,1,16,8,0,21957},
{0x0156,13,19,1,14,14,0,22021},
{0x0157,8,16,1,11,8,0,22145},
{0x0158,13,18,1,18,14,0,22209},
{0x0159,8,16,1,16,8,0,22326},
{0x015a,11,19,1,19,13,0,22390},
{0x015b,9,16,1,16,10,0,22495},
{0x015c,11,19,1,19,13,0,22567},
{0x015d,9,16,1,16,10,0,22672},
{0x015e,11,18,1,14,13,0,22744},
{0x015f,9,15,1,11,10,0,22843},
{0x0160,11,19,1,19,13,0,22911},
{0x0161,9,16,1,16,10,0,23016},
{0x0162,14,19,-1,14,12,0,23088},
{0x0163,8,19,0,14,8,0,23221},
{0x0164,14,18,-1,18,12,0,23297},
{0x0165,8,16,0,16,8,0,23423},
{0x0166,14,14,-1,14,12,0,23487},
{0x0167,8,14,0,14,8,0,23585},
{0x0168,12,19,1,19,15,0,23641},
{0x0169,10,16,1,16,13,0,23755},
{0x016a,12,19,1,19,15,0,23835},
{0x016b,10,15,1,15,13,0,23949},
{0x016c,12,19,1,19,15,0,24024},
{0x016d,10,16,1,16,13,0,24138},
{0x016e,12,19,1,19,15,0,24218},
{0x016f,10,18,1,18,13,0,24332},
{0x0170,12,19,1,19,15,0,24422},
{0x0171,10,16,1,16,13,0,24536},
{0x0172,12,18,1,14,15,0,24616},
{0x0173,12,15,1,11,13,0,24724},
{0x0174,20,19,0,19,20,0,24814},
{0x0175,16,16,0,16,16,0,25004},
{0x0176,14,19,-1,19,12,0,25132},
{0x0177,12,20,0,16,12,0,25265},
{0x0178,14,18,-1,18,12,0,25385},
{0x0179,13,18,0,18,14,0,25511},
{0x017a,10,16,0,16,11,0,25628},
{0x017b,13,18,0,18,14,0,25708},
{0x017c,10,15,0,15,11,0,25825},
{0x017d,13,18,0,18,14,0,25900},
{0x017e,10,16,0,16,11,0,26017},
{0x017f,8,15,0,15,7,0,26097},
{0x0192,10,19,-2,15,7,0,26157},
{0x0218,11,19,1,14,13,0,26252},
{0x0219,9,16,1,11,10,0,26357},
{0x021a,14,19,-1,14,12,0,26429},
{0x021b,8,19,0,14,8,0,26562},
{0x02c6,8,4,1,16,10,0,26638},
{0x02c7,8,4,1,16,10,0,26654},
{0x02dc,8,4,1,16,10,0,26670},
{0x0391,14,14,0,14,14,0,26686},
{0x0392,12,14,1,14,14,0,26784},
{0x0393,11,14,1,14,11,0,26868},
{0x0394,14,14,0,14,14,0,26945},
{0x0395,11,14,1,14,13,0,27043},
{0x0396,13,14,0,14,14,0,27120},
{0x0397,13,14,1,14,15,0,27211},
{0x0398,14,14,1,14,16,0,27302},
{0x0399,3,14,1,14,6,0,27400},
{0x039a,13,14,1,14,13,0,27421},
{0x039b,14,14,0,14,14,0,27512},
{0x039c,15,14,1,14,17,0,27610},
{0x039d,12,14,1,14,15,0,27715},
{0x039e,10,14,1,14,13,0,27799},
{0x039f,14,14,1,14,16,0,27869},
{0x03a0,13,14,1,14,15,0,27967},
{0x03a1,11,14,1,14,12,0,28058},
{0x03a3,11,14,1,14,13,0,28135},
{0x03a4,14,14,-1,14,12,0,28212},
{0x03a5,14,14,-1,14,12,0,28310},
{0x03a6,14,14,1,14,16,0,28408},
{0x03a7,14,14,0,14,14,0,28506},
{0x03a8,14,14,1,14,16,0,28604},
{0x03a9,15,14,0,14,15,0,28702},
{0x03b1,12,11,1,11,13,0,28807},
{0x03b2,11,19,1,15,13,0,28873},
{0x03b3,12,15,0,11,12,0,28978},
{0x03b4,11,14,1,14,12,0,29068},
{0x03b5,9,11,1,11,11,0,29145},
{0x03b6,9,19,1,15,11,0,29195},
{0x03b7,10,15,1,11,13,0,29281},
{0x03b8,11,15,1,15,12,0,29356},
{0x03b9,6,11,1,11,7,0,29439},
{0x03ba,11,11,1,11,12,0,29472},
{0x03bb,12,15,0,15,12,0,29533},
{0x03bc,12,15,1,11,13,0,29623},
{0x03bd,11,11,0,11,11,0,29713},
{0x03be,10,19,1,15,11,0,29774},
{0x03bf,11,11,1,11,12,0,29869},
{0x03c0,12,11,0,11,12,0,29930},
{0x03c1,11,15,1,11,13,0,29996},
{0x03c2,9,15,1,11,12,0,30079},
{0x03c3,12,11,1,11,13,0,30147},
{0x03c4,12,11,0,11,12,0,30213},
{0x03c5,10,11,1,11,12,0,30279},
{0x03c6,12,15,1,11,13,0,30334},
{0x03c7,11,15,0,11,12,0,30424},
{0x03c8,12,15,1,11,13,0,30507},
{0x03c9,15,11,1,11,17,0,30597},
{0x0400,11,18,1,18,13,0,30680},
{0x0401,11,18,1,18,13,0,30779},
{0x0402,16,18,-1,14,16,0,30878},
{0x0403,11,18,1,18,12,0,31022},
{0x0404,12,14,1,14,14,0,31121},
{0x0405,11,14,1,14,13,0,31205},
{0x0406,3,14,1,14,6,0,31282},
{0x0407,6,18,0,18,6,0,31303},
{0x0408,6,18,-2,14,6,0,31357},
{0x0409,21,14,0,14,22,0,31411},
{0x040a,19,14,1,14,21,0,31558},
{0x040b,16,14,-1,14,16,0,31691},
{0x040c,13,18,1,18,14,0,31803},
{0x040d,12,18,1,18,15,0,31920},
{0x040e,12,18,0,18,12,0,32028},
{0x040f,13,17,1,14,15,0,32136},
{0x0410,14,14,0,14,14,0,32247},
{0x0411,12,14,1,14,14,0,32345},
{0x0412,12,14,1,14,14,0,32429},
{0x0413,11,14,1,14,12,0,32513},
{0x0414,15,18,0,14,16,0,32590},
{0x0415,11,14,1,14,13,0,32725},
{0x0416,22,14,0,14,22,0,32802},
{0x0417,11,14,1,14,13,0,32956},
{0x0418,12,14,1,14,15,0,33033},
{0x0419,12,18,1,18,15,0,33117},
{0x041a,13,14,1,14,14,0,33225},
{0x041b,14,14,0,14,15,0,33316},
{0x041c,15,14,1,14,17,0,33414},
{0x041d,13,14,1,14,15,0,33519},
{0x041e,14,14,1,14,16,0,33610},
{0x041f,13,14,1,14,15,0,33708},
{0x0420,11,14,1,14,12,0,33799},
{0x0421,12,14,1,14,14,0,33876},
{0x0422,14,14,-1,14,12,0,33960},
{0x0423,12,14,0,14,12,0,34058},
{0x0424,16,14,1,14,17,0,34142},
{0x0425,14,14,0,14,14,0,34254},
{0x0426,14,18,1,14,16,0,34352},
{0x0427,11,14,1,14,14,0,34478},
{0x0428,19,14,1,14,21,0,34555},
{0x0429,21,18,1,14,22,0,34688},
{0x042a,16,14,0,14,17,0,34877},
{0x042b,15,14,1,14,18,0,34989},
{0x042c,12,14,1,14,14,0,35094},
{0x042d,12,14,1,14,14,0,35178},
{0x042e,19,14,2,14,22,0,35262},
{0x042f,11,14,1,14,14,0,35395},
{0x0430,10,11,1,11,12,0,35472},
{0x0431,11,16,1,16,12,0,35527},
{0x0432,10,11,1,11,12,0,35615},
{0x0433,9,11,1,11,11,0,35670},
{0x0434,12,14,1,11,14,0,35720},
{0x0435,11,11,1,11,12,0,35804},
{0x0436,18,11,0,11,18,0,35865},
{0x0437,9,11,1,11,11,0,35964},
{0x0438,11,11,1,11,13,0,36014},
{0x0439,11,16,1,16,13,0,36075},
{0x043a,11,11,1,11,12,0,36163},
{0x043b,12,11,0,11,13,0,36224},
{0x043c,13,11,1,11,15,0,36290},
{0x043d,11,11,1,11,13,0,36362},
{0x043e,11,11,1,11,12,0,36423},
{0x043f,11,11,1,11,13,0,36484},
{0x0440,11,15,1,11,13,0,36545},
{0x0441,9,11,1,11,11,0,36628},
{0x0442,12,11,0,11,12,0,36678},
{0x0443,12,15,0,11,12,0,36744},
{0x0444,15,18,1,14,17,0,36834},
{0x0445,12,11,0,11,12,0,36969},
{0x0446,12,14,1,11,14,0,37035},
{0x0447,9,11,1,11,12,0,37119},
{0x0448,16,11,1,11,18,0,37169},
{0x0449,17,14,1,11,19,0,37257},
{0x044a,13,11,0,11,14,0,37376},
{0x044b,14,11,1,11,16,0,37448},
{0x044c,10,11,1,11,12,0,37525},
{0x044d,9,11,1,11,11,0,37580},
{0x044e,15,11,1,11,17,0,37630},
{0x044f,10,11,1,11,12,0,37713},
{0x0450,11,16,1,16,12,0,37768},
{0x0451,11,15,1,15,12,0,37856},
{0x0452,12,20,0,15,13,0,37939},
{0x0453,9,16,1,16,11,0,38059},
{0x0454,9,11,1,11,11,0,38131},
{0x0455,9,11,1,11,10,0,38181},
{0x0456,3,15,1,15,6,0,38231},
{0x0457,7,15,-1,15,6,0,38254},
{0x0458,5,19,-1,15,6,0,38307},
{0x0459,17,11,0,11,18,0,38355},
{0x045a,16,11,1,11,18,0,38449},
{0x045b,12,15,0,15,13,0,38537},
{0x045c,11,16,1,16,12,0,38627},
{0x045d,11,16,1,16,13,0,38715},
{0x045e,12,19,0,15,12,0,38803},
{0x045f,11,14,1,11,13,0,38917},
{0x2010,7,2,0,7,7,0,38994},
{0x2011,7,2,0,7,7,0,39001},
{0x2012,12,3,0,7,13,0,39008},
{0x2013,10,3,0,7,10,0,39026},
{0x2014,20,3,0,7,20,0,39041},
{0x2015,20,3,0,7,20,0,39071},
{0x2018,4,5,1,14,6,0,39101},
{0x2019,4,5,1,14,6,0,39111},
{0x201a,4,5,1,3,6,0,39121},
{0x201b,4,5,1,14,6,0,39131},
{0x201c,8,5,1,14,10,0,39141},
{0x201d,8,5,1,14,10,0,39161},
{0x201e,8,5,1,3,10,0,39181},
{0x201f,8,5,1,14,10,0,39201},
{0x2020,10,15,0,14,10,0,39221},
{0x2021,10,15,0,14,10,0,39296},
{0x2022,6,6,3,10,12,0,39371},
{0x2026,16,3,2,3,20,0,39389},
{0x2030,25,14,1,14,27,0,39413},
{0x2039,6,10,1,11,8,0,39588},
{0x203a,6,10,1,11,8,0,39618},
{0x20ac,12,14,0,14,13,0,39648},
{0x2116,20,15,0,15,21,0,39732},
{0x2122,14,7,2,15,20,0,39882},
{0x2190,16,10,0,11,17,0,39931},
{0x2191,10,15,3,15,17,0,40011},
{0x2192,15,10,1,11,17,0,40086},
{0x2193,10,16,3,15,17,0,40161},
{0x2212,13,3,2,8,17,0,40241},
{0x25b2,16,16,0,13,15,0,40261},
{0x25b6,16,16,0,13,15,0,40389},
{0x25bc,16,16,0,13,15,0,40517},
{0x25c0,16,16,0,13,15,0,40645},
{0x25cf,16,16,1,13,17,0,40773},
{0x2713,11,12,3,13,17,0,40901},
{0x2715,13,13,2,14,17,0,40967},
{0xfffd,21,21,0,19,21,0,41052},
};

const font_t font_sans_20 = {
    .px = 20, .line_h = 24, .ascent = 19, .descent = 5,
    .count = 509, .glyphs = s_glyphs, .bitmap = s_bits,
};
