/* Generated by tools/fontgen.c from DejaVuSans.ttf at 28px - do not edit.
 * DejaVu fonts: Bitstream Vera license (see tools/LICENSE). */
#include "font.h"

static const uint8_t s_bits[82256] = {
0xcf,0xfc,0xff,0xcf,0xfc,0xff,0xcf,0xfc,0xff,0xcf,0xfc,0xff,0xcf,0xfb,0xff,0xbf,0xea,0xfd,0x9f,0xc8,
0xfc,0x12,0x10,0x00,0x00,0x06,0x88,0xcf,0xfc,0xff,0xcf,0xf0,0x5f,0xf0,0x02,0xff,0x35,0xff,0x00,0x2f,
0xf3,0x5f,0xf0,0x02,0xff,0x35,0xff,0x00,0x2f,0xf3,0x5f,0xf0,0x02,0xff,0x35,0xff,0x00,0x2f,0xf3,0x5f,
0xf0,0x02,0xff,0x33,0xbb,0x00,0x2b,0xb2,0x00,0x00,0x00,0x01,0xff,0x20,0x00,0xdf,0x50,0x00,0x00,0x00,
0x00,0x05,0xfe,0x00,0x01,0xff,0x10,0x00,0x00,0x00,0x00,0x08,0xfa,0x00,0x05,0xfd,0x00,0x00,0x00,0x00,
0x00,0x0c,0xf7,0x00,0x09,0xf9,0x00,0x00,0x00,0x00,0x00,0x0f,0xf3,0x00,0x0c,0xf6,0x00,0x00,0x00,0x00,
0x00,0x3f,0xe0,0x00,0x1f,0xf2,0x00,0x00,0x04,0xff,0xff,0xff,0xff,0xff,0xff,0xff,0xff,0xf5,0x04,0xff,
0xff,0xff,0xff,0xff,0xff,0xff,0xff,0xf5,0x01,0x22,0x23,0xff,0x52,0x22,0xcf,0x82,0x22,0x21,0x00,0x00,
0x03,0xff,0x10,0x00,0xff,0x30,0x00,0x00,0x00,0x00,0x07,0xfc,0x00,0x04,0xfe,0x00,0x00,0x00,0x00,0x00,
0x0a,0xf8,0x00,0x07,0xfb,0x00,0x00,0x00,0x00,0x00,0x0e,0xf5,0x00,0x0a,0xf8,0x00,0x00,0x00,0xdf,0xff,
0xff,0xff,0xff,0xff,0xff,0xff,0xfb,0x00,0xdf,0xff,0xff,0xff,0xff,0xff,0xff,0xff,0xfb,0x00,0x22,0x22,
0xaf,0x92,0x22,0x8f,0xc2,0x22,0x22,0x00,0x00,0x00,0xdf,0x50,0x00,0xaf,0x80,0x00,0x00,0x00,0x00,0x02,
0xff,0x10,0x00,0xef,0x40,0x00,0x00,0x00,0x00,0x05,0xfd,0x00,0x02,0xff,0x10,0x00,0x00,0x00,0x00,0x09,
0xf9,0x00,0x06,0xfc,0x00,0x00,0x00,0x00,0x00,0x0d,0xf6,0x00,0x09,0xf8,0x00,0x00,0x00,0x00,0x00,0x00,
0x00,0xe7,0x00,0x00,0x00,0x00,0x00,0x00,0xe7,0x00,0x00,0x00,0x00,0x00,0x00,0xe7,0x00,0x00,0x00,0x00,
0x00,0x00,0xe7,0x00,0x00,0x00,0x00,0x39,0xde,0xff,0xec,0xa7,0x10,0x06,0xff,0xff,0xff,0xff,0xff,0x40,
0x2f,0xfd,0x51,0xe7,0x03,0x7c,0x40,0x7f,0xf3,0x00,0xe7,0x00,0x00,0x00,0xaf,0xe0,0x00,0xe7,0x00,0x00,
0x00,0x9f,0xf1,0x00,0xe7,0x00,0x00,0x00,0x6f,0xfa,0x10,0xe7,0x00,0x00,0x00,0x0c,0xff,0xea,0xe9,0x10,
0x00,0x00,0x01,0xaf,0xff,0xff,0xfc,0x71,0x00,0x00,0x02,0x7a,0xff,0xff,0xfd,0x20,0x00,0x00,0x00,0xe8,
0x6c,0xff,0xc0,0x00,0x00,0x00,0xe7,0x00,0x9f,0xf4,0x00,0x00,0x00,0xe7,0x00,0x2f,0xf7,0x00,0x00,0x00,
0xe7,0x00,0x2f,0xf6,0x62,0x00,0x00,0xe7,0x00,0x8f,0xf4,0xaf,0xa5,0x20,0xe8,0x4a,0xff,0xc0,0x9f,0xff,
0xff,0xff,0xff,0xfd,0x20,0x03,0x7b,0xdf,0xff,0xec,0x71,0x00,0x00,0x00,0x00,0xe7,0x00,0x00,0x00,0x00,
0x00,0x00,0xe7,0x00,0x00,0x00,0x00,0x00,0x00,0xe7,0x00,0x00,0x00,0x00,0x00,0x00,0xe7,0x00,0x00,0x00,
0x00,0x3a,0xef,0xc7,0x00,0x00,0x00,0x00,0x0b,0xf7,0x00,0x00,0x00,0x3e,0xfe,0xdf,0xfa,0x00,0x00,0x00,
0x05,0xfd,0x00,0x00,0x00,0x0d,0xfa,0x00,0x3e,0xf5,0x00,0x00,0x01,0xdf,0x40,0x00,0x00,0x03,0xff,0x10,
0x00,0x8f,0xb0,0x00,0x00,0x8f,0xa0,0x00,0x00,0x00,0x6f,0xc0,0x00,0x05,0xfe,0x00,0x00,0x2f,0xe1,0x00,
0x00,0x00,0x07,0xfb,0x00,0x00,0x4f,0xe0,0x00,0x0b,0xf7,0x00,0x00,0x00,0x00,0x5f,0xd0,0x00,0x05,0xfd,
0x00,0x05,0xfc,0x00,0x00,0x00,0x00,0x02,0xff,0x20,0x00,0xaf,0xa0,0x01,0xef,0x30,0x00,0x00,0x00,0x00,
0x0b,0xfc,0x31,0x7f,0xf4,0x00,0x9f,0x90,0x00,0x00,0x00,0x00,0x00,0x2d,0xff,0xff,0xf7,0x00,0x3f,0xe1,
0x00,0x00,0x00,0x00,0x00,0x00,0x17,0xab,0x93,0x00,0x0c,0xf6,0x00,0x29,0xef,0xd7,0x00,0x00,0x00,0x00,
0x00,0x00,0x06,0xfc,0x00,0x2e,0xfe,0xdf,0xfb,0x00,0x00,0x00,0x00,0x00,0x01,0xef,0x30,0x0b,0xfb,0x10,
0x3e,0xf6,0x00,0x00,0x00,0x00,0x00,0x9f,0x90,0x02,0xff,0x30,0x00,0x7f,0xc0,0x00,0x00,0x00,0x00,0x3f,
0xe1,0x00,0x5f,0xe0,0x00,0x04,0xff,0x00,0x00,0x00,0x00,0x0c,0xf5,0x00,0x05,0xfd,0x00,0x00,0x2f,0xf1,
0x00,0x00,0x00,0x07,0xfb,0x00,0x00,0x5f,0xe0,0x00,0x04,0xff,0x00,0x00,0x00,0x01,0xef,0x20,0x00,0x02,
0xff,0x20,0x00,0x7f,0xc0,0x00,0x00,0x00,0xaf,0x80,0x00,0x00,0x0b,0xfb,0x10,0x3e,0xf6,0x00,0x00,0x00,
0x4f,0xd1,0x00,0x00,0x00,0x2e,0xfe,0xcf,0xfb,0x00,0x00,0x00,0x0d,0xf5,0x00,0x00,0x00,0x00,0x2a,0xef,
0xd7,0x00,0x00,0x00,0x00,0x04,0xae,0xfe,0xc8,0x30,0x00,0x00,0x00,0x00,0x00,0x8f,0xff,0xff,0xff,0xf3,
0x00,0x00,0x00,0x00,0x04,0xff,0xe7,0x44,0x6b,0xf3,0x00,0x00,0x00,0x00,0x0b,0xff,0x30,0x00,0x00,0x31,
0x00,0x00,0x00,0x00,0x0d,0xfc,0x00,0x00,0x00,0x00,0x00,0x00,0x00,0x00,0x0d,0xfc,0x00,0x00,0x00,0x00,
0x00,0x00,0x00,0x00,0x09,0xff,0x40,0x00,0x00,0x00,0x00,0x00,0x00,0x00,0x02,0xff,0xe2,0x00,0x00,0x00,
0x00,0x00,0x00,0x00,0x01,0xcf,0xfd,0x20,0x00,0x00,0x00,0x00,0x00,0x00,0x2c,0xfc,0xef,0xd2,0x00,0x00,
0x00,0x13,0x30,0x00,0xcf,0xc1,0x4e,0xfd,0x20,0x00,0x00,0x9f,0xe0,0x07,0xff,0x20,0x04,0xff,0xd2,0x00,
0x00,0xbf,0xb0,0x0d,0xfa,0x00,0x00,0x5f,0xfd,0x20,0x01,0xff,0x60,0x2f,0xf7,0x00,0x00,0x05,0xff,0xd2,
0x06,0xfe,0x10,0x3f,0xf7,0x00,0x00,0x00,0x6f,0xfd,0x2d,0xf8,0x00,0x2f,0xfa,0x00,0x00,0x00,0x06,0xff,
0xef,0xd1,0x00,0x0d,0xff,0x20,0x00,0x00,0x00,0x7f,0xff,0x50,0x00,0x07,0xff,0xd2,0x00,0x00,0x01,0x8f,
0xff,0xc1,0x00,0x00,0xbf,0xff,0x95,0x45,0x9e,0xff,0xcf,0xfb,0x00,0x00,0x19,0xff,0xff,0xff,0xff,0xe5,
0x0a,0xff,0x90,0x00,0x00,0x39,0xde,0xfd,0xb6,0x00,0x01,0xcf,0xf8,0x5f,0xf0,0x5f,0xf0,0x5f,0xf0,0x5f,
0xf0,0x5f,0xf0,0x5f,0xf0,0x5f,0xf0,0x3b,0xb0,0x00,0x00,0xcf,0x70,0x00,0x6f,0xe0,0x00,0x0d,0xf6,0x00,
0x06,0xfe,0x10,0x00,0xdf,0x90,0x00,0x3f,0xf4,0x00,0x09,0xfe,0x00,0x00,0xdf,0xb0,0x00,0x2f,0xf8,0x00,
0x05,0xff,0x50,0x00,0x7f,0xf3,0x00,0x08,0xff,0x20,0x00,0x9f,0xf1,0x00,0x09,0xff,0x20,0x00,0x8f,0xf3,
0x00,0x06,0xff,0x40,0x00,0x3f,0xf6,0x00,0x00,0xff,0x90,0x00,0x0b,0xfd,0x00,0x00,0x6f,0xf2,0x00,0x01,
0xff,0x70,0x00,0x09,0xfc,0x00,0x00,0x3f,0xf3,0x00,0x00,0xaf,0xa0,0x00,0x02,0xff,0x30,0x00,0x05,0x84,
0x8f,0xb0,0x00,0x01,0xef,0x50,0x00,0x08,0xfc,0x00,0x00,0x1f,0xf5,0x00,0x00,0xbf,0xb0,0x00,0x05,0xff,
0x20,0x00,0x1f,0xf7,0x00,0x00,0xcf,0xc0,0x00,0x09,0xff,0x10,0x00,0x6f,0xf3,0x00,0x05,0xff,0x50,0x00,
0x3f,0xf7,0x00,0x02,0xff,0x80,0x00,0x3f,0xf7,0x00,0x04,0xff,0x60,0x00,0x5f,0xf5,0x00,0x07,0xff,0x20,
0x00,0xbf,0xe0,0x00,0x0e,0xfa,0x00,0x03,0xff,0x50,0x00,0x8f,0xe0,0x00,0x0d,0xf8,0x00,0x04,0xff,0x20,
0x00,0xbf,0x90,0x00,0x4f,0xe1,0x00,0x05,0x84,0x00,0x00,0x00,0x00,0x00,0xcc,0x00,0x00,0x00,0x00,0x00,
0x00,0xcc,0x00,0x00,0x00,0x04,0x10,0x00,0xcc,0x00,0x01,0x40,0x0e,0xe6,0x00,0xcc,0x00,0x6e,0xe0,0x03,
0xbf,0xc3,0xcc,0x3c,0xfb,0x30,0x00,0x04,0xcf,0xee,0xfc,0x40,0x00,0x00,0x00,0x0a,0xff,0xb0,0x00,0x00,
0x00,0x04,0xcf,0xee,0xfc,0x40,0x00,0x02,0xaf,0xc3,0xcc,0x3c,0xfb,0x20,0x0e,0xe7,0x00,0xcc,0x00,0x7e,
0xe0,0x04,0x20,0x00,0xcc,0x00,0x02,0x40,0x00,0x00,0x00,0xcc,0x00,0x00,0x00,0x00,0x00,0x00,0xcc,0x00,
0x00,0x00,0x00,0x00,0x00,0x00,0x00,0x00,0x00,0x00,0x00,0x00,0x00,0x6e,0xc0,0x00,0x00,0x00,0x00,0x00,
0x00,0x00,0x06,0xfd,0x00,0x00,0x00,0x00,0x00,0x00,0x00,0x00,0x6f,0xd0,0x00,0x00,0x00,0x00,0x00,0x00,
0x00,0x06,0xfd,0x00,0x00,0x00,0x00,0x00,0x00,0x00,0x00,0x6f,0xd0,0x00,0x00,0x00,0x00,0x00,0x00,0x00,
0x06,0xfd,0x00,0x00,0x00,0x00,0x00,0x00,0x00,0x00,0x6f,0xd0,0x00,0x00,0x00,0x00,0x00,0x00,0x00,0x06,
0xfd,0x00,0x00,0x00,0x00,0x0f,0xff,0xff,0xff,0xff,0xff,0xff,0xff,0xff,0x80,0xff,0xff,0xff,0xff,0xff,
0xff,0xff,0xff,0xf8,0x06,0x66,0x66,0x66,0xaf,0xe6,0x66,0x66,0x66,0x30,0x00,0x00,0x00,0x06,0xfd,0x00,
0x00,0x00,0x00,0x00,0x00,0x00,0x00,0x6f,0xd0,0x00,0x00,0x00,0x00,0x00,0x00,0x00,0x06,0xfd,0x00,0x00,
0x00,0x00,0x00,0x00,0x00,0x00,0x6f,0xd0,0x00,0x00,0x00,0x00,0x00,0x00,0x00,0x06,0xfd,0x00,0x00,0x00,
0x00,0x00,0x00,0x00,0x00,0x6f,0xd0,0x00,0x00,0x00,0x00,0x00,0x00,0x00,0x06,0xfd,0x00,0x00,0x00,0x00,
0x09,0xdd,0x20,0xbf,0xf3,0x0b,0xff,0x20,0xef,0xa0,0x3f,0xf3,0x07,0xfa,0x00,0xbf,0x30,0x00,0x34,0x44,
0x44,0x43,0x9f,0xff,0xff,0xfb,0x9f,0xff,0xff,0xfb,0x88,0x7f,0xfd,0xff,0xdf,0xfd,0x00,0x00,0x00,0x1f,
0xf4,0x00,0x00,0x00,0x5f,0xe0,0x00,0x00,0x00,0xaf,0xa0,0x00,0x00,0x00,0xef,0x60,0x00,0x00,0x04,0xff,
0x10,0x00,0x00,0x08,0xfc,0x00,0x00,0x00,0x0d,0xf7,0x00,0x00,0x00,0x2f,0xf2,0x00,0x00,0x00,0x7f,0xd0,
0x00,0x00,0x00,0xcf,0x80,0x00,0x00,0x01,0xff,0x40,0x00,0x00,0x06,0xfe,0x00,0x00,0x00,0x0a,0xfa,0x00,
0x00,0x00,0x0e,0xf5,0x00,0x00,0x00,0x4f,0xf1,0x00,0x00,0x00,0x9f,0xb0,0x00,0x00,0x00,0xdf,0x70,0x00,
0x00,0x03,0xff,0x20,0x00,0x00,0x07,0xfd,0x00,0x00,0x00,0x0c,0xf8,0x00,0x00,0x00,0x1f,0xf4,0x00,0x00,
0x00,0x6f,0xe0,0x00,0x00,0x00,0xbf,0x90,0x00,0x00,0x00,0x78,0x30,0x00,0x00,0x00,0x00,0x00,0x28,0xde,
0xec,0x71,0x00,0x00,0x00,0x5e,0xff,0xff,0xff,0xd3,0x00,0x00,0x3f,0xff,0x84,0x49,0xff,0xd1,0x00,0x0c,
0xff,0x40,0x00,0x07,0xff,0x90,0x03,0xff,0x90,0x00,0x00,0x0c,0xff,0x10,0x8f,0xf3,0x00,0x00,0x00,0x6f,
0xf5,0x0c,0xfe,0x00,0x00,0x00,0x03,0xff,0x90,0xef,0xc0,0x00,0x00,0x00,0x0f,0xfb,0x1f,0xfb,0x00,0x00,
0x00,0x00,0xef,0xd2,0xff,0xa0,0x00,0x00,0x00,0x0d,0xfe,0x2f,0xfa,0x00,0x00,0x00,0x00,0xcf,0xe2,0xff,
0xa0,0x00,0x00,0x00,0x0d,0xfe,0x1f,0xfb,0x00,0x00,0x00,0x00,0xef,0xd0,0xef,0xc0,0x00,0x00,0x00,0x0f,
0xfb,0x0c,0xfe,0x00,0x00,0x00,0x03,0xff,0x90,0x8f,0xf3,0x00,0x00,0x00,0x6f,0xf5,0x03,0xff,0x90,0x00,
0x00,0x0c,0xff,0x10,0x0c,0xff,0x40,0x00,0x07,0xff,0x90,0x00,0x3f,0xff,0x84,0x5a,0xff,0xd1,0x00,0x00,
0x5e,0xff,0xff,0xff,0xd3,0x00,0x00,0x00,0x28,0xde,0xec,0x71,0x00,0x00,0x14,0x7a,0xef,0xfb,0x00,0x00,
0x0e,0xff,0xff,0xff,0xb0,0x00,0x00,0xef,0xfe,0xbf,0xfb,0x00,0x00,0x07,0x52,0x00,0xff,0xb0,0x00,0x00,
0x00,0x00,0x0f,0xfb,0x00,0x00,0x00,0x00,0x00,0xff,0xb0,0x00,0x00,0x00,0x00,0x0f,0xfb,0x00,0x00,0x00,
0x00,0x00,0xff,0xb0,0x00,0x00,0x00,0x00,0x0f,0xfb,0x00,0x00,0x00,0x00,0x00,0xff,0xb0,0x00,0x00,0x00,
0x00,0x0f,0xfb,0x00,0x00,0x00,0x00,0x00,0xff,0xb0,0x00,0x00,0x00,0x00,0x0f,0xfb,0x00,0x00,0x00,0x00,
0x00,0xff,0xb0,0x00,0x00,0x00,0x00,0x0f,0xfb,0x00,0x00,0x00,0x00,0x00,0xff,0xb0,0x00,0x00,0x00,0x00,
0x0f,0xfb,0x00,0x00,0x00,0x00,0x00,0xff,0xb0,0x00,0x00,0x36,0x66,0x6f,0xfc,0x66,0x66,0x18,0xff,0xff,
0xff,0xff,0xff,0xf4,0x8f,0xff,0xff,0xff,0xff,0xff,0x40,0x02,0x6a,0xdf,0xed,0xa4,0x00,0x00,0x9f,0xff,
0xff,0xff,0xff,0xb1,0x00,0xcf,0xfb,0x86,0x69,0xef,0xfc,0x00,0xb8,0x20,0x00,0x00,0x2d,0xff,0x60,0x00,
0x00,0x00,0x00,0x03,0xff,0xb0,0x00,0x00,0x00,0x00,0x00,0xef,0xd0,0x00,0x00,0x00,0x00,0x00,0xef,0xd0,
0x00,0x00,0x00,0x00,0x03,0xff,0xa0,0x00,0x00,0x00,0x00,0x0a,0xff,0x40,0x00,0x00,0x00,0x00,0x5f,0xfb,
0x00,0x00,0x00,0x00,0x03,0xef,0xe2,0x00,0x00,0x00,0x00,0x2d,0xff,0x40,0x00,0x00,0x00,0x02,0xdf,0xf5,
0x00,0x00,0x00,0x00,0x2d,0xff,0x50,0x00,0x00,0x00,0x01,0xdf,0xf6,0x00,0x00,0x00,0x00,0x1d,0xff,0x60,
0x00,0x00,0x00,0x01,0xcf,0xf6,0x00,0x00,0x00,0x00,0x1c,0xff,0x70,0x00,0x00,0x00,0x00,0xbf,0xfc,0x66,
0x66,0x66,0x66,0x60,0xef,0xff,0xff,0xff,0xff,0xff,0xf0,0xef,0xff,0xff,0xff,0xff,0xff,0xf0,0x04,0x8b,
0xde,0xfe,0xb7,0x10,0x00,0x4f,0xff,0xff,0xff,0xff,0xe5,0x00,0x4f,0xc9,0x86,0x68,0xcf,0xff,0x40,0x11,
0x00,0x00,0x00,0x06,0xff,0xc0,0x00,0x00,0x00,0x00,0x00,0xcf,0xf0,0x00,0x00,0x00,0x00,0x00,0xaf,0xf1,
0x00,0x00,0x00,0x00,0x01,0xef,0xd0,0x00,0x00,0x00,0x02,0x6d,0xff,0x70,0x00,0x05,0xff,0xff,0xff,0xf9,
0x00,0x00,0x05,0xff,0xff,0xfd,0x40,0x00,0x00,0x02,0x55,0x57,0xcf,0xd5,0x00,0x00,0x00,0x00,0x00,0x06,
0xff,0x70,0x00,0x00,0x00,0x00,0x00,0x9f,0xf2,0x00,0x00,0x00,0x00,0x00,0x4f,0xf6,0x00,0x00,0x00,0x00,
0x00,0x3f,0xf8,0x00,0x00,0x00,0x00,0x00,0x5f,0xf8,0x00,0x00,0x00,0x00,0x00,0xaf,0xf5,0x82,0x00,0x00,
0x00,0x08,0xff,0xe1,0xdf,0xc9,0x76,0x69,0xdf,0xff,0x50,0xdf,0xff,0xff,0xff,0xff,0xe5,0x00,0x15,0x9c,
0xef,0xed,0xa6,0x10,0x00,0x00,0x00,0x00,0x00,0x7f,0xff,0x50,0x00,0x00,0x00,0x00,0x02,0xef,0xff,0x50,
0x00,0x00,0x00,0x00,0x0b,0xfe,0xff,0x50,0x00,0x00,0x00,0x00,0x6f,0xd7,0xff,0x50,0x00,0x00,0x00,0x01,
0xef,0x56,0xff,0x50,0x00,0x00,0x00,0x0a,0xfa,0x06,0xff,0x50,0x00,0x00,0x00,0x4f,0xe2,0x06,0xff,0x50,
0x00,0x00,0x01,0xdf,0x70,0x06,0xff,0x50,0x00,0x00,0x09,0xfc,0x00,0x06,0xff,0x50,0x00,0x00,0x3f,0xf3,
0x00,0x06,0xff,0x50,0x00,0x00,0xcf,0x90,0x00,0x06,0xff,0x50,0x00,0x07,0xfd,0x10,0x00,0x06,0xff,0x50,
0x00,0x2f,0xf5,0x00,0x00,0x06,0xff,0x50,0x00,0x9f,0xd5,0x55,0x55,0x59,0xff,0x85,0x51,0x9f,0xff,0xff,
0xff,0xff,0xff,0xff,0xf4,0x9f,0xff,0xff,0xff,0xff,0xff,0xff,0xf4,0x00,0x00,0x00,0x00,0x06,0xff,0x50,
0x00,0x00,0x00,0x00,0x00,0x06,0xff,0x50,0x00,0x00,0x00,0x00,0x00,0x06,0xff,0x50,0x00,0x00,0x00,0x00,
0x00,0x06,0xff,0x50,0x00,0x00,0x00,0x00,0x00,0x06,0xff,0x50,0x00,0x0f,0xff,0xff,0xff,0xff,0xfd,0x00,
0x0f,0xff,0xff,0xff,0xff,0xfd,0x00,0x0f,0xfb,0x55,0x55,0x55,0x55,0x00,0x0f,0xf8,0x00,0x00,0x00,0x00,
0x00,0x0f,0xf8,0x00,0x00,0x00,0x00,0x00,0x0f,0xf8,0x00,0x00,0x00,0x00,0x00,0x0f,0xf8,0x00,0x00,0x00,
0x00,0x00,0x0f,0xfd,0xce,0xed,0xa5,0x00,0x00,0x0f,0xff,0xff,0xff,0xff,0xb1,0x00,0x0f,0xd9,0x76,0x7a,
0xff,0xfc,0x10,0x03,0x00,0x00,0x00,0x2d,0xff,0x80,0x00,0x00,0x00,0x00,0x02,0xef,0xe0,0x00,0x00,0x00,
0x00,0x00,0x9f,0xf3,0x00,0x00,0x00,0x00,0x00,0x7f,0xf5,0x00,0x00,0x00,0x00,0x00,0x7f,0xf5,0x00,0x00,
0x00,0x00,0x00,0x9f,0xf3,0x00,0x00,0x00,0x00,0x02,0xef,0xe0,0x62,0x00,0x00,0x00,0x2c,0xff,0x90,0xdf,
0xc8,0x66,0x7a,0xff,0xfd,0x10,0xdf,0xff,0xff,0xff,0xff,0xb2,0x00,0x37,0xad,0xef,0xed,0x94,0x00,0x00,
0x00,0x00,0x01,0x7c,0xef,0xdc,0x83,0x00,0x00,0x00,0x5e,0xff,0xff,0xff,0xfb,0x00,0x00,0x06,0xff,0xfa,
0x76,0x79,0xdb,0x00,0x00,0x3f,0xfd,0x20,0x00,0x00,0x01,0x00,0x00,0xcf,0xe2,0x00,0x00,0x00,0x00,0x00,
0x03,0xff,0x80,0x00,0x00,0x00,0x00,0x00,0x08,0xff,0x20,0x02,0x32,0x00,0x00,0x00,0x0b,0xfe,0x06,0xdf,
0xff,0xe9,0x10,0x00,0x0e,0xfc,0x9f,0xff,0xff,0xff,0xd2,0x00,0x0f,0xff,0xfe,0x61,0x03,0xbf,0xfc,0x00,
0x0f,0xff,0xf3,0x00,0x00,0x0a,0xff,0x60,0x0f,0xff,0x90,0x00,0x00,0x02,0xff,0xb0,0x0e,0xff,0x50,0x00,
0x00,0x00,0xdf,0xe0,0x0d,0xff,0x30,0x00,0x00,0x00,0xbf,0xf0,0x0a,0xff,0x40,0x00,0x00,0x00,0xbf,0xf0,
0x06,0xff,0x60,0x00,0x00,0x00,0xef,0xd0,0x02,0xff,0xb0,0x00,0x00,0x04,0xff,0xa0,0x00,0x9f,0xf6,0x00,
0x00,0x1c,0xff,0x40,0x00,0x1d,0xff,0xa5,0x47,0xdf,0xf9,0x00,0x00,0x03,0xdf,0xff,0xff,0xff,0xa0,0x00,
0x00,0x00,0x17,0xce,0xfd,0xa4,0x00,0x00,0xbf,0xff,0xff,0xff,0xff,0xff,0xf6,0xbf,0xff,0xff,0xff,0xff,
0xff,0xf4,0x45,0x55,0x55,0x55,0x56,0xff,0xe0,0x00,0x00,0x00,0x00,0x05,0xff,0x80,0x00,0x00,0x00,0x00,
0x0b,0xff,0x30,0x00,0x00,0x00,0x00,0x1f,0xfc,0x00,0x00,0x00,0x00,0x00,0x7f,0xf7,0x00,0x00,0x00,0x00,
0x00,0xcf,0xf1,0x00,0x00,0x00,0x00,0x03,0xff,0xa0,0x00,0x00,0x00,0x00,0x09,0xff,0x50,0x00,0x00,0x00,
0x00,0x0e,0xfe,0x00,0x00,0x00,0x00,0x00,0x5f,0xf8,0x00,0x00,0x00,0x00,0x00,0xbf,0xf3,0x00,0x00,0x00,
0x00,0x01,0xff,0xc0,0x00,0x00,0x00,0x00,0x07,0xff,0x70,0x00,0x00,0x00,0x00,0x0c,0xff,0x10,0x00,0x00,
0x00,0x00,0x3f,0xfa,0x00,0x00,0x00,0x00,0x00,0x9f,0xf5,0x00,0x00,0x00,0x00,0x00,0xef,0xe0,0x00,0x00,
0x00,0x00,0x05,0xff,0x90,0x00,0x00,0x00,0x00,0x0a,0xff,0x30,0x00,0x00,0x00,0x00,0x00,0x6b,0xdf,0xed,
0xa4,0x00,0x00,0x02,0xcf,0xff,0xff,0xff,0xfa,0x10,0x00,0xcf,0xfd,0x64,0x57,0xef,0xfa,0x00,0x5f,0xfc,
0x00,0x00,0x01,0xdf,0xf2,0x08,0xff,0x50,0x00,0x00,0x07,0xff,0x50,0x9f,0xf3,0x00,0x00,0x00,0x5f,0xf6,
0x06,0xff,0x50,0x00,0x00,0x07,0xff,0x30,0x1e,0xfc,0x00,0x00,0x01,0xdf,0xc0,0x00,0x5e,0xfd,0x64,0x47,
0xef,0xd2,0x00,0x00,0x29,0xff,0xff,0xfe,0x71,0x00,0x00,0x08,0xef,0xff,0xff,0xfd,0x60,0x00,0x1b,0xff,
0x93,0x01,0x3a,0xff,0x90,0x08,0xff,0x60,0x00,0x00,0x09,0xff,0x50,0xef,0xd0,0x00,0x00,0x00,0x1f,0xfb,
0x1f,0xfb,0x00,0x00,0x00,0x00,0xdf,0xd1,0xff,0xb0,0x00,0x00,0x00,0x0e,0xfd,0x0e,0xfe,0x10,0x00,0x00,
0x03,0xff,0xb0,0x9f,0xf9,0x00,0x00,0x01,0xcf,0xf6,0x02,0xef,0xfc,0x64,0x47,0xdf,0xfd,0x00,0x04,0xef,
0xff,0xff,0xff,0xfc,0x20,0x00,0x01,0x7b,0xef,0xfd,0xa5,0x00,0x00,0x00,0x00,0x6b,0xef,0xeb,0x60,0x00,
0x00,0x02,0xcf,0xff,0xff,0xff,0xc1,0x00,0x01,0xdf,0xfb,0x54,0x5a,0xff,0xc0,0x00,0x8f,0xf9,0x00,0x00,
0x07,0xff,0x60,0x0e,0xfe,0x00,0x00,0x00,0x0c,0xfd,0x02,0xff,0xa0,0x00,0x00,0x00,0x8f,0xf3,0x3f,0xf8,
0x00,0x00,0x00,0x06,0xff,0x73,0xff,0x90,0x00,0x00,0x00,0x7f,0xf9,0x1f,0xfd,0x00,0x00,0x00,0x0b,0xff,
0xb0,0xbf,0xf6,0x00,0x00,0x04,0xff,0xfc,0x03,0xff,0xf8,0x20,0x27,0xef,0xff,0xc0,0x06,0xff,0xff,0xff,
0xff,0x7f,0xfc,0x00,0x03,0xae,0xff,0xfc,0x41,0xff,0xb0,0x00,0x00,0x02,0x31,0x00,0x4f,0xf8,0x00,0x00,
0x00,0x00,0x00,0x08,0xff,0x50,0x00,0x00,0x00,0x00,0x00,0xdf,0xe1,0x00,0x00,0x00,0x00,0x00,0x7f,0xf9,
0x00,0x04,0x00,0x00,0x00,0x6f,0xfe,0x10,0x00,0xee,0x96,0x68,0xcf,0xfe,0x40,0x00,0x0e,0xff,0xff,0xff,
0xfd,0x30,0x00,0x00,0x49,0xce,0xfd,0xb6,0x00,0x00,0x00,0x68,0x81,0xbf,0xf3,0xbf,0xf3,0xbf,0xf3,0x00,
0x00,0x00,0x00,0x00,0x00,0x00,0x00,0x00,0x00,0x00,0x00,0x00,0x00,0x68,0x81,0xbf,0xf3,0xbf,0xf3,0xbf,
0xf3,0x0b,0xff,0x30,0xbf,0xf3,0x0b,0xff,0x30,0x68,0x81,0x00,0x00,0x00,0x00,0x00,0x00,0x00,0x00,0x00,
0x00,0x00,0x00,0x00,0x00,0x00,0x00,0x00,0x00,0x9d,0xd2,0x0b,0xff,0x30,0xbf,0xf2,0x0e,0xfa,0x03,0xff,
0x30,0x7f,0xa0,0x0b,0xf3,0x00,0x00,0x00,0x00,0x00,0x00,0x00,0x00,0x00,0x03,0x40,0x00,0x00,0x00,0x00,
0x00,0x00,0x02,0x7d,0xf8,0x00,0x00,0x00,0x00,0x00,0x01,0x6b,0xff,0xff,0x70,0x00,0x00,0x00,0x00,0x4a,
0xef,0xff,0xfa,0x50,0x00,0x00,0x00,0x28,0xdf,0xff,0xfb,0x61,0x00,0x00,0x00,0x16,0xcf,0xff,0xfd,0x72,
0x00,0x00,0x00,0x05,0xaf,0xff,0xfe,0x93,0x00,0x00,0x00,0x00,0x00,0xff,0xff,0xa4,0x00,0x00,0x00,0x00,
0x00,0x00,0x0f,0xff,0xe8,0x30,0x00,0x00,0x00,0x00,0x00,0x00,0x6c,0xff,0xff,0xc7,0x20,0x00,0x00,0x00,
0x00,0x00,0x02,0x8d,0xff,0xff,0xb6,0x10,0x00,0x00,0x00,0x00,0x00,0x04,0x9e,0xff,0xfe,0xa4,0x00,0x00,
0x00,0x00,0x00,0x00,0x15,0xbf,0xff,0xfe,0x83,0x00,0x00,0x00,0x00,0x00,0x00,0x27,0xdf,0xff,0xf7,0x00,
0x00,0x00,0x00,0x00,0x00,0x00,0x39,0xef,0x80,0x00,0x00,0x00,0x00,0x00,0x00,0x00,0x00,0x54,0x0f,0xff,
0xff,0xff,0xff,0xff,0xff,0xff,0xff,0x80,0xff,0xff,0xff,0xff,0xff,0xff,0xff,0xff,0xf8,0x05,0x55,0x55,
0x55,0x55,0x55,0x55,0x55,0x55,0x30,0x00,0x00,0x00,0x00,0x00,0x00,0x00,0x00,0x00,0x00,0x00,0x00,0x00,
0x00,0x00,0x00,0x00,0x00,0x00,0x66,0x66,0x66,0x66,0x66,0x66,0x66,0x66,0x63,0x0f,0xff,0xff,0xff,0xff,
0xff,0xff,0xff,0xff,0x80,0xff,0xff,0xff,0xff,0xff,0xff,0xff,0xff,0xf8,0x06,0x10,0x00,0x00,0x00,0x00,
0x00,0x00,0x00,0x00,0xff,0xa4,0x00,0x00,0x00,0x00,0x00,0x00,0x00,0x0f,0xff,0xfe,0x83,0x00,0x00,0x00,
0x00,0x00,0x00,0x27,0xdf,0xff,0xfc,0x71,0x00,0x00,0x00,0x00,0x00,0x00,0x39,0xef,0xff,0xfa,0x50,0x00,
0x00,0x00,0x00,0x00,0x00,0x5a,0xff,0xff,0xe9,0x30,0x00,0x00,0x00,0x00,0x00,0x01,0x6c,0xff,0xff,0xd7,
0x10,0x00,0x00,0x00,0x00,0x00,0x02,0x8d,0xff,0xf8,0x00,0x00,0x00,0x00,0x00,0x00,0x16,0xbf,0xff,0x80,
0x00,0x00,0x00,0x00,0x04,0xae,0xff,0xfe,0x92,0x00,0x00,0x00,0x03,0x9e,0xff,0xff,0xa5,0x00,0x00,0x00,
0x02,0x7d,0xff,0xff,0xc6,0x10,0x00,0x00,0x01,0x6b,0xff,0xff,0xd8,0x20,0x00,0x00,0x00,0x00,0xff,0xff,
0xea,0x40,0x00,0x00,0x00,0x00,0x00,0x0f,0xfb,0x61,0x00,0x00,0x00,0x00,0x00,0x00,0x00,0x72,0x00,0x00,
0x00,0x00,0x00,0x00,0x00,0x00,0x03,0x8c,0xef,0xda,0x40,0x0a,0xff,0xff,0xff,0xff,0x70,0xff,0xc7,0x56,
0xaf,0xff,0x4c,0x40,0x00,0x00,0x6f,0xfb,0x00,0x00,0x00,0x00,0xef,0xd0,0x00,0x00,0x00,0x0e,0xfc,0x00,
0x00,0x00,0x05,0xff,0x80,0x00,0x00,0x03,0xef,0xe1,0x00,0x00,0x03,0xef,0xe3,0x00,0x00,0x02,0xef,0xe3,
0x00,0x00,0x00,0xdf,0xe3,0x00,0x00,0x00,0x5f,0xf6,0x00,0x00,0x00,0x08,0xff,0x20,0x00,0x00,0x00,0x9f,
0xf1,0x00,0x00,0x00,0x09,0xff,0x10,0x00,0x00,0x00,0x47,0x70,0x00,0x00,0x00,0x00,0x00,0x00,0x00,0x00,
0x00,0x58,0x81,0x00,0x00,0x00,0x0a,0xff,0x20,0x00,0x00,0x00,0xaf,0xf2,0x00,0x00,0x00,0x0a,0xff,0x20,
0x00,0x00,0x00,0x00,0x00,0x00,0x00,0x00,0x00,0x00,0x00,0x00,0x00,0x00,0x00,0x00,0x00,0x00,0x00,0x15,
0xad,0xef,0xec,0x95,0x00,0x00,0x00,0x00,0x00,0x00,0x00,0x18,0xef,0xff,0xff,0xff,0xff,0xd6,0x00,0x00,
0x00,0x00,0x00,0x04,0xef,0xfb,0x63,0x10,0x23,0x8d,0xff,0xb1,0x00,0x00,0x00,0x00,0x6f,0xfb,0x20,0x00,
0x00,0x00,0x00,0x6e,0xfc,0x10,0x00,0x00,0x04,0xff,0x80,0x00,0x00,0x00,0x00,0x00,0x01,0xdf,0xb0,0x00,
0x00,0x2e,0xf6,0x00,0x00,0x00,0x00,0x00,0x00,0x00,0x1d,0xf7,0x00,0x00,0x9f,0xa0,0x00,0x01,0x8d,0xfd,
0xa2,0x04,0x30,0x03,0xfe,0x10,0x02,0xfe,0x10,0x00,0x2d,0xff,0xff,0xff,0x6f,0xc0,0x00,0xaf,0x60,0x07,
0xf8,0x00,0x00,0xbf,0xe6,0x11,0x5e,0xff,0xc0,0x00,0x5f,0xb0,0x0c,0xf3,0x00,0x04,0xff,0x40,0x00,0x03,
0xff,0xc0,0x00,0x1f,0xe0,0x0f,0xe0,0x00,0x08,0xfb,0x00,0x00,0x00,0xaf,0xc0,0x00,0x0f,0xf0,0x1f,0xd0,
0x00,0x0b,0xf8,0x00,0x00,0x00,0x7f,0xc0,0x00,0x0e,0xf0,0x2f,0xc0,0x00,0x0b,0xf7,0x00,0x00,0x00,0x5f,
0xc0,0x00,0x1f,0xe0,0x1f,0xd0,0x00,0x0b,0xf8,0x00,0x00,0x00,0x7f,0xc0,0x00,0x4f,0xb0,0x0f,0xf0,0x00,
0x08,0xfb,0x00,0x00,0x00,0xaf,0xc0,0x00,0xaf,0x60,0x0c,0xf3,0x00,0x04,0xff,0x40,0x00,0x02,0xff,0xc0,
0x06,0xfd,0x00,0x08,0xf8,0x00,0x00,0xbf,0xe5,0x11,0x5d,0xff,0xc3,0x9f,0xe3,0x00,0x03,0xfe,0x10,0x00,
0x2d,0xff,0xff,0xff,0x7f,0xff,0xfd,0x30,0x00,0x00,0xaf,0x90,0x00,0x01,0x8d,0xed,0xa3,0x2e,0xda,0x50,
0x00,0x00,0x00,0x2f,0xf6,0x00,0x00,0x00,0x00,0x00,0x00,0x00,0x00,0x00,0x00,0x00,0x05,0xff,0x60,0x00,
0x00,0x00,0x00,0x00,0x01,0x00,0x00,0x00,0x00,0x00,0x7f,0xfa,0x20,0x00,0x00,0x00,0x00,0x6e,0x60,0x00,
0x00,0x00,0x00,0x05,0xef,0xfa,0x52,0x10,0x24,0x8e,0xff,0x80,0x00,0x00,0x00,0x00,0x00,0x29,0xff,0xff,
0xff,0xff,0xff,0xb4,0x00,0x00,0x00,0x00,0x00,0x00,0x00,0x26,0xbd,0xef,0xdb,0x83,0x00,0x00,0x00,0x00,
0x00,0x00,0x00,0x03,0xff,0xf5,0x00,0x00,0x00,0x00,0x00,0x00,0x00,0x8f,0xff,0xa0,0x00,0x00,0x00,0x00,
0x00,0x00,0x0e,0xfe,0xff,0x10,0x00,0x00,0x00,0x00,0x00,0x04,0xff,0x6f,0xf7,0x00,0x00,0x00,0x00,0x00,
0x00,0xaf,0xd0,0xbf,0xc0,0x00,0x00,0x00,0x00,0x00,0x1f,0xf8,0x06,0xff,0x30,0x00,0x00,0x00,0x00,0x06,
0xff,0x30,0x1f,0xf8,0x00,0x00,0x00,0x00,0x00,0xcf,0xc0,0x00,0xaf,0xe0,0x00,0x00,0x00,0x00,0x2f,0xf7,
0x00,0x05,0xff,0x40,0x00,0x00,0x00,0x08,0xff,0x20,0x00,0x0e,0xfa,0x00,0x00,0x00,0x00,0xdf,0xb0,0x00,
0x00,0x9f,0xf1,0x00,0x00,0x00,0x4f,0xf6,0x00,0x00,0x03,0xff,0x60,0x00,0x00,0x09,0xfe,0x10,0x00,0x00,
0x0d,0xfc,0x00,0x00,0x01,0xef,0xff,0xff,0xff,0xff,0xff,0xf2,0x00,0x00,0x6f,0xff,0xff,0xff,0xff,0xff,
0xff,0x80,0x00,0x0b,0xfe,0x55,0x55,0x55,0x55,0x5c,0xfd,0x00,0x02,0xff,0x90,0x00,0x00,0x00,0x00,0x7f,
0xf4,0x00,0x7f,0xf4,0x00,0x00,0x00,0x00,0x02,0xff,0x90,0x0d,0xfe,0x00,0x00,0x00,0x00,0x00,0x0c,0xfe,
0x13,0xff,0x90,0x00,0x00,0x00,0x00,0x00,0x7f,0xf5,0x9f,0xf4,0x00,0x00,0x00,0x00,0x00,0x02,0xff,0xb0,
0x4f,0xff,0xff,0xff,0xed,0xa5,0x00,0x00,0x4f,0xff,0xff,0xff,0xff,0xff,0xb1,0x00,0x4f,0xfa,0x55,0x55,
0x69,0xef,0xfa,0x00,0x4f,0xf8,0x00,0x00,0x00,0x2e,0xff,0x20,0x4f,0xf8,0x00,0x00,0x00,0x09,0xff,0x50,
0x4f,0xf8,0x00,0x00,0x00,0x07,0xff,0x50,0x4f,0xf8,0x00,0x00,0x00,0x09,0xff,0x30,0x4f,0xf8,0x00,0x00,
0x00,0x2e,0xfd,0x00,0x4f,0xfa,0x44,0x45,0x58,0xef,0xe4,0x00,0x4f,0xff,0xff,0xff,0xff,0xf9,0x20,0x00,
0x4f,0xff,0xff,0xff,0xff,0xff,0xa1,0x00,0x4f,0xf8,0x00,0x00,0x02,0x7f,0xfd,0x10,0x4f,0xf8,0x00,0x00,
0x00,0x05,0xff,0xa0,0x4f,0xf8,0x00,0x00,0x00,0x00,0xdf,0xf1,0x4f,0xf8,0x00,0x00,0x00,0x00,0xbf,0xf3,
0x4f,0xf8,0x00,0x00,0x00,0x00,0xbf,0xf3,0x4f,0xf8,0x00,0x00,0x00,0x01,0xef,0xf1,0x4f,0xf8,0x00,0x00,
0x00,0x09,0xff,0xc0,0x4f,0xfa,0x55,0x55,0x57,0xcf,0xff,0x40,0x4f,0xff,0xff,0xff,0xff,0xff,0xe5,0x00,
0x4f,0xff,0xff,0xff,0xfe,0xb7,0x10,0x00,0x00,0x00,0x00,0x59,0xce,0xfe,0xc9,0x40,0x00,0x00,0x00,0x4c,
0xff,0xff,0xff,0xff,0xfd,0x50,0x00,0x06,0xff,0xfd,0x96,0x56,0x8c,0xff,0xf0,0x00,0x4f,0xff,0x70,0x00,
0x00,0x00,0x3b,0xf0,0x01,0xef,0xf5,0x00,0x00,0x00,0x00,0x00,0x70,0x07,0xff,0x90,0x00,0x00,0x00,0x00,
0x00,0x00,0x0d,0xff,0x20,0x00,0x00,0x00,0x00,0x00,0x00,0x1f,0xfd,0x00,0x00,0x00,0x00,0x00,0x00,0x00,
0x4f,0xfa,0x00,0x00,0x00,0x00,0x00,0x00,0x00,0x5f,0xf8,0x00,0x00,0x00,0x00,0x00,0x00,0x00,0x6f,0xf7,
0x00,0x00,0x00,0x00,0x00,0x00,0x00,0x5f,0xf8,0x00,0x00,0x00,0x00,0x00,0x00,0x00,0x4f,0xfa,0x00,0x00,
0x00,0x00,0x00,0x00,0x00,0x1f,0xfd,0x00,0x00,0x00,0x00,0x00,0x00,0x00,0x0d,0xff,0x20,0x00,0x00,0x00,
0x00,0x00,0x00,0x07,0xff,0x90,0x00,0x00,0x00,0x00,0x00,0x00,0x01,0xef,0xf5,0x00,0x00,0x00,0x00,0x00,
0x70,0x00,0x4f,0xff,0x70,0x00,0x00,0x00,0x3b,0xf0,0x00,0x06,0xff,0xfd,0x96,0x56,0x8c,0xff,0xf0,0x00,
0x00,0x4c,0xff,0xff,0xff,0xff,0xfd,0x50,0x00,0x00,0x00,0x59,0xce,0xfe,0xc9,0x40,0x00,0x4f,0xff,0xff,
0xfe,0xdc,0x95,0x10,0x00,0x00,0x4f,0xff,0xff,0xff,0xff,0xff,0xe8,0x10,0x00,0x4f,0xfa,0x55,0x55,0x69,
0xcf,0xff,0xd2,0x00,0x4f,0xf8,0x00,0x00,0x00,0x04,0xcf,0xfd,0x10,0x4f,0xf8,0x00,0x00,0x00,0x00,0x1c,
0xff,0x90,0x4f,0xf8,0x00,0x00,0x00,0x00,0x02,0xff,0xf1,0x4f,0xf8,0x00,0x00,0x00,0x00,0x00,0xaf,0xf6,
0x4f,0xf8,0x00,0x00,0x00,0x00,0x00,0x5f,0xf9,0x4f,0xf8,0x00,0x00,0x00,0x00,0x00,0x2f,0xfc,0x4f,0xf8,
0x00,0x00,0x00,0x00,0x00,0x1f,0xfd,0x4f,0xf8,0x00,0x00,0x00,0x00,0x00,0x0f,0xfd,0x4f,0xf8,0x00,0x00,
0x00,0x00,0x00,0x1f,0xfd,0x4f,0xf8,0x00,0x00,0x00,0x00,0x00,0x2f,0xfb,0x4f,0xf8,0x00,0x00,0x00,0x00,
0x00,0x5f,0xf9,0x4f,0xf8,0x00,0x00,0x00,0x00,0x00,0xaf,0xf6,0x4f,0xf8,0x00,0x00,0x00,0x00,0x02,0xff,
0xe1,0x4f,0xf8,0x00,0x00,0x00,0x00,0x1c,0xff,0x90,0x4f,0xf8,0x00,0x00,0x00,0x04,0xcf,0xfd,0x10,0x4f,
0xfa,0x55,0x55,0x69,0xcf,0xff,0xd2,0x00,0x4f,0xff,0xff,0xff,0xff,0xff,0xe8,0x10,0x00,0x4f,0xff,0xff,
0xfe,0xdc,0x95,0x10,0x00,0x00,0x4f,0xff,0xff,0xff,0xff,0xff,0xfa,0x4f,0xff,0xff,0xff,0xff,0xff,0xfa,
0x4f,0xfa,0x55,0x55,0x55,0x55,0x54,0x4f,0xf8,0x00,0x00,0x00,0x00,0x00,0x4f,0xf8,0x00,0x00,0x00,0x00,
0x00,0x4f,0xf8,0x00,0x00,0x00,0x00,0x00,0x4f,0xf8,0x00,0x00,0x00,0x00,0x00,0x4f,0xf8,0x00,0x00,0x00,
0x00,0x00,0x4f,0xfa,0x55,0x55,0x55,0x55,0x51,0x4f,0xff,0xff,0xff,0xff,0xff,0xf4,0x4f,0xff,0xff,0xff,
0xff,0xff,0xf4,0x4f,0xf8,0x00,0x00,0x00,0x00,0x00,0x4f,0xf8,0x00,0x00,0x00,0x00,0x00,0x4f,0xf8,0x00,
0x00,0x00,0x00,0x00,0x4f,0xf8,0x00,0x00,0x00,0x00,0x00,0x4f,0xf8,0x00,0x00,0x00,0x00,0x00,0x4f,0xf8,
0x00,0x00,0x00,0x00,0x00,0x4f,0xf8,0x00,0x00,0x00,0x00,0x00,0x4f,0xfa,0x66,0x66,0x66,0x66,0x65,0x4f,
0xff,0xff,0xff,0xff,0xff,0xfe,0x4f,0xff,0xff,0xff,0xff,0xff,0xfe,0x4f,0xff,0xff,0xff,0xff,0xff,0x74,
0xff,0xff,0xff,0xff,0xff,0xf7,0x4f,0xfa,0x55,0x55,0x55,0x55,0x34,0xff,0x80,0x00,0x00,0x00,0x00,0x4f,
0xf8,0x00,0x00,0x00,0x00,0x04,0xff,0x80,0x00,0x00,0x00,0x00,0x4f,0xf8,0x00,0x00,0x00,0x00,0x04,0xff,
0x80,0x00,0x00,0x00,0x00,0x4f,0xfa,0x66,0x66,0x66,0x63,0x04,0xff,0xff,0xff,0xff,0xff,0x90,0x4f,0xff,
0xff,0xff,0xff,0xf9,0x04,0xff,0x80,0x00,0x00,0x00,0x00,0x4f,0xf8,0x00,0x00,0x00,0x00,0x04,0xff,0x80,
0x00,0x00,0x00,0x00,0x4f,0xf8,0x00,0x00,0x00,0x00,0x04,0xff,0x80,0x00,0x00,0x00,0x00,0x4f,0xf8,0x00,
0x00,0x00,0x00,0x04,0xff,0x80,0x00,0x00,0x00,0x00,0x4f,0xf8,0x00,0x00,0x00,0x00,0x04,0xff,0x80,0x00,
0x00,0x00,0x00,0x4f,0xf8,0x00,0x00,0x00,0x00,0x00,0x00,0x00,0x00,0x48,0xce,0xfe,0xdb,0x72,0x00,0x00,
0x00,0x04,0xcf,0xff,0xff,0xff,0xff,0xfb,0x30,0x00,0x06,0xff,0xfe,0x96,0x55,0x7a,0xef,0xfd,0x00,0x04,
0xff,0xf7,0x00,0x00,0x00,0x00,0x5c,0xd0,0x01,0xef,0xf5,0x00,0x00,0x00,0x00,0x00,0x06,0x00,0x7f,0xf9,
0x00,0x00,0x00,0x00,0x00,0x00,0x00,0x0d,0xff,0x20,0x00,0x00,0x00,0x00,0x00,0x00,0x01,0xff,0xc0,0x00,
0x00,0x00,0x00,0x00,0x00,0x00,0x4f,0xf9,0x00,0x00,0x00,0x00,0x00,0x00,0x00,0x05,0xff,0x80,0x00,0x00,
0x00,0x45,0x55,0x55,0x52,0x6f,0xf7,0x00,0x00,0x00,0x0d,0xff,0xff,0xff,0x65,0xff,0x80,0x00,0x00,0x00,
0xdf,0xff,0xff,0xf6,0x4f,0xf9,0x00,0x00,0x00,0x00,0x00,0x05,0xff,0x61,0xff,0xc0,0x00,0x00,0x00,0x00,
0x00,0x5f,0xf6,0x0d,0xff,0x20,0x00,0x00,0x00,0x00,0x05,0xff,0x60,0x7f,0xf9,0x00,0x00,0x00,0x00,0x00,
0x5f,0xf6,0x01,0xef,0xf4,0x00,0x00,0x00,0x00,0x05,0xff,0x60,0x05,0xff,0xf7,0x00,0x00,0x00,0x00,0x7f,
0xf6,0x00,0x06,0xff,0xfe,0x96,0x55,0x68,0xdf,0xff,0x50,0x00,0x04,0xcf,0xff,0xff,0xff,0xff,0xfb,0x30,
0x00,0x00,0x00,0x49,0xce,0xfe,0xdb,0x72,0x00,0x00,0x4f,0xf8,0x00,0x00,0x00,0x00,0x07,0xff,0x54,0xff,
0x80,0x00,0x00,0x00,0x00,0x7f,0xf5,0x4f,0xf8,0x00,0x00,0x00,0x00,0x07,0xff,0x54,0xff,0x80,0x00,0x00,
0x00,0x00,0x7f,0xf5,0x4f,0xf8,0x00,0x00,0x00,0x00,0x07,0xff,0x54,0xff,0x80,0x00,0x00,0x00,0x00,0x7f,
0xf5,0x4f,0xf8,0x00,0x00,0x00,0x00,0x07,0xff,0x54,0xff,0x80,0x00,0x00,0x00,0x00,0x7f,0xf5,0x4f,0xfa,
0x55,0x55,0x55,0x55,0x5a,0xff,0x54,0xff,0xff,0xff,0xff,0xff,0xff,0xff,0xf5,0x4f,0xff,0xff,0xff,0xff,
0xff,0xff,0xff,0x54,0xff,0x80,0x00,0x00,0x00,0x00,0x7f,0xf5,0x4f,0xf8,0x00,0x00,0x00,0x00,0x07,0xff,
0x54,0xff,0x80,0x00,0x00,0x00,0x00,0x7f,0xf5,0x4f,0xf8,0x00,0x00,0x00,0x00,0x07,0xff,0x54,0xff,0x80,
0x00,0x00,0x00,0x00,0x7f,0xf5,0x4f,0xf8,0x00,0x00,0x00,0x00,0x07,0xff,0x54,0xff,0x80,0x00,0x00,0x00,
0x00,0x7f,0xf5,0x4f,0xf8,0x00,0x00,0x00,0x00,0x07,0xff,0x54,0xff,0x80,0x00,0x00,0x00,0x00,0x7f,0xf5,
0x4f,0xf8,0x00,0x00,0x00,0x00,0x07,0xff,0x50,0x4f,0xf8,0x4f,0xf8,0x4f,0xf8,0x4f,0xf8,0x4f,0xf8,0x4f,
0xf8,0x4f,0xf8,0x4f,0xf8,0x4f,0xf8,0x4f,0xf8,0x4f,0xf8,0x4f,0xf8,0x4f,0xf8,0x4f,0xf8,0x4f,0xf8,0x4f,
0xf8,0x4f,0xf8,0x4f,0xf8,0x4f,0xf8,0x4f,0xf8,0x4f,0xf8,0x00,0x00,0x4f,0xf8,0x00,0x00,0x4f,0xf8,0x00,
0x00,0x4f,0xf8,0x00,0x00,0x4f,0xf8,0x00,0x00,0x4f,0xf8,0x00,0x00,0x4f,0xf8,0x00,0x00,0x4f,0xf8,0x00,
0x00,0x4f,0xf8,0x00,0x00,0x4f,0xf8,0x00,0x00,0x4f,0xf8,0x00,0x00,0x4f,0xf8,0x00,0x00,0x4f,0xf8,0x00,
0x00,0x4f,0xf8,0x00,0x00,0x4f,0xf8,0x00,0x00,0x4f,0xf8,0x00,0x00,0x4f,0xf8,0x00,0x00,0x4f,0xf8,0x00,
0x00,0x4f,0xf8,0x00,0x00,0x4f,0xf8,0x00,0x00,0x4f,0xf8,0x00,0x00,0x4f,0xf7,0x00,0x00,0x5f,0xf6,0x00,
0x00,0x8f,0xf4,0x00,0x01,0xef,0xe1,0x36,0x8d,0xff,0x90,0x7f,0xff,0xfc,0x10,0x7f,0xec,0x70,0x00,0x4f,
0xf8,0x00,0x00,0x00,0x01,0xcf,0xfa,0x04,0xff,0x80,0x00,0x00,0x01,0xcf,0xfa,0x00,0x4f,0xf8,0x00,0x00,
0x01,0xcf,0xf9,0x00,0x04,0xff,0x80,0x00,0x01,0xdf,0xf9,0x00,0x00,0x4f,0xf8,0x00,0x02,0xdf,0xf8,0x00,
0x00,0x04,0xff,0x80,0x02,0xdf,0xf8,0x00,0x00,0x00,0x4f,0xf8,0x02,0xdf,0xf8,0x00,0x00,0x00,0x04,0xff,
0x82,0xef,0xf7,0x00,0x00,0x00,0x00,0x4f,0xfa,0xef,0xf7,0x00,0x00,0x00,0x00,0x04,0xff,0xff,0xf7,0x00,
0x00,0x00,0x00,0x00,0x4f,0xff,0xff,0xb0,0x00,0x00,0x00,0x00,0x04,0xff,0x9c,0xff,0xb0,0x00,0x00,0x00,
0x00,0x4f,0xf8,0x1d,0xff,0xa0,0x00,0x00,0x00,0x04,0xff,0x80,0x1d,0xff,0xa0,0x00,0x00,0x00,0x4f,0xf8,
0x00,0x2d,0xff,0xa0,0x00,0x00,0x04,0xff,0x80,0x00,0x2d,0xff,0x90,0x00,0x00,0x4f,0xf8,0x00,0x00,0x2e,
0xff,0x90,0x00,0x04,0xff,0x80,0x00,0x00,0x2e,0xff,0x80,0x00,0x4f,0xf8,0x00,0x00,0x00,0x3e,0xff,0x80,
0x04,0xff,0x80,0x00,0x00,0x00,0x3e,0xff,0x70,0x4f,0xf8,0x00,0x00,0x00,0x00,0x3e,0xff,0x70,0x4f,0xf8,
0x00,0x00,0x00,0x00,0x00,0x4f,0xf8,0x00,0x00,0x00,0x00,0x00,0x4f,0xf8,0x00,0x00,0x00,0x00,0x00,0x4f,
0xf8,0x00,0x00,0x00,0x00,0x00,0x4f,0xf8,0x00,0x00,0x00,0x00,0x00,0x4f,0xf8,0x00,0x00,0x00,0x00,0x00,
0x4f,0xf8,0x00,0x00,0x00,0x00,0x00,0x4f,0xf8,0x00,0x00,0x00,0x00,0x00,0x4f,0xf8,0x00,0x00,0x00,0x00,
0x00,0x4f,0xf8,0x00,0x00,0x00,0x00,0x00,0x4f,0xf8,0x00,0x00,0x00,0x00,0x00,0x4f,0xf8,0x00,0x00,0x00,
0x00,0x00,0x4f,0xf8,0x00,0x00,0x00,0x00,0x00,0x4f,0xf8,0x00,0x00,0x00,0x00,0x00,0x4f,0xf8,0x00,0x00,
0x00,0x00,0x00,0x4f,0xf8,0x00,0x00,0x00,0x00,0x00,0x4f,0xf8,0x00,0x00,0x00,0x00,0x00,0x4f,0xf8,0x00,
0x00,0x00,0x00,0x00,0x4f,0xfa,0x66,0x66,0x66,0x66,0x63,0x4f,0xff,0xff,0xff,0xff,0xff,0xf7,0x4f,0xff,
0xff,0xff,0xff,0xff,0xf7,0x4f,0xff,0xf1,0x00,0x00,0x00,0x00,0x0d,0xff,0xf6,0x4f,0xff,0xf6,0x00,0x00,
0x00,0x00,0x4f,0xff,0xf6,0x4f,0xff,0xfc,0x00,0x00,0x00,0x00,0x9f,0xff,0xf6,0x4f,0xfa,0xff,0x20,0x00,
0x00,0x00,0xef,0xaf,0xf6,0x4f,0xf6,0xdf,0x80,0x00,0x00,0x05,0xff,0x5f,0xf6,0x4f,0xf6,0x8f,0xd0,0x00,
0x00,0x0b,0xfa,0x4f,0xf6,0x4f,0xf6,0x2f,0xf3,0x00,0x00,0x1f,0xf4,0x4f,0xf6,0x4f,0xf6,0x0c,0xf9,0x00,
0x00,0x7f,0xe0,0x4f,0xf6,0x4f,0xf6,0x06,0xfe,0x00,0x00,0xcf,0x80,0x4f,0xf6,0x4f,0xf6,0x01,0xff,0x50,
0x02,0xff,0x30,0x4f,0xf6,0x4f,0xf6,0x00,0xaf,0xa0,0x08,0xfd,0x00,0x4f,0xf6,0x4f,0xf6,0x00,0x5f,0xf1,
0x0d,0xf7,0x00,0x4f,0xf6,0x4f,0xf6,0x00,0x0e,0xf6,0x4f,0xf2,0x00,0x4f,0xf6,0x4f,0xf6,0x00,0x09,0xfc,
0xaf,0xb0,0x00,0x4f,0xf6,0x4f,0xf6,0x00,0x03,0xff,0xff,0x60,0x00,0x4f,0xf6,0x4f,0xf6,0x00,0x00,0xdf,
0xfe,0x10,0x00,0x4f,0xf6,0x4f,0xf6,0x00,0x00,0x7f,0xf9,0x00,0x00,0x4f,0xf6,0x4f,0xf6,0x00,0x00,0x00,
0x00,0x00,0x00,0x4f,0xf6,0x4f,0xf6,0x00,0x00,0x00,0x00,0x00,0x00,0x4f,0xf6,0x4f,0xf6,0x00,0x00,0x00,
0x00,0x00,0x00,0x4f,0xf6,0x4f,0xf6,0x00,0x00,0x00,0x00,0x00,0x00,0x4f,0xf6,0x4f,0xff,0xb0,0x00,0x00,
0x00,0x07,0xff,0x34,0xff,0xff,0x40,0x00,0x00,0x00,0x7f,0xf3,0x4f,0xff,0xfb,0x00,0x00,0x00,0x07,0xff,
0x34,0xff,0xef,0xf4,0x00,0x00,0x00,0x7f,0xf3,0x4f,0xf8,0xef,0xc0,0x00,0x00,0x07,0xff,0x34,0xff,0x68,
0xff,0x50,0x00,0x00,0x7f,0xf3,0x4f,0xf6,0x1e,0xfc,0x00,0x00,0x07,0xff,0x34,0xff,0x60,0x7f,0xf5,0x00,
0x00,0x7f,0xf3,0x4f,0xf6,0x01,0xef,0xd0,0x00,0x07,0xff,0x34,0xff,0x60,0x07,0xff,0x50,0x00,0x7f,0xf3,
0x4f,0xf6,0x00,0x1e,0xfd,0x00,0x07,0xff,0x34,0xff,0x60,0x00,0x6f,0xf6,0x00,0x7f,0xf3,0x4f,0xf6,0x00,
0x00,0xdf,0xd0,0x07,0xff,0x34,0xff,0x60,0x00,0x06,0xff,0x60,0x7f,0xf3,0x4f,0xf6,0x00,0x00,0x0d,0xfe,
0x17,0xff,0x34,0xff,0x60,0x00,0x00,0x5f,0xf7,0x7f,0xf3,0x4f,0xf6,0x00,0x00,0x00,0xcf,0xe8,0xff,0x34,
0xff,0x60,0x00,0x00,0x05,0xff,0xef,0xf3,0x4f,0xf6,0x00,0x00,0x00,0x0c,0xff,0xff,0x34,0xff,0x60,0x00,
0x00,0x00,0x4f,0xff,0xf3,0x4f,0xf6,0x00,0x00,0x00,0x00,0xcf,0xff,0x30,0x00,0x00,0x00,0x6a,0xde,0xed,
0xa6,0x10,0x00,0x00,0x00,0x00,0x5d,0xff,0xff,0xff,0xff,0xe5,0x00,0x00,0x00,0x07,0xff,0xfc,0x75,0x57,
0xcf,0xff,0x70,0x00,0x00,0x5f,0xff,0x50,0x00,0x00,0x05,0xef,0xf5,0x00,0x01,0xef,0xf4,0x00,0x00,0x00,
0x00,0x4f,0xfe,0x10,0x07,0xff,0x90,0x00,0x00,0x00,0x00,0x09,0xff,0x80,0x0d,0xff,0x20,0x00,0x00,0x00,
0x00,0x02,0xff,0xd0,0x1f,0xfd,0x00,0x00,0x00,0x00,0x00,0x00,0xcf,0xf2,0x4f,0xfa,0x00,0x00,0x00,0x00,
0x00,0x00,0x9f,0xf5,0x5f,0xf8,0x00,0x00,0x00,0x00,0x00,0x00,0x8f,0xf6,0x6f,0xf7,0x00,0x00,0x00,0x00,
0x00,0x00,0x7f,0xf7,0x5f,0xf8,0x00,0x00,0x00,0x00,0x00,0x00,0x8f,0xf6,0x4f,0xfa,0x00,0x00,0x00,0x00,
0x00,0x00,0x9f,0xf5,0x1f,0xfd,0x00,0x00,0x00,0x00,0x00,0x00,0xcf,0xf2,0x0d,0xff,0x20,0x00,0x00,0x00,
0x00,0x02,0xff,0xd0,0x07,0xff,0x90,0x00,0x00,0x00,0x00,0x09,0xff,0x80,0x01,0xef,0xf4,0x00,0x00,0x00,
0x00,0x4f,0xfe,0x10,0x00,0x5f,0xfe,0x50,0x00,0x00,0x05,0xef,0xf5,0x00,0x00,0x07,0xff,0xfc,0x75,0x57,
0xcf,0xff,0x70,0x00,0x00,0x00,0x5d,0xff,0xff,0xff,0xff,0xe5,0x00,0x00,0x00,0x00,0x01,0x6a,0xde,0xed,
0xa6,0x10,0x00,0x00,0x4f,0xff,0xff,0xff,0xdb,0x61,0x00,0x4f,0xff,0xff,0xff,0xff,0xfd,0x30,0x4f,0xfa,
0x55,0x56,0x8e,0xff,0xd1,0x4f,0xf8,0x00,0x00,0x01,0xdf,0xf7,0x4f,0xf8,0x00,0x00,0x00,0x4f,0xfb,0x4f,
0xf8,0x00,0x00,0x00,0x1f,0xfd,0x4f,0xf8,0x00,0x00,0x00,0x0f,0xfd,0x4f,0xf8,0x00,0x00,0x00,0x3f,0xfc,
0x4f,0xf8,0x00,0x00,0x00,0xaf,0xf9,0x4f,0xf8,0x00,0x01,0x4b,0xff,0xf2,0x4f,0xff,0xff,0xff,0xff,0xff,
0x60,0x4f,0xff,0xff,0xff,0xff,0xb4,0x00,0x4f,0xfa,0x55,0x54,0x31,0x00,0x00,0x4f,0xf8,0x00,0x00,0x00,
0x00,0x00,0x4f,0xf8,0x00,0x00,0x00,0x00,0x00,0x4f,0xf8,0x00,0x00,0x00,0x00,0x00,0x4f,0xf8,0x00,0x00,
0x00,0x00,0x00,0x4f,0xf8,0x00,0x00,0x00,0x00,0x00,0x4f,0xf8,0x00,0x00,0x00,0x00,0x00,0x4f,0xf8,0x00,
0x00,0x00,0x00,0x00,0x4f,0xf8,0x00,0x00,0x00,0x00,0x00,0x00,0x00,0x00,0x6a,0xde,0xed,0xa6,0x10,0x00,
0x00,0x00,0x00,0x5d,0xff,0xff,0xff,0xff,0xd5,0x00,0x00,0x00,0x07,0xff,0xfc,0x75,0x57,0xcf,0xff,0x70,
0x00,0x00,0x5f,0xff,0x50,0x00,0x00,0x05,0xef,0xf5,0x00,0x01,0xef,0xf4,0x00,0x00,0x00,0x00,0x4f,0xfe,
0x10,0x07,0xff,0x90,0x00,0x00,0x00,0x00,0x09,0xff,0x70,0x0d,0xff,0x20,0x00,0x00,0x00,0x00,0x02,0xff,
0xd0,0x1f,0xfd,0x00,0x00,0x00,0x00,0x00,0x00,0xcf,0xf2,0x4f,0xfa,0x00,0x00,0x00,0x00,0x00,0x00,0x9f,
0xf5,0x5f,0xf8,0x00,0x00,0x00,0x00,0x00,0x00,0x8f,0xf6,0x6f,0xf7,0x00,0x00,0x00,0x00,0x00,0x00,0x7f,
0xf7,0x5f,0xf8,0x00,0x00,0x00,0x00,0x00,0x00,0x8f,0xf6,0x4f,0xfa,0x00,0x00,0x00,0x00,0x00,0x00,0x9f,
0xf5,0x1f,0xfd,0x00,0x00,0x00,0x00,0x00,0x00,0xcf,0xf3,0x0d,0xff,0x20,0x00,0x00,0x00,0x00,0x02,0xff,
0xe0,0x07,0xff,0x90,0x00,0x00,0x00,0x00,0x08,0xff,0x90,0x01,0xef,0xf4,0x00,0x00,0x00,0x00,0x3f,0xff,
0x20,0x00,0x5f,0xfe,0x50,0x00,0x00,0x04,0xef,0xf8,0x00,0x00,0x07,0xff,0xfb,0x74,0x46,0xbf,0xff,0xa0,
0x00,0x00,0x00,0x5d,0xff,0xff,0xff,0xff,0xf8,0x00,0x00,0x00,0x00,0x00,0x6a,0xde,0xff,0xff,0x40,0x00,
0x00,0x00,0x00,0x00,0x00,0x00,0x06,0xff,0xc1,0x00,0x00,0x00,0x00,0x00,0x00,0x00,0x00,0x8f,0xfb,0x00,
0x00,0x00,0x00,0x00,0x00,0x00,0x00,0x0a,0xff,0x90,0x00,0x00,0x00,0x00,0x00,0x00,0x00,0x00,0x78,0x82,
0x00,0x4f,0xff,0xff,0xff,0xeb,0x71,0x00,0x00,0x04,0xff,0xff,0xff,0xff,0xff,0xd3,0x00,0x00,0x4f,0xfa,
0x55,0x56,0x8e,0xff,0xe1,0x00,0x04,0xff,0x80,0x00,0x00,0x1c,0xff,0x70,0x00,0x4f,0xf8,0x00,0x00,0x00,
0x4f,0xfc,0x00,0x04,0xff,0x80,0x00,0x00,0x01,0xff,0xd0,0x00,0x4f,0xf8,0x00,0x00,0x00,0x0f,0xfd,0x00,
0x04,0xff,0x80,0x00,0x00,0x03,0xff,0xb0,0x00,0x4f,0xf8,0x00,0x00,0x00,0x9f,0xf6,0x00,0x04,0xff,0x80,
0x00,0x13,0xaf,0xfc,0x10,0x00,0x4f,0xff,0xff,0xff,0xff,0xfa,0x10,0x00,0x04,0xff,0xff,0xff,0xff,0xfd,
0x30,0x00,0x00,0x4f,0xfa,0x55,0x56,0xbf,0xfe,0x30,0x00,0x04,0xff,0x80,0x00,0x00,0x5f,0xfd,0x00,0x00,
0x4f,0xf8,0x00,0x00,0x00,0x9f,0xf7,0x00,0x04,0xff,0x80,0x00,0x00,0x01,0xef,0xe1,0x00,0x4f,0xf8,0x00,
0x00,0x00,0x08,0xff,0x70,0x04,0xff,0x80,0x00,0x00,0x00,0x1e,0xfe,0x00,0x4f,0xf8,0x00,0x00,0x00,0x00,
0x8f,0xf6,0x04,0xff,0x80,0x00,0x00,0x00,0x01,0xef,0xd0,0x4f,0xf8,0x00,0x00,0x00,0x00,0x08,0xff,0x60,
0x00,0x01,0x6b,0xdf,0xfe,0xc9,0x61,0x00,0x00,0x4d,0xff,0xff,0xff,0xff,0xff,0x00,0x03,0xef,0xfc,0x75,
0x56,0x8c,0xff,0x00,0x0b,0xff,0x70,0x00,0x00,0x00,0x28,0x00,0x1f,0xfc,0x00,0x00,0x00,0x00,0x00,0x00,
0x2f,0xfa,0x00,0x00,0x00,0x00,0x00,0x00,0x1f,0xfc,0x00,0x00,0x00,0x00,0x00,0x00,0x0d,0xff,0x60,0x00,
0x00,0x00,0x00,0x00,0x07,0xff,0xfc,0x74,0x10,0x00,0x00,0x00,0x00,0x8f,0xff,0xff,0xfd,0x94,0x00,0x00,
0x00,0x03,0xae,0xff,0xff,0xff,0xc2,0x00,0x00,0x00,0x00,0x36,0x9d,0xff,0xfe,0x20,0x00,0x00,0x00,0x00,
0x00,0x4d,0xff,0xa0,0x00,0x00,0x00,0x00,0x00,0x03,0xff,0xf1,0x00,0x00,0x00,0x00,0x00,0x00,0xcf,0xf3,
0x00,0x00,0x00,0x00,0x00,0x00,0xbf,0xf3,0x00,0x00,0x00,0x00,0x00,0x00,0xef,0xf1,0x1d,0x61,0x00,0x00,
0x00,0x09,0xff,0xb0,0x1f,0xfe,0xa7,0x54,0x58,0xdf,0xfe,0x30,0x1d,0xff,0xff,0xff,0xff,0xff,0xd4,0x00,
0x00,0x37,0xad,0xef,0xed,0xa5,0x10,0x00,0x1f,0xff,0xff,0xff,0xff,0xff,0xff,0xff,0xff,0x31,0xff,0xff,
0xff,0xff,0xff,0xff,0xff,0xff,0xf3,0x05,0x55,0x55,0x55,0xdf,0xe5,0x55,0x55,0x55,0x10,0x00,0x00,0x00,
0x0c,0xfe,0x00,0x00,0x00,0x00,0x00,0x00,0x00,0x00,0xcf,0xe0,0x00,0x00,0x00,0x00,0x00,0x00,0x00,0x0c,
0xfe,0x00,0x00,0x00,0x00,0x00,0x00,0x00,0x00,0xcf,0xe0,0x00,0x00,0x00,0x00,0x00,0x00,0x00,0x0c,0xfe,
0x00,0x00,0x00,0x00,0x00,0x00,0x00,0x00,0xcf,0xe0,0x00,0x00,0x00,0x00,0x00,0x00,0x00,0x0c,0xfe,0x00,
0x00,0x00,0x00,0x00,0x00,0x00,0x00,0xcf,0xe0,0x00,0x00,0x00,0x00,0x00,0x00,0x00,0x0c,0xfe,0x00,0x00,
0x00,0x00,0x00,0x00,0x00,0x00,0xcf,0xe0,0x00,0x00,0x00,0x00,0x00,0x00,0x00,0x0c,0xfe,0x00,0x00,0x00,
0x00,0x00,0x00,0x00,0x00,0xcf,0xe0,0x00,0x00,0x00,0x00,0x00,0x00,0x00,0x0c,0xfe,0x00,0x00,0x00,0x00,
0x00,0x00,0x00,0x00,0xcf,0xe0,0x00,0x00,0x00,0x00,0x00,0x00,0x00,0x0c,0xfe,0x00,0x00,0x00,0x00,0x00,
0x00,0x00,0x00,0xcf,0xe0,0x00,0x00,0x00,0x00,0x00,0x00,0x00,0x0c,0xfe,0x00,0x00,0x00,0x00,0x00,0x00,
0x00,0x00,0xcf,0xe0,0x00,0x00,0x00,0x00,0x8f,0xf3,0x00,0x00,0x00,0x00,0x0b,0xff,0x18,0xff,0x30,0x00,
0x00,0x00,0x00,0xbf,0xf1,0x8f,0xf3,0x00,0x00,0x00,0x00,0x0b,0xff,0x18,0xff,0x30,0x00,0x00,0x00,0x00,
0xbf,0xf1,0x8f,0xf3,0x00,0x00,0x00,0x00,0x0b,0xff,0x18,0xff,0x30,0x00,0x00,0x00,0x00,0xbf,0xf1,0x8f,
0xf3,0x00,0x00,0x00,0x00,0x0b,0xff,0x18,0xff,0x30,0x00,0x00,0x00,0x00,0xbf,0xf1,0x8f,0xf3,0x00,0x00,
0x00,0x00,0x0b,0xff,0x18,0xff,0x30,0x00,0x00,0x00,0x00,0xbf,0xf1,0x8f,0xf3,0x00,0x00,0x00,0x00,0x0b,
0xff,0x18,0xff,0x30,0x00,0x00,0x00,0x00,0xbf,0xf1,0x8f,0xf3,0x00,0x00,0x00,0x00,0x0b,0xff,0x18,0xff,
0x40,0x00,0x00,0x00,0x00,0xcf,0xf0,0x7f,0xf5,0x00,0x00,0x00,0x00,0x0d,0xfe,0x04,0xff,0x80,0x00,0x00,
0x00,0x01,0xff,0xc0,0x1e,0xfe,0x10,0x00,0x00,0x00,0x7f,0xf8,0x00,0x9f,0xfa,0x00,0x00,0x00,0x3e,0xff,
0x10,0x01,0xdf,0xfd,0x85,0x56,0xaf,0xff,0x60,0x00,0x02,0xcf,0xff,0xff,0xff,0xff,0x60,0x00,0x00,0x00,
0x5a,0xde,0xfe,0xc8,0x20,0x00,0x00,0x9f,0xf4,0x00,0x00,0x00,0x00,0x00,0x02,0xff,0xb3,0xff,0xa0,0x00,
0x00,0x00,0x00,0x00,0x8f,0xf5,0x0d,0xff,0x10,0x00,0x00,0x00,0x00,0x0d,0xfe,0x10,0x7f,0xf6,0x00,0x00,
0x00,0x00,0x04,0xff,0x90,0x02,0xff,0xb0,0x00,0x00,0x00,0x00,0x9f,0xf4,0x00,0x0b,0xff,0x20,0x00,0x00,
0x00,0x0e,0xfd,0x00,0x00,0x6f,0xf7,0x00,0x00,0x00,0x05,0xff,0x80,0x00,0x01,0xef,0xd0,0x00,0x00,0x00,
0xbf,0xf2,0x00,0x00,0x09,0xff,0x30,0x00,0x00,0x1f,0xfc,0x00,0x00,0x00,0x4f,0xf9,0x00,0x00,0x06,0xff,
0x60,0x00,0x00,0x00,0xdf,0xe0,0x00,0x00,0xcf,0xf1,0x00,0x00,0x00,0x08,0xff,0x50,0x00,0x2f,0xfa,0x00,
0x00,0x00,0x00,0x2f,0xfa,0x00,0x08,0xff,0x40,0x00,0x00,0x00,0x00,0xcf,0xf1,0x00,0xdf,0xe0,0x00,0x00,
0x00,0x00,0x06,0xff,0x60,0x4f,0xf8,0x00,0x00,0x00,0x00,0x00,0x1f,0xfc,0x09,0xff,0x30,0x00,0x00,0x00,
0x00,0x00,0xaf,0xf3,0xef,0xc0,0x00,0x00,0x00,0x00,0x00,0x04,0xff,0xcf,0xf7,0x00,0x00,0x00,0x00,0x00,
0x00,0x0e,0xff,0xff,0x10,0x00,0x00,0x00,0x00,0x00,0x00,0x8f,0xff,0xa0,0x00,0x00,0x00,0x00,0x00,0x00,
0x03,0xff,0xf5,0x00,0x00,0x00,0x00,0x0e,0xfd,0x00,0x00,0x00,0x00,0xcf,0xf8,0x00,0x00,0x00,0x02,0xff,
0xa0,0xbf,0xf1,0x00,0x00,0x00,0x1f,0xff,0xb0,0x00,0x00,0x00,0x6f,0xf6,0x07,0xff,0x50,0x00,0x00,0x05,
0xff,0xff,0x00,0x00,0x00,0x0a,0xff,0x20,0x3f,0xf8,0x00,0x00,0x00,0x8f,0xae,0xf4,0x00,0x00,0x00,0xdf,
0xe0,0x00,0xef,0xc0,0x00,0x00,0x0c,0xf7,0xbf,0x70,0x00,0x00,0x2f,0xfa,0x00,0x0b,0xff,0x10,0x00,0x01,
0xff,0x37,0xfb,0x00,0x00,0x05,0xff,0x60,0x00,0x7f,0xf4,0x00,0x00,0x4f,0xe0,0x4f,0xe0,0x00,0x00,0x9f,
0xf3,0x00,0x04,0xff,0x80,0x00,0x08,0xfb,0x01,0xff,0x30,0x00,0x0d,0xfe,0x00,0x00,0x0f,0xfc,0x00,0x00,
0xbf,0x70,0x0c,0xf7,0x00,0x01,0xff,0xa0,0x00,0x00,0xbf,0xf1,0x00,0x0f,0xf4,0x00,0x8f,0xa0,0x00,0x5f,
0xf7,0x00,0x00,0x08,0xff,0x40,0x04,0xff,0x10,0x05,0xfe,0x00,0x09,0xff,0x30,0x00,0x00,0x4f,0xf8,0x00,
0x7f,0xc0,0x00,0x1f,0xf3,0x00,0xcf,0xe0,0x00,0x00,0x01,0xff,0xb0,0x0b,0xf8,0x00,0x00,0xdf,0x60,0x1f,
0xfb,0x00,0x00,0x00,0x0c,0xfe,0x00,0xef,0x40,0x00,0x09,0xfa,0x04,0xff,0x70,0x00,0x00,0x00,0x8f,0xf3,
0x3f,0xf1,0x00,0x00,0x6f,0xe0,0x8f,0xf3,0x00,0x00,0x00,0x04,0xff,0x77,0xfc,0x00,0x00,0x02,0xff,0x2c,
0xfe,0x00,0x00,0x00,0x00,0x1f,0xfb,0xaf,0x90,0x00,0x00,0x0d,0xf6,0xff,0xb0,0x00,0x00,0x00,0x00,0xcf,
0xee,0xf5,0x00,0x00,0x00,0xaf,0xdf,0xf7,0x00,0x00,0x00,0x00,0x08,0xff,0xff,0x20,0x00,0x00,0x06,0xff,
0xff,0x40,0x00,0x00,0x00,0x00,0x5f,0xff,0xd0,0x00,0x00,0x00,0x3f,0xff,0xf0,0x00,0x00,0x00,0x00,0x01,
0xff,0xfa,0x00,0x00,0x00,0x00,0xef,0xfb,0x00,0x00,0x00,0x01,0xdf,0xe2,0x00,0x00,0x00,0x00,0x6f,0xf8,
0x00,0x04,0xff,0xb0,0x00,0x00,0x00,0x2e,0xfd,0x10,0x00,0x09,0xff,0x50,0x00,0x00,0x0b,0xff,0x40,0x00,
0x00,0x1e,0xfe,0x10,0x00,0x06,0xff,0x90,0x00,0x00,0x00,0x5f,0xfa,0x00,0x02,0xef,0xd1,0x00,0x00,0x00,
0x00,0xaf,0xf4,0x00,0xaf,0xf4,0x00,0x00,0x00,0x00,0x01,0xef,0xd1,0x5f,0xfa,0x00,0x00,0x00,0x00,0x00,
0x06,0xff,0xae,0xfe,0x10,0x00,0x00,0x00,0x00,0x00,0x0b,0xff,0xff,0x50,0x00,0x00,0x00,0x00,0x00,0x00,
0x2f,0xff,0xa0,0x00,0x00,0x00,0x00,0x00,0x00,0x05,0xff,0xf9,0x00,0x00,0x00,0x00,0x00,0x00,0x01,0xef,
0xff,0xf3,0x00,0x00,0x00,0x00,0x00,0x00,0xaf,0xf7,0xff,0xd0,0x00,0x00,0x00,0x00,0x00,0x4f,0xfa,0x07,
0xff,0x80,0x00,0x00,0x00,0x00,0x1d,0xfe,0x10,0x0c,0xff,0x30,0x00,0x00,0x00,0x09,0xff,0x60,0x00,0x3f,
0xfc,0x00,0x00,0x00,0x04,0xff,0xb0,0x00,0x00,0x8f,0xf6,0x00,0x00,0x01,0xdf,0xe2,0x00,0x00,0x01,0xdf,
0xe2,0x00,0x00,0x8f,0xf6,0x00,0x00,0x00,0x04,0xff,0xb0,0x00,0x3f,0xfc,0x00,0x00,0x00,0x00,0x09,0xff,
0x50,0x0c,0xff,0x20,0x00,0x00,0x00,0x00,0x1e,0xfe,0x10,0x0b,0xff,0x40,0x00,0x00,0x00,0x00,0x2f,0xfc,
0x00,0x2e,0xfd,0x10,0x00,0x00,0x00,0x0c,0xff,0x30,0x00,0x6f,0xf8,0x00,0x00,0x00,0x07,0xff,0x80,0x00,
0x00,0xbf,0xf3,0x00,0x00,0x02,0xef,0xc0,0x00,0x00,0x02,0xef,0xd0,0x00,0x00,0xbf,0xf3,0x00,0x00,0x00,
0x07,0xff,0x80,0x00,0x6f,0xf8,0x00,0x00,0x00,0x00,0x0c,0xff,0x30,0x1e,0xfd,0x10,0x00,0x00,0x00,0x00,
0x2f,0xfc,0x0a,0xff,0x40,0x00,0x00,0x00,0x00,0x00,0x7f,0xfb,0xff,0x90,0x00,0x00,0x00,0x00,0x00,0x00,
0xcf,0xff,0xd1,0x00,0x00,0x00,0x00,0x00,0x00,0x03,0xff,0xf4,0x00,0x00,0x00,0x00,0x00,0x00,0x00,0x0c,
0xfe,0x00,0x00,0x00,0x00,0x00,0x00,0x00,0x00,0xcf,0xe0,0x00,0x00,0x00,0x00,0x00,0x00,0x00,0x0c,0xfe,
0x00,0x00,0x00,0x00,0x00,0x00,0x00,0x00,0xcf,0xe0,0x00,0x00,0x00,0x00,0x00,0x00,0x00,0x0c,0xfe,0x00,
0x00,0x00,0x00,0x00,0x00,0x00,0x00,0xcf,0xe0,0x00,0x00,0x00,0x00,0x00,0x00,0x00,0x0c,0xfe,0x00,0x00,
0x00,0x00,0x00,0x00,0x00,0x00,0xcf,0xe0,0x00,0x00,0x00,0x00,0x00,0x00,0x00,0x0c,0xfe,0x00,0x00,0x00,
0x00,0x00,0x00,0x00,0x00,0xcf,0xe0,0x00,0x00,0x00,0x00,0x6f,0xff,0xff,0xff,0xff,0xff,0xff,0xff,0x96,
0xff,0xff,0xff,0xff,0xff,0xff,0xff,0xf9,0x25,0x55,0x55,0x55,0x55,0x55,0x6f,0xff,0x50,0x00,0x00,0x00,
0x00,0x00,0x0b,0xff,0x80,0x00,0x00,0x00,0x00,0x00,0x08,0xff,0xb0,0x00,0x00,0x00,0x00,0x00,0x04,0xff,
0xd1,0x00,0x00,0x00,0x00,0x00,0x02,0xef,0xf3,0x00,0x00,0x00,0x00,0x00,0x01,0xcf,0xf6,0x00,0x00,0x00,
0x00,0x00,0x00,0xaf,0xf9,0x00,0x00,0x00,0x00,0x00,0x00,0x6f,0xfc,0x10,0x00,0x00,0x00,0x00,0x00,0x3f,
0xfe,0x20,0x00,0x00,0x00,0x00,0x00,0x1d,0xff,0x40,0x00,0x00,0x00,0x00,0x00,0x0b,0xff,0x70,0x00,0x00,
0x00,0x00,0x00,0x08,0xff,0xb0,0x00,0x00,0x00,0x00,0x00,0x05,0xff,0xd1,0x00,0x00,0x00,0x00,0x00,0x02,
0xef,0xe3,0x00,0x00,0x00,0x00,0x00,0x01,0xdf,0xf5,0x00,0x00,0x00,0x00,0x00,0x00,0xaf,0xf9,0x00,0x00,
0x00,0x00,0x00,0x00,0x7f,0xfe,0x66,0x66,0x66,0x66,0x66,0x66,0x5b,0xff,0xff,0xff,0xff,0xff,0xff,0xff,
0xfe,0xbf,0xff,0xff,0xff,0xff,0xff,0xff,0xff,0xe0,0x9f,0xff,0xff,0x39,0xff,0xff,0xf3,0x9f,0xe0,0x00,
0x09,0xfe,0x00,0x00,0x9f,0xe0,0x00,0x09,0xfe,0x00,0x00,0x9f,0xe0,0x00,0x09,0xfe,0x00,0x00,0x9f,0xe0,
0x00,0x09,0xfe,0x00,0x00,0x9f,0xe0,0x00,0x09,0xfe,0x00,0x00,0x9f,0xe0,0x00,0x09,0xfe,0x00,0x00,0x9f,
0xe0,0x00,0x09,0xfe,0x00,0x00,0x9f,0xe0,0x00,0x09,0xfe,0x00,0x00,0x9f,0xe0,0x00,0x09,0xfe,0x00,0x00,
0x9f,0xe0,0x00,0x09,0xfe,0x00,0x00,0x9f,0xe0,0x00,0x09,0xff,0xff,0xf3,0x9f,0xff,0xff,0x30,0xdf,0x70,
0x00,0x00,0x00,0x8f,0xc0,0x00,0x00,0x00,0x4f,0xf1,0x00,0x00,0x00,0x0e,0xf6,0x00,0x00,0x00,0x0a,0xfa,
0x00,0x00,0x00,0x05,0xfe,0x00,0x00,0x00,0x01,0xff,0x40,0x00,0x00,0x00,0xbf,0x90,0x00,0x00,0x00,0x6f,
0xd0,0x00,0x00,0x00,0x2f,0xf3,0x00,0x00,0x00,0x0c,0xf8,0x00,0x00,0x00,0x08,0xfc,0x00,0x00,0x00,0x03,
0xff,0x20,0x00,0x00,0x00,0xef,0x60,0x00,0x00,0x00,0x9f,0xb0,0x00,0x00,0x00,0x5f,0xf1,0x00,0x00,0x00,
0x1f,0xf5,0x00,0x00,0x00,0x0b,0xf9,0x00,0x00,0x00,0x06,0xfe,0x00,0x00,0x00,0x02,0xff,0x30,0x00,0x00,
0x00,0xcf,0x80,0x00,0x00,0x00,0x7f,0xc0,0x00,0x00,0x00,0x3f,0xf2,0x00,0x00,0x00,0x07,0x83,0x4f,0xff,
0xff,0x84,0xff,0xff,0xf8,0x00,0x00,0xff,0x80,0x00,0x0f,0xf8,0x00,0x00,0xff,0x80,0x00,0x0f,0xf8,0x00,
0x00,0xff,0x80,0x00,0x0f,0xf8,0x00,0x00,0xff,0x80,0x00,0x0f,0xf8,0x00,0x00,0xff,0x80,0x00,0x0f,0xf8,
0x00,0x00,0xff,0x80,0x00,0x0f,0xf8,0x00,0x00,0xff,0x80,0x00,0x0f,0xf8,0x00,0x00,0xff,0x80,0x00,0x0f,
0xf8,0x00,0x00,0xff,0x80,0x00,0x0f,0xf8,0x00,0x00,0xff,0x80,0x00,0x0f,0xf8,0x00,0x00,0xff,0x84,0xff,
0xff,0xf8,0x4f,0xff,0xff,0x80,0x00,0x00,0x00,0x02,0xef,0xf8,0x00,0x00,0x00,0x00,0x00,0x00,0x02,0xdf,
0xff,0xf7,0x00,0x00,0x00,0x00,0x00,0x01,0xdf,0xf9,0xef,0xf6,0x00,0x00,0x00,0x00,0x01,0xcf,0xf7,0x02,
0xdf,0xf5,0x00,0x00,0x00,0x00,0xbf,0xf7,0x00,0x02,0xdf,0xf4,0x00,0x00,0x00,0xaf,0xf6,0x00,0x00,0x01,
0xcf,0xe3,0x00,0x00,0xaf,0xf5,0x00,0x00,0x00,0x01,0xcf,0xe3,0x00,0x9f,0xe4,0x00,0x00,0x00,0x00,0x01,
0xbf,0xe2,0x4f,0xff,0xff,0xff,0xff,0xff,0xff,0xf4,0x4f,0xff,0xff,0xff,0xff,0xff,0xff,0xf4,0x4f,0xf6,
0x00,0x00,0x5f,0xf3,0x00,0x00,0x7f,0xd1,0x00,0x00,0x8f,0xb0,0x00,0x00,0xaf,0x70,0x00,0x27,0xbd,0xfe,
0xda,0x40,0x00,0x03,0xff,0xff,0xff,0xff,0xf9,0x00,0x03,0xfb,0x74,0x34,0x7d,0xff,0x70,0x01,0x20,0x00,
0x00,0x00,0xaf,0xe1,0x00,0x00,0x00,0x00,0x00,0x2f,0xf5,0x00,0x00,0x00,0x00,0x00,0x0e,0xf7,0x00,0x04,
0xad,0xef,0xff,0xff,0xf9,0x01,0xbf,0xff,0xff,0xff,0xff,0xf9,0x09,0xff,0xa4,0x21,0x00,0x0e,0xf9,0x1f,
0xf9,0x00,0x00,0x00,0x0f,0xf9,0x4f,0xf4,0x00,0x00,0x00,0x3f,0xf9,0x4f,0xf4,0x00,0x00,0x00,0x9f,0xf9,
0x2f,0xfa,0x00,0x00,0x05,0xff,0xf9,0x0c,0xff,0xa4,0x34,0x9f,0xde,0xf9,0x02,0xef,0xff,0xff,0xfd,0x2e,
0xf9,0x00,0x19,0xdf,0xec,0x71,0x0e,0xf9,0x7f,0xf1,0x00,0x00,0x00,0x00,0x00,0x07,0xff,0x10,0x00,0x00,
0x00,0x00,0x00,0x7f,0xf1,0x00,0x00,0x00,0x00,0x00,0x07,0xff,0x10,0x00,0x00,0x00,0x00,0x00,0x7f,0xf1,
0x00,0x00,0x00,0x00,0x00,0x07,0xff,0x10,0x00,0x00,0x00,0x00,0x00,0x7f,0xf1,0x17,0xce,0xec,0x60,0x00,
0x07,0xff,0x3d,0xff,0xff,0xff,0xb1,0x00,0x7f,0xfc,0xf9,0x43,0x5c,0xff,0xa0,0x07,0xff,0xf6,0x00,0x00,
0x0b,0xff,0x40,0x7f,0xfc,0x00,0x00,0x00,0x2f,0xfb,0x07,0xff,0x60,0x00,0x00,0x00,0xbf,0xe0,0x7f,0xf3,
0x00,0x00,0x00,0x07,0xff,0x27,0xff,0x20,0x00,0x00,0x00,0x6f,0xf3,0x7f,0xf2,0x00,0x00,0x00,0x06,0xff,
0x37,0xff,0x30,0x00,0x00,0x00,0x7f,0xf2,0x7f,0xf6,0x00,0x00,0x00,0x0b,0xfe,0x07,0xff,0xc0,0x00,0x00,
0x01,0xff,0xb0,0x7f,0xff,0x60,0x00,0x00,0xbf,0xf4,0x07,0xff,0xcf,0x94,0x35,0xcf,0xfa,0x00,0x7f,0xf3,
0xdf,0xff,0xff,0xfb,0x10,0x07,0xff,0x11,0x7c,0xee,0xc6,0x00,0x00,0x00,0x00,0x39,0xce,0xed,0xb6,0x10,
0x00,0x9f,0xff,0xff,0xff,0xfa,0x00,0xaf,0xfd,0x74,0x34,0x7c,0xa0,0x6f,0xfb,0x10,0x00,0x00,0x02,0x0d,
0xfe,0x10,0x00,0x00,0x00,0x02,0xff,0x90,0x00,0x00,0x00,0x00,0x5f,0xf5,0x00,0x00,0x00,0x00,0x06,0xff,
0x40,0x00,0x00,0x00,0x00,0x6f,0xf3,0x00,0x00,0x00,0x00,0x05,0xff,0x50,0x00,0x00,0x00,0x00,0x2f,0xf9,
0x00,0x00,0x00,0x00,0x00,0xdf,0xe1,0x00,0x00,0x00,0x00,0x06,0xff,0xb1,0x00,0x00,0x00,0x20,0x0a,0xff,
0xd7,0x43,0x47,0xca,0x00,0x09,0xff,0xff,0xff,0xff,0xa0,0x00,0x03,0x9d,0xee,0xdb,0x61,0x00,0x00,0x00,
0x00,0x00,0x04,0xff,0x40,0x00,0x00,0x00,0x00,0x00,0x4f,0xf4,0x00,0x00,0x00,0x00,0x00,0x04,0xff,0x40,
0x00,0x00,0x00,0x00,0x00,0x4f,0xf4,0x00,0x00,0x00,0x00,0x00,0x04,0xff,0x40,0x00,0x00,0x00,0x00,0x00,
0x4f,0xf4,0x00,0x01,0x8c,0xee,0xb6,0x04,0xff,0x40,0x02,0xdf,0xff,0xff,0xfa,0x4f,0xf4,0x01,0xdf,0xfa,
0x43,0x5b,0xfc,0xff,0x40,0x7f,0xf7,0x00,0x00,0x0a,0xff,0xf4,0x0e,0xfc,0x00,0x00,0x00,0x1e,0xff,0x43,
0xff,0x70,0x00,0x00,0x00,0x9f,0xf4,0x5f,0xf4,0x00,0x00,0x00,0x06,0xff,0x46,0xff,0x20,0x00,0x00,0x00,
0x5f,0xf4,0x6f,0xf2,0x00,0x00,0x00,0x05,0xff,0x45,0xff,0x40,0x00,0x00,0x00,0x6f,0xf4,0x3f,0xf7,0x00,
0x00,0x00,0x09,0xff,0x40,0xef,0xc0,0x00,0x00,0x01,0xef,0xf4,0x08,0xff,0x70,0x00,0x00,0xaf,0xff,0x40,
0x1d,0xff,0xa4,0x35,0xbf,0xcf,0xf4,0x00,0x2d,0xff,0xff,0xff,0xa4,0xff,0x40,0x00,0x18,0xdf,0xec,0x60,
0x4f,0xf4,0x00,0x00,0x39,0xde,0xed,0x93,0x00,0x00,0x00,0x9f,0xff,0xff,0xff,0xf8,0x00,0x00,0xaf,0xfc,
0x64,0x36,0xcf,0xf7,0x00,0x5f,0xf6,0x00,0x00,0x00,0xaf,0xe1,0x0c,0xfa,0x00,0x00,0x00,0x01,0xff,0x62,
0xff,0x50,0x00,0x00,0x00,0x0d,0xf9,0x5f,0xff,0xff,0xff,0xff,0xff,0xff,0xb6,0xff,0xff,0xff,0xff,0xff,
0xff,0xfb,0x6f,0xf3,0x00,0x00,0x00,0x00,0x00,0x05,0xff,0x60,0x00,0x00,0x00,0x00,0x00,0x2f,0xfa,0x00,
0x00,0x00,0x00,0x00,0x00,0xdf,0xf2,0x00,0x00,0x00,0x00,0x00,0x05,0xff,0xd2,0x00,0x00,0x00,0x06,0x20,
0x09,0xff,0xe8,0x43,0x35,0x9e,0xf2,0x00,0x08,0xff,0xff,0xff,0xff,0xff,0x20,0x00,0x02,0x8c,0xef,0xed,
0xa6,0x10,0x00,0x00,0x29,0xdf,0xff,0x60,0x00,0x1d,0xff,0xff,0xf6,0x00,0x08,0xff,0x73,0x22,0x10,0x00,
0xcf,0xb0,0x00,0x00,0x00,0x0e,0xf9,0x00,0x00,0x00,0x00,0xef,0x90,0x00,0x00,0x5f,0xff,0xff,0xff,0xfb,
0x05,0xff,0xff,0xff,0xff,0xb0,0x00,0x0e,0xf9,0x00,0x00,0x00,0x00,0xef,0x90,0x00,0x00,0x00,0x0e,0xf9,
0x00,0x00,0x00,0x00,0xef,0x90,0x00,0x00,0x00,0x0e,0xf9,0x00,0x00,0x00,0x00,0xef,0x90,0x00,0x00,0x00,
0x0e,0xf9,0x00,0x00,0x00,0x00,0xef,0x90,0x00,0x00,0x00,0x0e,0xf9,0x00,0x00,0x00,0x00,0xef,0x90,0x00,
0x00,0x00,0x0e,0xf9,0x00,0x00,0x00,0x00,0xef,0x90,0x00,0x00,0x00,0x0e,0xf9,0x00,0x00,0x00,0x00,0xef,
0x90,0x00,0x00,0x00,0x01,0x8d,0xee,0xb6,0x04,0xff,0x40,0x02,0xdf,0xff,0xff,0xfa,0x4f,0xf4,0x01,0xdf,
0xfa,0x43,0x5b,0xfc,0xff,0x40,0x8f,0xf7,0x00,0x00,0x09,0xff,0xf4,0x0e,0xfc,0x00,0x00,0x00,0x1e,0xff,
0x43,0xff,0x70,0x00,0x00,0x00,0x9f,0xf4,0x5f,0xf4,0x00,0x00,0x00,0x06,0xff,0x46,0xff,0x20,0x00,0x00,
0x00,0x5f,0xf4,0x6f,0xf2,0x00,0x00,0x00,0x05,0xff,0x45,0xff,0x40,0x00,0x00,0x00,0x6f,0xf4,0x3f,0xf7,
0x00,0x00,0x00,0x09,0xff,0x40,0xef,0xc0,0x00,0x00,0x01,0xef,0xf4,0x08,0xff,0x70,0x00,0x00,0x9f,0xff,
0x40,0x1d,0xff,0x94,0x24,0xbf,0xcf,0xf3,0x00,0x2d,0xff,0xff,0xff,0xb5,0xff,0x30,0x00,0x18,0xdf,0xec,
0x60,0x5f,0xf2,0x00,0x00,0x00,0x00,0x00,0x08,0xff,0x00,0x00,0x00,0x00,0x00,0x00,0xdf,0xc0,0x00,0x20,
0x00,0x00,0x00,0x8f,0xf6,0x00,0x09,0xc7,0x32,0x25,0xbf,0xfc,0x00,0x00,0x9f,0xff,0xff,0xff,0xfc,0x20,
0x00,0x02,0x7b,0xde,0xfe,0xb6,0x00,0x00,0x7f,0xf1,0x00,0x00,0x00,0x00,0x00,0x7f,0xf1,0x00,0x00,0x00,
0x00,0x00,0x7f,0xf1,0x00,0x00,0x00,0x00,0x00,0x7f,0xf1,0x00,0x00,0x00,0x00,0x00,0x7f,0xf1,0x00,0x00,
0x00,0x00,0x00,0x7f,0xf1,0x00,0x00,0x00,0x00,0x00,0x7f,0xf1,0x06,0xce,0xec,0x70,0x00,0x7f,0xf2,0xbf,
0xff,0xff,0xfc,0x10,0x7f,0xfb,0xfa,0x54,0x6d,0xff,0x80,0x7f,0xff,0x50,0x00,0x01,0xdf,0xe0,0x7f,0xfa,
0x00,0x00,0x00,0x7f,0xf3,0x7f,0xf4,0x00,0x00,0x00,0x3f,0xf5,0x7f,0xf2,0x00,0x00,0x00,0x2f,0xf5,0x7f,
0xf1,0x00,0x00,0x00,0x2f,0xf6,0x7f,0xf1,0x00,0x00,0x00,0x2f,0xf6,0x7f,0xf1,0x00,0x00,0x00,0x2f,0xf6,
0x7f,0xf1,0x00,0x00,0x00,0x2f,0xf6,0x7f,0xf1,0x00,0x00,0x00,0x2f,0xf6,0x7f,0xf1,0x00,0x00,0x00,0x2f,
0xf6,0x7f,0xf1,0x00,0x00,0x00,0x2f,0xf6,0x7f,0xf1,0x00,0x00,0x00,0x2f,0xf6,0x7f,0xf1,0x00,0x00,0x00,
0x2f,0xf6,0x5f,0xf2,0x5f,0xf2,0x5f,0xf2,0x14,0x41,0x00,0x00,0x00,0x00,0x5f,0xf2,0x5f,0xf2,0x5f,0xf2,
0x5f,0xf2,0x5f,0xf2,0x5f,0xf2,0x5f,0xf2,0x5f,0xf2,0x5f,0xf2,0x5f,0xf2,0x5f,0xf2,0x5f,0xf2,0x5f,0xf2,
0x5f,0xf2,0x5f,0xf2,0x5f,0xf2,0x00,0x05,0xff,0x20,0x00,0x5f,0xf2,0x00,0x05,0xff,0x20,0x00,0x14,0x41,
0x00,0x00,0x00,0x00,0x00,0x00,0x00,0x00,0x05,0xff,0x20,0x00,0x5f,0xf2,0x00,0x05,0xff,0x20,0x00,0x5f,
0xf2,0x00,0x05,0xff,0x20,0x00,0x5f,0xf2,0x00,0x05,0xff,0x20,0x00,0x5f,0xf2,0x00,0x05,0xff,0x20,0x00,
0x5f,0xf2,0x00,0x05,0xff,0x20,0x00,0x5f,0xf2,0x00,0x05,0xff,0x20,0x00,0x5f,0xf2,0x00,0x05,0xff,0x20,
0x00,0x5f,0xf2,0x00,0x06,0xff,0x20,0x00,0x6f,0xf1,0x00,0x09,0xfe,0x01,0x37,0xff,0xa0,0x8f,0xff,0xe2,
0x08,0xfe,0xa2,0x00,0x7f,0xf1,0x00,0x00,0x00,0x00,0x00,0x07,0xff,0x10,0x00,0x00,0x00,0x00,0x00,0x7f,
0xf1,0x00,0x00,0x00,0x00,0x00,0x07,0xff,0x10,0x00,0x00,0x00,0x00,0x00,0x7f,0xf1,0x00,0x00,0x00,0x00,
0x00,0x07,0xff,0x10,0x00,0x00,0x00,0x00,0x00,0x7f,0xf1,0x00,0x00,0x02,0xdf,0xe4,0x07,0xff,0x10,0x00,
0x02,0xdf,0xe3,0x00,0x7f,0xf1,0x00,0x03,0xef,0xe3,0x00,0x07,0xff,0x10,0x04,0xef,0xd2,0x00,0x00,0x7f,
0xf1,0x05,0xff,0xc1,0x00,0x00,0x07,0xff,0x16,0xff,0xb1,0x00,0x00,0x00,0x7f,0xf8,0xff,0xb1,0x00,0x00,
0x00,0x07,0xff,0xff,0xd0,0x00,0x00,0x00,0x00,0x7f,0xfa,0xff,0xa0,0x00,0x00,0x00,0x07,0xff,0x19,0xff,
0xa0,0x00,0x00,0x00,0x7f,0xf1,0x09,0xff,0xa0,0x00,0x00,0x07,0xff,0x10,0x09,0xff,0xa0,0x00,0x00,0x7f,
0xf1,0x00,0x09,0xff,0xa0,0x00,0x07,0xff,0x10,0x00,0x09,0xff,0xa0,0x00,0x7f,0xf1,0x00,0x00,0x09,0xff,
0xa0,0x07,0xff,0x10,0x00,0x00,0x09,0xff,0x90,0x5f,0xf2,0x5f,0xf2,0x5f,0xf2,0x5f,0xf2,0x5f,0xf2,0x5f,
0xf2,0x5f,0xf2,0x5f,0xf2,0x5f,0xf2,0x5f,0xf2,0x5f,0xf2,0x5f,0xf2,0x5f,0xf2,0x5f,0xf2,0x5f,0xf2,0x5f,
0xf2,0x5f,0xf2,0x5f,0xf2,0x5f,0xf2,0x5f,0xf2,0x5f,0xf2,0x5f,0xf2,0x7f,0xf1,0x07,0xce,0xeb,0x40,0x00,
0x17,0xce,0xeb,0x40,0x07,0xff,0x2c,0xff,0xff,0xff,0x60,0x2d,0xff,0xff,0xff,0x60,0x7f,0xfb,0xf9,0x54,
0x7e,0xff,0x2c,0xf9,0x54,0x8e,0xfe,0x17,0xff,0xf5,0x00,0x00,0x4f,0xfe,0xf4,0x00,0x00,0x5f,0xf7,0x7f,
0xfa,0x00,0x00,0x00,0xcf,0xf8,0x00,0x00,0x00,0xdf,0xa7,0xff,0x40,0x00,0x00,0x09,0xff,0x30,0x00,0x00,
0x0b,0xfc,0x7f,0xf2,0x00,0x00,0x00,0x8f,0xf0,0x00,0x00,0x00,0xaf,0xd7,0xff,0x10,0x00,0x00,0x08,0xff,
0x00,0x00,0x00,0x09,0xfd,0x7f,0xf1,0x00,0x00,0x00,0x8f,0xf0,0x00,0x00,0x00,0x9f,0xd7,0xff,0x10,0x00,
0x00,0x08,0xff,0x00,0x00,0x00,0x09,0xfd,0x7f,0xf1,0x00,0x00,0x00,0x8f,0xf0,0x00,0x00,0x00,0x9f,0xd7,
0xff,0x10,0x00,0x00,0x08,0xff,0x00,0x00,0x00,0x09,0xfd,0x7f,0xf1,0x00,0x00,0x00,0x8f,0xf0,0x00,0x00,
0x00,0x9f,0xd7,0xff,0x10,0x00,0x00,0x08,0xff,0x00,0x00,0x00,0x09,0xfd,0x7f,0xf1,0x00,0x00,0x00,0x8f,
0xf0,0x00,0x00,0x00,0x9f,0xd7,0xff,0x10,0x00,0x00,0x08,0xff,0x00,0x00,0x00,0x09,0xfd,0x7f,0xf1,0x06,
0xce,0xec,0x70,0x00,0x7f,0xf2,0xbf,0xff,0xff,0xfc,0x10,0x7f,0xfb,0xfa,0x54,0x6d,0xff,0x80,0x7f,0xff,
0x50,0x00,0x01,0xdf,0xe0,0x7f,0xfa,0x00,0x00,0x00,0x7f,0xf3,0x7f,0xf4,0x00,0x00,0x00,0x3f,0xf5,0x7f,
0xf2,0x00,0x00,0x00,0x2f,0xf5,0x7f,0xf1,0x00,0x00,0x00,0x2f,0xf6,0x7f,0xf1,0x00,0x00,0x00,0x2f,0xf6,
0x7f,0xf1,0x00,0x00,0x00,0x2f,0xf6,0x7f,0xf1,0x00,0x00,0x00,0x2f,0xf6,0x7f,0xf1,0x00,0x00,0x00,0x2f,
0xf6,0x7f,0xf1,0x00,0x00,0x00,0x2f,0xf6,0x7f,0xf1,0x00,0x00,0x00,0x2f,0xf6,0x7f,0xf1,0x00,0x00,0x00,
0x2f,0xf6,0x7f,0xf1,0x00,0x00,0x00,0x2f,0xf6,0x00,0x00,0x6b,0xef,0xeb,0x70,0x00,0x00,0x01,0xcf,0xff,
0xff,0xff,0xd2,0x00,0x00,0xcf,0xfb,0x53,0x5a,0xff,0xe1,0x00,0x7f,0xf9,0x00,0x00,0x08,0xff,0x90,0x0e,
0xfd,0x10,0x00,0x00,0x0c,0xff,0x13,0xff,0x80,0x00,0x00,0x00,0x6f,0xf5,0x5f,0xf5,0x00,0x00,0x00,0x03,
0xff,0x76,0xff,0x30,0x00,0x00,0x00,0x1f,0xf8,0x6f,0xf3,0x00,0x00,0x00,0x01,0xff,0x85,0xff,0x50,0x00,
0x00,0x00,0x3f,0xf7,0x3f,0xf8,0x00,0x00,0x00,0x06,0xff,0x50,0xef,0xd0,0x00,0x00,0x00,0xcf,0xf1,0x07,
0xff,0x90,0x00,0x00,0x7f,0xf9,0x00,0x0c,0xff,0xb5,0x34,0xaf,0xfe,0x10,0x00,0x1c,0xff,0xff,0xff,0xfd,
0x20,0x00,0x00,0x06,0xbe,0xfe,0xb7,0x00,0x00,0x7f,0xf1,0x17,0xce,0xec,0x60,0x00,0x07,0xff,0x3d,0xff,
0xff,0xff,0xb1,0x00,0x7f,0xfc,0xf9,0x43,0x5c,0xff,0xa0,0x07,0xff,0xf6,0x00,0x00,0x0b,0xff,0x40,0x7f,
0xfc,0x00,0x00,0x00,0x2f,0xfb,0x07,0xff,0x60,0x00,0x00,0x00,0xbf,0xe0,0x7f,0xf3,0x00,0x00,0x00,0x07,
0xff,0x27,0xff,0x20,0x00,0x00,0x00,0x6f,0xf3,0x7f,0xf2,0x00,0x00,0x00,0x06,0xff,0x37,0xff,0x30,0x00,
0x00,0x00,0x7f,0xf2,0x7f,0xf6,0x00,0x00,0x00,0x0b,0xfe,0x07,0xff,0xc0,0x00,0x00,0x01,0xff,0xb0,0x7f,
0xff,0x60,0x00,0x00,0xbf,0xf4,0x07,0xff,0xcf,0x94,0x35,0xcf,0xfa,0x00,0x7f,0xf3,0xdf,0xff,0xff,0xfb,
0x10,0x07,0xff,0x11,0x7c,0xee,0xc6,0x00,0x00,0x7f,0xf1,0x00,0x00,0x00,0x00,0x00,0x07,0xff,0x10,0x00,
0x00,0x00,0x00,0x00,0x7f,0xf1,0x00,0x00,0x00,0x00,0x00,0x07,0xff,0x10,0x00,0x00,0x00,0x00,0x00,0x7f,
0xf1,0x00,0x00,0x00,0x00,0x00,0x07,0xff,0x10,0x00,0x00,0x00,0x00,0x00,0x00,0x01,0x8c,0xee,0xb6,0x04,
0xff,0x40,0x02,0xdf,0xff,0xff,0xfa,0x4f,0xf4,0x01,0xdf,0xfa,0x43,0x5b,0xfc,0xff,0x40,0x7f,0xf7,0x00,
0x00,0x0a,0xff,0xf4,0x0e,0xfc,0x00,0x00,0x00,0x1e,0xff,0x43,0xff,0x70,0x00,0x00,0x00,0x9f,0xf4,0x5f,
0xf4,0x00,0x00,0x00,0x06,0xff,0x46,0xff,0x20,0x00,0x00,0x00,0x5f,0xf4,0x6f,0xf2,0x00,0x00,0x00,0x05,
0xff,0x45,0xff,0x40,0x00,0x00,0x00,0x6f,0xf4,0x3f,0xf7,0x00,0x00,0x00,0x09,0xff,0x40,0xef,0xc0,0x00,
0x00,0x01,0xef,0xf4,0x08,0xff,0x70,0x00,0x00,0xaf,0xff,0x40,0x1d,0xff,0xa4,0x35,0xbf,0xcf,0xf4,0x00,
0x2d,0xff,0xff,0xff,0xa4,0xff,0x40,0x00,0x18,0xdf,0xec,0x60,0x4f,0xf4,0x00,0x00,0x00,0x00,0x00,0x04,
0xff,0x40,0x00,0x00,0x00,0x00,0x00,0x4f,0xf4,0x00,0x00,0x00,0x00,0x00,0x04,0xff,0x40,0x00,0x00,0x00,
0x00,0x00,0x4f,0xf4,0x00,0x00,0x00,0x00,0x00,0x04,0xff,0x40,0x00,0x00,0x00,0x00,0x00,0x4f,0xf4,0x7f,
0xf1,0x06,0xce,0xf8,0x7f,0xf2,0xcf,0xff,0xf8,0x7f,0xfb,0xfb,0x65,0x75,0x7f,0xff,0x70,0x00,0x00,0x7f,
0xfb,0x00,0x00,0x00,0x7f,0xf5,0x00,0x00,0x00,0x7f,0xf3,0x00,0x00,0x00,0x7f,0xf1,0x00,0x00,0x00,0x7f,
0xf1,0x00,0x00,0x00,0x7f,0xf1,0x00,0x00,0x00,0x7f,0xf1,0x00,0x00,0x00,0x7f,0xf1,0x00,0x00,0x00,0x7f,
0xf1,0x00,0x00,0x00,0x7f,0xf1,0x00,0x00,0x00,0x7f,0xf1,0x00,0x00,0x00,0x7f,0xf1,0x00,0x00,0x00,0x00,
0x18,0xce,0xfe,0xca,0x61,0x00,0x3e,0xff,0xff,0xff,0xff,0x60,0x0d,0xff,0x84,0x33,0x58,0xd6,0x04,0xff,
0x50,0x00,0x00,0x00,0x10,0x5f,0xf2,0x00,0x00,0x00,0x00,0x04,0xff,0x80,0x00,0x00,0x00,0x00,0x0d,0xff,
0xc8,0x41,0x00,0x00,0x00,0x2c,0xff,0xff,0xfb,0x60,0x00,0x00,0x04,0x9d,0xff,0xff,0xd2,0x00,0x00,0x00,
0x01,0x5b,0xff,0xc0,0x00,0x00,0x00,0x00,0x0a,0xff,0x20,0x00,0x00,0x00,0x00,0x6f,0xf3,0x32,0x00,0x00,
0x00,0x0a,0xff,0x17,0xfb,0x74,0x33,0x5b,0xff,0xa0,0x7f,0xff,0xff,0xff,0xff,0xb1,0x01,0x48,0xcd,0xff,
0xda,0x50,0x00,0x00,0x6f,0xf2,0x00,0x00,0x00,0x06,0xff,0x20,0x00,0x00,0x00,0x6f,0xf2,0x00,0x00,0x00,
0x06,0xff,0x20,0x00,0x00,0x4f,0xff,0xff,0xff,0xff,0x54,0xff,0xff,0xff,0xff,0xf5,0x00,0x6f,0xf2,0x00,
0x00,0x00,0x06,0xff,0x20,0x00,0x00,0x00,0x6f,0xf2,0x00,0x00,0x00,0x06,0xff,0x20,0x00,0x00,0x00,0x6f,
0xf2,0x00,0x00,0x00,0x06,0xff,0x20,0x00,0x00,0x00,0x6f,0xf2,0x00,0x00,0x00,0x06,0xff,0x20,0x00,0x00,
0x00,0x6f,0xf2,0x00,0x00,0x00,0x06,0xff,0x20,0x00,0x00,0x00,0x4f,0xf4,0x00,0x00,0x00,0x01,0xff,0xc4,
0x22,0x21,0x00,0x08,0xff,0xff,0xff,0x50,0x00,0x06,0xbe,0xff,0xf5,0x9f,0xd0,0x00,0x00,0x00,0x5f,0xf3,
0x9f,0xd0,0x00,0x00,0x00,0x5f,0xf3,0x9f,0xd0,0x00,0x00,0x00,0x5f,0xf3,0x9f,0xd0,0x00,0x00,0x00,0x5f,
0xf3,0x9f,0xd0,0x00,0x00,0x00,0x5f,0xf3,0x9f,0xd0,0x00,0x00,0x00,0x5f,0xf3,0x9f,0xd0,0x00,0x00,0x00,
0x5f,0xf3,0x9f,0xd0,0x00,0x00,0x00,0x5f,0xf3,0x9f,0xd0,0x00,0x00,0x00,0x5f,0xf3,0x9f,0xe0,0x00,0x00,
0x00,0x5f,0xf3,0x9f,0xe0,0x00,0x00,0x00,0x8f,0xf3,0x7f,0xf3,0x00,0x00,0x00,0xdf,0xf3,0x3f,0xfa,0x00,
0x00,0x09,0xff,0xf3,0x0c,0xff,0xb5,0x46,0xcf,0xbf,0xf3,0x02,0xef,0xff,0xff,0xf9,0x5f,0xf3,0x00,0x29,
0xdf,0xeb,0x50,0x5f,0xf3,0x1e,0xfa,0x00,0x00,0x00,0x00,0x2f,0xf8,0x0a,0xff,0x10,0x00,0x00,0x00,0x7f,
0xf3,0x04,0xff,0x60,0x00,0x00,0x00,0xcf,0xd0,0x00,0xef,0xb0,0x00,0x00,0x03,0xff,0x70,0x00,0x8f,0xf2,
0x00,0x00,0x08,0xff,0x20,0x00,0x3f,0xf7,0x00,0x00,0x0d,0xfb,0x00,0x00,0x0d,0xfc,0x00,0x00,0x4f,0xf6,
0x00,0x00,0x07,0xff,0x30,0x00,0x9f,0xf1,0x00,0x00,0x02,0xff,0x80,0x00,0xef,0xa0,0x00,0x00,0x00,0xbf,
0xd0,0x05,0xff,0x50,0x00,0x00,0x00,0x6f,0xf4,0x0a,0xfe,0x00,0x00,0x00,0x00,0x1f,0xf9,0x1f,0xf9,0x00,
0x00,0x00,0x00,0x0a,0xfe,0x6f,0xf4,0x00,0x00,0x00,0x00,0x05,0xff,0xef,0xd0,0x00,0x00,0x00,0x00,0x00,
0xef,0xff,0x80,0x00,0x00,0x00,0x00,0x00,0x9f,0xff,0x30,0x00,0x00,0xbf,0xc0,0x00,0x00,0x2f,0xff,0x10,
0x00,0x00,0xef,0x97,0xff,0x10,0x00,0x06,0xff,0xf5,0x00,0x00,0x3f,0xf5,0x3f,0xf5,0x00,0x00,0xaf,0xff,
0x80,0x00,0x06,0xff,0x10,0xef,0x90,0x00,0x0e,0xfa,0xfc,0x00,0x00,0xaf,0xd0,0x0b,0xfc,0x00,0x02,0xff,
0x3f,0xf1,0x00,0x0e,0xf9,0x00,0x7f,0xf1,0x00,0x6f,0xc0,0xdf,0x50,0x03,0xff,0x50,0x03,0xff,0x50,0x0a,
0xf8,0x0a,0xf9,0x00,0x6f,0xf1,0x00,0x0e,0xf9,0x00,0xef,0x40,0x6f,0xc0,0x0a,0xfd,0x00,0x00,0xaf,0xd0,
0x2f,0xf1,0x02,0xff,0x10,0xef,0x90,0x00,0x07,0xff,0x16,0xfc,0x00,0x0d,0xf5,0x3f,0xf5,0x00,0x00,0x3f,
0xf5,0xaf,0x80,0x00,0xaf,0x96,0xff,0x10,0x00,0x00,0xef,0x9e,0xf4,0x00,0x06,0xfc,0xaf,0xd0,0x00,0x00,
0x0a,0xfe,0xff,0x10,0x00,0x2f,0xfe,0xf9,0x00,0x00,0x00,0x7f,0xff,0xc0,0x00,0x00,0xdf,0xff,0x50,0x00,
0x00,0x03,0xff,0xf8,0x00,0x00,0x09,0xff,0xf1,0x00,0x00,0x00,0x0e,0xff,0x40,0x00,0x00,0x6f,0xfd,0x00,
0x00,0x05,0xff,0xa0,0x00,0x00,0x01,0xdf,0xe1,0x00,0x9f,0xf5,0x00,0x00,0x0a,0xff,0x50,0x00,0x1d,0xfe,
0x20,0x00,0x6f,0xf9,0x00,0x00,0x03,0xff,0xb0,0x02,0xef,0xd1,0x00,0x00,0x00,0x7f,0xf7,0x0c,0xff,0x30,
0x00,0x00,0x00,0x0b,0xff,0xaf,0xf7,0x00,0x00,0x00,0x00,0x02,0xef,0xff,0xb0,0x00,0x00,0x00,0x00,0x00,
0x7f,0xfe,0x20,0x00,0x00,0x00,0x00,0x01,0xdf,0xff,0x50,0x00,0x00,0x00,0x00,0x09,0xff,0xef,0xe2,0x00,
0x00,0x00,0x00,0x4f,0xfa,0x3f,0xfb,0x00,0x00,0x00,0x01,0xef,0xd1,0x08,0xff,0x70,0x00,0x00,0x0b,0xff,
0x40,0x00,0xcf,0xf3,0x00,0x00,0x6f,0xf8,0x00,0x00,0x2e,0xfd,0x10,0x02,0xef,0xc0,0x00,0x00,0x06,0xff,
0x90,0x0c,0xff,0x30,0x00,0x00,0x00,0xaf,0xf5,0x1e,0xfa,0x00,0x00,0x00,0x00,0x2f,0xf8,0x09,0xff,0x10,
0x00,0x00,0x00,0x8f,0xf2,0x03,0xff,0x70,0x00,0x00,0x00,0xdf,0xc0,0x00,0xcf,0xd0,0x00,0x00,0x04,0xff,
0x60,0x00,0x6f,0xf3,0x00,0x00,0x0a,0xfe,0x10,0x00,0x1e,0xf9,0x00,0x00,0x1f,0xf9,0x00,0x00,0x09,0xfe,
0x10,0x00,0x6f,0xf3,0x00,0x00,0x03,0xff,0x60,0x00,0xcf,0xd0,0x00,0x00,0x00,0xcf,0xb0,0x03,0xff,0x70,
0x00,0x00,0x00,0x6f,0xf2,0x09,0xff,0x10,0x00,0x00,0x00,0x1e,0xf8,0x0e,0xfa,0x00,0x00,0x00,0x00,0x0a,
0xfd,0x5f,0xf4,0x00,0x00,0x00,0x00,0x04,0xff,0xef,0xd0,0x00,0x00,0x00,0x00,0x00,0xdf,0xff,0x80,0x00,
0x00,0x00,0x00,0x00,0x7f,0xff,0x20,0x00,0x00,0x00,0x00,0x00,0x1f,0xfb,0x00,0x00,0x00,0x00,0x00,0x00,
0x4f,0xf6,0x00,0x00,0x00,0x00,0x00,0x00,0xaf,0xe1,0x00,0x00,0x00,0x00,0x00,0x02,0xff,0x90,0x00,0x00,
0x00,0x00,0x22,0x4c,0xff,0x20,0x00,0x00,0x00,0x00,0xcf,0xff,0xf7,0x00,0x00,0x00,0x00,0x00,0xcf,0xec,
0x60,0x00,0x00,0x00,0x00,0x7f,0xff,0xff,0xff,0xff,0xff,0x87,0xff,0xff,0xff,0xff,0xff,0xf8,0x01,0x11,
0x11,0x11,0x1b,0xff,0x50,0x00,0x00,0x00,0x08,0xff,0x90,0x00,0x00,0x00,0x05,0xff,0xb0,0x00,0x00,0x00,
0x03,0xef,0xd1,0x00,0x00,0x00,0x01,0xdf,0xe3,0x00,0x00,0x00,0x00,0xbf,0xf5,0x00,0x00,0x00,0x00,0x9f,
0xf7,0x00,0x00,0x00,0x00,0x6f,0xfa,0x00,0x00,0x00,0x00,0x4f,0xfc,0x10,0x00,0x00,0x00,0x2e,0xfe,0x20,
0x00,0x00,0x00,0x1c,0xff,0x40,0x00,0x00,0x00,0x09,0xff,0x71,0x11,0x11,0x11,0x10,0xcf,0xff,0xff,0xff,
0xff,0xff,0x8c,0xff,0xff,0xff,0xff,0xff,0xf8,0x00,0x00,0x00,0x5a,0xde,0xf5,0x00,0x00,0x07,0xff,0xff,
0xf5,0x00,0x00,0x0e,0xfd,0x41,0x00,0x00,0x00,0x2f,0xf7,0x00,0x00,0x00,0x00,0x3f,0xf5,0x00,0x00,0x00,
0x00,0x4f,0xf4,0x00,0x00,0x00,0x00,0x4f,0xf4,0x00,0x00,0x00,0x00,0x4f,0xf4,0x00,0x00,0x00,0x00,0x4f,
0xf4,0x00,0x00,0x00,0x00,0x5f,0xf3,0x00,0x00,0x00,0x00,0x9f,0xf1,0x00,0x00,0x00,0x16,0xff,0xb0,0x00,
0x00,0x7f,0xff,0xe9,0x10,0x00,0x00,0x8f,0xff,0xe9,0x10,0x00,0x00,0x00,0x27,0xff,0xa0,0x00,0x00,0x00,
0x00,0x9f,0xf1,0x00,0x00,0x00,0x00,0x5f,0xf3,0x00,0x00,0x00,0x00,0x4f,0xf4,0x00,0x00,0x00,0x00,0x4f,
0xf4,0x00,0x00,0x00,0x00,0x4f,0xf4,0x00,0x00,0x00,0x00,0x4f,0xf4,0x00,0x00,0x00,0x00,0x3f,0xf5,0x00,
0x00,0x00,0x00,0x2f,0xf7,0x00,0x00,0x00,0x00,0x0e,0xfd,0x41,0x00,0x00,0x00,0x07,0xff,0xff,0xf5,0x00,
0x00,0x00,0x5a,0xde,0xf5,0x7f,0xd7,0xfd,0x7f,0xd7,0xfd,0x7f,0xd7,0xfd,0x7f,0xd7,0xfd,0x7f,0xd7,0xfd,
0x7f,0xd7,0xfd,0x7f,0xd7,0xfd,0x7f,0xd7,0xfd,0x7f,0xd7,0xfd,0x7f,0xd7,0xfd,0x7f,0xd7,0xfd,0x7f,0xd7,
0xfd,0x7f,0xd7,0xfd,0x7f,0xd7,0xfd,0x38,0x70,0x8f,0xed,0xa3,0x00,0x00,0x00,0x8f,0xff,0xff,0x40,0x00,
0x00,0x00,0x15,0xff,0xb0,0x00,0x00,0x00,0x00,0xaf,0xe0,0x00,0x00,0x00,0x00,0x8f,0xf0,0x00,0x00,0x00,
0x00,0x7f,0xf1,0x00,0x00,0x00,0x00,0x7f,0xf1,0x00,0x00,0x00,0x00,0x7f,0xf1,0x00,0x00,0x00,0x00,0x7f,
0xf1,0x00,0x00,0x00,0x00,0x6f,0xf2,0x00,0x00,0x00,0x00,0x4f,0xf6,0x00,0x00,0x00,0x00,0x1d,0xfe,0x51,
0x00,0x00,0x00,0x02,0xbf,0xff,0xf5,0x00,0x00,0x02,0xaf,0xff,0xf5,0x00,0x00,0x0d,0xfe,0x51,0x00,0x00,
0x00,0x4f,0xf6,0x00,0x00,0x00,0x00,0x6f,0xf2,0x00,0x00,0x00,0x00,0x7f,0xf1,0x00,0x00,0x00,0x00,0x7f,
0xf1,0x00,0x00,0x00,0x00,0x7f,0xf1,0x00,0x00,0x00,0x00,0x7f,0xf1,0x00,0x00,0x00,0x00,0x8f,0xf0,0x00,
0x00,0x00,0x00,0xaf,0xe0,0x00,0x00,0x00,0x15,0xef,0xb0,0x00,0x00,0x8f,0xff,0xff,0x40,0x00,0x00,0x8f,
0xed,0xa4,0x00,0x00,0x00,0x00,0x00,0x14,0x42,0x00,0x00,0x00,0x00,0x01,0x30,0x03,0xbf,0xff,0xfd,0x72,
0x00,0x00,0x03,0xc8,0x08,0xff,0xff,0xff,0xff,0xfb,0x75,0x6a,0xff,0x70,0xff,0x93,0x12,0x4a,0xef,0xff,
0xff,0xff,0x91,0x0d,0x30,0x00,0x00,0x01,0x6b,0xdf,0xd9,0x30,0x00,0x10,0x00,0x00,0x00,0x00,0x00,0x00,
0x00,0x00,0xcf,0xfc,0xff,0xcf,0xf6,0x88,0x00,0x00,0x00,0x12,0x18,0xfc,0x9f,0xca,0xfd,0xbf,0xeb,0xff,
0xcf,0xfc,0xff,0xcf,0xfc,0xff,0xcf,0xfc,0xff,0xcf,0xfc,0xff,0xcf,0xf0,0x00,0x00,0x00,0x09,0x90,0x00,
0x00,0x00,0x00,0x00,0xba,0x00,0x00,0x00,0x00,0x00,0x0b,0xa0,0x00,0x00,0x00,0x00,0x00,0xba,0x00,0x00,
0x00,0x00,0x5a,0xdf,0xfd,0xb7,0x10,0x01,0xbf,0xff,0xff,0xff,0xf7,0x01,0xdf,0xfc,0x5c,0xb3,0x7c,0x70,
0x9f,0xf9,0x00,0xba,0x00,0x01,0x1e,0xfc,0x00,0x0b,0xa0,0x00,0x05,0xff,0x60,0x00,0xba,0x00,0x00,0x8f,
0xf2,0x00,0x0b,0xa0,0x00,0x09,0xff,0x10,0x00,0xba,0x00,0x00,0x9f,0xf1,0x00,0x0b,0xa0,0x00,0x08,0xff,
0x20,0x00,0xba,0x00,0x00,0x6f,0xf5,0x00,0x0b,0xa0,0x00,0x02,0xff,0xb0,0x00,0xba,0x00,0x00,0x0a,0xff,
0x60,0x0b,0xa0,0x00,0x00,0x1e,0xff,0x93,0xba,0x15,0xa7,0x00,0x2d,0xff,0xff,0xff,0xff,0x70,0x00,0x17,
0xcf,0xff,0xfd,0x92,0x00,0x00,0x00,0x1c,0xb1,0x00,0x00,0x00,0x00,0x00,0xba,0x00,0x00,0x00,0x00,0x00,
0x0b,0xa0,0x00,0x00,0x00,0x00,0x00,0xba,0x00,0x00,0x00,0x00,0x00,0x02,0x10,0x00,0x00,0x00,0x00,0x00,
0x39,0xde,0xed,0x95,0x00,0x00,0x00,0x6f,0xff,0xff,0xff,0xf1,0x00,0x00,0x2f,0xff,0x84,0x45,0xae,0x10,
0x00,0x08,0xff,0x60,0x00,0x00,0x10,0x00,0x00,0xcf,0xe0,0x00,0x00,0x00,0x00,0x00,0x0e,0xfc,0x00,0x00,
0x00,0x00,0x00,0x00,0xff,0xb0,0x00,0x00,0x00,0x00,0x00,0x0f,0xfb,0x00,0x00,0x00,0x00,0x00,0x00,0xff,
0xb0,0x00,0x00,0x00,0x00,0x00,0x0f,0xfb,0x00,0x00,0x00,0x00,0x0b,0xff,0xff,0xff,0xff,0xff,0x10,0x00,
0xbf,0xff,0xff,0xff,0xff,0xf1,0x00,0x00,0x00,0xff,0xb0,0x00,0x00,0x00,0x00,0x00,0x0f,0xfb,0x00,0x00,
0x00,0x00,0x00,0x00,0xff,0xb0,0x00,0x00,0x00,0x00,0x00,0x0f,0xfb,0x00,0x00,0x00,0x00,0x00,0x00,0xff,
0xb0,0x00,0x00,0x00,0x00,0x00,0x0f,0xfb,0x00,0x00,0x00,0x00,0x16,0x66,0xff,0xc6,0x66,0x66,0x66,0x24,
0xff,0xff,0xff,0xff,0xff,0xff,0xf5,0x4f,0xff,0xff,0xff,0xff,0xff,0xff,0x50,0x06,0x40,0x00,0x00,0x00,
0x00,0x06,0x60,0x6f,0xe3,0x00,0x00,0x00,0x00,0x5f,0xf4,0x2d,0xfe,0x36,0xcf,0xeb,0x55,0xff,0xb1,0x02,
0xdf,0xff,0xff,0xff,0xff,0xfc,0x10,0x00,0x2f,0xfe,0x84,0x49,0xff,0xe1,0x00,0x00,0x4f,0xe3,0x00,0x00,
0x5f,0xf3,0x00,0x00,0xaf,0x80,0x00,0x00,0x0a,0xf8,0x00,0x00,0xcf,0x40,0x00,0x00,0x07,0xfa,0x00,0x00,
0xcf,0x40,0x00,0x00,0x07,0xfb,0x00,0x00,0xaf,0x80,0x00,0x00,0x0b,0xf8,0x00,0x00,0x4f,0xe3,0x00,0x00,
0x5f,0xf2,0x00,0x00,0x2f,0xfe,0x84,0x49,0xff,0xd1,0x00,0x02,0xdf,0xff,0xff,0xff,0xff,0xfc,0x10,0x2d,
0xfe,0x36,0xbe,0xeb,0x44,0xff,0xc1,0x6f,0xe3,0x00,0x00,0x00,0x00,0x5f,0xf4,0x07,0x30,0x00,0x00,0x00,
0x00,0x05,0x40,0x9f,0xe1,0x00,0x00,0x00,0x00,0x3f,0xf6,0x2f,0xf8,0x00,0x00,0x00,0x00,0xbf,0xd0,0x09,
0xfe,0x10,0x00,0x00,0x04,0xff,0x50,0x01,0xef,0x80,0x00,0x00,0x0b,0xfc,0x00,0x00,0x8f,0xf2,0x00,0x00,
0x4f,0xf5,0x00,0x00,0x1e,0xf9,0x00,0x00,0xcf,0xc0,0x00,0x00,0x07,0xff,0x20,0x05,0xff,0x40,0x00,0x00,
0x01,0xef,0xa0,0x0d,0xfb,0x00,0x00,0x2b,0xbb,0xdf,0xf3,0x6f,0xfc,0xbb,0xa0,0x2f,0xff,0xff,0xfb,0xdf,
0xff,0xff,0xe0,0x00,0x00,0x05,0xff,0xff,0x20,0x00,0x00,0x00,0x00,0x00,0xdf,0xfa,0x00,0x00,0x00,0x00,
0x00,0x00,0x7f,0xf4,0x00,0x00,0x00,0x2f,0xff,0xff,0xff,0xff,0xff,0xff,0xe0,0x2b,0xbb,0xbb,0xdf,0xfc,
0xbb,0xbb,0xa0,0x00,0x00,0x00,0x7f,0xf4,0x00,0x00,0x00,0x00,0x00,0x00,0x7f,0xf4,0x00,0x00,0x00,0x00,
0x00,0x00,0x7f,0xf4,0x00,0x00,0x00,0x00,0x00,0x00,0x7f,0xf4,0x00,0x00,0x00,0x00,0x00,0x00,0x7f,0xf4,
0x00,0x00,0x00,0x00,0x00,0x00,0x7f,0xf4,0x00,0x00,0x00,0x7f,0xd7,0xfd,0x7f,0xd7,0xfd,0x7f,0xd7,0xfd,
0x7f,0xd7,0xfd,0x7f,0xd7,0xfd,0x49,0x80,0x00,0x00,0x00,0x00,0x48,0x77,0xfd,0x7f,0xd7,0xfd,0x7f,0xd7,
0xfd,0x7f,0xd7,0xfd,0x7f,0xd7,0xfd,0x7f,0xd0,0x00,0x07,0xce,0xed,0xb6,0x10,0x01,0xcf,0xff,0xff,0xff,
0x50,0x08,0xff,0x92,0x02,0x6b,0x50,0x0c,0xfc,0x00,0x00,0x00,0x00,0x0c,0xfc,0x00,0x00,0x00,0x00,0x08,
0xff,0x70,0x00,0x00,0x00,0x01,0xdf,0xfa,0x10,0x00,0x00,0x01,0xaf,0xff,0xe6,0x00,0x00,0x0b,0xfb,0x6e,
0xff,0xc2,0x00,0x6f,0xd1,0x01,0x8f,0xfe,0x40,0xaf,0x80,0x00,0x03,0xdf,0xe2,0xaf,0xa0,0x00,0x00,0x2e,
0xf8,0x7f,0xf4,0x00,0x00,0x09,0xfa,0x1d,0xff,0x70,0x00,0x09,0xf9,0x02,0xcf,0xfc,0x30,0x3e,0xf3,0x00,
0x08,0xff,0xfa,0xef,0x70,0x00,0x00,0x2b,0xff,0xf7,0x00,0x00,0x00,0x00,0x6f,0xfe,0x20,0x00,0x00,0x00,
0x04,0xff,0x90,0x00,0x00,0x00,0x00,0xcf,0xc0,0x00,0x00,0x00,0x00,0xdf,0xb0,0x09,0x94,0x10,0x2a,0xff,
0x60,0x0a,0xff,0xff,0xff,0xfb,0x00,0x03,0x7b,0xdf,0xec,0x60,0x00,0x1c,0xc9,0x00,0x9c,0xc1,0x1f,0xfb,
0x00,0xbf,0xf1,0x1f,0xfb,0x00,0xbf,0xf1,0x00,0x00,0x00,0x00,0x00,0x11,0x00,0x00,0x00,0x00,0x00,0x00,
0x00,0x00,0x17,0xcf,0xff,0xfc,0x71,0x00,0x00,0x00,0x00,0x00,0x07,0xef,0xb7,0x55,0x7b,0xfe,0x70,0x00,
0x00,0x00,0x01,0xaf,0x91,0x00,0x00,0x00,0x19,0xfa,0x10,0x00,0x00,0x0a,0xe5,0x00,0x00,0x00,0x00,0x00,
0x5e,0xa0,0x00,0x00,0x7f,0x50,0x01,0x7c,0xef,0xdb,0x60,0x05,0xf7,0x00,0x01,0xe9,0x00,0x3e,0xff,0xba,
0xce,0xf1,0x00,0x8e,0x10,0x07,0xe1,0x02,0xef,0xa1,0x00,0x00,0x41,0x00,0x1e,0x70,0x0c,0xa0,0x09,0xfc,
0x00,0x00,0x00,0x00,0x00,0x0a,0xc0,0x0f,0x60,0x0d,0xf6,0x00,0x00,0x00,0x00,0x00,0x06,0xf0,0x1f,0x40,
0x0f,0xf3,0x00,0x00,0x00,0x00,0x00,0x05,0xf1,0x1f,0x40,0x0f,0xf3,0x00,0x00,0x00,0x00,0x00,0x05,0xf1,
0x0f,0x60,0x0d,0xf6,0x00,0x00,0x00,0x00,0x00,0x06,0xf0,0x0c,0x90,0x09,0xfc,0x00,0x00,0x00,0x00,0x00,
0x09,0xc0,0x08,0xe0,0x02,0xef,0xa1,0x00,0x00,0x41,0x00,0x1e,0x80,0x02,0xf7,0x00,0x3e,0xff,0xca,0xbe,
0xf1,0x00,0x7f,0x20,0x00,0x9f,0x30,0x01,0x7c,0xef,0xdb,0x60,0x03,0xe9,0x00,0x00,0x0c,0xe3,0x00,0x00,
0x00,0x00,0x00,0x3e,0xc0,0x00,0x00,0x01,0xce,0x60,0x00,0x00,0x00,0x06,0xec,0x10,0x00,0x00,0x00,0x19,
0xfd,0x84,0x33,0x48,0xdf,0xa1,0x00,0x00,0x00,0x00,0x00,0x3a,0xef,0xff,0xfe,0xa3,0x00,0x00,0x00,0x00,
0x00,0x00,0x00,0x02,0x44,0x20,0x00,0x00,0x00,0x00,0x03,0x8c,0xef,0xda,0x30,0x00,0x9f,0xd9,0xad,0xfe,
0x30,0x06,0x30,0x00,0x09,0xfc,0x00,0x00,0x00,0x00,0x1e,0xf1,0x00,0x00,0x00,0x00,0xcf,0x40,0x06,0xbe,
0xff,0xff,0xf4,0x0a,0xfe,0xb9,0x99,0xdf,0x44,0xfd,0x20,0x00,0x0d,0xf4,0x6f,0xa0,0x00,0x02,0xff,0x45,
0xfd,0x10,0x01,0xbf,0xf4,0x0d,0xfe,0xbb,0xed,0xdf,0x40,0x19,0xdf,0xd9,0x18,0xb3,0x00,0x00,0x00,0x00,
0x00,0x01,0xaa,0xaa,0xaa,0xaa,0xa3,0x1f,0xff,0xff,0xff,0xff,0x50,0x00,0x00,0x00,0x40,0x00,0x01,0x40,
0x00,0x01,0xb9,0x00,0x01,0xc8,0x00,0x01,0xcf,0x90,0x02,0xdf,0x70,0x02,0xdf,0xc1,0x03,0xef,0xb1,0x03,
0xef,0xb1,0x04,0xef,0xb1,0x04,0xef,0xa0,0x05,0xff,0x90,0x00,0xdf,0xb0,0x00,0xef,0xa0,0x00,0x07,0xff,
0x60,0x08,0xff,0x50,0x00,0x06,0xff,0x80,0x07,0xff,0x70,0x00,0x05,0xff,0x90,0x06,0xff,0x80,0x00,0x04,
0xef,0x70,0x05,0xff,0x60,0x00,0x03,0xe9,0x00,0x04,0xe8,0x00,0x00,0x02,0x70,0x00,0x03,0x60,0x00,0x00,
0x00,0x00,0x00,0x00,0x05,0x55,0x55,0x55,0x55,0x55,0x55,0x55,0x55,0x30,0xff,0xff,0xff,0xff,0xff,0xff,
0xff,0xff,0xf8,0x0f,0xff,0xff,0xff,0xff,0xff,0xff,0xff,0xff,0x80,0x00,0x00,0x00,0x00,0x00,0x00,0x00,
0x0c,0xf8,0x00,0x00,0x00,0x00,0x00,0x00,0x00,0x00,0xcf,0x80,0x00,0x00,0x00,0x00,0x00,0x00,0x00,0x0c,
0xf8,0x00,0x00,0x00,0x00,0x00,0x00,0x00,0x00,0xcf,0x80,0x00,0x00,0x00,0x00,0x00,0x00,0x00,0x0c,0xf8,
0x00,0x00,0x00,0x00,0x00,0x00,0x00,0x00,0x68,0x40,0x34,0x44,0x44,0x43,0x9f,0xff,0xff,0xfb,0x9f,0xff,
0xff,0xfb,0x00,0x00,0x00,0x00,0x00,0x11,0x00,0x00,0x00,0x00,0x00,0x00,0x00,0x00,0x17,0xcf,0xff,0xfc,
0x71,0x00,0x00,0x00,0x00,0x00,0x07,0xef,0xb7,0x55,0x7b,0xfe,0x70,0x00,0x00,0x00,0x01,0xaf,0x91,0x00,
0x00,0x00,0x19,0xfa,0x10,0x00,0x00,0x0a,0xe5,0x02,0x22,0x21,0x00,0x00,0x5e,0xa0,0x00,0x00,0x7f,0x50,
0x3f,0xff,0xff,0xfb,0x30,0x05,0xf7,0x00,0x01,0xe9,0x00,0x3f,0xf5,0x56,0xaf,0xe2,0x00,0x8e,0x10,0x07,
0xe1,0x00,0x3f,0xe0,0x00,0x0c,0xf7,0x00,0x1e,0x70,0x0c,0xa0,0x00,0x3f,0xe0,0x00,0x0b,0xf7,0x00,0x0a,
0xc0,0x0f,0x60,0x00,0x3f,0xe2,0x23,0x7f,0xe2,0x00,0x06,0xf0,0x1f,0x40,0x00,0x3f,0xff,0xff,0xfb,0x30,
0x00,0x05,0xf1,0x1f,0x40,0x00,0x3f,0xf4,0x6e,0xf6,0x00,0x00,0x05,0xf1,0x0f,0x60,0x00,0x3f,0xe0,0x03,
0xff,0x30,0x00,0x06,0xf0,0x0c,0x90,0x00,0x3f,0xe0,0x00,0x9f,0xc0,0x00,0x09,0xc0,0x08,0xe0,0x00,0x3f,
0xe0,0x00,0x1e,0xf6,0x00,0x1e,0x80,0x02,0xf7,0x00,0x3f,0xe0,0x00,0x06,0xfe,0x10,0x7f,0x20,0x00,0x9f,
0x30,0x17,0x60,0x00,0x00,0x67,0x33,0xe9,0x00,0x00,0x0c,0xe3,0x00,0x00,0x00,0x00,0x00,0x3e,0xc0,0x00,
0x00,0x01,0xce,0x60,0x00,0x00,0x00,0x06,0xec,0x10,0x00,0x00,0x00,0x19,0xfd,0x84,0x33,0x48,0xdf,0xa1,
0x00,0x00,0x00,0x00,0x00,0x3a,0xef,0xff,0xfe,0xa3,0x00,0x00,0x00,0x00,0x00,0x00,0x00,0x02,0x44,0x20,
0x00,0x00,0x00,0x00,0x01,0x11,0x11,0x11,0x10,0x1f,0xff,0xff,0xff,0xf1,0x1f,0xff,0xff,0xff,0xf1,0x00,
0x18,0xbb,0x71,0x00,0x02,0xdf,0xff,0xfd,0x20,0x0c,0xf8,0x11,0x8f,0xc0,0x3f,0xb0,0x00,0x0b,0xf3,0x5f,
0x70,0x00,0x07,0xf5,0x4f,0x90,0x00,0x09,0xf3,0x0e,0xf4,0x00,0x4f,0xd0,0x05,0xff,0xdd,0xff,0x40,0x00,
0x4b,0xee,0xb3,0x00,0x00,0x00,0x00,0x00,0x6f,0xd0,0x00,0x00,0x00,0x00,0x00,0x00,0x00,0x06,0xfd,0x00,
0x00,0x00,0x00,0x00,0x00,0x00,0x00,0x6f,0xd0,0x00,0x00,0x00,0x00,0x00,0x00,0x00,0x06,0xfd,0x00,0x00,
0x00,0x00,0x00,0x00,0x00,0x00,0x6f,0xd0,0x00,0x00,0x00,0x00,0x66,0x66,0x66,0x6a,0xfe,0x66,0x66,0x66,
0x63,0x0f,0xff,0xff,0xff,0xff,0xff,0xff,0xff,0xff,0x80,0xff,0xff,0xff,0xff,0xff,0xff,0xff,0xff,0xf8,
0x00,0x00,0x00,0x00,0x6f,0xd0,0x00,0x00,0x00,0x00,0x00,0x00,0x00,0x06,0xfd,0x00,0x00,0x00,0x00,0x00,
0x00,0x00,0x00,0x6f,0xd0,0x00,0x00,0x00,0x00,0x00,0x00,0x00,0x06,0xfd,0x00,0x00,0x00,0x00,0x00,0x00,
0x00,0x00,0x6f,0xd0,0x00,0x00,0x00,0x00,0x00,0x00,0x00,0x01,0x32,0x00,0x00,0x00,0x00,0x00,0x00,0x00,
0x00,0x00,0x00,0x00,0x00,0x00,0x00,0x66,0x66,0x66,0x66,0x66,0x66,0x66,0x66,0x63,0x0f,0xff,0xff,0xff,
0xff,0xff,0xff,0xff,0xff,0x80,0xff,0xff,0xff,0xff,0xff,0xff,0xff,0xff,0xf8,0x38,0xce,0xec,0x60,0x09,
0xfa,0x89,0xef,0xb0,0x41,0x00,0x02,0xef,0x30,0x00,0x00,0x0b,0xf5,0x00,0x00,0x01,0xef,0x10,0x00,0x00,
0xbf,0x70,0x00,0x00,0x9f,0xb0,0x00,0x00,0x8f,0xc1,0x00,0x00,0x9f,0xb1,0x00,0x00,0xaf,0xa0,0x00,0x00,
0x9f,0xe9,0x88,0x88,0x4b,0xff,0xff,0xff,0xf7,0x2a,0xde,0xed,0x82,0x04,0xda,0x89,0xdf,0xe1,0x00,0x00,
0x00,0xcf,0x70,0x00,0x00,0x0a,0xf6,0x00,0x12,0x37,0xfd,0x10,0x07,0xff,0xfb,0x10,0x00,0x25,0x6a,0xfd,
0x20,0x00,0x00,0x08,0xf9,0x00,0x00,0x00,0x5f,0xb1,0x00,0x00,0x0b,0xf9,0xac,0x98,0x9d,0xfe,0x25,0xbd,
0xff,0xd9,0x20,0x00,0x02,0x88,0x30,0x00,0xcf,0xc0,0x00,0x7f,0xe2,0x00,0x3f,0xf3,0x00,0x1d,0xf6,0x00,
0x09,0xf9,0x00,0x00,0x9f,0xd0,0x00,0x00,0x00,0x5f,0xf3,0x00,0x9f,0xd0,0x00,0x00,0x00,0x5f,0xf3,0x00,
0x9f,0xd0,0x00,0x00,0x00,0x5f,0xf3,0x00,0x9f,0xd0,0x00,0x00,0x00,0x5f,0xf3,0x00,0x9f,0xd0,0x00,0x00,
0x00,0x5f,0xf3,0x00,0x9f,0xd0,0x00,0x00,0x00,0x5f,0xf3,0x00,0x9f,0xd0,0x00,0x00,0x00,0x5f,0xf3,0x00,
0x9f,0xd0,0x00,0x00,0x00,0x5f,0xf3,0x00,0x9f,0xd0,0x00,0x00,0x00,0x5f,0xf3,0x00,0x9f,0xd0,0x00,0x00,
0x00,0x5f,0xf3,0x00,0x9f,0xf0,0x00,0x00,0x00,0x7f,0xf3,0x00,0x9f,0xf3,0x00,0x00,0x00,0xbf,0xf3,0x00,
0x9f,0xfb,0x00,0x00,0x05,0xff,0xf4,0x00,0x9f,0xff,0xb6,0x45,0x9f,0xff,0xfa,0x61,0x9f,0xd9,0xff,0xff,
0xff,0x4e,0xff,0xf2,0x9f,0xd0,0x7c,0xee,0xa3,0x05,0xde,0xa1,0x9f,0xd0,0x00,0x00,0x00,0x00,0x00,0x00,
0x9f,0xd0,0x00,0x00,0x00,0x00,0x00,0x00,0x9f,0xd0,0x00,0x00,0x00,0x00,0x00,0x00,0x9f,0xd0,0x00,0x00,
0x00,0x00,0x00,0x00,0x9f,0xd0,0x00,0x00,0x00,0x00,0x00,0x00,0x9f,0xd0,0x00,0x00,0x00,0x00,0x00,0x00,
0x00,0x05,0xbe,0xff,0xff,0xff,0xc0,0x1c,0xff,0xff,0xfc,0xbb,0xfc,0x0c,0xff,0xff,0xff,0x40,0x2f,0xc5,
0xff,0xff,0xff,0xf4,0x02,0xfc,0xaf,0xff,0xff,0xff,0x40,0x2f,0xcc,0xff,0xff,0xff,0xf4,0x02,0xfc,0xcf,
0xff,0xff,0xff,0x40,0x2f,0xca,0xff,0xff,0xff,0xf4,0x02,0xfc,0x4f,0xff,0xff,0xff,0x40,0x2f,0xc0,0xaf,
0xff,0xff,0xf4,0x02,0xfc,0x00,0x9f,0xff,0xff,0x40,0x2f,0xc0,0x00,0x28,0xbe,0xf4,0x02,0xfc,0x00,0x00,
0x00,0xaf,0x40,0x2f,0xc0,0x00,0x00,0x0a,0xf4,0x02,0xfc,0x00,0x00,0x00,0xaf,0x40,0x2f,0xc0,0x00,0x00,
0x0a,0xf4,0x02,0xfc,0x00,0x00,0x00,0xaf,0x40,0x2f,0xc0,0x00,0x00,0x0a,0xf4,0x02,0xfc,0x00,0x00,0x00,
0xaf,0x40,0x2f,0xc0,0x00,0x00,0x0a,0xf4,0x02,0xfc,0x00,0x00,0x00,0xaf,0x40,0x2f,0xc0,0x00,0x00,0x0a,
0xf4,0x02,0xfc,0x00,0x00,0x00,0xaf,0x40,0x2f,0xc0,0x00,0x00,0x07,0xb3,0x01,0xb8,0x88,0x7f,0xfd,0xff,
0xdf,0xfd,0x00,0x02,0x83,0x00,0x00,0x0c,0xd1,0x00,0x00,0x6f,0x60,0x00,0x07,0xf9,0x0e,0xcc,0xff,0x60,
0xce,0xfd,0x70,0x18,0xbe,0xfd,0x00,0x02,0xfe,0xcf,0xd0,0x00,0x02,0x01,0xfd,0x00,0x00,0x00,0x1f,0xd0,
0x00,0x00,0x01,0xfd,0x00,0x00,0x00,0x1f,0xd0,0x00,0x00,0x01,0xfd,0x00,0x00,0x00,0x1f,0xd0,0x00,0x00,
0x01,0xfd,0x00,0x00,0x00,0x1f,0xd0,0x00,0x06,0x88,0xfe,0x88,0x50,0xdf,0xff,0xff,0xfa,0x00,0x29,0xdf,
0xea,0x30,0x00,0x3e,0xfc,0x9b,0xff,0x50,0x0d,0xf9,0x00,0x06,0xfe,0x15,0xfe,0x10,0x00,0x0c,0xf7,0x8f,
0xa0,0x00,0x00,0x7f,0xba,0xf8,0x00,0x00,0x05,0xfd,0xaf,0x80,0x00,0x00,0x5f,0xd8,0xfa,0x00,0x00,0x07,
0xfb,0x5f,0xe1,0x00,0x00,0xcf,0x70,0xdf,0x90,0x00,0x6f,0xe2,0x03,0xef,0xda,0xcf,0xf5,0x00,0x02,0x9d,
0xfe,0xa3,0x00,0x00,0x00,0x00,0x00,0x00,0x01,0xaa,0xaa,0xaa,0xaa,0xa3,0x1f,0xff,0xff,0xff,0xff,0x50,
0x32,0x00,0x00,0x41,0x00,0x00,0x05,0xd2,0x00,0x06,0xd2,0x00,0x00,0x5f,0xe3,0x00,0x6f,0xd3,0x00,0x00,
0xaf,0xe4,0x01,0xbf,0xe3,0x00,0x00,0x9f,0xf5,0x00,0xaf,0xe5,0x00,0x00,0x8f,0xf6,0x00,0x8f,0xf6,0x00,
0x00,0x8f,0xf1,0x00,0x9f,0xf0,0x00,0x4e,0xfa,0x00,0x4e,0xfa,0x00,0x5f,0xf9,0x00,0x6f,0xf8,0x00,0x6f,
0xf8,0x00,0x7f,0xf7,0x00,0x4f,0xf6,0x00,0x5f,0xf6,0x00,0x05,0xf5,0x00,0x06,0xe4,0x00,0x00,0x54,0x00,
0x00,0x53,0x00,0x00,0x00,0x00,0x00,0x00,0x00,0x00,0x00,0x01,0x46,0x77,0x00,0x00,0x00,0x00,0x00,0x02,
0x87,0x00,0x00,0x00,0x2f,0xff,0xfd,0x00,0x00,0x00,0x00,0x00,0x0b,0xf7,0x00,0x00,0x00,0x19,0x64,0xfd,
0x00,0x00,0x00,0x00,0x00,0x5f,0xc0,0x00,0x00,0x00,0x00,0x01,0xfd,0x00,0x00,0x00,0x00,0x01,0xdf,0x40,
0x00,0x00,0x00,0x00,0x01,0xfd,0x00,0x00,0x00,0x00,0x08,0xfa,0x00,0x00,0x00,0x00,0x00,0x01,0xfd,0x00,
0x00,0x00,0x00,0x2f,0xe2,0x00,0x00,0x00,0x00,0x00,0x01,0xfd,0x00,0x00,0x00,0x00,0xbf,0x70,0x00,0x00,
0x00,0x00,0x00,0x01,0xfd,0x00,0x00,0x00,0x05,0xfd,0x00,0x00,0x00,0x00,0x00,0x00,0x01,0xfd,0x00,0x00,
0x00,0x0d,0xf4,0x00,0x00,0x00,0x00,0x00,0x00,0x01,0xfd,0x00,0x00,0x00,0x7f,0xa0,0x00,0x00,0x00,0x00,
0x00,0x00,0x01,0xfd,0x00,0x00,0x02,0xef,0x20,0x00,0x00,0x4f,0xf6,0x00,0x0d,0xff,0xff,0xff,0xa0,0x0a,
0xf8,0x00,0x00,0x01,0xdf,0xf6,0x00,0x07,0x88,0x88,0x88,0x50,0x4f,0xd1,0x00,0x00,0x0b,0xda,0xf6,0x00,
0x00,0x00,0x00,0x00,0x00,0xdf,0x50,0x00,0x00,0x7f,0x39,0xf6,0x00,0x00,0x00,0x00,0x00,0x07,0xfb,0x00,
0x00,0x03,0xf7,0x09,0xf6,0x00,0x00,0x00,0x00,0x00,0x2e,0xf2,0x00,0x00,0x1d,0xa0,0x09,0xf6,0x00,0x00,
0x00,0x00,0x00,0xaf,0x80,0x00,0x00,0x9d,0x10,0x09,0xf6,0x00,0x00,0x00,0x00,0x04,0xfe,0x10,0x00,0x03,
0xfb,0x88,0x8c,0xfb,0x82,0x00,0x00,0x00,0x0c,0xf5,0x00,0x00,0x04,0xff,0xff,0xff,0xff,0xf4,0x00,0x00,
0x00,0x6f,0xb0,0x00,0x00,0x00,0x00,0x00,0x09,0xf6,0x00,0x00,0x00,0x01,0xef,0x30,0x00,0x00,0x00,0x00,
0x00,0x09,0xf6,0x00,0x00,0x00,0x09,0xf9,0x00,0x00,0x00,0x00,0x00,0x00,0x05,0x93,0x00,0x18,0xbe,0xfd,
0x00,0x00,0x00,0x00,0x00,0x07,0xfb,0x00,0x00,0x02,0xfd,0xaf,0xd0,0x00,0x00,0x00,0x00,0x01,0xef,0x20,
0x00,0x00,0x01,0x01,0xfd,0x00,0x00,0x00,0x00,0x00,0xaf,0x80,0x00,0x00,0x00,0x00,0x1f,0xd0,0x00,0x00,
0x00,0x00,0x4f,0xe1,0x00,0x00,0x00,0x00,0x01,0xfd,0x00,0x00,0x00,0x00,0x0c,0xf5,0x00,0x00,0x00,0x00,
0x00,0x1f,0xd0,0x00,0x00,0x00,0x06,0xfc,0x00,0x00,0x00,0x00,0x00,0x01,0xfd,0x00,0x00,0x00,0x01,0xef,
0x30,0x00,0x00,0x00,0x00,0x00,0x1f,0xd0,0x00,0x00,0x00,0x9f,0x90,0x00,0x00,0x00,0x00,0x00,0x01,0xfd,
0x00,0x00,0x00,0x3f,0xe1,0x00,0x00,0x00,0x00,0x00,0x00,0x1f,0xd0,0x00,0x00,0x0c,0xf6,0x04,0x9d,0xee,
0xc6,0x00,0x0d,0xff,0xff,0xff,0xa0,0x06,0xfc,0x00,0xbe,0xa8,0xaf,0xf9,0x00,0x78,0x88,0x88,0x85,0x01,
0xef,0x30,0x04,0x10,0x00,0x3f,0xf2,0x00,0x00,0x00,0x00,0x00,0x9f,0x90,0x00,0x00,0x00,0x00,0xdf,0x40,
0x00,0x00,0x00,0x00,0x3f,0xe1,0x00,0x00,0x00,0x00,0x2f,0xe1,0x00,0x00,0x00,0x00,0x0b,0xf6,0x00,0x00,
0x00,0x00,0x1c,0xf6,0x00,0x00,0x00,0x00,0x05,0xfc,0x00,0x00,0x00,0x00,0x0a,0xf9,0x00,0x00,0x00,0x00,
0x01,0xdf,0x40,0x00,0x00,0x00,0x0a,0xfa,0x00,0x00,0x00,0x00,0x00,0x8f,0xa0,0x00,0x00,0x00,0x0a,0xfa,
0x00,0x00,0x00,0x00,0x00,0x2f,0xe2,0x00,0x00,0x00,0x1b,0xf9,0x00,0x00,0x00,0x00,0x00,0x0b,0xf7,0x00,
0x00,0x00,0x0a,0xfe,0x99,0x99,0x93,0x00,0x00,0x05,0xfd,0x00,0x00,0x00,0x00,0xcf,0xff,0xff,0xff,0x50,
0x00,0x00,0x68,0x30,0x00,0x00,0x00,0x00,0x00,0x00,0x00,0x00,0x03,0x57,0x75,0x20,0x00,0x00,0x00,0x00,
0x02,0x87,0x00,0x00,0x00,0x4f,0xff,0xff,0xf8,0x00,0x00,0x00,0x00,0x0b,0xf6,0x00,0x00,0x00,0x26,0x21,
0x15,0xef,0x40,0x00,0x00,0x00,0x5f,0xc0,0x00,0x00,0x00,0x00,0x00,0x00,0x9f,0x70,0x00,0x00,0x01,0xdf,
0x40,0x00,0x00,0x00,0x00,0x00,0x00,0xcf,0x40,0x00,0x00,0x08,0xfa,0x00,0x00,0x00,0x00,0x00,0x38,0x8d,
0xe6,0x00,0x00,0x00,0x2f,0xe2,0x00,0x00,0x00,0x00,0x00,0x7f,0xff,0xd6,0x00,0x00,0x00,0xbf,0x70,0x00,
0x00,0x00,0x00,0x00,0x00,0x15,0xef,0x60,0x00,0x05,0xfd,0x00,0x00,0x00,0x00,0x00,0x00,0x00,0x00,0x6f,
0xb0,0x00,0x0d,0xf4,0x00,0x00,0x00,0x00,0x00,0x00,0x00,0x00,0x6f,0xb0,0x00,0x8f,0xa0,0x00,0x00,0x00,
0x00,0x00,0x64,0x20,0x16,0xef,0x60,0x02,0xef,0x20,0x00,0x00,0x4e,0xf6,0x00,0xaf,0xff,0xff,0xf8,0x00,
0x0a,0xf8,0x00,0x00,0x01,0xde,0xf6,0x00,0x03,0x67,0x75,0x20,0x00,0x4f,0xd1,0x00,0x00,0x0a,0xc9,0xf6,
0x00,0x00,0x00,0x00,0x00,0x00,0xdf,0x50,0x00,0x00,0x6e,0x29,0xf6,0x00,0x00,0x00,0x00,0x00,0x07,0xfb,
0x00,0x00,0x03,0xf6,0x09,0xf6,0x00,0x00,0x00,0x00,0x00,0x2e,0xf2,0x00,0x00,0x1d,0xa0,0x09,0xf6,0x00,
0x00,0x00,0x00,0x00,0xaf,0x80,0x00,0x00,0xad,0x10,0x09,0xf6,0x00,0x00,0x00,0x00,0x04,0xfd,0x10,0x00,
0x03,0xfa,0x88,0x8c,0xfb,0x82,0x00,0x00,0x00,0x0c,0xf5,0x00,0x00,0x04,0xff,0xff,0xff,0xff,0xf4,0x00,
0x00,0x00,0x6f,0xb0,0x00,0x00,0x00,0x00,0x00,0x09,0xf6,0x00,0x00,0x00,0x01,0xef,0x30,0x00,0x00,0x00,
0x00,0x00,0x09,0xf6,0x00,0x00,0x00,0x09,0xf9,0x00,0x00,0x00,0x00,0x00,0x00,0x05,0x93,0x00,0x00,0x00,
0x04,0xff,0x80,0x00,0x00,0x00,0x04,0xff,0x80,0x00,0x00,0x00,0x04,0xff,0x80,0x00,0x00,0x00,0x02,0x88,
0x40,0x00,0x00,0x00,0x00,0x00,0x00,0x00,0x00,0x00,0x01,0x44,0x20,0x00,0x00,0x00,0x02,0xff,0x70,0x00,
0x00,0x00,0x02,0xff,0x70,0x00,0x00,0x00,0x03,0xff,0x60,0x00,0x00,0x00,0x06,0xff,0x40,0x00,0x00,0x00,
0x1d,0xfe,0x10,0x00,0x00,0x01,0xcf,0xf6,0x00,0x00,0x00,0x0b,0xff,0x90,0x00,0x00,0x00,0xaf,0xf9,0x00,
0x00,0x00,0x05,0xff,0xb0,0x00,0x00,0x00,0x0c,0xff,0x10,0x00,0x00,0x00,0x0f,0xfc,0x00,0x00,0x00,0x00,
0x0f,0xfd,0x00,0x00,0x00,0x01,0x0c,0xff,0x50,0x00,0x00,0x6c,0x05,0xff,0xf9,0x65,0x8d,0xfd,0x00,0x8f,
0xff,0xff,0xff,0xf8,0x00,0x04,0xbe,0xfe,0xc8,0x20,0x00,0x00,0x00,0x48,0x70,0x00,0x00,0x00,0x00,0x00,
0x00,0x00,0x01,0xcf,0x80,0x00,0x00,0x00,0x00,0x00,0x00,0x00,0x01,0xdf,0x50,0x00,0x00,0x00,0x00,0x00,
0x00,0x00,0x02,0xee,0x20,0x00,0x00,0x00,0x00,0x00,0x00,0x00,0x00,0x00,0x00,0x00,0x00,0x00,0x00,0x00,
0x00,0x00,0x00,0x00,0x00,0x00,0x00,0x00,0x00,0x00,0x03,0xff,0xf5,0x00,0x00,0x00,0x00,0x00,0x00,0x00,
0x8f,0xff,0xa0,0x00,0x00,0x00,0x00,0x00,0x00,0x0e,0xfe,0xff,0x10,0x00,0x00,0x00,0x00,0x00,0x04,0xff,
0x6f,0xf7,0x00,0x00,0x00,0x00,0x00,0x00,0xaf,0xd0,0xbf,0xc0,0x00,0x00,0x00,0x00,0x00,0x1f,0xf8,0x06,
0xff,0x30,0x00,0x00,0x00,0x00,0x06,0xff,0x30,0x1f,0xf8,0x00,0x00,0x00,0x00,0x00,0xcf,0xc0,0x00,0xaf,
0xe0,0x00,0x00,0x00,0x00,0x2f,0xf7,0x00,0x05,0xff,0x40,0x00,0x00,0x00,0x08,0xff,0x20,0x00,0x0e,0xfa,
0x00,0x00,0x00,0x00,0xdf,0xb0,0x00,0x00,0x9f,0xf1,0x00,0x00,0x00,0x4f,0xf6,0x00,0x00,0x03,0xff,0x60,
0x00,0x00,0x09,0xfe,0x10,0x00,0x00,0x0d,0xfc,0x00,0x00,0x01,0xef,0xff,0xff,0xff,0xff,0xff,0xf2,0x00,
0x00,0x6f,0xff,0xff,0xff,0xff,0xff,0xff,0x80,0x00,0x0b,0xfe,0x55,0x55,0x55,0x55,0x5c,0xfd,0x00,0x02,
0xff,0x90,0x00,0x00,0x00,0x00,0x7f,0xf4,0x00,0x7f,0xf4,0x00,0x00,0x00,0x00,0x02,0xff,0x90,0x0d,0xfe,
0x00,0x00,0x00,0x00,0x00,0x0c,0xfe,0x13,0xff,0x90,0x00,0x00,0x00,0x00,0x00,0x7f,0xf5,0x9f,0xf4,0x00,
0x00,0x00,0x00,0x00,0x02,0xff,0xb0,0x00,0x00,0x00,0x00,0x00,0x68,0x50,0x00,0x00,0x00,0x00,0x00,0x00,
0x00,0x7f,0xd1,0x00,0x00,0x00,0x00,0x00,0x00,0x00,0x3f,0xe2,0x00,0x00,0x00,0x00,0x00,0x00,0x00,0x1d,
0xe3,0x00,0x00,0x00,0x00,0x00,0x00,0x00,0x00,0x00,0x00,0x00,0x00,0x00,0x00,0x00,0x00,0x00,0x00,0x00,
0x00,0x00,0x00,0x00,0x00,0x00,0x00,0x03,0xff,0xf5,0x00,0x00,0x00,0x00,0x00,0x00,0x00,0x8f,0xff,0xa0,
0x00,0x00,0x00,0x00,0x00,0x00,0x0e,0xfe,0xff,0x10,0x00,0x00,0x00,0x00,0x00,0x04,0xff,0x6f,0xf7,0x00,
0x00,0x00,0x00,0x00,0x00,0xaf,0xd0,0xbf,0xc0,0x00,0x00,0x00,0x00,0x00,0x1f,0xf8,0x06,0xff,0x30,0x00,
0x00,0x00,0x00,0x06,0xff,0x30,0x1f,0xf8,0x00,0x00,0x00,0x00,0x00,0xcf,0xc0,0x00,0xaf,0xe0,0x00,0x00,
0x00,0x00,0x2f,0xf7,0x00,0x05,0xff,0x40,0x00,0x00,0x00,0x08,0xff,0x20,0x00,0x0e,0xfa,0x00,0x00,0x00,
0x00,0xdf,0xb0,0x00,0x00,0x9f,0xf1,0x00,0x00,0x00,0x4f,0xf6,0x00,0x00,0x03,0xff,0x60,0x00,0x00,0x09,
0xfe,0x10,0x00,0x00,0x0d,0xfc,0x00,0x00,0x01,0xef,0xff,0xff,0xff,0xff,0xff,0xf2,0x00,0x00,0x6f,0xff,
0xff,0xff,0xff,0xff,0xff,0x80,0x00,0x0b,0xfe,0x55,0x55,0x55,0x55,0x5c,0xfd,0x00,0x02,0xff,0x90,0x00,
0x00,0x00,0x00,0x7f,0xf4,0x00,0x7f,0xf4,0x00,0x00,0x00,0x00,0x02,0xff,0x90,0x0d,0xfe,0x00,0x00,0x00,
0x00,0x00,0x0c,0xfe,0x13,0xff,0x90,0x00,0x00,0x00,0x00,0x00,0x7f,0xf5,0x9f,0xf4,0x00,0x00,0x00,0x00,
0x00,0x02,0xff,0xb0,0x00,0x00,0x00,0x00,0x78,0x71,0x00,0x00,0x00,0x00,0x00,0x00,0x00,0x8f,0xdf,0xa0,
0x00,0x00,0x00,0x00,0x00,0x00,0x5f,0xb0,0x9f,0x80,0x00,0x00,0x00,0x00,0x00,0x3f,0xb1,0x00,0x9f,0x50,
0x00,0x00,0x00,0x00,0x00,0x00,0x00,0x00,0x00,0x00,0x00,0x00,0x00,0x00,0x00,0x00,0x00,0x00,0x00,0x00,
0x00,0x00,0x00,0x00,0x03,0xff,0xf5,0x00,0x00,0x00,0x00,0x00,0x00,0x00,0x8f,0xff,0xa0,0x00,0x00,0x00,
0x00,0x00,0x00,0x0e,0xfe,0xff,0x10,0x00,0x00,0x00,0x00,0x00,0x04,0xff,0x6f,0xf7,0x00,0x00,0x00,0x00,
0x00,0x00,0xaf,0xd0,0xbf,0xc0,0x00,0x00,0x00,0x00,0x00,0x1f,0xf8,0x06,0xff,0x30,0x00,0x00,0x00,0x00,
0x06,0xff,0x30,0x1f,0xf8,0x00,0x00,0x00,0x00,0x00,0xcf,0xc0,0x00,0xaf,0xe0,0x00,0x00,0x00,0x00,0x2f,
0xf7,0x00,0x05,0xff,0x40,0x00,0x00,0x00,0x08,0xff,0x20,0x00,0x0e,0xfa,0x00,0x00,0x00,0x00,0xdf,0xb0,
0x00,0x00,0x9f,0xf1,0x00,0x00,0x00,0x4f,0xf6,0x00,0x00,0x03,0xff,0x60,0x00,0x00,0x09,0xfe,0x10,0x00,
0x00,0x0d,0xfc,0x00,0x00,0x01,0xef,0xff,0xff,0xff,0xff,0xff,0xf2,0x00,0x00,0x6f,0xff,0xff,0xff,0xff,
0xff,0xff,0x80,0x00,0x0b,0xfe,0x55,0x55,0x55,0x55,0x5c,0xfd,0x00,0x02,0xff,0x90,0x00,0x00,0x00,0x00,
0x7f,0xf4,0x00,0x7f,0xf4,0x00,0x00,0x00,0x00,0x02,0xff,0x90,0x0d,0xfe,0x00,0x00,0x00,0x00,0x00,0x0c,
0xfe,0x13,0xff,0x90,0x00,0x00,0x00,0x00,0x00,0x7f,0xf5,0x9f,0xf4,0x00,0x00,0x00,0x00,0x00,0x02,0xff,
0xb0,0x00,0x00,0x00,0x00,0x00,0x00,0x01,0x00,0x00,0x00,0x00,0x00,0x1b,0xfe,0x81,0x0b,0xf0,0x00,0x00,
0x00,0x00,0x09,0xfb,0xdf,0xeb,0xfb,0x00,0x00,0x00,0x00,0x00,0xdd,0x00,0x6c,0xeb,0x20,0x00,0x00,0x00,
0x00,0x00,0x00,0x00,0x00,0x00,0x00,0x00,0x00,0x00,0x00,0x00,0x00,0x00,0x00,0x00,0x00,0x00,0x00,0x00,
0x00,0x03,0xff,0xf5,0x00,0x00,0x00,0x00,0x00,0x00,0x00,0x8f,0xff,0xa0,0x00,0x00,0x00,0x00,0x00,0x00,
0x0e,0xfe,0xff,0x10,0x00,0x00,0x00,0x00,0x00,0x04,0xff,0x6f,0xf7,0x00,0x00,0x00,0x00,0x00,0x00,0xaf,
0xd0,0xbf,0xc0,0x00,0x00,0x00,0x00,0x00,0x1f,0xf8,0x06,0xff,0x30,0x00,0x00,0x00,0x00,0x06,0xff,0x30,
0x1f,0xf8,0x00,0x00,0x00,0x00,0x00,0xcf,0xc0,0x00,0xaf,0xe0,0x00,0x00,0x00,0x00,0x2f,0xf7,0x00,0x05,
0xff,0x40,0x00,0x00,0x00,0x08,0xff,0x20,0x00,0x0e,0xfa,0x00,0x00,0x00,0x00,0xdf,0xb0,0x00,0x00,0x9f,
0xf1,0x00,0x00,0x00,0x4f,0xf6,0x00,0x00,0x03,0xff,0x60,0x00,0x00,0x09,0xfe,0x10,0x00,0x00,0x0d,0xfc,
0x00,0x00,0x01,0xef,0xff,0xff,0xff,0xff,0xff,0xf2,0x00,0x00,0x6f,0xff,0xff,0xff,0xff,0xff,0xff,0x80,
0x00,0x0b,0xfe,0x55,0x55,0x55,0x55,0x5c,0xfd,0x00,0x02,0xff,0x90,0x00,0x00,0x00,0x00,0x7f,0xf4,0x00,
0x7f,0xf4,0x00,0x00,0x00,0x00,0x02,0xff,0x90,0x0d,0xfe,0x00,0x00,0x00,0x00,0x00,0x0c,0xfe,0x13,0xff,
0x90,0x00,0x00,0x00,0x00,0x00,0x7f,0xf5,0x9f,0xf4,0x00,0x00,0x00,0x00,0x00,0x02,0xff,0xb0,0x00,0x00,
0x07,0xff,0x40,0x2f,0xf9,0x00,0x00,0x00,0x00,0x00,0x7f,0xf4,0x02,0xff,0x90,0x00,0x00,0x00,0x00,0x06,
0xcc,0x30,0x2c,0xc8,0x00,0x00,0x00,0x00,0x00,0x00,0x00,0x00,0x00,0x00,0x00,0x00,0x00,0x00,0x00,0x00,
0x00,0x00,0x00,0x00,0x00,0x00,0x00,0x00,0x00,0x3f,0xff,0x50,0x00,0x00,0x00,0x00,0x00,0x00,0x08,0xff,
0xfa,0x00,0x00,0x00,0x00,0x00,0x00,0x00,0xef,0xef,0xf1,0x00,0x00,0x00,0x00,0x00,0x00,0x4f,0xf6,0xff,
0x70,0x00,0x00,0x00,0x00,0x00,0x0a,0xfd,0x0b,0xfc,0x00,0x00,0x00,0x00,0x00,0x01,0xff,0x80,0x6f,0xf3,
0x00,0x00,0x00,0x00,0x00,0x6f,0xf3,0x01,0xff,0x80,0x00,0x00,0x00,0x00,0x0c,0xfc,0x00,0x0a,0xfe,0x00,
0x00,0x00,0x00,0x02,0xff,0x70,0x00,0x5f,0xf4,0x00,0x00,0x00,0x00,0x8f,0xf2,0x00,0x00,0xef,0xa0,0x00,
0x00,0x00,0x0d,0xfb,0x00,0x00,0x09,0xff,0x10,0x00,0x00,0x04,0xff,0x60,0x00,0x00,0x3f,0xf6,0x00,0x00,
0x00,0x9f,0xe1,0x00,0x00,0x00,0xdf,0xc0,0x00,0x00,0x1e,0xff,0xff,0xff,0xff,0xff,0xff,0x20,0x00,0x06,
0xff,0xff,0xff,0xff,0xff,0xff,0xf8,0x00,0x00,0xbf,0xe5,0x55,0x55,0x55,0x55,0xcf,0xd0,0x00,0x2f,0xf9,
0x00,0x00,0x00,0x00,0x07,0xff,0x40,0x07,0xff,0x40,0x00,0x00,0x00,0x00,0x2f,0xf9,0x00,0xdf,0xe0,0x00,
0x00,0x00,0x00,0x00,0xcf,0xe1,0x3f,0xf9,0x00,0x00,0x00,0x00,0x00,0x07,0xff,0x59,0xff,0x40,0x00,0x00,
0x00,0x00,0x00,0x2f,0xfb,0x00,0x00,0x00,0x02,0x8a,0x92,0x00,0x00,0x00,0x00,0x00,0x00,0x03,0xef,0xff,
0xf4,0x00,0x00,0x00,0x00,0x00,0x00,0xcf,0x51,0x4e,0xe0,0x00,0x00,0x00,0x00,0x00,0x2f,0x90,0x00,0x7f,
0x40,0x00,0x00,0x00,0x00,0x02,0xf9,0x00,0x07,0xf4,0x00,0x00,0x00,0x00,0x00,0x0e,0xf5,0x14,0xef,0x10,
0x00,0x00,0x00,0x00,0x00,0x6f,0xff,0xff,0x80,0x00,0x00,0x00,0x00,0x00,0x00,0xaf,0xff,0xc0,0x00,0x00,
0x00,0x00,0x00,0x00,0x0e,0xfe,0xff,0x10,0x00,0x00,0x00,0x00,0x00,0x04,0xff,0x6f,0xf7,0x00,0x00,0x00,
0x00,0x00,0x00,0xaf,0xe0,0xbf,0xc0,0x00,0x00,0x00,0x00,0x00,0x1f,0xf8,0x06,0xff,0x30,0x00,0x00,0x00,
0x00,0x06,0xff,0x30,0x1f,0xf8,0x00,0x00,0x00,0x00,0x00,0xcf,0xd0,0x00,0xaf,0xe0,0x00,0x00,0x00,0x00,
0x2f,0xf7,0x00,0x05,0xff,0x40,0x00,0x00,0x00,0x08,0xff,0x20,0x00,0x0e,0xfa,0x00,0x00,0x00,0x00,0xdf,
0xb0,0x00,0x00,0x9f,0xf1,0x00,0x00,0x00,0x4f,0xf6,0x00,0x00,0x04,0xff,0x60,0x00,0x00,0x09,0xff,0x10,
0x00,0x00,0x0d,0xfc,0x00,0x00,0x01,0xef,0xff,0xff,0xff,0xff,0xff,0xf2,0x00,0x00,0x6f,0xff,0xff,0xff,
0xff,0xff,0xff,0x80,0x00,0x0b,0xfe,0x55,0x55,0x55,0x55,0x5c,0xfd,0x00,0x02,0xff,0x90,0x00,0x00,0x00,
0x00,0x7f,0xf4,0x00,0x7f,0xf4,0x00,0x00,0x00,0x00,0x02,0xff,0x90,0x0d,0xfe,0x00,0x00,0x00,0x00,0x00,
0x0c,0xfe,0x13,0xff,0x90,0x00,0x00,0x00,0x00,0x00,0x7f,0xf5,0x9f,0xf4,0x00,0x00,0x00,0x00,0x00,0x02,
0xff,0xb0,0x00,0x00,0x00,0x00,0x8f,0xff,0xff,0xff,0xff,0xff,0xff,0xff,0xf3,0x00,0x00,0x00,0x00,0xef,
0xff,0xff,0xff,0xff,0xff,0xff,0xff,0xf3,0x00,0x00,0x00,0x05,0xff,0x95,0xcf,0xf6,0x55,0x55,0x55,0x55,
0x51,0x00,0x00,0x00,0x0c,0xff,0x10,0xaf,0xf1,0x00,0x00,0x00,0x00,0x00,0x00,0x00,0x00,0x3f,0xfa,0x00,
0xaf,0xf1,0x00,0x00,0x00,0x00,0x00,0x00,0x00,0x00,0x9f,0xf3,0x00,0xaf,0xf1,0x00,0x00,0x00,0x00,0x00,
0x00,0x00,0x01,0xef,0xc0,0x00,0xaf,0xf1,0x00,0x00,0x00,0x00,0x00,0x00,0x00,0x06,0xff,0x60,0x00,0xaf,
0xf1,0x00,0x00,0x00,0x00,0x00,0x00,0x00,0x0c,0xfe,0x00,0x00,0xaf,0xf6,0x55,0x55,0x55,0x55,0x40,0x00,
0x00,0x3f,0xf8,0x00,0x00,0xaf,0xff,0xff,0xff,0xff,0xff,0xc0,0x00,0x00,0x9f,0xf2,0x00,0x00,0xaf,0xff,
0xff,0xff,0xff,0xff,0xc0,0x00,0x01,0xef,0xa0,0x00,0x00,0xaf,0xf1,0x00,0x00,0x00,0x00,0x00,0x00,0x07,
0xff,0x40,0x00,0x00,0xaf,0xf1,0x00,0x00,0x00,0x00,0x00,0x00,0x0d,0xff,0xff,0xff,0xff,0xff,0xf1,0x00,
0x00,0x00,0x00,0x00,0x00,0x4f,0xff,0xff,0xff,0xff,0xff,0xf1,0x00,0x00,0x00,0x00,0x00,0x00,0xaf,0xf5,
0x55,0x55,0x55,0xcf,0xf1,0x00,0x00,0x00,0x00,0x00,0x01,0xff,0xa0,0x00,0x00,0x00,0xaf,0xf1,0x00,0x00,
0x00,0x00,0x00,0x07,0xff,0x40,0x00,0x00,0x00,0xaf,0xf1,0x00,0x00,0x00,0x00,0x00,0x0d,0xfd,0x00,0x00,
0x00,0x00,0xaf,0xf7,0x66,0x66,0x66,0x66,0x63,0x4f,0xf7,0x00,0x00,0x00,0x00,0xaf,0xff,0xff,0xff,0xff,
0xff,0xf7,0xaf,0xf2,0x00,0x00,0x00,0x00,0xaf,0xff,0xff,0xff,0xff,0xff,0xf7,0x00,0x00,0x00,0x59,0xce,
0xfe,0xc9,0x40,0x00,0x00,0x00,0x4c,0xff,0xff,0xff,0xff,0xfd,0x50,0x00,0x06,0xff,0xfd,0x96,0x56,0x8c,
0xff,0xf0,0x00,0x4f,0xff,0x70,0x00,0x00,0x00,0x3b,0xf0,0x01,0xef,0xf5,0x00,0x00,0x00,0x00,0x00,0x70,
0x07,0xff,0x90,0x00,0x00,0x00,0x00,0x00,0x00,0x0d,0xff,0x20,0x00,0x00,0x00,0x00,0x00,0x00,0x1f,0xfd,
0x00,0x00,0x00,0x00,0x00,0x00,0x00,0x4f,0xfa,0x00,0x00,0x00,0x00,0x00,0x00,0x00,0x5f,0xf8,0x00,0x00,
0x00,0x00,0x00,0x00,0x00,0x6f,0xf7,0x00,0x00,0x00,0x00,0x00,0x00,0x00,0x5f,0xf8,0x00,0x00,0x00,0x00,
0x00,0x00,0x00,0x4f,0xfa,0x00,0x00,0x00,0x00,0x00,0x00,0x00,0x1f,0xfd,0x00,0x00,0x00,0x00,0x00,0x00,
0x00,0x0d,0xff,0x20,0x00,0x00,0x00,0x00,0x00,0x00,0x07,0xff,0x90,0x00,0x00,0x00,0x00,0x00,0x00,0x01,
0xef,0xf5,0x00,0x00,0x00,0x00,0x00,0x70,0x00,0x4f,0xff,0x70,0x00,0x00,0x00,0x3b,0xf0,0x00,0x06,0xff,
0xfd,0x96,0x56,0x8c,0xff,0xf0,0x00,0x00,0x4c,0xff,0xff,0xff,0xff,0xfd,0x50,0x00,0x00,0x00,0x59,0xcf,
0xff,0xc9,0x40,0x00,0x00,0x00,0x00,0x00,0x00,0xbd,0x10,0x00,0x00,0x00,0x00,0x00,0x00,0x00,0x4f,0x80,
0x00,0x00,0x00,0x00,0x00,0x01,0x00,0x5f,0xb0,0x00,0x00,0x00,0x00,0x00,0x0d,0xcb,0xff,0x80,0x00,0x00,
0x00,0x00,0x00,0x0a,0xef,0xd9,0x00,0x00,0x00,0x00,0x00,0x78,0x40,0x00,0x00,0x00,0x00,0x00,0x4f,0xe3,
0x00,0x00,0x00,0x00,0x00,0x06,0xfd,0x10,0x00,0x00,0x00,0x00,0x00,0x7f,0xa0,0x00,0x00,0x00,0x00,0x00,
0x00,0x00,0x00,0x00,0x00,0x00,0x00,0x00,0x00,0x00,0x00,0x4f,0xff,0xff,0xff,0xff,0xff,0xfa,0x4f,0xff,
0xff,0xff,0xff,0xff,0xfa,0x4f,0xfa,0x55,0x55,0x55,0x55,0x54,0x4f,0xf8,0x00,0x00,0x00,0x00,0x00,0x4f,
0xf8,0x00,0x00,0x00,0x00,0x00,0x4f,0xf8,0x00,0x00,0x00,0x00,0x00,0x4f,0xf8,0x00,0x00,0x00,0x00,0x00,
0x4f,0xf8,0x00,0x00,0x00,0x00,0x00,0x4f,0xfa,0x55,0x55,0x55,0x55,0x51,0x4f,0xff,0xff,0xff,0xff,0xff,
0xf4,0x4f,0xff,0xff,0xff,0xff,0xff,0xf4,0x4f,0xf8,0x00,0x00,0x00,0x00,0x00,0x4f,0xf8,0x00,0x00,0x00,
0x00,0x00,0x4f,0xf8,0x00,0x00,0x00,0x00,0x00,0x4f,0xf8,0x00,0x00,0x00,0x00,0x00,0x4f,0xf8,0x00,0x00,
0x00,0x00,0x00,0x4f,0xf8,0x00,0x00,0x00,0x00,0x00,0x4f,0xf8,0x00,0x00,0x00,0x00,0x00,0x4f,0xfa,0x66,
0x66,0x66,0x66,0x65,0x4f,0xff,0xff,0xff,0xff,0xff,0xfe,0x4f,0xff,0xff,0xff,0xff,0xff,0xfe,0x00,0x00,
0x00,0x02,0x87,0x20,0x00,0x00,0x00,0x00,0x1c,0xf8,0x00,0x00,0x00,0x00,0x00,0x9f,0xa0,0x00,0x00,0x00,
0x00,0x06,0xfb,0x00,0x00,0x00,0x00,0x00,0x00,0x00,0x00,0x00,0x00,0x00,0x00,0x00,0x00,0x00,0x00,0x00,
0x4f,0xff,0xff,0xff,0xff,0xff,0xfa,0x4f,0xff,0xff,0xff,0xff,0xff,0xfa,0x4f,0xfa,0x55,0x55,0x55,0x55,
0x54,0x4f,0xf8,0x00,0x00,0x00,0x00,0x00,0x4f,0xf8,0x00,0x00,0x00,0x00,0x00,0x4f,0xf8,0x00,0x00,0x00,
0x00,0x00,0x4f,0xf8,0x00,0x00,0x00,0x00,0x00,0x4f,0xf8,0x00,0x00,0x00,0x00,0x00,0x4f,0xfa,0x55,0x55,
0x55,0x55,0x51,0x4f,0xff,0xff,0xff,0xff,0xff,0xf4,0x4f,0xff,0xff,0xff,0xff,0xff,0xf4,0x4f,0xf8,0x00,
0x00,0x00,0x00,0x00,0x4f,0xf8,0x00,0x00,0x00,0x00,0x00,0x4f,0xf8,0x00,0x00,0x00,0x00,0x00,0x4f,0xf8,
0x00,0x00,0x00,0x00,0x00,0x4f,0xf8,0x00,0x00,0x00,0x00,0x00,0x4f,0xf8,0x00,0x00,0x00,0x00,0x00,0x4f,
0xf8,0x00,0x00,0x00,0x00,0x00,0x4f,0xfa,0x66,0x66,0x66,0x66,0x65,0x4f,0xff,0xff,0xff,0xff,0xff,0xfe,
0x4f,0xff,0xff,0xff,0xff,0xff,0xfe,0x00,0x00,0x02,0x88,0x50,0x00,0x00,0x00,0x00,0x1d,0xfe,0xf4,0x00,
0x00,0x00,0x00,0xbf,0x52,0xde,0x20,0x00,0x00,0x09,0xf6,0x00,0x2e,0xd1,0x00,0x00,0x00,0x00,0x00,0x00,
0x00,0x00,0x00,0x00,0x00,0x00,0x00,0x00,0x00,0x4f,0xff,0xff,0xff,0xff,0xff,0xfa,0x4f,0xff,0xff,0xff,
0xff,0xff,0xfa,0x4f,0xfa,0x55,0x55,0x55,0x55,0x54,0x4f,0xf8,0x00,0x00,0x00,0x00,0x00,0x4f,0xf8,0x00,
0x00,0x00,0x00,0x00,0x4f,0xf8,0x00,0x00,0x00,0x00,0x00,0x4f,0xf8,0x00,0x00,0x00,0x00,0x00,0x4f,0xf8,
0x00,0x00,0x00,0x00,0x00,0x4f,0xfa,0x55,0x55,0x55,0x55,0x51,0x4f,0xff,0xff,0xff,0xff,0xff,0xf4,0x4f,
0xff,0xff,0xff,0xff,0xff,0xf4,0x4f,0xf8,0x00,0x00,0x00,0x00,0x00,0x4f,0xf8,0x00,0x00,0x00,0x00,0x00,
0x4f,0xf8,0x00,0x00,0x00,0x00,0x00,0x4f,0xf8,0x00,0x00,0x00,0x00,0x00,0x4f,0xf8,0x00,0x00,0x00,0x00,
0x00,0x4f,0xf8,0x00,0x00,0x00,0x00,0x00,0x4f,0xf8,0x00,0x00,0x00,0x00,0x00,0x4f,0xfa,0x66,0x66,0x66,
0x66,0x65,0x4f,0xff,0xff,0xff,0xff,0xff,0xfe,0x4f,0xff,0xff,0xff,0xff,0xff,0xfe,0x00,0x0e,0xfd,0x00,
0x8f,0xf3,0x00,0x00,0x0e,0xfd,0x00,0x8f,0xf3,0x00,0x00,0x0b,0xcb,0x00,0x7c,0xc3,0x00,0x00,0x00,0x00,
0x00,0x00,0x00,0x00,0x00,0x00,0x00,0x00,0x00,0x00,0x00,0x4f,0xff,0xff,0xff,0xff,0xff,0xfa,0x4f,0xff,
0xff,0xff,0xff,0xff,0xfa,0x4f,0xfa,0x55,0x55,0x55,0x55,0x54,0x4f,0xf8,0x00,0x00,0x00,0x00,0x00,0x4f,
0xf8,0x00,0x00,0x00,0x00,0x00,0x4f,0xf8,0x00,0x00,0x00,0x00,0x00,0x4f,0xf8,0x00,0x00,0x00,0x00,0x00,
0x4f,0xf8,0x00,0x00,0x00,0x00,0x00,0x4f,0xfa,0x55,0x55,0x55,0x55,0x51,0x4f,0xff,0xff,0xff,0xff,0xff,
0xf4,0x4f,0xff,0xff,0xff,0xff,0xff,0xf4,0x4f,0xf8,0x00,0x00,0x00,0x00,0x00,0x4f,0xf8,0x00,0x00,0x00,
0x00,0x00,0x4f,0xf8,0x00,0x00,0x00,0x00,0x00,0x4f,0xf8,0x00,0x00,0x00,0x00,0x00,0x4f,0xf8,0x00,0x00,
0x00,0x00,0x00,0x4f,0xf8,0x00,0x00,0x00,0x00,0x00,0x4f,0xf8,0x00,0x00,0x00,0x00,0x00,0x4f,0xfa,0x66,
0x66,0x66,0x66,0x65,0x4f,0xff,0xff,0xff,0xff,0xff,0xfe,0x4f,0xff,0xff,0xff,0xff,0xff,0xfe,0x07,0x84,
0x00,0x00,0x5f,0xe3,0x00,0x00,0x6f,0xd1,0x00,0x00,0x7f,0xa0,0x00,0x00,0x00,0x00,0x00,0x00,0x00,0x00,
0x4f,0xf8,0x00,0x04,0xff,0x80,0x00,0x4f,0xf8,0x00,0x04,0xff,0x80,0x00,0x4f,0xf8,0x00,0x04,0xff,0x80,
0x00,0x4f,0xf8,0x00,0x04,0xff,0x80,0x00,0x4f,0xf8,0x00,0x04,0xff,0x80,0x00,0x4f,0xf8,0x00,0x04,0xff,
0x80,0x00,0x4f,0xf8,0x00,0x04,0xff,0x80,0x00,0x4f,0xf8,0x00,0x04,0xff,0x80,0x00,0x4f,0xf8,0x00,0x04,
0xff,0x80,0x00,0x4f,0xf8,0x00,0x04,0xff,0x80,0x00,0x4f,0xf8,0x00,0x00,0x28,0x71,0x01,0xcf,0x80,0x0a,
0xfa,0x00,0x6f,0xb0,0x00,0x00,0x00,0x00,0x00,0x00,0x00,0x4f,0xf8,0x00,0x4f,0xf8,0x00,0x4f,0xf8,0x00,
0x4f,0xf8,0x00,0x4f,0xf8,0x00,0x4f,0xf8,0x00,0x4f,0xf8,0x00,0x4f,0xf8,0x00,0x4f,0xf8,0x00,0x4f,0xf8,
0x00,0x4f,0xf8,0x00,0x4f,0xf8,0x00,0x4f,0xf8,0x00,0x4f,0xf8,0x00,0x4f,0xf8,0x00,0x4f,0xf8,0x00,0x4f,
0xf8,0x00,0x4f,0xf8,0x00,0x4f,0xf8,0x00,0x4f,0xf8,0x00,0x4f,0xf8,0x00,0x00,0x03,0x88,0x50,0x00,0x00,
0x1d,0xfe,0xf4,0x00,0x00,0xcf,0x52,0xee,0x20,0x09,0xf5,0x00,0x2e,0xd1,0x00,0x00,0x00,0x00,0x00,0x00,
0x00,0x00,0x00,0x00,0x00,0x04,0xff,0x80,0x00,0x00,0x04,0xff,0x80,0x00,0x00,0x04,0xff,0x80,0x00,0x00,
0x04,0xff,0x80,0x00,0x00,0x04,0xff,0x80,0x00,0x00,0x04,0xff,0x80,0x00,0x00,0x04,0xff,0x80,0x00,0x00,
0x04,0xff,0x80,0x00,0x00,0x04,0xff,0x80,0x00,0x00,0x04,0xff,0x80,0x00,0x00,0x04,0xff,0x80,0x00,0x00,
0x04,0xff,0x80,0x00,0x00,0x04,0xff,0x80,0x00,0x00,0x04,0xff,0x80,0x00,0x00,0x04,0xff,0x80,0x00,0x00,
0x04,0xff,0x80,0x00,0x00,0x04,0xff,0x80,0x00,0x00,0x04,0xff,0x80,0x00,0x00,0x04,0xff,0x80,0x00,0x00,
0x04,0xff,0x80,0x00,0x00,0x04,0xff,0x80,0x00,0xef,0xd0,0x09,0xff,0x3e,0xfd,0x00,0x9f,0xf3,0xbc,0xb0,
0x07,0xcc,0x30,0x00,0x00,0x00,0x00,0x00,0x00,0x00,0x00,0x00,0x04,0xff,0x80,0x00,0x00,0x4f,0xf8,0x00,
0x00,0x04,0xff,0x80,0x00,0x00,0x4f,0xf8,0x00,0x00,0x04,0xff,0x80,0x00,0x00,0x4f,0xf8,0x00,0x00,0x04,
0xff,0x80,0x00,0x00,0x4f,0xf8,0x00,0x00,0x04,0xff,0x80,0x00,0x00,0x4f,0xf8,0x00,0x00,0x04,0xff,0x80,
0x00,0x00,0x4f,0xf8,0x00,0x00,0x04,0xff,0x80,0x00,0x00,0x4f,0xf8,0x00,0x00,0x04,0xff,0x80,0x00,0x00,
0x4f,0xf8,0x00,0x00,0x04,0xff,0x80,0x00,0x00,0x4f,0xf8,0x00,0x00,0x04,0xff,0x80,0x00,0x00,0x4f,0xf8,
0x00,0x00,0x04,0xff,0x80,0x00,0x00,0x2f,0xff,0xff,0xfe,0xdc,0x96,0x10,0x00,0x00,0x00,0x02,0xff,0xff,
0xff,0xff,0xff,0xff,0x91,0x00,0x00,0x00,0x2f,0xfb,0x55,0x55,0x68,0xcf,0xff,0xe3,0x00,0x00,0x02,0xff,
0xa0,0x00,0x00,0x00,0x3b,0xff,0xe2,0x00,0x00,0x2f,0xfa,0x00,0x00,0x00,0x00,0x0a,0xff,0xb0,0x00,0x02,
0xff,0xa0,0x00,0x00,0x00,0x00,0x1e,0xff,0x30,0x00,0x2f,0xfa,0x00,0x00,0x00,0x00,0x00,0x8f,0xf8,0x00,
0x02,0xff,0xa0,0x00,0x00,0x00,0x00,0x03,0xff,0xb0,0x00,0x2f,0xfa,0x00,0x00,0x00,0x00,0x00,0x0f,0xfe,
0x0d,0xff,0xff,0xff,0xff,0xf4,0x00,0x00,0x00,0xef,0xf0,0xdf,0xff,0xff,0xff,0xff,0x40,0x00,0x00,0x0d,
0xff,0x00,0x02,0xff,0xa0,0x00,0x00,0x00,0x00,0x00,0xef,0xf0,0x00,0x2f,0xfa,0x00,0x00,0x00,0x00,0x00,
0x0f,0xfe,0x00,0x02,0xff,0xa0,0x00,0x00,0x00,0x00,0x03,0xff,0xb0,0x00,0x2f,0xfa,0x00,0x00,0x00,0x00,
0x00,0x8f,0xf8,0x00,0x02,0xff,0xa0,0x00,0x00,0x00,0x00,0x1e,0xff,0x30,0x00,0x2f,0xfa,0x00,0x00,0x00,
0x00,0x0a,0xff,0xb0,0x00,0x02,0xff,0xa0,0x00,0x00,0x00,0x3b,0xff,0xe2,0x00,0x00,0x2f,0xfb,0x55,0x55,
0x68,0xcf,0xff,0xe3,0x00,0x00,0x02,0xff,0xff,0xff,0xff,0xff,0xff,0x91,0x00,0x00,0x00,0x2f,0xff,0xff,
0xfe,0xdc,0x96,0x10,0x00,0x00,0x00,0x00,0x00,0x00,0x00,0x00,0x00,0x10,0x00,0x00,0x00,0x02,0xcf,0xd7,
0x10,0xcd,0x00,0x00,0x00,0x00,0xbf,0xad,0xfe,0xcf,0x90,0x00,0x00,0x00,0x0e,0xb0,0x07,0xde,0xa1,0x00,
0x00,0x00,0x00,0x00,0x00,0x00,0x00,0x00,0x00,0x00,0x00,0x00,0x00,0x00,0x00,0x00,0x00,0x00,0x4f,0xff,
0xb0,0x00,0x00,0x00,0x07,0xff,0x34,0xff,0xff,0x40,0x00,0x00,0x00,0x7f,0xf3,0x4f,0xff,0xfb,0x00,0x00,
0x00,0x07,0xff,0x34,0xff,0xef,0xf4,0x00,0x00,0x00,0x7f,0xf3,0x4f,0xf8,0xef,0xc0,0x00,0x00,0x07,0xff,
0x34,0xff,0x68,0xff,0x50,0x00,0x00,0x7f,0xf3,0x4f,0xf6,0x1e,0xfc,0x00,0x00,0x07,0xff,0x34,0xff,0x60,
0x7f,0xf5,0x00,0x00,0x7f,0xf3,0x4f,0xf6,0x01,0xef,0xd0,0x00,0x07,0xff,0x34,0xff,0x60,0x07,0xff,0x50,
0x00,0x7f,0xf3,0x4f,0xf6,0x00,0x1e,0xfd,0x00,0x07,0xff,0x34,0xff,0x60,0x00,0x6f,0xf6,0x00,0x7f,0xf3,
0x4f,0xf6,0x00,0x00,0xdf,0xd0,0x07,0xff,0x34,0xff,0x60,0x00,0x06,0xff,0x60,0x7f,0xf3,0x4f,0xf6,0x00,
0x00,0x0d,0xfe,0x17,0xff,0x34,0xff,0x60,0x00,0x00,0x5f,0xf7,0x7f,0xf3,0x4f,0xf6,0x00,0x00,0x00,0xcf,
0xe8,0xff,0x34,0xff,0x60,0x00,0x00,0x05,0xff,0xef,0xf3,0x4f,0xf6,0x00,0x00,0x00,0x0c,0xff,0xff,0x34,
0xff,0x60,0x00,0x00,0x00,0x4f,0xff,0xf3,0x4f,0xf6,0x00,0x00,0x00,0x00,0xcf,0xff,0x30,0x00,0x00,0x00,
0x1d,0xf9,0x00,0x00,0x00,0x00,0x00,0x00,0x00,0x00,0x03,0xef,0x40,0x00,0x00,0x00,0x00,0x00,0x00,0x00,
0x00,0x5f,0xd1,0x00,0x00,0x00,0x00,0x00,0x00,0x00,0x00,0x08,0xf9,0x00,0x00,0x00,0x00,0x00,0x00,0x00,
0x00,0x00,0x00,0x00,0x00,0x00,0x00,0x00,0x00,0x00,0x00,0x00,0x00,0x00,0x00,0x00,0x00,0x00,0x00,0x00,
0x6a,0xde,0xed,0xa6,0x10,0x00,0x00,0x00,0x00,0x5d,0xff,0xff,0xff,0xff,0xe5,0x00,0x00,0x00,0x07,0xff,
0xfc,0x75,0x57,0xcf,0xff,0x70,0x00,0x00,0x5f,0xff,0x50,0x00,0x00,0x05,0xef,0xf5,0x00,0x01,0xef,0xf4,
0x00,0x00,0x00,0x00,0x4f,0xfe,0x10,0x07,0xff,0x90,0x00,0x00,0x00,0x00,0x09,0xff,0x80,0x0d,0xff,0x20,
0x00,0x00,0x00,0x00,0x02,0xff,0xd0,0x1f,0xfd,0x00,0x00,0x00,0x00,0x00,0x00,0xcf,0xf2,0x4f,0xfa,0x00,
0x00,0x00,0x00,0x00,0x00,0x9f,0xf5,0x5f,0xf8,0x00,0x00,0x00,0x00,0x00,0x00,0x8f,0xf6,0x6f,0xf7,0x00,
0x00,0x00,0x00,0x00,0x00,0x7f,0xf7,0x5f,0xf8,0x00,0x00,0x00,0x00,0x00,0x00,0x8f,0xf6,0x4f,0xfa,0x00,
0x00,0x00,0x00,0x00,0x00,0x9f,0xf5,0x1f,0xfd,0x00,0x00,0x00,0x00,0x00,0x00,0xcf,0xf2,0x0d,0xff,0x20,
0x00,0x00,0x00,0x00,0x02,0xff,0xd0,0x07,0xff,0x90,0x00,0x00,0x00,0x00,0x09,0xff,0x80,0x01,0xef,0xf4,
0x00,0x00,0x00,0x00,0x4f,0xfe,0x10,0x00,0x5f,0xfe,0x50,0x00,0x00,0x05,0xef,0xf5,0x00,0x00,0x07,0xff,
0xfc,0x75,0x57,0xcf,0xff,0x70,0x00,0x00,0x00,0x5d,0xff,0xff,0xff,0xff,0xe5,0x00,0x00,0x00,0x00,0x01,
0x6a,0xde,0xed,0xa6,0x10,0x00,0x00,0x00,0x00,0x00,0x00,0x00,0x8f,0xd1,0x00,0x00,0x00,0x00,0x00,0x00,
0x00,0x03,0xfe,0x30,0x00,0x00,0x00,0x00,0x00,0x00,0x00,0x1d,0xf6,0x00,0x00,0x00,0x00,0x00,0x00,0x00,
0x00,0x8f,0x90,0x00,0x00,0x00,0x00,0x00,0x00,0x00,0x00,0x00,0x00,0x00,0x00,0x00,0x00,0x00,0x00,0x00,
0x00,0x00,0x00,0x00,0x00,0x00,0x00,0x00,0x00,0x00,0x6a,0xde,0xed,0xa6,0x10,0x00,0x00,0x00,0x00,0x5d,
0xff,0xff,0xff,0xff,0xe5,0x00,0x00,0x00,0x07,0xff,0xfc,0x75,0x57,0xcf,0xff,0x70,0x00,0x00,0x5f,0xff,
0x50,0x00,0x00,0x05,0xef,0xf5,0x00,0x01,0xef,0xf4,0x00,0x00,0x00,0x00,0x4f,0xfe,0x10,0x07,0xff,0x90,
0x00,0x00,0x00,0x00,0x09,0xff,0x80,0x0d,0xff,0x20,0x00,0x00,0x00,0x00,0x02,0xff,0xd0,0x1f,0xfd,0x00,
0x00,0x00,0x00,0x00,0x00,0xcf,0xf2,0x4f,0xfa,0x00,0x00,0x00,0x00,0x00,0x00,0x9f,0xf5,0x5f,0xf8,0x00,
0x00,0x00,0x00,0x00,0x00,0x8f,0xf6,0x6f,0xf7,0x00,0x00,0x00,0x00,0x00,0x00,0x7f,0xf7,0x5f,0xf8,0x00,
0x00,0x00,0x00,0x00,0x00,0x8f,0xf6,0x4f,0xfa,0x00,0x00,0x00,0x00,0x00,0x00,0x9f,0xf5,0x1f,0xfd,0x00,
0x00,0x00,0x00,0x00,0x00,0xcf,0xf2,0x0d,0xff,0x20,0x00,0x00,0x00,0x00,0x02,0xff,0xd0,0x07,0xff,0x90,
0x00,0x00,0x00,0x00,0x09,0xff,0x80,0x01,0xef,0xf4,0x00,0x00,0x00,0x00,0x4f,0xfe,0x10,0x00,0x5f,0xfe,
0x50,0x00,0x00,0x05,0xef,0xf5,0x00,0x00,0x07,0xff,0xfc,0x75,0x57,0xcf,0xff,0x70,0x00,0x00,0x00,0x5d,
0xff,0xff,0xff,0xff,0xe5,0x00,0x00,0x00,0x00,0x01,0x6a,0xde,0xed,0xa6,0x10,0x00,0x00,0x00,0x00,0x00,
0x00,0x9f,0xfa,0x00,0x00,0x00,0x00,0x00,0x00,0x00,0x05,0xfc,0xcf,0x60,0x00,0x00,0x00,0x00,0x00,0x00,
0x2e,0xe2,0x1d,0xe2,0x00,0x00,0x00,0x00,0x00,0x00,0xcf,0x30,0x03,0xec,0x00,0x00,0x00,0x00,0x00,0x00,
0x00,0x00,0x00,0x00,0x00,0x00,0x00,0x00,0x00,0x00,0x00,0x00,0x00,0x00,0x00,0x00,0x00,0x00,0x00,0x00,
0x6a,0xde,0xed,0xa6,0x10,0x00,0x00,0x00,0x00,0x5d,0xff,0xff,0xff,0xff,0xe5,0x00,0x00,0x00,0x07,0xff,
0xfc,0x75,0x57,0xcf,0xff,0x70,0x00,0x00,0x5f,0xff,0x50,0x00,0x00,0x05,0xef,0xf5,0x00,0x01,0xef,0xf4,
0x00,0x00,0x00,0x00,0x4f,0xfe,0x10,0x07,0xff,0x90,0x00,0x00,0x00,0x00,0x09,0xff,0x80,0x0d,0xff,0x20,
0x00,0x00,0x00,0x00,0x02,0xff,0xd0,0x1f,0xfd,0x00,0x00,0x00,0x00,0x00,0x00,0xcf,0xf2,0x4f,0xfa,0x00,
0x00,0x00,0x00,0x00,0x00,0x9f,0xf5,0x5f,0xf8,0x00,0x00,0x00,0x00,0x00,0x00,0x8f,0xf6,0x6f,0xf7,0x00,
0x00,0x00,0x00,0x00,0x00,0x7f,0xf7,0x5f,0xf8,0x00,0x00,0x00,0x00,0x00,0x00,0x8f,0xf6,0x4f,0xfa,0x00,
0x00,0x00,0x00,0x00,0x00,0x9f,0xf5,0x1f,0xfd,0x00,0x00,0x00,0x00,0x00,0x00,0xcf,0xf2,0x0d,0xff,0x20,
0x00,0x00,0x00,0x00,0x02,0xff,0xd0,0x07,0xff,0x90,0x00,0x00,0x00,0x00,0x09,0xff,0x80,0x01,0xef,0xf4,
0x00,0x00,0x00,0x00,0x4f,0xfe,0x10,0x00,0x5f,0xfe,0x50,0x00,0x00,0x05,0xef,0xf5,0x00,0x00,0x07,0xff,
0xfc,0x75,0x57,0xcf,0xff,0x70,0x00,0x00,0x00,0x5d,0xff,0xff,0xff,0xff,0xe5,0x00,0x00,0x00,0x00,0x01,
0x6a,0xde,0xed,0xa6,0x10,0x00,0x00,0x00,0x00,0x00,0x00,0x00,0x00,0x01,0x00,0x00,0x00,0x00,0x00,0x00,
0x6e,0xfb,0x40,0x4f,0x70,0x00,0x00,0x00,0x00,0x03,0xfd,0xaf,0xfc,0xef,0x30,0x00,0x00,0x00,0x00,0x06,
0xf5,0x02,0xae,0xd6,0x00,0x00,0x00,0x00,0x00,0x00,0x00,0x00,0x00,0x00,0x00,0x00,0x00,0x00,0x00,0x00,
0x00,0x00,0x00,0x00,0x00,0x00,0x00,0x00,0x00,0x00,0x6a,0xde,0xed,0xa6,0x10,0x00,0x00,0x00,0x00,0x5d,
0xff,0xff,0xff,0xff,0xe5,0x00,0x00,0x00,0x07,0xff,0xfc,0x75,0x57,0xcf,0xff,0x70,0x00,0x00,0x5f,0xff,
0x50,0x00,0x00,0x05,0xef,0xf5,0x00,0x01,0xef,0xf4,0x00,0x00,0x00,0x00,0x4f,0xfe,0x10,0x07,0xff,0x90,
0x00,0x00,0x00,0x00,0x09,0xff,0x80,0x0d,0xff,0x20,0x00,0x00,0x00,0x00,0x02,0xff,0xd0,0x1f,0xfd,0x00,
0x00,0x00,0x00,0x00,0x00,0xcf,0xf2,0x4f,0xfa,0x00,0x00,0x00,0x00,0x00,0x00,0x9f,0xf5,0x5f,0xf8,0x00,
0x00,0x00,0x00,0x00,0x00,0x8f,0xf6,0x6f,0xf7,0x00,0x00,0x00,0x00,0x00,0x00,0x7f,0xf7,0x5f,0xf8,0x00,
0x00,0x00,0x00,0x00,0x00,0x8f,0xf6,0x4f,0xfa,0x00,0x00,0x00,0x00,0x00,0x00,0x9f,0xf5,0x1f,0xfd,0x00,
0x00,0x00,0x00,0x00,0x00,0xcf,0xf2,0x0d,0xff,0x20,0x00,0x00,0x00,0x00,0x02,0xff,0xd0,0x07,0xff,0x90,
0x00,0x00,0x00,0x00,0x09,0xff,0x80,0x01,0xef,0xf4,0x00,0x00,0x00,0x00,0x4f,0xfe,0x10,0x00,0x5f,0xfe,
0x50,0x00,0x00,0x05,0xef,0xf5,0x00,0x00,0x07,0xff,0xfc,0x75,0x57,0xcf,0xff,0x70,0x00,0x00,0x00,0x5d,
0xff,0xff,0xff,0xff,0xe5,0x00,0x00,0x00,0x00,0x01,0x6a,0xde,0xed,0xa6,0x10,0x00,0x00,0x00,0x00,0x00,
0xcc,0x90,0x09,0xcc,0x10,0x00,0x00,0x00,0x00,0x00,0xff,0xb0,0x0a,0xff,0x10,0x00,0x00,0x00,0x00,0x00,
0xff,0xb0,0x0a,0xff,0x10,0x00,0x00,0x00,0x00,0x00,0x00,0x00,0x00,0x00,0x00,0x00,0x00,0x00,0x00,0x00,
0x00,0x00,0x00,0x00,0x00,0x00,0x00,0x00,0x00,0x00,0x00,0x00,0x00,0x00,0x00,0x00,0x00,0x00,0x00,0x00,
0x6a,0xde,0xed,0xa6,0x10,0x00,0x00,0x00,0x00,0x5d,0xff,0xff,0xff,0xff,0xe5,0x00,0x00,0x00,0x07,0xff,
0xfc,0x75,0x57,0xcf,0xff,0x70,0x00,0x00,0x5f,0xff,0x50,0x00,0x00,0x05,0xef,0xf5,0x00,0x01,0xef,0xf4,
0x00,0x00,0x00,0x00,0x4f,0xfe,0x10,0x07,0xff,0x90,0x00,0x00,0x00,0x00,0x09,0xff,0x80,0x0d,0xff,0x20,
0x00,0x00,0x00,0x00,0x02,0xff,0xd0,0x1f,0xfd,0x00,0x00,0x00,0x00,0x00,0x00,0xcf,0xf2,0x4f,0xfa,0x00,
0x00,0x00,0x00,0x00,0x00,0x9f,0xf5,0x5f,0xf8,0x00,0x00,0x00,0x00,0x00,0x00,0x8f,0xf6,0x6f,0xf7,0x00,
0x00,0x00,0x00,0x00,0x00,0x7f,0xf7,0x5f,0xf8,0x00,0x00,0x00,0x00,0x00,0x00,0x8f,0xf6,0x4f,0xfa,0x00,
0x00,0x00,0x00,0x00,0x00,0x9f,0xf5,0x1f,0xfd,0x00,0x00,0x00,0x00,0x00,0x00,0xcf,0xf2,0x0d,0xff,0x20,
0x00,0x00,0x00,0x00,0x02,0xff,0xd0,0x07,0xff,0x90,0x00,0x00,0x00,0x00,0x09,0xff,0x80,0x01,0xef,0xf4,
0x00,0x00,0x00,0x00,0x4f,0xfe,0x10,0x00,0x5f,0xfe,0x50,0x00,0x00,0x05,0xef,0xf5,0x00,0x00,0x07,0xff,
0xfc,0x75,0x57,0xcf,0xff,0x70,0x00,0x00,0x00,0x5d,0xff,0xff,0xff,0xff,0xe5,0x00,0x00,0x00,0x00,0x01,
0x6a,0xde,0xed,0xa6,0x10,0x00,0x00,0x00,0x00,0x00,0x00,0x00,0x00,0x00,0x00,0x00,0x2c,0x20,0x00,0x00,
0x00,0x00,0x08,0x80,0x0d,0xfd,0x10,0x00,0x00,0x00,0x08,0xff,0x60,0x5f,0xfd,0x10,0x00,0x00,0x07,0xff,
0xc1,0x00,0x6f,0xfc,0x10,0x00,0x07,0xff,0xc1,0x00,0x00,0x6f,0xfc,0x10,0x07,0xff,0xc1,0x00,0x00,0x00,
0x6f,0xfc,0x16,0xff,0xc1,0x00,0x00,0x00,0x00,0x7f,0xfd,0xff,0xc1,0x00,0x00,0x00,0x00,0x00,0x7f,0xff,
0xd1,0x00,0x00,0x00,0x00,0x00,0x05,0xff,0xfc,0x10,0x00,0x00,0x00,0x00,0x05,0xff,0xef,0xfb,0x10,0x00,
0x00,0x00,0x05,0xff,0xd2,0x8f,0xfb,0x10,0x00,0x00,0x05,0xff,0xd2,0x00,0x8f,0xfb,0x00,0x00,0x04,0xff,
0xd2,0x00,0x00,0x8f,0xfb,0x00,0x04,0xff,0xd2,0x00,0x00,0x00,0x9f,0xfa,0x00,0xdf,0xe2,0x00,0x00,0x00,
0x00,0x9f,0xf6,0x03,0xd2,0x00,0x00,0x00,0x00,0x00,0x99,0x00,0x00,0x00,0x00,0x00,0x00,0x00,0x00,0x00,
0x00,0x00,0x00,0x00,0x00,0x00,0x00,0x00,0x00,0x40,0x00,0x00,0x01,0x6a,0xde,0xed,0xa6,0x00,0x0a,0xf5,
0x00,0x00,0x5d,0xff,0xff,0xff,0xff,0xd4,0x7f,0xd1,0x00,0x07,0xff,0xfc,0x75,0x57,0xcf,0xff,0xfe,0x20,
0x00,0x5f,0xff,0x50,0x00,0x00,0x05,0xef,0xf7,0x00,0x01,0xef,0xf4,0x00,0x00,0x00,0x02,0xef,0xfe,0x10,
0x07,0xff,0x90,0x00,0x00,0x00,0x1c,0xf9,0xff,0x70,0x0d,0xff,0x20,0x00,0x00,0x00,0xbf,0x60,0xef,0xd0,
0x1f,0xfd,0x00,0x00,0x00,0x09,0xf8,0x00,0xbf,0xf2,0x4f,0xfa,0x00,0x00,0x00,0x7f,0xa0,0x00,0x8f,0xf5,
0x5f,0xf8,0x00,0x00,0x05,0xfc,0x10,0x00,0x7f,0xf6,0x6f,0xf7,0x00,0x00,0x3f,0xe2,0x00,0x00,0x7f,0xf7,
0x5f,0xf8,0x00,0x02,0xef,0x40,0x00,0x00,0x8f,0xf6,0x4f,0xfa,0x00,0x1d,0xf6,0x00,0x00,0x00,0x9f,0xf5,
0x1f,0xfc,0x00,0xbf,0x80,0x00,0x00,0x00,0xcf,0xf2,0x0d,0xff,0x29,0xfb,0x00,0x00,0x00,0x02,0xff,0xd0,
0x07,0xff,0xdf,0xd1,0x00,0x00,0x00,0x09,0xff,0x80,0x01,0xef,0xfe,0x20,0x00,0x00,0x00,0x4f,0xfe,0x10,
0x00,0x7f,0xff,0x60,0x00,0x00,0x05,0xef,0xf6,0x00,0x02,0xef,0xff,0xfc,0x75,0x57,0xcf,0xff,0x80,0x00,
0x1c,0xf8,0x4d,0xff,0xff,0xff,0xff,0xe5,0x00,0x00,0x5f,0xa0,0x00,0x5a,0xde,0xed,0xa6,0x10,0x00,0x00,
0x04,0x10,0x00,0x00,0x00,0x00,0x00,0x00,0x00,0x00,0x00,0x00,0x0a,0xfc,0x00,0x00,0x00,0x00,0x00,0x00,
0x00,0x1d,0xf7,0x00,0x00,0x00,0x00,0x00,0x00,0x00,0x2e,0xf3,0x00,0x00,0x00,0x00,0x00,0x00,0x00,0x5f,
0xc0,0x00,0x00,0x00,0x00,0x00,0x00,0x00,0x00,0x00,0x00,0x00,0x00,0x00,0x00,0x00,0x00,0x00,0x00,0x00,
0x00,0x8f,0xf3,0x00,0x00,0x00,0x00,0x0b,0xff,0x18,0xff,0x30,0x00,0x00,0x00,0x00,0xbf,0xf1,0x8f,0xf3,
0x00,0x00,0x00,0x00,0x0b,0xff,0x18,0xff,0x30,0x00,0x00,0x00,0x00,0xbf,0xf1,0x8f,0xf3,0x00,0x00,0x00,
0x00,0x0b,0xff,0x18,0xff,0x30,0x00,0x00,0x00,0x00,0xbf,0xf1,0x8f,0xf3,0x00,0x00,0x00,0x00,0x0b,0xff,
0x18,0xff,0x30,0x00,0x00,0x00,0x00,0xbf,0xf1,0x8f,0xf3,0x00,0x00,0x00,0x00,0x0b,0xff,0x18,0xff,0x30,
0x00,0x00,0x00,0x00,0xbf,0xf1,0x8f,0xf3,0x00,0x00,0x00,0x00,0x0b,0xff,0x18,0xff,0x30,0x00,0x00,0x00,
0x00,0xbf,0xf1,0x8f,0xf3,0x00,0x00,0x00,0x00,0x0b,0xff,0x18,0xff,0x40,0x00,0x00,0x00,0x00,0xcf,0xf0,
0x7f,0xf5,0x00,0x00,0x00,0x00,0x0d,0xfe,0x04,0xff,0x80,0x00,0x00,0x00,0x01,0xff,0xc0,0x1e,0xfe,0x10,
0x00,0x00,0x00,0x7f,0xf8,0x00,0x9f,0xfa,0x00,0x00,0x00,0x3e,0xff,0x10,0x01,0xdf,0xfd,0x85,0x56,0xaf,
0xff,0x60,0x00,0x02,0xcf,0xff,0xff,0xff,0xff,0x60,0x00,0x00,0x00,0x5a,0xde,0xfe,0xc8,0x20,0x00,0x00,
0x00,0x00,0x00,0x00,0x5f,0xe3,0x00,0x00,0x00,0x00,0x00,0x00,0x1e,0xf5,0x00,0x00,0x00,0x00,0x00,0x00,
0x0a,0xf9,0x00,0x00,0x00,0x00,0x00,0x00,0x05,0xfc,0x00,0x00,0x00,0x00,0x00,0x00,0x00,0x00,0x00,0x00,
0x00,0x00,0x00,0x00,0x00,0x00,0x00,0x00,0x00,0x00,0x00,0x8f,0xf3,0x00,0x00,0x00,0x00,0x0b,0xff,0x18,
0xff,0x30,0x00,0x00,0x00,0x00,0xbf,0xf1,0x8f,0xf3,0x00,0x00,0x00,0x00,0x0b,0xff,0x18,0xff,0x30,0x00,
0x00,0x00,0x00,0xbf,0xf1,0x8f,0xf3,0x00,0x00,0x00,0x00,0x0b,0xff,0x18,0xff,0x30,0x00,0x00,0x00,0x00,
0xbf,0xf1,0x8f,0xf3,0x00,0x00,0x00,0x00,0x0b,0xff,0x18,0xff,0x30,0x00,0x00,0x00,0x00,0xbf,0xf1,0x8f,
0xf3,0x00,0x00,0x00,0x00,0x0b,0xff,0x18,0xff,0x30,0x00,0x00,0x00,0x00,0xbf,0xf1,0x8f,0xf3,0x00,0x00,
0x00,0x00,0x0b,0xff,0x18,0xff,0x30,0x00,0x00,0x00,0x00,0xbf,0xf1,0x8f,0xf3,0x00,0x00,0x00,0x00,0x0b,
0xff,0x18,0xff,0x40,0x00,0x00,0x00,0x00,0xcf,0xf0,0x7f,0xf5,0x00,0x00,0x00,0x00,0x0d,0xfe,0x04,0xff,
0x80,0x00,0x00,0x00,0x01,0xff,0xc0,0x1e,0xfe,0x10,0x00,0x00,0x00,0x7f,0xf8,0x00,0x9f,0xfa,0x00,0x00,
0x00,0x3e,0xff,0x10,0x01,0xdf,0xfd,0x85,0x56,0xaf,0xff,0x60,0x00,0x02,0xcf,0xff,0xff,0xff,0xff,0x60,
0x00,0x00,0x00,0x5a,0xde,0xfe,0xc8,0x20,0x00,0x00,0x00,0x00,0x00,0x6f,0xfd,0x10,0x00,0x00,0x00,0x00,
0x00,0x2e,0xea,0xf9,0x00,0x00,0x00,0x00,0x00,0x0c,0xf4,0x0b,0xf5,0x00,0x00,0x00,0x00,0x08,0xf6,0x00,
0x1d,0xe2,0x00,0x00,0x00,0x00,0x00,0x00,0x00,0x00,0x00,0x00,0x00,0x00,0x00,0x00,0x00,0x00,0x00,0x00,
0x00,0x8f,0xf3,0x00,0x00,0x00,0x00,0x0b,0xff,0x18,0xff,0x30,0x00,0x00,0x00,0x00,0xbf,0xf1,0x8f,0xf3,
0x00,0x00,0x00,0x00,0x0b,0xff,0x18,0xff,0x30,0x00,0x00,0x00,0x00,0xbf,0xf1,0x8f,0xf3,0x00,0x00,0x00,
0x00,0x0b,0xff,0x18,0xff,0x30,0x00,0x00,0x00,0x00,0xbf,0xf1,0x8f,0xf3,0x00,0x00,0x00,0x00,0x0b,0xff,
0x18,0xff,0x30,0x00,0x00,0x00,0x00,0xbf,0xf1,0x8f,0xf3,0x00,0x00,0x00,0x00,0x0b,0xff,0x18,0xff,0x30,
0x00,0x00,0x00,0x00,0xbf,0xf1,0x8f,0xf3,0x00,0x00,0x00,0x00,0x0b,0xff,0x18,0xff,0x30,0x00,0x00,0x00,
0x00,0xbf,0xf1,0x8f,0xf3,0x00,0x00,0x00,0x00,0x0b,0xff,0x18,0xff,0x40,0x00,0x00,0x00,0x00,0xcf,0xf0,
0x7f,0xf5,0x00,0x00,0x00,0x00,0x0d,0xfe,0x04,0xff,0x80,0x00,0x00,0x00,0x01,0xff,0xc0,0x1e,0xfe,0x10,
0x00,0x00,0x00,0x7f,0xf8,0x00,0x9f,0xfa,0x00,0x00,0x00,0x3e,0xff,0x10,0x01,0xdf,0xfd,0x85,0x56,0xaf,
0xff,0x60,0x00,0x02,0xcf,0xff,0xff,0xff,0xff,0x60,0x00,0x00,0x00,0x5a,0xde,0xfe,0xc8,0x20,0x00,0x00,
0x00,0x00,0xac,0xc0,0x06,0xcc,0x40,0x00,0x00,0x00,0x0c,0xff,0x00,0x7f,0xf5,0x00,0x00,0x00,0x00,0xcf,
0xf0,0x07,0xff,0x50,0x00,0x00,0x00,0x00,0x00,0x00,0x00,0x00,0x00,0x00,0x00,0x00,0x00,0x00,0x00,0x00,
0x00,0x00,0x00,0x00,0x00,0x00,0x00,0x00,0x00,0x00,0x00,0x8f,0xf3,0x00,0x00,0x00,0x00,0x0b,0xff,0x18,
0xff,0x30,0x00,0x00,0x00,0x00,0xbf,0xf1,0x8f,0xf3,0x00,0x00,0x00,0x00,0x0b,0xff,0x18,0xff,0x30,0x00,
0x00,0x00,0x00,0xbf,0xf1,0x8f,0xf3,0x00,0x00,0x00,0x00,0x0b,0xff,0x18,0xff,0x30,0x00,0x00,0x00,0x00,
0xbf,0xf1,0x8f,0xf3,0x00,0x00,0x00,0x00,0x0b,0xff,0x18,0xff,0x30,0x00,0x00,0x00,0x00,0xbf,0xf1,0x8f,
0xf3,0x00,0x00,0x00,0x00,0x0b,0xff,0x18,0xff,0x30,0x00,0x00,0x00,0x00,0xbf,0xf1,0x8f,0xf3,0x00,0x00,
0x00,0x00,0x0b,0xff,0x18,0xff,0x30,0x00,0x00,0x00,0x00,0xbf,0xf1,0x8f,0xf3,0x00,0x00,0x00,0x00,0x0b,
0xff,0x18,0xff,0x40,0x00,0x00,0x00,0x00,0xcf,0xf0,0x7f,0xf5,0x00,0x00,0x00,0x00,0x0d,0xfe,0x04,0xff,
0x80,0x00,0x00,0x00,0x01,0xff,0xc0,0x1e,0xfe,0x10,0x00,0x00,0x00,0x7f,0xf8,0x00,0x9f,0xfa,0x00,0x00,
0x00,0x3e,0xff,0x10,0x01,0xdf,0xfd,0x85,0x56,0xaf,0xff,0x60,0x00,0x02,0xcf,0xff,0xff,0xff,0xff,0x60,
0x00,0x00,0x00,0x5a,0xde,0xfe,0xc8,0x20,0x00,0x00,0x00,0x00,0x00,0x00,0x00,0x68,0x50,0x00,0x00,0x00,
0x00,0x00,0x00,0x00,0x7f,0xd1,0x00,0x00,0x00,0x00,0x00,0x00,0x00,0x3f,0xe2,0x00,0x00,0x00,0x00,0x00,
0x00,0x00,0x1d,0xe3,0x00,0x00,0x00,0x00,0x00,0x00,0x00,0x00,0x00,0x00,0x00,0x00,0x00,0x00,0x00,0x00,
0x00,0x00,0x00,0x00,0x00,0x00,0x00,0x0b,0xff,0x40,0x00,0x00,0x00,0x00,0x2f,0xfc,0x00,0x2e,0xfd,0x10,
0x00,0x00,0x00,0x0c,0xff,0x30,0x00,0x6f,0xf8,0x00,0x00,0x00,0x07,0xff,0x80,0x00,0x00,0xbf,0xf3,0x00,
0x00,0x02,0xef,0xc0,0x00,0x00,0x02,0xef,0xd0,0x00,0x00,0xbf,0xf3,0x00,0x00,0x00,0x07,0xff,0x80,0x00,
0x6f,0xf8,0x00,0x00,0x00,0x00,0x0c,0xff,0x30,0x1e,0xfd,0x10,0x00,0x00,0x00,0x00,0x2f,0xfc,0x0a,0xff,
0x40,0x00,0x00,0x00,0x00,0x00,0x7f,0xfb,0xff,0x90,0x00,0x00,0x00,0x00,0x00,0x00,0xcf,0xff,0xd1,0x00,
0x00,0x00,0x00,0x00,0x00,0x03,0xff,0xf4,0x00,0x00,0x00,0x00,0x00,0x00,0x00,0x0c,0xfe,0x00,0x00,0x00,
0x00,0x00,0x00,0x00,0x00,0xcf,0xe0,0x00,0x00,0x00,0x00,0x00,0x00,0x00,0x0c,0xfe,0x00,0x00,0x00,0x00,
0x00,0x00,0x00,0x00,0xcf,0xe0,0x00,0x00,0x00,0x00,0x00,0x00,0x00,0x0c,0xfe,0x00,0x00,0x00,0x00,0x00,
0x00,0x00,0x00,0xcf,0xe0,0x00,0x00,0x00,0x00,0x00,0x00,0x00,0x0c,0xfe,0x00,0x00,0x00,0x00,0x00,0x00,
0x00,0x00,0xcf,0xe0,0x00,0x00,0x00,0x00,0x00,0x00,0x00,0x0c,0xfe,0x00,0x00,0x00,0x00,0x00,0x00,0x00,
0x00,0xcf,0xe0,0x00,0x00,0x00,0x00,0x4f,0xf8,0x00,0x00,0x00,0x00,0x00,0x4f,0xf8,0x00,0x00,0x00,0x00,
0x00,0x4f,0xf8,0x00,0x00,0x00,0x00,0x00,0x4f,0xf8,0x00,0x00,0x00,0x00,0x00,0x4f,0xff,0xff,0xff,0xdb,
0x61,0x00,0x4f,0xff,0xff,0xff,0xff,0xfd,0x30,0x4f,0xfa,0x55,0x56,0x8e,0xff,0xd1,0x4f,0xf8,0x00,0x00,
0x01,0xcf,0xf7,0x4f,0xf8,0x00,0x00,0x00,0x4f,0xfb,0x4f,0xf8,0x00,0x00,0x00,0x1f,0xfd,0x4f,0xf8,0x00,
0x00,0x00,0x0f,0xfd,0x4f,0xf8,0x00,0x00,0x00,0x3f,0xfc,0x4f,0xf8,0x00,0x00,0x00,0xaf,0xf9,0x4f,0xf8,
0x00,0x01,0x4b,0xff,0xf2,0x4f,0xff,0xff,0xff,0xff,0xff,0x60,0x4f,0xff,0xff,0xff,0xff,0xb4,0x00,0x4f,
0xfa,0x55,0x54,0x31,0x00,0x00,0x4f,0xf8,0x00,0x00,0x00,0x00,0x00,0x4f,0xf8,0x00,0x00,0x00,0x00,0x00,
0x4f,0xf8,0x00,0x00,0x00,0x00,0x00,0x4f,0xf8,0x00,0x00,0x00,0x00,0x00,0x00,0x05,0xad,0xfe,0xc7,0x10,
0x00,0x00,0x0a,0xff,0xff,0xff,0xfd,0x20,0x00,0x08,0xff,0xc5,0x34,0x8f,0xfb,0x00,0x01,0xff,0xc0,0x00,
0x00,0x6f,0xf3,0x00,0x5f,0xf5,0x00,0x00,0x00,0xef,0x70,0x06,0xff,0x20,0x00,0x05,0xaf,0xf9,0x00,0x7f,
0xf1,0x00,0x1a,0xff,0xb8,0x40,0x07,0xff,0x10,0x09,0xfe,0x30,0x00,0x00,0x7f,0xf1,0x01,0xff,0x70,0x00,
0x00,0x07,0xff,0x10,0x2f,0xf5,0x00,0x00,0x00,0x7f,0xf1,0x01,0xff,0xb0,0x00,0x00,0x07,0xff,0x10,0x0b,
0xff,0xa1,0x00,0x00,0x7f,0xf1,0x00,0x2d,0xff,0xd4,0x00,0x07,0xff,0x10,0x00,0x1a,0xff,0xf8,0x00,0x7f,
0xf1,0x00,0x00,0x05,0xef,0xf8,0x07,0xff,0x10,0x00,0x00,0x02,0xdf,0xf1,0x7f,0xf1,0x00,0x00,0x00,0x05,
0xff,0x47,0xff,0x10,0x00,0x00,0x00,0x4f,0xf5,0x7f,0xf1,0x00,0x00,0x00,0x08,0xff,0x27,0xff,0x15,0xb6,
0x43,0x49,0xff,0xc0,0x7f,0xf1,0x5f,0xff,0xff,0xff,0xd2,0x07,0xff,0x13,0xce,0xef,0xec,0x71,0x00,0x00,
0x38,0x82,0x00,0x00,0x00,0x00,0x00,0x0b,0xfc,0x00,0x00,0x00,0x00,0x00,0x01,0xdf,0x80,0x00,0x00,0x00,
0x00,0x00,0x3e,0xf4,0x00,0x00,0x00,0x00,0x00,0x05,0xfd,0x10,0x00,0x00,0x00,0x00,0x00,0x8f,0xa0,0x00,
0x00,0x00,0x00,0x00,0x00,0x00,0x00,0x00,0x00,0x00,0x00,0x00,0x00,0x00,0x00,0x00,0x27,0xbd,0xfe,0xda,
0x40,0x00,0x03,0xff,0xff,0xff,0xff,0xf9,0x00,0x03,0xfb,0x74,0x34,0x7d,0xff,0x70,0x01,0x20,0x00,0x00,
0x00,0xaf,0xe1,0x00,0x00,0x00,0x00,0x00,0x2f,0xf5,0x00,0x00,0x00,0x00,0x00,0x0e,0xf7,0x00,0x04,0xad,
0xef,0xff,0xff,0xf9,0x01,0xbf,0xff,0xff,0xff,0xff,0xf9,0x09,0xff,0xa4,0x21,0x00,0x0e,0xf9,0x1f,0xf9,
0x00,0x00,0x00,0x0f,0xf9,0x4f,0xf4,0x00,0x00,0x00,0x3f,0xf9,0x4f,0xf4,0x00,0x00,0x00,0x9f,0xf9,0x2f,
0xfa,0x00,0x00,0x05,0xff,0xf9,0x0c,0xff,0xa4,0x34,0x9f,0xde,0xf9,0x02,0xef,0xff,0xff,0xfd,0x2e,0xf9,
0x00,0x19,0xdf,0xec,0x71,0x0e,0xf9,0x00,0x00,0x00,0x00,0x17,0x84,0x00,0x00,0x00,0x00,0x00,0xaf,0xd1,
0x00,0x00,0x00,0x00,0x06,0xfe,0x30,0x00,0x00,0x00,0x00,0x2e,0xf5,0x00,0x00,0x00,0x00,0x00,0xbf,0x70,
0x00,0x00,0x00,0x00,0x07,0xfa,0x00,0x00,0x00,0x00,0x00,0x00,0x00,0x00,0x00,0x00,0x00,0x00,0x00,0x00,
0x00,0x00,0x00,0x00,0x27,0xbd,0xfe,0xda,0x40,0x00,0x03,0xff,0xff,0xff,0xff,0xf9,0x00,0x03,0xfb,0x74,
0x34,0x7d,0xff,0x70,0x01,0x20,0x00,0x00,0x00,0xaf,0xe1,0x00,0x00,0x00,0x00,0x00,0x2f,0xf5,0x00,0x00,
0x00,0x00,0x00,0x0e,0xf7,0x00,0x04,0xad,0xef,0xff,0xff,0xf9,0x01,0xbf,0xff,0xff,0xff,0xff,0xf9,0x09,
0xff,0xa4,0x21,0x00,0x0e,0xf9,0x1f,0xf9,0x00,0x00,0x00,0x0f,0xf9,0x4f,0xf4,0x00,0x00,0x00,0x3f,0xf9,
0x4f,0xf4,0x00,0x00,0x00,0x9f,0xf9,0x2f,0xfa,0x00,0x00,0x05,0xff,0xf9,0x0c,0xff,0xa4,0x34,0x9f,0xde,
0xf9,0x02,0xef,0xff,0xff,0xfd,0x2e,0xf9,0x00,0x19,0xdf,0xec,0x71,0x0e,0xf9,0x00,0x00,0x00,0x78,0x20,
0x00,0x00,0x00,0x00,0x08,0xff,0xb0,0x00,0x00,0x00,0x00,0x2f,0xec,0xf5,0x00,0x00,0x00,0x00,0xbf,0x63,
0xfe,0x10,0x00,0x00,0x05,0xfa,0x00,0x7f,0x90,0x00,0x00,0x1d,0xe1,0x00,0x0b,0xf3,0x00,0x00,0x00,0x00,
0x00,0x00,0x00,0x00,0x00,0x00,0x00,0x00,0x00,0x00,0x00,0x00,0x27,0xbd,0xfe,0xda,0x40,0x00,0x03,0xff,
0xff,0xff,0xff,0xf9,0x00,0x03,0xfb,0x74,0x34,0x7d,0xff,0x70,0x01,0x20,0x00,0x00,0x00,0xaf,0xe1,0x00,
0x00,0x00,0x00,0x00,0x2f,0xf5,0x00,0x00,0x00,0x00,0x00,0x0e,0xf7,0x00,0x04,0xad,0xef,0xff,0xff,0xf9,
0x01,0xbf,0xff,0xff,0xff,0xff,0xf9,0x09,0xff,0xa4,0x21,0x00,0x0e,0xf9,0x1f,0xf9,0x00,0x00,0x00,0x0f,
0xf9,0x4f,0xf4,0x00,0x00,0x00,0x3f,0xf9,0x4f,0xf4,0x00,0x00,0x00,0x9f,0xf9,0x2f,0xfa,0x00,0x00,0x05,
0xff,0xf9,0x0c,0xff,0xa4,0x34,0x9f,0xde,0xf9,0x02,0xef,0xff,0xff,0xfd,0x2e,0xf9,0x00,0x19,0xdf,0xec,
0x71,0x0e,0xf9,0x00,0x03,0xcd,0x80,0x02,0xe8,0x00,0x00,0x0d,0xfe,0xfb,0x15,0xf7,0x00,0x00,0x3f,0x90,
0x9f,0xee,0xf2,0x00,0x00,0x5f,0x50,0x07,0xee,0x60,0x00,0x00,0x00,0x00,0x00,0x00,0x00,0x00,0x00,0x00,
0x00,0x00,0x00,0x00,0x00,0x00,0x27,0xbd,0xfe,0xda,0x40,0x00,0x03,0xff,0xff,0xff,0xff,0xf9,0x00,0x03,
0xfb,0x74,0x34,0x7d,0xff,0x70,0x01,0x20,0x00,0x00,0x00,0xaf,0xe1,0x00,0x00,0x00,0x00,0x00,0x2f,0xf5,
0x00,0x00,0x00,0x00,0x00,0x0e,0xf7,0x00,0x04,0xad,0xef,0xff,0xff,0xf9,0x01,0xbf,0xff,0xff,0xff,0xff,
0xf9,0x09,0xff,0xa4,0x21,0x00,0x0e,0xf9,0x1f,0xf9,0x00,0x00,0x00,0x0f,0xf9,0x4f,0xf4,0x00,0x00,0x00,
0x3f,0xf9,0x4f,0xf4,0x00,0x00,0x00,0x9f,0xf9,0x2f,0xfa,0x00,0x00,0x05,0xff,0xf9,0x0c,0xff,0xa4,0x34,
0x9f,0xde,0xf9,0x02,0xef,0xff,0xff,0xfd,0x2e,0xf9,0x00,0x19,0xdf,0xec,0x71,0x0e,0xf9,0x00,0x0e,0xfd,
0x00,0x9f,0xf3,0x00,0x00,0x0e,0xfd,0x00,0x9f,0xf3,0x00,0x00,0x0b,0xca,0x00,0x7c,0xc2,0x00,0x00,0x00,
0x00,0x00,0x00,0x00,0x00,0x00,0x00,0x00,0x00,0x00,0x00,0x00,0x00,0x00,0x00,0x00,0x00,0x00,0x00,0x00,
0x27,0xbd,0xfe,0xda,0x40,0x00,0x03,0xff,0xff,0xff,0xff,0xf9,0x00,0x03,0xfb,0x74,0x34,0x7d,0xff,0x70,
0x01,0x20,0x00,0x00,0x00,0xaf,0xe1,0x00,0x00,0x00,0x00,0x00,0x2f,0xf5,0x00,0x00,0x00,0x00,0x00,0x0e,
0xf7,0x00,0x04,0xad,0xef,0xff,0xff,0xf9,0x01,0xbf,0xff,0xff,0xff,0xff,0xf9,0x09,0xff,0xa4,0x21,0x00,
0x0e,0xf9,0x1f,0xf9,0x00,0x00,0x00,0x0f,0xf9,0x4f,0xf4,0x00,0x00,0x00,0x3f,0xf9,0x4f,0xf4,0x00,0x00,
0x00,0x9f,0xf9,0x2f,0xfa,0x00,0x00,0x05,0xff,0xf9,0x0c,0xff,0xa4,0x34,0x9f,0xde,0xf9,0x02,0xef,0xff,
0xff,0xfd,0x2e,0xf9,0x00,0x19,0xdf,0xec,0x71,0x0e,0xf9,0x00,0x00,0x05,0xaa,0x70,0x00,0x00,0x00,0x00,
0x9f,0xff,0xfc,0x10,0x00,0x00,0x04,0xfc,0x21,0x9f,0x80,0x00,0x00,0x08,0xf3,0x00,0x0e,0xc0,0x00,0x00,
0x09,0xf2,0x00,0x0d,0xd0,0x00,0x00,0x06,0xf8,0x00,0x5f,0x90,0x00,0x00,0x00,0xcf,0xdc,0xfe,0x20,0x00,
0x00,0x00,0x19,0xee,0xb3,0x00,0x00,0x00,0x00,0x00,0x00,0x00,0x00,0x00,0x00,0x00,0x00,0x00,0x00,0x00,
0x00,0x00,0x27,0xbd,0xfe,0xda,0x40,0x00,0x03,0xff,0xff,0xff,0xff,0xf9,0x00,0x03,0xfb,0x74,0x34,0x7d,
0xff,0x70,0x01,0x20,0x00,0x00,0x00,0xaf,0xe1,0x00,0x00,0x00,0x00,0x00,0x2f,0xf5,0x00,0x00,0x00,0x00,
0x00,0x0e,0xf7,0x00,0x04,0xad,0xef,0xff,0xff,0xf9,0x01,0xbf,0xff,0xff,0xff,0xff,0xf9,0x09,0xff,0xa4,
0x21,0x00,0x0e,0xf9,0x1f,0xf9,0x00,0x00,0x00,0x0f,0xf9,0x4f,0xf4,0x00,0x00,0x00,0x3f,0xf9,0x4f,0xf4,
0x00,0x00,0x00,0x9f,0xf9,0x2f,0xfa,0x00,0x00,0x05,0xff,0xf9,0x0c,0xff,0xa4,0x34,0x9f,0xde,0xf9,0x02,
0xef,0xff,0xff,0xfd,0x2e,0xf9,0x00,0x19,0xdf,0xec,0x71,0x0e,0xf9,0x00,0x27,0xbd,0xfe,0xd9,0x40,0x00,
0x17,0xce,0xfe,0xa5,0x00,0x00,0x03,0xff,0xff,0xff,0xff,0xf9,0x05,0xef,0xff,0xff,0xff,0xb1,0x00,0x03,
0xfb,0x74,0x34,0x7d,0xff,0xbf,0xfd,0x75,0x35,0xaf,0xfb,0x00,0x01,0x20,0x00,0x00,0x00,0xaf,0xff,0xa0,
0x00,0x00,0x06,0xff,0x50,0x00,0x00,0x00,0x00,0x00,0x2f,0xfe,0x10,0x00,0x00,0x00,0xcf,0xa0,0x00,0x00,
0x00,0x00,0x00,0x0e,0xf9,0x00,0x00,0x00,0x00,0x8f,0xe0,0x00,0x04,0xad,0xef,0xff,0xff,0xff,0xff,0xff,
0xff,0xff,0xff,0xf0,0x01,0xbf,0xff,0xff,0xff,0xff,0xff,0xff,0xff,0xff,0xff,0xff,0xf0,0x09,0xff,0xa4,
0x21,0x00,0x0e,0xf8,0x00,0x00,0x00,0x00,0x00,0x00,0x1f,0xf9,0x00,0x00,0x00,0x0f,0xfa,0x00,0x00,0x00,
0x00,0x00,0x00,0x4f,0xf4,0x00,0x00,0x00,0x3f,0xfe,0x00,0x00,0x00,0x00,0x00,0x00,0x4f,0xf4,0x00,0x00,
0x00,0x9f,0xff,0x60,0x00,0x00,0x00,0x00,0x00,0x2f,0xfa,0x00,0x00,0x05,0xfe,0xef,0xe4,0x00,0x00,0x00,
0x04,0x40,0x0c,0xff,0xa4,0x34,0x9f,0xf5,0x3f,0xff,0x95,0x33,0x48,0xdf,0x70,0x02,0xef,0xff,0xff,0xff,
0x60,0x04,0xdf,0xff,0xff,0xff,0xff,0x60,0x00,0x18,0xce,0xed,0x92,0x00,0x00,0x16,0xbd,0xfe,0xdb,0x72,
0x00,0x00,0x00,0x39,0xce,0xed,0xb6,0x10,0x00,0x9f,0xff,0xff,0xff,0xfa,0x00,0xaf,0xfd,0x74,0x34,0x7c,
0xa0,0x6f,0xfb,0x10,0x00,0x00,0x02,0x0d,0xfe,0x10,0x00,0x00,0x00,0x02,0xff,0x90,0x00,0x00,0x00,0x00,
0x5f,0xf5,0x00,0x00,0x00,0x00,0x06,0xff,0x40,0x00,0x00,0x00,0x00,0x6f,0xf3,0x00,0x00,0x00,0x00,0x05,
0xff,0x50,0x00,0x00,0x00,0x00,0x2f,0xf9,0x00,0x00,0x00,0x00,0x00,0xdf,0xe1,0x00,0x00,0x00,0x00,0x06,
0xff,0xb1,0x00,0x00,0x00,0x20,0x0a,0xff,0xd7,0x43,0x47,0xca,0x00,0x09,0xff,0xff,0xff,0xff,0xa0,0x00,
0x03,0x9d,0xff,0xeb,0x61,0x00,0x00,0x00,0x01,0xdc,0x00,0x00,0x00,0x00,0x00,0x06,0xf5,0x00,0x00,0x00,
0x00,0x00,0x7f,0x80,0x00,0x00,0x01,0xec,0xcf,0xf5,0x00,0x00,0x00,0x1c,0xef,0xd7,0x00,0x00,0x00,0x04,
0x87,0x10,0x00,0x00,0x00,0x00,0x00,0x1d,0xf9,0x00,0x00,0x00,0x00,0x00,0x00,0x3e,0xf5,0x00,0x00,0x00,
0x00,0x00,0x00,0x5f,0xe1,0x00,0x00,0x00,0x00,0x00,0x00,0x8f,0xb0,0x00,0x00,0x00,0x00,0x00,0x00,0xbf,
0x60,0x00,0x00,0x00,0x00,0x00,0x00,0x00,0x00,0x00,0x00,0x00,0x00,0x00,0x00,0x00,0x00,0x00,0x00,0x00,
0x39,0xde,0xed,0x93,0x00,0x00,0x00,0x9f,0xff,0xff,0xff,0xf8,0x00,0x00,0xaf,0xfc,0x64,0x36,0xcf,0xf7,
0x00,0x5f,0xf6,0x00,0x00,0x00,0xaf,0xe1,0x0c,0xfa,0x00,0x00,0x00,0x01,0xff,0x62,0xff,0x50,0x00,0x00,
0x00,0x0d,0xf9,0x5f,0xff,0xff,0xff,0xff,0xff,0xff,0xb6,0xff,0xff,0xff,0xff,0xff,0xff,0xfb,0x6f,0xf3,
0x00,0x00,0x00,0x00,0x00,0x05,0xff,0x60,0x00,0x00,0x00,0x00,0x00,0x2f,0xfa,0x00,0x00,0x00,0x00,0x00,
0x00,0xdf,0xf2,0x00,0x00,0x00,0x00,0x00,0x05,0xff,0xd2,0x00,0x00,0x00,0x06,0x20,0x09,0xff,0xe8,0x43,
0x35,0x9e,0xf2,0x00,0x08,0xff,0xff,0xff,0xff,0xff,0x20,0x00,0x02,0x8c,0xef,0xed,0xa6,0x10,0x00,0x00,
0x00,0x00,0x03,0x88,0x20,0x00,0x00,0x00,0x00,0x01,0xdf,0xb0,0x00,0x00,0x00,0x00,0x00,0x9f,0xd1,0x00,
0x00,0x00,0x00,0x00,0x4f,0xe2,0x00,0x00,0x00,0x00,0x00,0x1e,0xf4,0x00,0x00,0x00,0x00,0x00,0x0a,0xf7,
0x00,0x00,0x00,0x00,0x00,0x00,0x00,0x00,0x00,0x00,0x00,0x00,0x00,0x00,0x00,0x00,0x00,0x00,0x00,0x00,
0x39,0xde,0xed,0x93,0x00,0x00,0x00,0x9f,0xff,0xff,0xff,0xf8,0x00,0x00,0xaf,0xfc,0x64,0x36,0xcf,0xf7,
0x00,0x5f,0xf6,0x00,0x00,0x00,0xaf,0xe1,0x0c,0xfa,0x00,0x00,0x00,0x01,0xff,0x62,0xff,0x50,0x00,0x00,
0x00,0x0d,0xf9,0x5f,0xff,0xff,0xff,0xff,0xff,0xff,0xb6,0xff,0xff,0xff,0xff,0xff,0xff,0xfb,0x6f,0xf3,
0x00,0x00,0x00,0x00,0x00,0x05,0xff,0x60,0x00,0x00,0x00,0x00,0x00,0x2f,0xfa,0x00,0x00,0x00,0x00,0x00,
0x00,0xdf,0xf2,0x00,0x00,0x00,0x00,0x00,0x05,0xff,0xd2,0x00,0x00,0x00,0x06,0x20,0x09,0xff,0xe8,0x43,
0x35,0x9e,0xf2,0x00,0x08,0xff,0xff,0xff,0xff,0xff,0x20,0x00,0x02,0x8c,0xef,0xed,0xa6,0x10,0x00,0x00,
0x00,0x28,0x71,0x00,0x00,0x00,0x00,0x00,0x0b,0xff,0x80,0x00,0x00,0x00,0x00,0x05,0xfd,0xef,0x20,0x00,
0x00,0x00,0x01,0xdf,0x35,0xfb,0x00,0x00,0x00,0x00,0x8f,0x70,0x0a,0xf5,0x00,0x00,0x00,0x3f,0xc0,0x00,
0x1e,0xe1,0x00,0x00,0x00,0x00,0x00,0x00,0x00,0x00,0x00,0x00,0x00,0x00,0x00,0x00,0x00,0x00,0x00,0x00,
0x39,0xde,0xed,0x93,0x00,0x00,0x00,0x9f,0xff,0xff,0xff,0xf8,0x00,0x00,0xaf,0xfc,0x64,0x36,0xcf,0xf7,
0x00,0x5f,0xf6,0x00,0x00,0x00,0xaf,0xe1,0x0c,0xfa,0x00,0x00,0x00,0x01,0xff,0x62,0xff,0x50,0x00,0x00,
0x00,0x0d,0xf9,0x5f,0xff,0xff,0xff,0xff,0xff,0xff,0xb6,0xff,0xff,0xff,0xff,0xff,0xff,0xfb,0x6f,0xf3,
0x00,0x00,0x00,0x00,0x00,0x05,0xff,0x60,0x00,0x00,0x00,0x00,0x00,0x2f,0xfa,0x00,0x00,0x00,0x00,0x00,
0x00,0xdf,0xf2,0x00,0x00,0x00,0x00,0x00,0x05,0xff,0xd2,0x00,0x00,0x00,0x06,0x20,0x09,0xff,0xe8,0x43,
0x35,0x9e,0xf2,0x00,0x08,0xff,0xff,0xff,0xff,0xff,0x20,0x00,0x02,0x8c,0xef,0xed,0xa6,0x10,0x00,0x02,
0xff,0x90,0x0c,0xff,0x00,0x00,0x00,0x2f,0xf9,0x00,0xcf,0xf0,0x00,0x00,0x02,0xcc,0x70,0x0a,0xcc,0x00,
0x00,0x00,0x00,0x00,0x00,0x00,0x00,0x00,0x00,0x00,0x00,0x00,0x00,0x00,0x00,0x00,0x00,0x00,0x00,0x00,
0x00,0x00,0x00,0x00,0x00,0x39,0xde,0xed,0x93,0x00,0x00,0x00,0x9f,0xff,0xff,0xff,0xf8,0x00,0x00,0xaf,
0xfc,0x64,0x36,0xcf,0xf7,0x00,0x5f,0xf6,0x00,0x00,0x00,0xaf,0xe1,0x0c,0xfa,0x00,0x00,0x00,0x01,0xff,
0x62,0xff,0x50,0x00,0x00,0x00,0x0d,0xf9,0x5f,0xff,0xff,0xff,0xff,0xff,0xff,0xb6,0xff,0xff,0xff,0xff,
0xff,0xff,0xfb,0x6f,0xf3,0x00,0x00,0x00,0x00,0x00,0x05,0xff,0x60,0x00,0x00,0x00,0x00,0x00,0x2f,0xfa,
0x00,0x00,0x00,0x00,0x00,0x00,0xdf,0xf2,0x00,0x00,0x00,0x00,0x00,0x05,0xff,0xd2,0x00,0x00,0x00,0x06,
0x20,0x09,0xff,0xe8,0x43,0x35,0x9e,0xf2,0x00,0x08,0xff,0xff,0xff,0xff,0xff,0x20,0x00,0x02,0x8c,0xef,
0xed,0xa6,0x10,0x6f,0xf4,0x00,0x00,0x9f,0xd1,0x00,0x00,0xbf,0xa0,0x00,0x01,0xdf,0x50,0x00,0x03,0xee,
0x20,0x00,0x04,0x84,0x00,0x00,0x00,0x00,0x00,0x5f,0xf2,0x00,0x05,0xff,0x20,0x00,0x5f,0xf2,0x00,0x05,
0xff,0x20,0x00,0x5f,0xf2,0x00,0x05,0xff,0x20,0x00,0x5f,0xf2,0x00,0x05,0xff,0x20,0x00,0x5f,0xf2,0x00,
0x05,0xff,0x20,0x00,0x5f,0xf2,0x00,0x05,0xff,0x20,0x00,0x5f,0xf2,0x00,0x05,0xff,0x20,0x00,0x5f,0xf2,
0x00,0x05,0xff,0x20,0x00,0x00,0x8f,0xe2,0x00,0x04,0xff,0x50,0x00,0x1d,0xf7,0x00,0x00,0xaf,0xa0,0x00,
0x05,0xfc,0x10,0x00,0x06,0x82,0x00,0x00,0x00,0x00,0x00,0x00,0x05,0xff,0x20,0x00,0x05,0xff,0x20,0x00,
0x05,0xff,0x20,0x00,0x05,0xff,0x20,0x00,0x05,0xff,0x20,0x00,0x05,0xff,0x20,0x00,0x05,0xff,0x20,0x00,
0x05,0xff,0x20,0x00,0x05,0xff,0x20,0x00,0x05,0xff,0x20,0x00,0x05,0xff,0x20,0x00,0x05,0xff,0x20,0x00,
0x05,0xff,0x20,0x00,0x05,0xff,0x20,0x00,0x05,0xff,0x20,0x00,0x05,0xff,0x20,0x00,0x00,0x06,0xff,0x30,
0x00,0x00,0x1e,0xff,0xc0,0x00,0x00,0xaf,0x7b,0xf6,0x00,0x04,0xfc,0x01,0xee,0x10,0x0d,0xe2,0x00,0x5f,
0xa0,0x28,0x50,0x00,0x06,0x71,0x00,0x00,0x00,0x00,0x00,0x00,0x05,0xff,0x20,0x00,0x00,0x05,0xff,0x20,
0x00,0x00,0x05,0xff,0x20,0x00,0x00,0x05,0xff,0x20,0x00,0x00,0x05,0xff,0x20,0x00,0x00,0x05,0xff,0x20,
0x00,0x00,0x05,0xff,0x20,0x00,0x00,0x05,0xff,0x20,0x00,0x00,0x05,0xff,0x20,0x00,0x00,0x05,0xff,0x20,
0x00,0x00,0x05,0xff,0x20,0x00,0x00,0x05,0xff,0x20,0x00,0x00,0x05,0xff,0x20,0x00,0x00,0x05,0xff,0x20,
0x00,0x00,0x05,0xff,0x20,0x00,0x00,0x05,0xff,0x20,0x00,0x3f,0xf9,0x00,0xcf,0xe3,0xff,0x90,0x0c,0xfe,
0x2c,0xc7,0x00,0xac,0xc0,0x00,0x00,0x00,0x00,0x00,0x00,0x00,0x00,0x00,0x00,0x00,0x00,0x00,0x00,0x05,
0xff,0x20,0x00,0x00,0x5f,0xf2,0x00,0x00,0x05,0xff,0x20,0x00,0x00,0x5f,0xf2,0x00,0x00,0x05,0xff,0x20,
0x00,0x00,0x5f,0xf2,0x00,0x00,0x05,0xff,0x20,0x00,0x00,0x5f,0xf2,0x00,0x00,0x05,0xff,0x20,0x00,0x00,
0x5f,0xf2,0x00,0x00,0x05,0xff,0x20,0x00,0x00,0x5f,0xf2,0x00,0x00,0x05,0xff,0x20,0x00,0x00,0x5f,0xf2,
0x00,0x00,0x05,0xff,0x20,0x00,0x00,0x5f,0xf2,0x00,0x00,0x05,0xff,0xc1,0x00,0x03,0x50,0x00,0x00,0x05,
0xff,0xb3,0x8d,0xfd,0x00,0x00,0x00,0x09,0xff,0xfd,0x83,0x00,0x00,0x05,0x9e,0xfd,0xff,0x80,0x00,0x00,
0x00,0xdc,0x72,0x09,0xff,0x50,0x00,0x00,0x01,0x00,0x00,0x0a,0xff,0x40,0x00,0x00,0x00,0x5b,0xef,0xef,
0xfd,0x10,0x00,0x01,0xbf,0xff,0xff,0xff,0xfb,0x00,0x00,0xbf,0xfb,0x52,0x24,0xbf,0xf4,0x00,0x6f,0xf9,
0x00,0x00,0x01,0xef,0xb0,0x0d,0xfe,0x10,0x00,0x00,0x09,0xff,0x12,0xff,0x80,0x00,0x00,0x00,0x5f,0xf5,
0x5f,0xf5,0x00,0x00,0x00,0x02,0xff,0x76,0xff,0x30,0x00,0x00,0x00,0x1f,0xf8,0x6f,0xf3,0x00,0x00,0x00,
0x01,0xff,0x85,0xff,0x50,0x00,0x00,0x00,0x3f,0xf7,0x2f,0xf8,0x00,0x00,0x00,0x06,0xff,0x40,0xdf,0xe1,
0x00,0x00,0x00,0xcf,0xe1,0x06,0xff,0x90,0x00,0x00,0x7f,0xf8,0x00,0x0b,0xff,0xb5,0x34,0xaf,0xfd,0x10,
0x00,0x1a,0xff,0xff,0xff,0xfc,0x10,0x00,0x00,0x05,0xae,0xfe,0xb6,0x00,0x00,0x00,0x03,0xcd,0x80,0x02,
0xe8,0x00,0x00,0x0d,0xfe,0xfa,0x15,0xf6,0x00,0x00,0x4f,0x80,0x9f,0xee,0xf1,0x00,0x00,0x6f,0x50,0x08,
0xee,0x50,0x00,0x00,0x00,0x00,0x00,0x00,0x00,0x00,0x00,0x00,0x00,0x00,0x00,0x00,0x00,0x7f,0xf1,0x06,
0xce,0xec,0x70,0x00,0x7f,0xf2,0xbf,0xff,0xff,0xfc,0x10,0x7f,0xfb,0xfa,0x54,0x6d,0xff,0x80,0x7f,0xff,
0x50,0x00,0x01,0xdf,0xe0,0x7f,0xfa,0x00,0x00,0x00,0x7f,0xf3,0x7f,0xf4,0x00,0x00,0x00,0x3f,0xf5,0x7f,
0xf2,0x00,0x00,0x00,0x2f,0xf5,0x7f,0xf1,0x00,0x00,0x00,0x2f,0xf6,0x7f,0xf1,0x00,0x00,0x00,0x2f,0xf6,
0x7f,0xf1,0x00,0x00,0x00,0x2f,0xf6,0x7f,0xf1,0x00,0x00,0x00,0x2f,0xf6,0x7f,0xf1,0x00,0x00,0x00,0x2f,
0xf6,0x7f,0xf1,0x00,0x00,0x00,0x2f,0xf6,0x7f,0xf1,0x00,0x00,0x00,0x2f,0xf6,0x7f,0xf1,0x00,0x00,0x00,
0x2f,0xf6,0x7f,0xf1,0x00,0x00,0x00,0x2f,0xf6,0x00,0x07,0x86,0x00,0x00,0x00,0x00,0x00,0x00,0x5f,0xf4,
0x00,0x00,0x00,0x00,0x00,0x00,0x7f,0xe1,0x00,0x00,0x00,0x00,0x00,0x00,0xaf,0xa0,0x00,0x00,0x00,0x00,
0x00,0x01,0xcf,0x60,0x00,0x00,0x00,0x00,0x00,0x02,0xee,0x20,0x00,0x00,0x00,0x00,0x00,0x00,0x00,0x00,
0x00,0x00,0x00,0x00,0x00,0x00,0x00,0x00,0x00,0x00,0x00,0x6b,0xef,0xeb,0x70,0x00,0x00,0x01,0xcf,0xff,
0xff,0xff,0xd2,0x00,0x00,0xcf,0xfb,0x53,0x5a,0xff,0xe1,0x00,0x7f,0xf9,0x00,0x00,0x08,0xff,0x90,0x0e,
0xfd,0x10,0x00,0x00,0x0c,0xff,0x13,0xff,0x80,0x00,0x00,0x00,0x6f,0xf5,0x5f,0xf5,0x00,0x00,0x00,0x03,
0xff,0x76,0xff,0x30,0x00,0x00,0x00,0x1f,0xf8,0x6f,0xf3,0x00,0x00,0x00,0x01,0xff,0x85,0xff,0x50,0x00,
0x00,0x00,0x3f,0xf7,0x3f,0xf8,0x00,0x00,0x00,0x06,0xff,0x50,0xef,0xd0,0x00,0x00,0x00,0xcf,0xf1,0x07,
0xff,0x90,0x00,0x00,0x7f,0xf9,0x00,0x0c,0xff,0xb5,0x34,0xaf,0xfe,0x10,0x00,0x1c,0xff,0xff,0xff,0xfd,
0x20,0x00,0x00,0x06,0xbe,0xfe,0xb7,0x00,0x00,0x00,0x00,0x00,0x00,0x05,0x87,0x00,0x00,0x00,0x00,0x00,
0x04,0xff,0x60,0x00,0x00,0x00,0x00,0x01,0xdf,0x90,0x00,0x00,0x00,0x00,0x00,0x9f,0xb0,0x00,0x00,0x00,
0x00,0x00,0x5f,0xd1,0x00,0x00,0x00,0x00,0x00,0x1e,0xe3,0x00,0x00,0x00,0x00,0x00,0x00,0x00,0x00,0x00,
0x00,0x00,0x00,0x00,0x00,0x00,0x00,0x00,0x00,0x00,0x00,0x6b,0xef,0xeb,0x70,0x00,0x00,0x01,0xcf,0xff,
0xff,0xff,0xd2,0x00,0x00,0xcf,0xfb,0x53,0x5a,0xff,0xe1,0x00,0x7f,0xf9,0x00,0x00,0x08,0xff,0x90,0x0e,
0xfd,0x10,0x00,0x00,0x0c,0xff,0x13,0xff,0x80,0x00,0x00,0x00,0x6f,0xf5,0x5f,0xf5,0x00,0x00,0x00,0x03,
0xff,0x76,0xff,0x30,0x00,0x00,0x00,0x1f,0xf8,0x6f,0xf3,0x00,0x00,0x00,0x01,0xff,0x85,0xff,0x50,0x00,
0x00,0x00,0x3f,0xf7,0x3f,0xf8,0x00,0x00,0x00,0x06,0xff,0x50,0xef,0xd0,0x00,0x00,0x00,0xcf,0xf1,0x07,
0xff,0x90,0x00,0x00,0x7f,0xf9,0x00,0x0c,0xff,0xb5,0x34,0xaf,0xfe,0x10,0x00,0x1c,0xff,0xff,0xff,0xfd,
0x20,0x00,0x00,0x06,0xbe,0xfe,0xb7,0x00,0x00,0x00,0x00,0x00,0x48,0x50,0x00,0x00,0x00,0x00,0x00,0x1e,
0xff,0x30,0x00,0x00,0x00,0x00,0x0a,0xfc,0xfc,0x00,0x00,0x00,0x00,0x04,0xfc,0x0a,0xf6,0x00,0x00,0x00,
0x00,0xdf,0x30,0x1e,0xe1,0x00,0x00,0x00,0x7f,0x70,0x00,0x5f,0x90,0x00,0x00,0x00,0x00,0x00,0x00,0x00,
0x00,0x00,0x00,0x00,0x00,0x00,0x00,0x00,0x00,0x00,0x00,0x6b,0xef,0xeb,0x70,0x00,0x00,0x01,0xcf,0xff,
0xff,0xff,0xd2,0x00,0x00,0xcf,0xfb,0x53,0x5a,0xff,0xe1,0x00,0x7f,0xf9,0x00,0x00,0x08,0xff,0x90,0x0e,
0xfd,0x10,0x00,0x00,0x0c,0xff,0x13,0xff,0x80,0x00,0x00,0x00,0x6f,0xf5,0x5f,0xf5,0x00,0x00,0x00,0x03,
0xff,0x76,0xff,0x30,0x00,0x00,0x00,0x1f,0xf8,0x6f,0xf3,0x00,0x00,0x00,0x01,0xff,0x85,0xff,0x50,0x00,
0x00,0x00,0x3f,0xf7,0x3f,0xf8,0x00,0x00,0x00,0x06,0xff,0x50,0xef,0xd0,0x00,0x00,0x00,0xcf,0xf1,0x07,
0xff,0x90,0x00,0x00,0x7f,0xf9,0x00,0x0c,0xff,0xb5,0x34,0xaf,0xfe,0x10,0x00,0x1c,0xff,0xff,0xff,0xfd,
0x20,0x00,0x00,0x06,0xbe,0xfe,0xb7,0x00,0x00,0x00,0x00,0x8d,0xb3,0x00,0x9e,0x00,0x00,0x00,0x6f,0xef,
0xe4,0x0d,0xe0,0x00,0x00,0x0b,0xe1,0x3e,0xfd,0xf8,0x00,0x00,0x00,0xdc,0x00,0x3c,0xfb,0x10,0x00,0x00,
0x00,0x00,0x00,0x00,0x00,0x00,0x00,0x00,0x00,0x00,0x00,0x00,0x00,0x00,0x00,0x00,0x6b,0xef,0xeb,0x70,
0x00,0x00,0x01,0xcf,0xff,0xff,0xff,0xd2,0x00,0x00,0xcf,0xfb,0x53,0x5a,0xff,0xe1,0x00,0x7f,0xf9,0x00,
0x00,0x08,0xff,0x90,0x0e,0xfd,0x10,0x00,0x00,0x0c,0xff,0x13,0xff,0x80,0x00,0x00,0x00,0x6f,0xf5,0x5f,
0xf5,0x00,0x00,0x00,0x03,0xff,0x76,0xff,0x30,0x00,0x00,0x00,0x1f,0xf8,0x6f,0xf3,0x00,0x00,0x00,0x01,
0xff,0x85,0xff,0x50,0x00,0x00,0x00,0x3f,0xf7,0x3f,0xf8,0x00,0x00,0x00,0x06,0xff,0x50,0xef,0xd0,0x00,
0x00,0x00,0xcf,0xf1,0x07,0xff,0x90,0x00,0x00,0x7f,0xf9,0x00,0x0c,0xff,0xb5,0x34,0xaf,0xfe,0x10,0x00,
0x1c,0xff,0xff,0xff,0xfd,0x20,0x00,0x00,0x06,0xbe,0xfe,0xb7,0x00,0x00,0x00,0x07,0xff,0x40,0x2f,0xfa,
0x00,0x00,0x00,0x7f,0xf4,0x02,0xff,0xa0,0x00,0x00,0x06,0xcc,0x30,0x2c,0xc8,0x00,0x00,0x00,0x00,0x00,
0x00,0x00,0x00,0x00,0x00,0x00,0x00,0x00,0x00,0x00,0x00,0x00,0x00,0x00,0x00,0x00,0x00,0x00,0x00,0x00,
0x00,0x6b,0xef,0xeb,0x70,0x00,0x00,0x01,0xcf,0xff,0xff,0xff,0xd2,0x00,0x00,0xcf,0xfb,0x53,0x5a,0xff,
0xe1,0x00,0x7f,0xf9,0x00,0x00,0x08,0xff,0x90,0x0e,0xfd,0x10,0x00,0x00,0x0c,0xff,0x13,0xff,0x80,0x00,
0x00,0x00,0x6f,0xf5,0x5f,0xf5,0x00,0x00,0x00,0x03,0xff,0x76,0xff,0x30,0x00,0x00,0x00,0x1f,0xf8,0x6f,
0xf3,0x00,0x00,0x00,0x01,0xff,0x85,0xff,0x50,0x00,0x00,0x00,0x3f,0xf7,0x3f,0xf8,0x00,0x00,0x00,0x06,
0xff,0x50,0xef,0xd0,0x00,0x00,0x00,0xcf,0xf1,0x07,0xff,0x90,0x00,0x00,0x7f,0xf9,0x00,0x0c,0xff,0xb5,
0x34,0xaf,0xfe,0x10,0x00,0x1c,0xff,0xff,0xff,0xfd,0x20,0x00,0x00,0x06,0xbe,0xfe,0xb7,0x00,0x00,0x00,
0x00,0x00,0x00,0xef,0xf6,0x00,0x00,0x00,0x00,0x00,0x00,0x00,0x0e,0xff,0x60,0x00,0x00,0x00,0x00,0x00,
0x00,0x00,0xef,0xf6,0x00,0x00,0x00,0x00,0x00,0x00,0x00,0x06,0x77,0x30,0x00,0x00,0x00,0x00,0x00,0x00,
0x00,0x00,0x00,0x00,0x00,0x00,0x00,0x66,0x66,0x66,0x66,0x66,0x66,0x66,0x66,0x63,0x0f,0xff,0xff,0xff,
0xff,0xff,0xff,0xff,0xff,0x80,0xff,0xff,0xff,0xff,0xff,0xff,0xff,0xff,0xf8,0x00,0x00,0x00,0x00,0x00,
0x00,0x00,0x00,0x00,0x00,0x00,0x00,0x00,0x00,0x00,0x00,0x00,0x00,0x00,0x00,0x00,0x00,0x00,0x66,0x63,
0x00,0x00,0x00,0x00,0x00,0x00,0x00,0x0e,0xff,0x60,0x00,0x00,0x00,0x00,0x00,0x00,0x00,0xef,0xf6,0x00,
0x00,0x00,0x00,0x00,0x00,0x00,0x0e,0xff,0x60,0x00,0x00,0x00,0x00,0x00,0x00,0x00,0x00,0x00,0x00,0x75,
0x00,0x00,0x00,0x6b,0xef,0xeb,0x60,0x5f,0xd0,0x00,0x01,0xcf,0xff,0xff,0xff,0xce,0xe2,0x00,0x00,0xcf,
0xfb,0x53,0x5a,0xff,0xf5,0x00,0x00,0x7f,0xf9,0x00,0x00,0x0d,0xff,0x90,0x00,0x0e,0xfe,0x10,0x00,0x09,
0xfd,0xfe,0x10,0x03,0xff,0x80,0x00,0x07,0xf8,0x5f,0xf5,0x00,0x5f,0xf5,0x00,0x04,0xfb,0x02,0xff,0x70,
0x06,0xff,0x40,0x03,0xed,0x10,0x1f,0xf8,0x00,0x6f,0xf3,0x01,0xde,0x30,0x02,0xff,0x80,0x05,0xff,0x40,
0xbf,0x50,0x00,0x3f,0xf7,0x00,0x3f,0xf8,0x9f,0x80,0x00,0x06,0xff,0x50,0x00,0xdf,0xef,0xa0,0x00,0x00,
0xcf,0xf1,0x00,0x07,0xff,0xe1,0x00,0x00,0x8f,0xf9,0x00,0x00,0x3f,0xff,0xb5,0x34,0xaf,0xfe,0x10,0x00,
0x1d,0xfc,0xff,0xff,0xff,0xfd,0x20,0x00,0x0b,0xf7,0x05,0xbe,0xfe,0xb7,0x10,0x00,0x00,0x48,0x00,0x00,
0x00,0x00,0x00,0x00,0x00,0x00,0x68,0x70,0x00,0x00,0x00,0x00,0x00,0x3f,0xf6,0x00,0x00,0x00,0x00,0x00,
0x06,0xfe,0x20,0x00,0x00,0x00,0x00,0x00,0x9f,0xc0,0x00,0x00,0x00,0x00,0x00,0x0b,0xf8,0x00,0x00,0x00,
0x00,0x00,0x01,0xdf,0x30,0x00,0x00,0x00,0x00,0x00,0x00,0x00,0x00,0x00,0x00,0x00,0x00,0x00,0x00,0x00,
0x00,0x9f,0xd0,0x00,0x00,0x00,0x5f,0xf3,0x9f,0xd0,0x00,0x00,0x00,0x5f,0xf3,0x9f,0xd0,0x00,0x00,0x00,
0x5f,0xf3,0x9f,0xd0,0x00,0x00,0x00,0x5f,0xf3,0x9f,0xd0,0x00,0x00,0x00,0x5f,0xf3,0x9f,0xd0,0x00,0x00,
0x00,0x5f,0xf3,0x9f,0xd0,0x00,0x00,0x00,0x5f,0xf3,0x9f,0xd0,0x00,0x00,0x00,0x5f,0xf3,0x9f,0xd0,0x00,
0x00,0x00,0x5f,0xf3,0x9f,0xe0,0x00,0x00,0x00,0x5f,0xf3,0x9f,0xe0,0x00,0x00,0x00,0x8f,0xf3,0x7f,0xf3,
0x00,0x00,0x00,0xdf,0xf3,0x3f,0xfa,0x00,0x00,0x09,0xff,0xf3,0x0c,0xff,0xb5,0x46,0xcf,0xbf,0xf3,0x02,
0xef,0xff,0xff,0xf9,0x5f,0xf3,0x00,0x29,0xdf,0xeb,0x50,0x5f,0xf3,0x00,0x00,0x00,0x00,0x48,0x71,0x00,
0x00,0x00,0x00,0x02,0xef,0x70,0x00,0x00,0x00,0x00,0x0c,0xfa,0x00,0x00,0x00,0x00,0x00,0x8f,0xc1,0x00,
0x00,0x00,0x00,0x03,0xfe,0x20,0x00,0x00,0x00,0x00,0x1d,0xf4,0x00,0x00,0x00,0x00,0x00,0x00,0x00,0x00,
0x00,0x00,0x00,0x00,0x00,0x00,0x00,0x00,0x00,0x9f,0xd0,0x00,0x00,0x00,0x5f,0xf3,0x9f,0xd0,0x00,0x00,
0x00,0x5f,0xf3,0x9f,0xd0,0x00,0x00,0x00,0x5f,0xf3,0x9f,0xd0,0x00,0x00,0x00,0x5f,0xf3,0x9f,0xd0,0x00,
0x00,0x00,0x5f,0xf3,0x9f,0xd0,0x00,0x00,0x00,0x5f,0xf3,0x9f,0xd0,0x00,0x00,0x00,0x5f,0xf3,0x9f,0xd0,
0x00,0x00,0x00,0x5f,0xf3,0x9f,0xd0,0x00,0x00,0x00,0x5f,0xf3,0x9f,0xe0,0x00,0x00,0x00,0x5f,0xf3,0x9f,
0xe0,0x00,0x00,0x00,0x8f,0xf3,0x7f,0xf3,0x00,0x00,0x00,0xdf,0xf3,0x3f,0xfa,0x00,0x00,0x09,0xff,0xf3,
0x0c,0xff,0xb5,0x46,0xcf,0xbf,0xf3,0x02,0xef,0xff,0xff,0xf9,0x5f,0xf3,0x00,0x29,0xdf,0xeb,0x50,0x5f,
0xf3,0x00,0x00,0x04,0x86,0x00,0x00,0x00,0x00,0x00,0x1d,0xff,0x40,0x00,0x00,0x00,0x00,0x8f,0xcf,0xd1,
0x00,0x00,0x00,0x03,0xfd,0x19,0xf8,0x00,0x00,0x00,0x0b,0xf4,0x01,0xdf,0x20,0x00,0x00,0x6f,0x80,0x00,
0x3f,0xb0,0x00,0x00,0x00,0x00,0x00,0x00,0x00,0x00,0x00,0x00,0x00,0x00,0x00,0x00,0x00,0x9f,0xd0,0x00,
0x00,0x00,0x5f,0xf3,0x9f,0xd0,0x00,0x00,0x00,0x5f,0xf3,0x9f,0xd0,0x00,0x00,0x00,0x5f,0xf3,0x9f,0xd0,
0x00,0x00,0x00,0x5f,0xf3,0x9f,0xd0,0x00,0x00,0x00,0x5f,0xf3,0x9f,0xd0,0x00,0x00,0x00,0x5f,0xf3,0x9f,
0xd0,0x00,0x00,0x00,0x5f,0xf3,0x9f,0xd0,0x00,0x00,0x00,0x5f,0xf3,0x9f,0xd0,0x00,0x00,0x00,0x5f,0xf3,
0x9f,0xe0,0x00,0x00,0x00,0x5f,0xf3,0x9f,0xe0,0x00,0x00,0x00,0x8f,0xf3,0x7f,0xf3,0x00,0x00,0x00,0xdf,
0xf3,0x3f,0xfa,0x00,0x00,0x09,0xff,0xf3,0x0c,0xff,0xb5,0x46,0xcf,0xbf,0xf3,0x02,0xef,0xff,0xff,0xf9,
0x5f,0xf3,0x00,0x29,0xdf,0xeb,0x50,0x5f,0xf3,0x00,0x6f,0xf6,0x00,0xff,0xb0,0x00,0x00,0x6f,0xf6,0x00,
0xff,0xb0,0x00,0x00,0x5c,0xc5,0x00,0xcc,0x90,0x00,0x00,0x00,0x00,0x00,0x00,0x00,0x00,0x00,0x00,0x00,
0x00,0x00,0x00,0x00,0x00,0x00,0x00,0x00,0x00,0x00,0x00,0x9f,0xd0,0x00,0x00,0x00,0x5f,0xf3,0x9f,0xd0,
0x00,0x00,0x00,0x5f,0xf3,0x9f,0xd0,0x00,0x00,0x00,0x5f,0xf3,0x9f,0xd0,0x00,0x00,0x00,0x5f,0xf3,0x9f,
0xd0,0x00,0x00,0x00,0x5f,0xf3,0x9f,0xd0,0x00,0x00,0x00,0x5f,0xf3,0x9f,0xd0,0x00,0x00,0x00,0x5f,0xf3,
0x9f,0xd0,0x00,0x00,0x00,0x5f,0xf3,0x9f,0xd0,0x00,0x00,0x00,0x5f,0xf3,0x9f,0xe0,0x00,0x00,0x00,0x5f,
0xf3,0x9f,0xe0,0x00,0x00,0x00,0x8f,0xf3,0x7f,0xf3,0x00,0x00,0x00,0xdf,0xf3,0x3f,0xfa,0x00,0x00,0x09,
0xff,0xf3,0x0c,0xff,0xb5,0x46,0xcf,0xbf,0xf3,0x02,0xef,0xff,0xff,0xf9,0x5f,0xf3,0x00,0x29,0xdf,0xeb,
0x50,0x5f,0xf3,0x00,0x00,0x00,0x00,0x03,0xff,0x70,0x00,0x00,0x00,0x00,0x00,0x0c,0xfa,0x00,0x00,0x00,
0x00,0x00,0x00,0x8f,0xc1,0x00,0x00,0x00,0x00,0x00,0x04,0xfe,0x20,0x00,0x00,0x00,0x00,0x00,0x1d,0xf4,
0x00,0x00,0x00,0x00,0x00,0x00,0x38,0x50,0x00,0x00,0x00,0x00,0x00,0x00,0x00,0x00,0x00,0x00,0x00,0x1e,
0xfa,0x00,0x00,0x00,0x00,0x2f,0xf8,0x09,0xff,0x10,0x00,0x00,0x00,0x8f,0xf2,0x03,0xff,0x70,0x00,0x00,
0x00,0xdf,0xc0,0x00,0xcf,0xd0,0x00,0x00,0x04,0xff,0x60,0x00,0x6f,0xf3,0x00,0x00,0x0a,0xfe,0x10,0x00,
0x1e,0xf9,0x00,0x00,0x1f,0xf9,0x00,0x00,0x09,0xfe,0x10,0x00,0x6f,0xf3,0x00,0x00,0x03,0xff,0x60,0x00,
0xcf,0xd0,0x00,0x00,0x00,0xcf,0xb0,0x03,0xff,0x70,0x00,0x00,0x00,0x6f,0xf2,0x09,0xff,0x10,0x00,0x00,
0x00,0x1e,0xf8,0x0e,0xfa,0x00,0x00,0x00,0x00,0x0a,0xfd,0x5f,0xf4,0x00,0x00,0x00,0x00,0x04,0xff,0xef,
0xd0,0x00,0x00,0x00,0x00,0x00,0xdf,0xff,0x80,0x00,0x00,0x00,0x00,0x00,0x7f,0xff,0x20,0x00,0x00,0x00,
0x00,0x00,0x1f,0xfb,0x00,0x00,0x00,0x00,0x00,0x00,0x4f,0xf6,0x00,0x00,0x00,0x00,0x00,0x00,0xaf,0xe1,
0x00,0x00,0x00,0x00,0x00,0x02,0xff,0x90,0x00,0x00,0x00,0x00,0x22,0x4c,0xff,0x20,0x00,0x00,0x00,0x00,
0xcf,0xff,0xf7,0x00,0x00,0x00,0x00,0x00,0xcf,0xec,0x60,0x00,0x00,0x00,0x00,0x7f,0xf1,0x00,0x00,0x00,
0x00,0x00,0x07,0xff,0x10,0x00,0x00,0x00,0x00,0x00,0x7f,0xf1,0x00,0x00,0x00,0x00,0x00,0x07,0xff,0x10,
0x00,0x00,0x00,0x00,0x00,0x7f,0xf1,0x00,0x00,0x00,0x00,0x00,0x07,0xff,0x10,0x00,0x00,0x00,0x00,0x00,
0x7f,0xf1,0x17,0xce,0xec,0x60,0x00,0x07,0xff,0x3d,0xff,0xff,0xff,0xb1,0x00,0x7f,0xfc,0xf9,0x43,0x5c,
0xff,0xa0,0x07,0xff,0xf6,0x00,0x00,0x0b,0xff,0x40,0x7f,0xfc,0x00,0x00,0x00,0x2f,0xfb,0x07,0xff,0x60,
0x00,0x00,0x00,0xbf,0xe0,0x7f,0xf3,0x00,0x00,0x00,0x07,0xff,0x27,0xff,0x20,0x00,0x00,0x00,0x6f,0xf3,
0x7f,0xf2,0x00,0x00,0x00,0x06,0xff,0x37,0xff,0x30,0x00,0x00,0x00,0x7f,0xf2,0x7f,0xf6,0x00,0x00,0x00,
0x0b,0xfe,0x07,0xff,0xc0,0x00,0x00,0x01,0xff,0xb0,0x7f,0xff,0x60,0x00,0x00,0xbf,0xf4,0x07,0xff,0xcf,
0x94,0x35,0xcf,0xfa,0x00,0x7f,0xf3,0xdf,0xff,0xff,0xfb,0x10,0x07,0xff,0x11,0x7c,0xee,0xc6,0x00,0x00,
0x7f,0xf1,0x00,0x00,0x00,0x00,0x00,0x07,0xff,0x10,0x00,0x00,0x00,0x00,0x00,0x7f,0xf1,0x00,0x00,0x00,
0x00,0x00,0x07,0xff,0x10,0x00,0x00,0x00,0x00,0x00,0x7f,0xf1,0x00,0x00,0x00,0x00,0x00,0x07,0xff,0x10,
0x00,0x00,0x00,0x00,0x00,0x00,0x00,0xcf,0xf0,0x06,0xff,0x50,0x00,0x00,0x00,0xcf,0xf0,0x06,0xff,0x50,
0x00,0x00,0x00,0xac,0xc0,0x05,0xcc,0x40,0x00,0x00,0x00,0x00,0x00,0x00,0x00,0x00,0x00,0x00,0x00,0x00,
0x00,0x00,0x00,0x00,0x00,0x00,0x00,0x00,0x00,0x00,0x00,0x00,0x00,0x1e,0xfa,0x00,0x00,0x00,0x00,0x2f,
0xf8,0x09,0xff,0x10,0x00,0x00,0x00,0x8f,0xf2,0x03,0xff,0x70,0x00,0x00,0x00,0xdf,0xc0,0x00,0xcf,0xd0,
0x00,0x00,0x04,0xff,0x60,0x00,0x6f,0xf3,0x00,0x00,0x0a,0xfe,0x10,0x00,0x1e,0xf9,0x00,0x00,0x1f,0xf9,
0x00,0x00,0x09,0xfe,0x10,0x00,0x6f,0xf3,0x00,0x00,0x03,0xff,0x60,0x00,0xcf,0xd0,0x00,0x00,0x00,0xcf,
0xb0,0x03,0xff,0x70,0x00,0x00,0x00,0x6f,0xf2,0x09,0xff,0x10,0x00,0x00,0x00,0x1e,0xf8,0x0e,0xfa,0x00,
0x00,0x00,0x00,0x0a,0xfd,0x5f,0xf4,0x00,0x00,0x00,0x00,0x04,0xff,0xef,0xd0,0x00,0x00,0x00,0x00,0x00,
0xdf,0xff,0x80,0x00,0x00,0x00,0x00,0x00,0x7f,0xff,0x20,0x00,0x00,0x00,0x00,0x00,0x1f,0xfb,0x00,0x00,
0x00,0x00,0x00,0x00,0x4f,0xf6,0x00,0x00,0x00,0x00,0x00,0x00,0xaf,0xe1,0x00,0x00,0x00,0x00,0x00,0x02,
0xff,0x90,0x00,0x00,0x00,0x00,0x22,0x4c,0xff,0x20,0x00,0x00,0x00,0x00,0xcf,0xff,0xf7,0x00,0x00,0x00,
0x00,0x00,0xcf,0xec,0x60,0x00,0x00,0x00,0x00,0x00,0x00,0x08,0xff,0xff,0xff,0xfa,0x00,0x00,0x00,0x00,
0x00,0x8f,0xff,0xff,0xff,0xa0,0x00,0x00,0x00,0x00,0x00,0x11,0x11,0x11,0x11,0x00,0x00,0x00,0x00,0x00,
0x00,0x00,0x00,0x00,0x00,0x00,0x00,0x00,0x00,0x00,0x00,0x00,0x00,0x00,0x00,0x00,0x00,0x00,0x00,0x00,
0x3f,0xff,0x50,0x00,0x00,0x00,0x00,0x00,0x00,0x08,0xff,0xfa,0x00,0x00,0x00,0x00,0x00,0x00,0x00,0xef,
0xef,0xf1,0x00,0x00,0x00,0x00,0x00,0x00,0x4f,0xf6,0xff,0x70,0x00,0x00,0x00,0x00,0x00,0x0a,0xfd,0x0b,
0xfc,0x00,0x00,0x00,0x00,0x00,0x01,0xff,0x80,0x6f,0xf3,0x00,0x00,0x00,0x00,0x00,0x6f,0xf3,0x01,0xff,
0x80,0x00,0x00,0x00,0x00,0x0c,0xfc,0x00,0x0a,0xfe,0x00,0x00,0x00,0x00,0x02,0xff,0x70,0x00,0x5f,0xf4,
0x00,0x00,0x00,0x00,0x8f,0xf2,0x00,0x00,0xef,0xa0,0x00,0x00,0x00,0x0d,0xfb,0x00,0x00,0x09,0xff,0x10,
0x00,0x00,0x04,0xff,0x60,0x00,0x00,0x3f,0xf6,0x00,0x00,0x00,0x9f,0xe1,0x00,0x00,0x00,0xdf,0xc0,0x00,
0x00,0x1e,0xff,0xff,0xff,0xff,0xff,0xff,0x20,0x00,0x06,0xff,0xff,0xff,0xff,0xff,0xff,0xf8,0x00,0x00,
0xbf,0xe5,0x55,0x55,0x55,0x55,0xcf,0xd0,0x00,0x2f,0xf9,0x00,0x00,0x00,0x00,0x07,0xff,0x40,0x07,0xff,
0x40,0x00,0x00,0x00,0x00,0x2f,0xf9,0x00,0xdf,0xe0,0x00,0x00,0x00,0x00,0x00,0xcf,0xe1,0x3f,0xf9,0x00,
0x00,0x00,0x00,0x00,0x07,0xff,0x59,0xff,0x40,0x00,0x00,0x00,0x00,0x00,0x2f,0xfb,0x00,0x1f,0xff,0xff,
0xff,0xf1,0x00,0x00,0x1f,0xff,0xff,0xff,0xf1,0x00,0x00,0x01,0x11,0x11,0x11,0x10,0x00,0x00,0x00,0x00,
0x00,0x00,0x00,0x00,0x00,0x00,0x00,0x00,0x00,0x00,0x00,0x00,0x00,0x00,0x00,0x00,0x00,0x00,0x00,0x27,
0xbd,0xfe,0xda,0x40,0x00,0x03,0xff,0xff,0xff,0xff,0xf9,0x00,0x03,0xfb,0x74,0x34,0x7d,0xff,0x70,0x01,
0x20,0x00,0x00,0x00,0xaf,0xe1,0x00,0x00,0x00,0x00,0x00,0x2f,0xf5,0x00,0x00,0x00,0x00,0x00,0x0e,0xf7,
0x00,0x04,0xad,0xef,0xff,0xff,0xf9,0x01,0xbf,0xff,0xff,0xff,0xff,0xf9,0x09,0xff,0xa4,0x21,0x00,0x0e,
0xf9,0x1f,0xf9,0x00,0x00,0x00,0x0f,0xf9,0x4f,0xf4,0x00,0x00,0x00,0x3f,0xf9,0x4f,0xf4,0x00,0x00,0x00,
0x9f,0xf9,0x2f,0xfa,0x00,0x00,0x05,0xff,0xf9,0x0c,0xff,0xa4,0x34,0x9f,0xde,0xf9,0x02,0xef,0xff,0xff,
0xfd,0x2e,0xf9,0x00,0x19,0xdf,0xec,0x71,0x0e,0xf9,0x00,0x00,0x05,0xf5,0x00,0x00,0xaf,0x00,0x00,0x00,
0x00,0x00,0x2f,0xd3,0x00,0x6f,0xb0,0x00,0x00,0x00,0x00,0x00,0x9f,0xfe,0xff,0xf3,0x00,0x00,0x00,0x00,
0x00,0x00,0x6c,0xee,0xb3,0x00,0x00,0x00,0x00,0x00,0x00,0x00,0x00,0x00,0x00,0x00,0x00,0x00,0x00,0x00,
0x00,0x00,0x00,0x00,0x00,0x00,0x00,0x00,0x00,0x00,0x03,0xff,0xf5,0x00,0x00,0x00,0x00,0x00,0x00,0x00,
0x8f,0xff,0xa0,0x00,0x00,0x00,0x00,0x00,0x00,0x0e,0xfe,0xff,0x10,0x00,0x00,0x00,0x00,0x00,0x04,0xff,
0x6f,0xf7,0x00,0x00,0x00,0x00,0x00,0x00,0xaf,0xd0,0xbf,0xc0,0x00,0x00,0x00,0x00,0x00,0x1f,0xf8,0x06,
0xff,0x30,0x00,0x00,0x00,0x00,0x06,0xff,0x30,0x1f,0xf8,0x00,0x00,0x00,0x00,0x00,0xcf,0xc0,0x00,0xaf,
0xe0,0x00,0x00,0x00,0x00,0x2f,0xf7,0x00,0x05,0xff,0x40,0x00,0x00,0x00,0x08,0xff,0x20,0x00,0x0e,0xfa,
0x00,0x00,0x00,0x00,0xdf,0xb0,0x00,0x00,0x9f,0xf1,0x00,0x00,0x00,0x4f,0xf6,0x00,0x00,0x03,0xff,0x60,
0x00,0x00,0x09,0xfe,0x10,0x00,0x00,0x0d,0xfc,0x00,0x00,0x01,0xef,0xff,0xff,0xff,0xff,0xff,0xf2,0x00,
0x00,0x6f,0xff,0xff,0xff,0xff,0xff,0xff,0x80,0x00,0x0b,0xfe,0x55,0x55,0x55,0x55,0x5c,0xfd,0x00,0x02,
0xff,0x90,0x00,0x00,0x00,0x00,0x7f,0xf4,0x00,0x7f,0xf4,0x00,0x00,0x00,0x00,0x02,0xff,0x90,0x0d,0xfe,
0x00,0x00,0x00,0x00,0x00,0x0c,0xfe,0x13,0xff,0x90,0x00,0x00,0x00,0x00,0x00,0x7f,0xf5,0x9f,0xf4,0x00,
0x00,0x00,0x00,0x00,0x02,0xff,0xb0,0x00,0x1f,0x90,0x00,0x06,0xf4,0x00,0x00,0x0d,0xf6,0x11,0x5e,0xf1,
0x00,0x00,0x04,0xff,0xff,0xff,0x70,0x00,0x00,0x00,0x3a,0xdd,0xb5,0x00,0x00,0x00,0x00,0x00,0x00,0x00,
0x00,0x00,0x00,0x00,0x00,0x00,0x00,0x00,0x00,0x00,0x27,0xbd,0xfe,0xda,0x40,0x00,0x03,0xff,0xff,0xff,
0xff,0xf9,0x00,0x03,0xfb,0x74,0x34,0x7d,0xff,0x70,0x01,0x20,0x00,0x00,0x00,0xaf,0xe1,0x00,0x00,0x00,
0x00,0x00,0x2f,0xf5,0x00,0x00,0x00,0x00,0x00,0x0e,0xf7,0x00,0x04,0xad,0xef,0xff,0xff,0xf9,0x01,0xbf,
0xff,0xff,0xff,0xff,0xf9,0x09,0xff,0xa4,0x21,0x00,0x0e,0xf9,0x1f,0xf9,0x00,0x00,0x00,0x0f,0xf9,0x4f,
0xf4,0x00,0x00,0x00,0x3f,0xf9,0x4f,0xf4,0x00,0x00,0x00,0x9f,0xf9,0x2f,0xfa,0x00,0x00,0x05,0xff,0xf9,
0x0c,0xff,0xa4,0x34,0x9f,0xde,0xf9,0x02,0xef,0xff,0xff,0xfd,0x2e,0xf9,0x00,0x19,0xdf,0xec,0x71,0x0e,
0xf9,0x00,0x00,0x00,0x03,0xff,0xf5,0x00,0x00,0x00,0x00,0x00,0x00,0x00,0x08,0xff,0xfa,0x00,0x00,0x00,
0x00,0x00,0x00,0x00,0x0e,0xfe,0xff,0x10,0x00,0x00,0x00,0x00,0x00,0x00,0x4f,0xf6,0xff,0x70,0x00,0x00,
0x00,0x00,0x00,0x00,0xaf,0xd0,0xbf,0xc0,0x00,0x00,0x00,0x00,0x00,0x01,0xff,0x80,0x6f,0xf3,0x00,0x00,
0x00,0x00,0x00,0x06,0xff,0x30,0x1f,0xf8,0x00,0x00,0x00,0x00,0x00,0x0c,0xfc,0x00,0x0a,0xfe,0x00,0x00,
0x00,0x00,0x00,0x2f,0xf7,0x00,0x05,0xff,0x40,0x00,0x00,0x00,0x00,0x8f,0xf2,0x00,0x00,0xef,0xa0,0x00,
0x00,0x00,0x00,0xdf,0xb0,0x00,0x00,0x9f,0xf1,0x00,0x00,0x00,0x04,0xff,0x60,0x00,0x00,0x3f,0xf6,0x00,
0x00,0x00,0x09,0xfe,0x10,0x00,0x00,0x0d,0xfc,0x00,0x00,0x00,0x1e,0xff,0xff,0xff,0xff,0xff,0xff,0x20,
0x00,0x00,0x6f,0xff,0xff,0xff,0xff,0xff,0xff,0x80,0x00,0x00,0xbf,0xe5,0x55,0x55,0x55,0x55,0xcf,0xd0,
0x00,0x02,0xff,0x90,0x00,0x00,0x00,0x00,0x7f,0xf4,0x00,0x07,0xff,0x40,0x00,0x00,0x00,0x00,0x2f,0xf9,
0x00,0x0d,0xfe,0x00,0x00,0x00,0x00,0x00,0x0c,0xfe,0x10,0x3f,0xf9,0x00,0x00,0x00,0x00,0x00,0x07,0xff,
0x50,0x9f,0xf4,0x00,0x00,0x00,0x00,0x00,0x02,0xff,0xb0,0x00,0x00,0x00,0x00,0x00,0x00,0x00,0x04,0xf7,
0x00,0x00,0x00,0x00,0x00,0x00,0x00,0x00,0x0d,0xd0,0x00,0x00,0x00,0x00,0x00,0x00,0x00,0x00,0x4f,0x90,
0x00,0x00,0x00,0x00,0x00,0x00,0x00,0x00,0x4f,0xc1,0x13,0x00,0x00,0x00,0x00,0x00,0x00,0x00,0x1e,0xff,
0xfb,0x00,0x00,0x00,0x00,0x00,0x00,0x00,0x02,0x8a,0xa6,0x00,0x27,0xbd,0xfe,0xda,0x40,0x00,0x00,0x3f,
0xff,0xff,0xff,0xff,0x90,0x00,0x03,0xfb,0x74,0x34,0x7d,0xff,0x70,0x00,0x12,0x00,0x00,0x00,0x0a,0xfe,
0x10,0x00,0x00,0x00,0x00,0x00,0x2f,0xf5,0x00,0x00,0x00,0x00,0x00,0x00,0xef,0x70,0x00,0x04,0xad,0xef,
0xff,0xff,0xf9,0x00,0x1b,0xff,0xff,0xff,0xff,0xff,0x90,0x09,0xff,0xa4,0x21,0x00,0x0e,0xf9,0x01,0xff,
0x90,0x00,0x00,0x00,0xff,0x90,0x4f,0xf4,0x00,0x00,0x00,0x3f,0xf9,0x04,0xff,0x40,0x00,0x00,0x09,0xff,
0x90,0x2f,0xfa,0x00,0x00,0x05,0xff,0xf9,0x00,0xcf,0xfa,0x43,0x49,0xfd,0xef,0x90,0x02,0xef,0xff,0xff,
0xfd,0x2e,0xf9,0x00,0x01,0x9d,0xfe,0xc7,0x10,0xef,0x90,0x00,0x00,0x00,0x00,0x00,0x5f,0x50,0x00,0x00,
0x00,0x00,0x00,0x1e,0xb0,0x00,0x00,0x00,0x00,0x00,0x04,0xfa,0x00,0x00,0x00,0x00,0x00,0x00,0x3f,0xfc,
0xcb,0x00,0x00,0x00,0x00,0x00,0x6d,0xee,0x90,0x00,0x00,0x00,0x00,0x00,0x7f,0xe1,0x00,0x00,0x00,0x00,
0x00,0x00,0x02,0xff,0x40,0x00,0x00,0x00,0x00,0x00,0x00,0x0c,0xf7,0x00,0x00,0x00,0x00,0x00,0x00,0x00,
0x7f,0xa0,0x00,0x00,0x00,0x00,0x00,0x00,0x00,0x00,0x00,0x00,0x00,0x00,0x00,0x00,0x00,0x00,0x00,0x00,
0x00,0x00,0x00,0x00,0x00,0x00,0x59,0xce,0xfe,0xc9,0x40,0x00,0x00,0x00,0x4c,0xff,0xff,0xff,0xff,0xfd,
0x50,0x00,0x06,0xff,0xfd,0x96,0x56,0x8c,0xff,0xf0,0x00,0x4f,0xff,0x70,0x00,0x00,0x00,0x3b,0xf0,0x01,
0xef,0xf5,0x00,0x00,0x00,0x00,0x00,0x70,0x07,0xff,0x90,0x00,0x00,0x00,0x00,0x00,0x00,0x0d,0xff,0x20,
0x00,0x00,0x00,0x00,0x00,0x00,0x1f,0xfd,0x00,0x00,0x00,0x00,0x00,0x00,0x00,0x4f,0xfa,0x00,0x00,0x00,
0x00,0x00,0x00,0x00,0x5f,0xf8,0x00,0x00,0x00,0x00,0x00,0x00,0x00,0x6f,0xf7,0x00,0x00,0x00,0x00,0x00,
0x00,0x00,0x5f,0xf8,0x00,0x00,0x00,0x00,0x00,0x00,0x00,0x4f,0xfa,0x00,0x00,0x00,0x00,0x00,0x00,0x00,
0x1f,0xfd,0x00,0x00,0x00,0x00,0x00,0x00,0x00,0x0d,0xff,0x20,0x00,0x00,0x00,0x00,0x00,0x00,0x07,0xff,
0x90,0x00,0x00,0x00,0x00,0x00,0x00,0x01,0xef,0xf5,0x00,0x00,0x00,0x00,0x00,0x70,0x00,0x4f,0xff,0x70,
0x00,0x00,0x00,0x3b,0xf0,0x00,0x06,0xff,0xfd,0x96,0x56,0x8c,0xff,0xf0,0x00,0x00,0x4c,0xff,0xff,0xff,
0xff,0xfd,0x50,0x00,0x00,0x00,0x59,0xce,0xfe,0xc9,0x40,0x00,0x00,0x00,0x00,0x00,0x03,0x88,0x20,0x00,
0x00,0x00,0x01,0xdf,0xa0,0x00,0x00,0x00,0x00,0x9f,0xc1,0x00,0x00,0x00,0x00,0x5f,0xe2,0x00,0x00,0x00,
0x00,0x1e,0xf4,0x00,0x00,0x00,0x00,0x0a,0xf7,0x00,0x00,0x00,0x00,0x00,0x00,0x00,0x00,0x00,0x00,0x00,
0x00,0x00,0x00,0x00,0x00,0x00,0x39,0xce,0xed,0xb6,0x10,0x00,0x9f,0xff,0xff,0xff,0xfa,0x00,0xaf,0xfd,
0x74,0x34,0x7c,0xa0,0x6f,0xfb,0x10,0x00,0x00,0x02,0x0d,0xfe,0x10,0x00,0x00,0x00,0x02,0xff,0x90,0x00,
0x00,0x00,0x00,0x5f,0xf5,0x00,0x00,0x00,0x00,0x06,0xff,0x40,0x00,0x00,0x00,0x00,0x6f,0xf3,0x00,0x00,
0x00,0x00,0x05,0xff,0x50,0x00,0x00,0x00,0x00,0x2f,0xf9,0x00,0x00,0x00,0x00,0x00,0xdf,0xe1,0x00,0x00,
0x00,0x00,0x06,0xff,0xb1,0x00,0x00,0x00,0x20,0x0a,0xff,0xd7,0x43,0x47,0xca,0x00,0x09,0xff,0xff,0xff,
0xff,0xa0,0x00,0x03,0x9d,0xee,0xdb,0x61,0x00,0x00,0x00,0x00,0x2e,0xff,0x30,0x00,0x00,0x00,0x00,0x00,
0x00,0xcf,0x9f,0xd1,0x00,0x00,0x00,0x00,0x00,0x08,0xf8,0x07,0xf9,0x00,0x00,0x00,0x00,0x00,0x4f,0xa0,
0x00,0x9f,0x50,0x00,0x00,0x00,0x00,0x00,0x00,0x00,0x00,0x00,0x00,0x00,0x00,0x00,0x00,0x00,0x00,0x00,
0x00,0x00,0x00,0x00,0x00,0x59,0xce,0xfe,0xc9,0x40,0x00,0x00,0x00,0x4c,0xff,0xff,0xff,0xff,0xfd,0x50,
0x00,0x06,0xff,0xfd,0x96,0x56,0x8c,0xff,0xf0,0x00,0x4f,0xff,0x70,0x00,0x00,0x00,0x3b,0xf0,0x01,0xef,
0xf5,0x00,0x00,0x00,0x00,0x00,0x70,0x07,0xff,0x90,0x00,0x00,0x00,0x00,0x00,0x00,0x0d,0xff,0x20,0x00,
0x00,0x00,0x00,0x00,0x00,0x1f,0xfd,0x00,0x00,0x00,0x00,0x00,0x00,0x00,0x4f,0xfa,0x00,0x00,0x00,0x00,
0x00,0x00,0x00,0x5f,0xf8,0x00,0x00,0x00,0x00,0x00,0x00,0x00,0x6f,0xf7,0x00,0x00,0x00,0x00,0x00,0x00,
0x00,0x5f,0xf8,0x00,0x00,0x00,0x00,0x00,0x00,0x00,0x4f,0xfa,0x00,0x00,0x00,0x00,0x00,0x00,0x00,0x1f,
0xfd,0x00,0x00,0x00,0x00,0x00,0x00,0x00,0x0d,0xff,0x20,0x00,0x00,0x00,0x00,0x00,0x00,0x07,0xff,0x90,
0x00,0x00,0x00,0x00,0x00,0x00,0x01,0xef,0xf5,0x00,0x00,0x00,0x00,0x00,0x70,0x00,0x4f,0xff,0x70,0x00,
0x00,0x00,0x3b,0xf0,0x00,0x06,0xff,0xfd,0x96,0x56,0x8c,0xff,0xf0,0x00,0x00,0x4c,0xff,0xff,0xff,0xff,
0xfd,0x50,0x00,0x00,0x00,0x59,0xce,0xfe,0xc9,0x40,0x00,0x00,0x00,0x00,0x07,0x83,0x00,0x00,0x00,0x00,
0x06,0xff,0xd0,0x00,0x00,0x00,0x01,0xef,0xcf,0x70,0x00,0x00,0x00,0x9f,0x81,0xee,0x20,0x00,0x00,0x3f,
0xc0,0x05,0xfa,0x00,0x00,0x0c,0xf2,0x00,0x0a,0xf5,0x00,0x00,0x00,0x00,0x00,0x00,0x00,0x00,0x00,0x00,
0x00,0x00,0x00,0x00,0x00,0x39,0xce,0xed,0xb6,0x10,0x00,0x9f,0xff,0xff,0xff,0xfa,0x00,0xaf,0xfd,0x74,
0x34,0x7c,0xa0,0x6f,0xfb,0x10,0x00,0x00,0x02,0x0d,0xfe,0x10,0x00,0x00,0x00,0x02,0xff,0x90,0x00,0x00,
0x00,0x00,0x5f,0xf5,0x00,0x00,0x00,0x00,0x06,0xff,0x40,0x00,0x00,0x00,0x00,0x6f,0xf3,0x00,0x00,0x00,
0x00,0x05,0xff,0x50,0x00,0x00,0x00,0x00,0x2f,0xf9,0x00,0x00,0x00,0x00,0x00,0xdf,0xe1,0x00,0x00,0x00,
0x00,0x06,0xff,0xb1,0x00,0x00,0x00,0x20,0x0a,0xff,0xd7,0x43,0x47,0xca,0x00,0x09,0xff,0xff,0xff,0xff,
0xa0,0x00,0x03,0x9d,0xee,0xdb,0x61,0x00,0x00,0x00,0x00,0x0b,0xdc,0x00,0x00,0x00,0x00,0x00,0x00,0x00,
0x0d,0xfe,0x00,0x00,0x00,0x00,0x00,0x00,0x00,0x0d,0xfe,0x00,0x00,0x00,0x00,0x00,0x00,0x00,0x00,0x00,
0x00,0x00,0x00,0x00,0x00,0x00,0x00,0x00,0x00,0x00,0x00,0x00,0x00,0x00,0x00,0x00,0x00,0x00,0x00,0x00,
0x00,0x00,0x00,0x00,0x59,0xce,0xfe,0xc9,0x40,0x00,0x00,0x00,0x4c,0xff,0xff,0xff,0xff,0xfd,0x50,0x00,
0x06,0xff,0xfd,0x96,0x56,0x8c,0xff,0xf0,0x00,0x4f,0xff,0x70,0x00,0x00,0x00,0x3b,0xf0,0x01,0xef,0xf5,
0x00,0x00,0x00,0x00,0x00,0x70,0x07,0xff,0x90,0x00,0x00,0x00,0x00,0x00,0x00,0x0d,0xff,0x20,0x00,0x00,
0x00,0x00,0x00,0x00,0x1f,0xfd,0x00,0x00,0x00,0x00,0x00,0x00,0x00,0x4f,0xfa,0x00,0x00,0x00,0x00,0x00,
0x00,0x00,0x5f,0xf8,0x00,0x00,0x00,0x00,0x00,0x00,0x00,0x6f,0xf7,0x00,0x00,0x00,0x00,0x00,0x00,0x00,
0x5f,0xf8,0x00,0x00,0x00,0x00,0x00,0x00,0x00,0x4f,0xfa,0x00,0x00,0x00,0x00,0x00,0x00,0x00,0x1f,0xfd,
0x00,0x00,0x00,0x00,0x00,0x00,0x00,0x0d,0xff,0x20,0x00,0x00,0x00,0x00,0x00,0x00,0x07,0xff,0x90,0x00,
0x00,0x00,0x00,0x00,0x00,0x01,0xef,0xf5,0x00,0x00,0x00,0x00,0x00,0x70,0x00,0x4f,0xff,0x70,0x00,0x00,
0x00,0x3b,0xf0,0x00,0x06,0xff,0xfd,0x96,0x56,0x8c,0xff,0xf0,0x00,0x00,0x4c,0xff,0xff,0xff,0xff,0xfd,
0x50,0x00,0x00,0x00,0x59,0xce,0xfe,0xc9,0x40,0x00,0x00,0x00,0x00,0x1f,0xf7,0x00,0x00,0x00,0x00,0x01,
0xff,0x70,0x00,0x00,0x00,0x00,0x1f,0xf7,0x00,0x00,0x00,0x00,0x00,0x44,0x20,0x00,0x00,0x00,0x00,0x00,
0x00,0x00,0x00,0x00,0x00,0x00,0x00,0x00,0x00,0x00,0x00,0x39,0xce,0xed,0xb6,0x10,0x00,0x9f,0xff,0xff,
0xff,0xfa,0x00,0xaf,0xfd,0x74,0x34,0x7c,0xa0,0x6f,0xfb,0x10,0x00,0x00,0x02,0x0d,0xfe,0x10,0x00,0x00,
0x00,0x02,0xff,0x90,0x00,0x00,0x00,0x00,0x5f,0xf5,0x00,0x00,0x00,0x00,0x06,0xff,0x40,0x00,0x00,0x00,
0x00,0x6f,0xf3,0x00,0x00,0x00,0x00,0x05,0xff,0x50,0x00,0x00,0x00,0x00,0x2f,0xf9,0x00,0x00,0x00,0x00,
0x00,0xdf,0xe1,0x00,0x00,0x00,0x00,0x06,0xff,0xb1,0x00,0x00,0x00,0x20,0x0a,0xff,0xd7,0x43,0x47,0xca,
0x00,0x09,0xff,0xff,0xff,0xff,0xa0,0x00,0x03,0x9d,0xee,0xdb,0x61,0x00,0x00,0x00,0xaf,0x40,0x02,0xed,
0x10,0x00,0x00,0x00,0x00,0x1d,0xe3,0x1c,0xf3,0x00,0x00,0x00,0x00,0x00,0x04,0xfd,0xbf,0x70,0x00,0x00,
0x00,0x00,0x00,0x00,0x8f,0xfb,0x00,0x00,0x00,0x00,0x00,0x00,0x00,0x00,0x00,0x00,0x00,0x00,0x00,0x00,
0x00,0x00,0x00,0x00,0x00,0x00,0x00,0x00,0x00,0x00,0x59,0xce,0xfe,0xc9,0x40,0x00,0x00,0x00,0x4c,0xff,
0xff,0xff,0xff,0xfd,0x50,0x00,0x06,0xff,0xfd,0x96,0x56,0x8c,0xff,0xf0,0x00,0x4f,0xff,0x70,0x00,0x00,
0x00,0x3b,0xf0,0x01,0xef,0xf5,0x00,0x00,0x00,0x00,0x00,0x70,0x07,0xff,0x90,0x00,0x00,0x00,0x00,0x00,
0x00,0x0d,0xff,0x20,0x00,0x00,0x00,0x00,0x00,0x00,0x1f,0xfd,0x00,0x00,0x00,0x00,0x00,0x00,0x00,0x4f,
0xfa,0x00,0x00,0x00,0x00,0x00,0x00,0x00,0x5f,0xf8,0x00,0x00,0x00,0x00,0x00,0x00,0x00,0x6f,0xf7,0x00,
0x00,0x00,0x00,0x00,0x00,0x00,0x5f,0xf8,0x00,0x00,0x00,0x00,0x00,0x00,0x00,0x4f,0xfa,0x00,0x00,0x00,
0x00,0x00,0x00,0x00,0x1f,0xfd,0x00,0x00,0x00,0x00,0x00,0x00,0x00,0x0d,0xff,0x20,0x00,0x00,0x00,0x00,
0x00,0x00,0x07,0xff,0x90,0x00,0x00,0x00,0x00,0x00,0x00,0x01,0xef,0xf5,0x00,0x00,0x00,0x00,0x00,0x70,
0x00,0x4f,0xff,0x70,0x00,0x00,0x00,0x3b,0xf0,0x00,0x06,0xff,0xfd,0x96,0x56,0x8c,0xff,0xf0,0x00,0x00,
0x4c,0xff,0xff,0xff,0xff,0xfd,0x50,0x00,0x00,0x00,0x59,0xce,0xfe,0xc9,0x40,0x00,0x00,0x02,0x84,0x00,
0x00,0x67,0x10,0x00,0x0d,0xe2,0x00,0x5f,0x90,0x00,0x00,0x4f,0xc0,0x2e,0xe1,0x00,0x00,0x00,0xaf,0x7b,
0xf6,0x00,0x00,0x00,0x02,0xef,0xfc,0x00,0x00,0x00,0x00,0x07,0xff,0x30,0x00,0x00,0x00,0x00,0x00,0x00,
0x00,0x00,0x00,0x00,0x00,0x00,0x00,0x00,0x00,0x00,0x39,0xce,0xed,0xb6,0x10,0x00,0x9f,0xff,0xff,0xff,
0xfa,0x00,0xaf,0xfd,0x74,0x34,0x7c,0xa0,0x6f,0xfb,0x10,0x00,0x00,0x02,0x0d,0xfe,0x10,0x00,0x00,0x00,
0x02,0xff,0x90,0x00,0x00,0x00,0x00,0x5f,0xf5,0x00,0x00,0x00,0x00,0x06,0xff,0x40,0x00,0x00,0x00,0x00,
0x6f,0xf3,0x00,0x00,0x00,0x00,0x05,0xff,0x50,0x00,0x00,0x00,0x00,0x2f,0xf9,0x00,0x00,0x00,0x00,0x00,
0xdf,0xe1,0x00,0x00,0x00,0x00,0x06,0xff,0xb1,0x00,0x00,0x00,0x20,0x0a,0xff,0xd7,0x43,0x47,0xca,0x00,
0x09,0xff,0xff,0xff,0xff,0xa0,0x00,0x03,0x9d,0xee,0xdb,0x61,0x00,0x00,0x57,0x10,0x00,0x67,0x10,0x00,
0x00,0x00,0x00,0x3e,0xd1,0x07,0xf9,0x00,0x00,0x00,0x00,0x00,0x05,0xfc,0x7f,0xb0,0x00,0x00,0x00,0x00,
0x00,0x00,0x7f,0xfd,0x10,0x00,0x00,0x00,0x00,0x00,0x00,0x00,0x00,0x00,0x00,0x00,0x00,0x00,0x00,0x00,
0x00,0x00,0x00,0x00,0x00,0x00,0x4f,0xff,0xff,0xfe,0xdc,0x95,0x10,0x00,0x00,0x4f,0xff,0xff,0xff,0xff,
0xff,0xe8,0x10,0x00,0x4f,0xfa,0x55,0x55,0x69,0xcf,0xff,0xd2,0x00,0x4f,0xf8,0x00,0x00,0x00,0x04,0xcf,
0xfd,0x10,0x4f,0xf8,0x00,0x00,0x00,0x00,0x1c,0xff,0x90,0x4f,0xf8,0x00,0x00,0x00,0x00,0x02,0xff,0xf1,
0x4f,0xf8,0x00,0x00,0x00,0x00,0x00,0xaf,0xf6,0x4f,0xf8,0x00,0x00,0x00,0x00,0x00,0x5f,0xf9,0x4f,0xf8,
0x00,0x00,0x00,0x00,0x00,0x2f,0xfc,0x4f,0xf8,0x00,0x00,0x00,0x00,0x00,0x1f,0xfd,0x4f,0xf8,0x00,0x00,
0x00,0x00,0x00,0x0f,0xfd,0x4f,0xf8,0x00,0x00,0x00,0x00,0x00,0x1f,0xfd,0x4f,0xf8,0x00,0x00,0x00,0x00,
0x00,0x2f,0xfb,0x4f,0xf8,0x00,0x00,0x00,0x00,0x00,0x5f,0xf9,0x4f,0xf8,0x00,0x00,0x00,0x00,0x00,0xaf,
0xf6,0x4f,0xf8,0x00,0x00,0x00,0x00,0x02,0xff,0xe1,0x4f,0xf8,0x00,0x00,0x00,0x00,0x1c,0xff,0x90,0x4f,
0xf8,0x00,0x00,0x00,0x04,0xcf,0xfd,0x10,0x4f,0xfa,0x55,0x55,0x69,0xcf,0xff,0xd2,0x00,0x4f,0xff,0xff,
0xff,0xff,0xff,0xe8,0x10,0x00,0x4f,0xff,0xff,0xfe,0xdc,0x95,0x10,0x00,0x00,0x00,0x00,0x00,0x00,0x00,
0x04,0xff,0x40,0x5f,0xf5,0x00,0x00,0x00,0x00,0x00,0x04,0xff,0x40,0x8f,0xf1,0x00,0x00,0x00,0x00,0x00,
0x04,0xff,0x40,0xaf,0xb0,0x00,0x00,0x00,0x00,0x00,0x04,0xff,0x40,0xdf,0x60,0x00,0x00,0x00,0x00,0x00,
0x04,0xff,0x41,0xff,0x20,0x00,0x00,0x00,0x00,0x00,0x04,0xff,0x41,0x44,0x00,0x00,0x01,0x8c,0xee,0xb6,
0x04,0xff,0x40,0x00,0x00,0x00,0x2d,0xff,0xff,0xff,0xa4,0xff,0x40,0x00,0x00,0x01,0xdf,0xfa,0x43,0x5b,
0xfc,0xff,0x40,0x00,0x00,0x07,0xff,0x70,0x00,0x00,0xaf,0xff,0x40,0x00,0x00,0x0e,0xfc,0x00,0x00,0x00,
0x1e,0xff,0x40,0x00,0x00,0x3f,0xf7,0x00,0x00,0x00,0x09,0xff,0x40,0x00,0x00,0x5f,0xf4,0x00,0x00,0x00,
0x06,0xff,0x40,0x00,0x00,0x6f,0xf2,0x00,0x00,0x00,0x05,0xff,0x40,0x00,0x00,0x6f,0xf2,0x00,0x00,0x00,
0x05,0xff,0x40,0x00,0x00,0x5f,0xf4,0x00,0x00,0x00,0x06,0xff,0x40,0x00,0x00,0x3f,0xf7,0x00,0x00,0x00,
0x09,0xff,0x40,0x00,0x00,0x0e,0xfc,0x00,0x00,0x00,0x1e,0xff,0x40,0x00,0x00,0x08,0xff,0x70,0x00,0x00,
0xaf,0xff,0x40,0x00,0x00,0x01,0xdf,0xfa,0x43,0x5b,0xfc,0xff,0x40,0x00,0x00,0x00,0x2d,0xff,0xff,0xff,
0xa4,0xff,0x40,0x00,0x00,0x00,0x01,0x8d,0xfe,0xc6,0x04,0xff,0x40,0x00,0x00,0x00,0x2f,0xff,0xff,0xfe,
0xdc,0x96,0x10,0x00,0x00,0x00,0x02,0xff,0xff,0xff,0xff,0xff,0xff,0x91,0x00,0x00,0x00,0x2f,0xfb,0x55,
0x55,0x68,0xcf,0xff,0xe3,0x00,0x00,0x02,0xff,0xa0,0x00,0x00,0x00,0x3b,0xff,0xe2,0x00,0x00,0x2f,0xfa,
0x00,0x00,0x00,0x00,0x0a,0xff,0xb0,0x00,0x02,0xff,0xa0,0x00,0x00,0x00,0x00,0x1e,0xff,0x30,0x00,0x2f,
0xfa,0x00,0x00,0x00,0x00,0x00,0x8f,0xf8,0x00,0x02,0xff,0xa0,0x00,0x00,0x00,0x00,0x03,0xff,0xb0,0x00,
0x2f,0xfa,0x00,0x00,0x00,0x00,0x00,0x0f,0xfe,0x0d,0xff,0xff,0xff,0xff,0xf4,0x00,0x00,0x00,0xef,0xf0,
0xdf,0xff,0xff,0xff,0xff,0x40,0x00,0x00,0x0d,0xff,0x00,0x02,0xff,0xa0,0x00,0x00,0x00,0x00,0x00,0xef,
0xf0,0x00,0x2f,0xfa,0x00,0x00,0x00,0x00,0x00,0x0f,0xfe,0x00,0x02,0xff,0xa0,0x00,0x00,0x00,0x00,0x03,
0xff,0xb0,0x00,0x2f,0xfa,0x00,0x00,0x00,0x00,0x00,0x8f,0xf8,0x00,0x02,0xff,0xa0,0x00,0x00,0x00,0x00,
0x1e,0xff,0x30,0x00,0x2f,0xfa,0x00,0x00,0x00,0x00,0x0a,0xff,0xb0,0x00,0x02,0xff,0xa0,0x00,0x00,0x00,
0x3b,0xff,0xe2,0x00,0x00,0x2f,0xfb,0x55,0x55,0x68,0xcf,0xff,0xe3,0x00,0x00,0x02,0xff,0xff,0xff,0xff,
0xff,0xff,0x91,0x00,0x00,0x00,0x2f,0xff,0xff,0xfe,0xdc,0x96,0x10,0x00,0x00,0x00,0x00,0x00,0x00,0x00,
0x00,0x04,0xff,0x40,0x00,0x00,0x00,0x00,0x00,0x00,0x4f,0xf4,0x00,0x00,0x00,0x00,0x0b,0xff,0xff,0xff,
0xff,0x50,0x00,0x00,0x00,0x8b,0xbb,0xcf,0xfc,0xb4,0x00,0x00,0x00,0x00,0x00,0x04,0xff,0x40,0x00,0x00,
0x00,0x00,0x00,0x00,0x4f,0xf4,0x00,0x00,0x01,0x8c,0xee,0xb6,0x04,0xff,0x40,0x00,0x02,0xdf,0xff,0xff,
0xfa,0x4f,0xf4,0x00,0x01,0xdf,0xfa,0x43,0x5b,0xfc,0xff,0x40,0x00,0x7f,0xf7,0x00,0x00,0x0a,0xff,0xf4,
0x00,0x0e,0xfc,0x00,0x00,0x00,0x1e,0xff,0x40,0x03,0xff,0x70,0x00,0x00,0x00,0x9f,0xf4,0x00,0x5f,0xf4,
0x00,0x00,0x00,0x06,0xff,0x40,0x06,0xff,0x20,0x00,0x00,0x00,0x5f,0xf4,0x00,0x6f,0xf2,0x00,0x00,0x00,
0x05,0xff,0x40,0x05,0xff,0x40,0x00,0x00,0x00,0x6f,0xf4,0x00,0x3f,0xf7,0x00,0x00,0x00,0x09,0xff,0x40,
0x00,0xef,0xc0,0x00,0x00,0x01,0xef,0xf4,0x00,0x08,0xff,0x70,0x00,0x00,0xaf,0xff,0x40,0x00,0x1d,0xff,
0xa4,0x35,0xbf,0xcf,0xf4,0x00,0x00,0x2d,0xff,0xff,0xff,0xa4,0xff,0x40,0x00,0x00,0x18,0xdf,0xec,0x60,
0x4f,0xf4,0x00,0x00,0x0d,0xff,0xff,0xff,0xf4,0x00,0x00,0x0d,0xff,0xff,0xff,0xf4,0x00,0x00,0x01,0x11,
0x11,0x11,0x10,0x00,0x00,0x00,0x00,0x00,0x00,0x00,0x00,0x00,0x00,0x00,0x00,0x00,0x00,0x00,0x4f,0xff,
0xff,0xff,0xff,0xff,0xfa,0x4f,0xff,0xff,0xff,0xff,0xff,0xfa,0x4f,0xfa,0x55,0x55,0x55,0x55,0x54,0x4f,
0xf8,0x00,0x00,0x00,0x00,0x00,0x4f,0xf8,0x00,0x00,0x00,0x00,0x00,0x4f,0xf8,0x00,0x00,0x00,0x00,0x00,
0x4f,0xf8,0x00,0x00,0x00,0x00,0x00,0x4f,0xf8,0x00,0x00,0x00,0x00,0x00,0x4f,0xfa,0x55,0x55,0x55,0x55,
0x51,0x4f,0xff,0xff,0xff,0xff,0xff,0xf4,0x4f,0xff,0xff,0xff,0xff,0xff,0xf4,0x4f,0xf8,0x00,0x00,0x00,
0x00,0x00,0x4f,0xf8,0x00,0x00,0x00,0x00,0x00,0x4f,0xf8,0x00,0x00,0x00,0x00,0x00,0x4f,0xf8,0x00,0x00,
0x00,0x00,0x00,0x4f,0xf8,0x00,0x00,0x00,0x00,0x00,0x4f,0xf8,0x00,0x00,0x00,0x00,0x00,0x4f,0xf8,0x00,
0x00,0x00,0x00,0x00,0x4f,0xfa,0x66,0x66,0x66,0x66,0x65,0x4f,0xff,0xff,0xff,0xff,0xff,0xfe,0x4f,0xff,
0xff,0xff,0xff,0xff,0xfe,0x00,0x00,0xff,0xff,0xff,0xff,0x20,0x00,0x00,0x0f,0xff,0xff,0xff,0xf2,0x00,
0x00,0x00,0x11,0x11,0x11,0x11,0x00,0x00,0x00,0x00,0x00,0x00,0x00,0x00,0x00,0x00,0x00,0x00,0x00,0x00,
0x00,0x00,0x00,0x00,0x00,0x00,0x00,0x00,0x00,0x00,0x00,0x00,0x39,0xde,0xed,0x93,0x00,0x00,0x00,0x9f,
0xff,0xff,0xff,0xf8,0x00,0x00,0xaf,0xfc,0x64,0x36,0xcf,0xf7,0x00,0x5f,0xf6,0x00,0x00,0x00,0xaf,0xe1,
0x0c,0xfa,0x00,0x00,0x00,0x01,0xff,0x62,0xff,0x50,0x00,0x00,0x00,0x0d,0xf9,0x5f,0xff,0xff,0xff,0xff,
0xff,0xff,0xb6,0xff,0xff,0xff,0xff,0xff,0xff,0xfb,0x6f,0xf3,0x00,0x00,0x00,0x00,0x00,0x05,0xff,0x60,
0x00,0x00,0x00,0x00,0x00,0x2f,0xfa,0x00,0x00,0x00,0x00,0x00,0x00,0xdf,0xf2,0x00,0x00,0x00,0x00,0x00,
0x05,0xff,0xd2,0x00,0x00,0x00,0x06,0x20,0x09,0xff,0xe8,0x43,0x35,0x9e,0xf2,0x00,0x08,0xff,0xff,0xff,
0xff,0xff,0x20,0x00,0x02,0x8c,0xef,0xed,0xa6,0x10,0x00,0x07,0x50,0x00,0x02,0x83,0x00,0x00,0x0c,0xe6,
0x10,0x3c,0xf3,0x00,0x00,0x04,0xff,0xff,0xff,0xa0,0x00,0x00,0x00,0x29,0xbc,0xa5,0x00,0x00,0x00,0x00,
0x00,0x00,0x00,0x00,0x00,0x00,0x00,0x00,0x00,0x00,0x00,0x00,0x4f,0xff,0xff,0xff,0xff,0xff,0xfa,0x4f,
0xff,0xff,0xff,0xff,0xff,0xfa,0x4f,0xfa,0x55,0x55,0x55,0x55,0x54,0x4f,0xf8,0x00,0x00,0x00,0x00,0x00,
0x4f,0xf8,0x00,0x00,0x00,0x00,0x00,0x4f,0xf8,0x00,0x00,0x00,0x00,0x00,0x4f,0xf8,0x00,0x00,0x00,0x00,
0x00,0x4f,0xf8,0x00,0x00,0x00,0x00,0x00,0x4f,0xfa,0x55,0x55,0x55,0x55,0x51,0x4f,0xff,0xff,0xff,0xff,
0xff,0xf4,0x4f,0xff,0xff,0xff,0xff,0xff,0xf4,0x4f,0xf8,0x00,0x00,0x00,0x00,0x00,0x4f,0xf8,0x00,0x00,
0x00,0x00,0x00,0x4f,0xf8,0x00,0x00,0x00,0x00,0x00,0x4f,0xf8,0x00,0x00,0x00,0x00,0x00,0x4f,0xf8,0x00,
0x00,0x00,0x00,0x00,0x4f,0xf8,0x00,0x00,0x00,0x00,0x00,0x4f,0xf8,0x00,0x00,0x00,0x00,0x00,0x4f,0xfa,
0x66,0x66,0x66,0x66,0x65,0x4f,0xff,0xff,0xff,0xff,0xff,0xfe,0x4f,0xff,0xff,0xff,0xff,0xff,0xfe,0x00,
0x02,0xf8,0x00,0x00,0x7f,0x30,0x00,0x00,0x0d,0xf5,0x11,0x5e,0xe0,0x00,0x00,0x00,0x5f,0xff,0xff,0xf6,
0x00,0x00,0x00,0x00,0x3a,0xdd,0xb4,0x00,0x00,0x00,0x00,0x00,0x00,0x00,0x00,0x00,0x00,0x00,0x00,0x00,
0x00,0x00,0x00,0x00,0x00,0x00,0x00,0x00,0x00,0x00,0x00,0x00,0x00,0x03,0x9d,0xee,0xd9,0x30,0x00,0x00,
0x09,0xff,0xff,0xff,0xff,0x80,0x00,0x0a,0xff,0xc6,0x43,0x6c,0xff,0x70,0x05,0xff,0x60,0x00,0x00,0x0a,
0xfe,0x10,0xcf,0xa0,0x00,0x00,0x00,0x1f,0xf6,0x2f,0xf5,0x00,0x00,0x00,0x00,0xdf,0x95,0xff,0xff,0xff,
0xff,0xff,0xff,0xfb,0x6f,0xff,0xff,0xff,0xff,0xff,0xff,0xb6,0xff,0x30,0x00,0x00,0x00,0x00,0x00,0x5f,
0xf6,0x00,0x00,0x00,0x00,0x00,0x02,0xff,0xa0,0x00,0x00,0x00,0x00,0x00,0x0d,0xff,0x20,0x00,0x00,0x00,
0x00,0x00,0x5f,0xfd,0x20,0x00,0x00,0x00,0x62,0x00,0x9f,0xfe,0x84,0x33,0x59,0xef,0x20,0x00,0x8f,0xff,
0xff,0xff,0xff,0xf2,0x00,0x00,0x28,0xce,0xfe,0xda,0x61,0x00,0x00,0x00,0x04,0xff,0x80,0x00,0x00,0x00,
0x00,0x04,0xff,0x80,0x00,0x00,0x00,0x00,0x03,0xdd,0x70,0x00,0x00,0x00,0x00,0x00,0x00,0x00,0x00,0x00,
0x00,0x00,0x00,0x00,0x00,0x00,0x00,0x4f,0xff,0xff,0xff,0xff,0xff,0xfa,0x4f,0xff,0xff,0xff,0xff,0xff,
0xfa,0x4f,0xfa,0x55,0x55,0x55,0x55,0x54,0x4f,0xf8,0x00,0x00,0x00,0x00,0x00,0x4f,0xf8,0x00,0x00,0x00,
0x00,0x00,0x4f,0xf8,0x00,0x00,0x00,0x00,0x00,0x4f,0xf8,0x00,0x00,0x00,0x00,0x00,0x4f,0xf8,0x00,0x00,
0x00,0x00,0x00,0x4f,0xfa,0x55,0x55,0x55,0x55,0x51,0x4f,0xff,0xff,0xff,0xff,0xff,0xf4,0x4f,0xff,0xff,
0xff,0xff,0xff,0xf4,0x4f,0xf8,0x00,0x00,0x00,0x00,0x00,0x4f,0xf8,0x00,0x00,0x00,0x00,0x00,0x4f,0xf8,
0x00,0x00,0x00,0x00,0x00,0x4f,0xf8,0x00,0x00,0x00,0x00,0x00,0x4f,0xf8,0x00,0x00,0x00,0x00,0x00,0x4f,
0xf8,0x00,0x00,0x00,0x00,0x00,0x4f,0xf8,0x00,0x00,0x00,0x00,0x00,0x4f,0xfa,0x66,0x66,0x66,0x66,0x65,
0x4f,0xff,0xff,0xff,0xff,0xff,0xfe,0x4f,0xff,0xff,0xff,0xff,0xff,0xfe,0x00,0x00,0x00,0x4f,0xf4,0x00,
0x00,0x00,0x00,0x00,0x04,0xff,0x40,0x00,0x00,0x00,0x00,0x00,0x4f,0xf4,0x00,0x00,0x00,0x00,0x00,0x01,
0x44,0x10,0x00,0x00,0x00,0x00,0x00,0x00,0x00,0x00,0x00,0x00,0x00,0x00,0x00,0x00,0x00,0x00,0x00,0x00,
0x00,0x39,0xde,0xed,0x93,0x00,0x00,0x00,0x9f,0xff,0xff,0xff,0xf8,0x00,0x00,0xaf,0xfc,0x64,0x36,0xcf,
0xf7,0x00,0x5f,0xf6,0x00,0x00,0x00,0xaf,0xe1,0x0c,0xfa,0x00,0x00,0x00,0x01,0xff,0x62,0xff,0x50,0x00,
0x00,0x00,0x0d,0xf9,0x5f,0xff,0xff,0xff,0xff,0xff,0xff,0xb6,0xff,0xff,0xff,0xff,0xff,0xff,0xfb,0x6f,
0xf3,0x00,0x00,0x00,0x00,0x00,0x05,0xff,0x60,0x00,0x00,0x00,0x00,0x00,0x2f,0xfa,0x00,0x00,0x00,0x00,
0x00,0x00,0xdf,0xf2,0x00,0x00,0x00,0x00,0x00,0x05,0xff,0xd2,0x00,0x00,0x00,0x06,0x20,0x09,0xff,0xe8,
0x43,0x35,0x9e,0xf2,0x00,0x08,0xff,0xff,0xff,0xff,0xff,0x20,0x00,0x02,0x8c,0xef,0xed,0xa6,0x10,0x4f,
0xff,0xff,0xff,0xff,0xff,0xfa,0x4f,0xff,0xff,0xff,0xff,0xff,0xfa,0x4f,0xfa,0x55,0x55,0x55,0x55,0x54,
0x4f,0xf8,0x00,0x00,0x00,0x00,0x00,0x4f,0xf8,0x00,0x00,0x00,0x00,0x00,0x4f,0xf8,0x00,0x00,0x00,0x00,
0x00,0x4f,0xf8,0x00,0x00,0x00,0x00,0x00,0x4f,0xf8,0x00,0x00,0x00,0x00,0x00,0x4f,0xfa,0x55,0x55,0x55,
0x55,0x51,0x4f,0xff,0xff,0xff,0xff,0xff,0xf4,0x4f,0xff,0xff,0xff,0xff,0xff,0xf4,0x4f,0xf8,0x00,0x00,
0x00,0x00,0x00,0x4f,0xf8,0x00,0x00,0x00,0x00,0x00,0x4f,0xf8,0x00,0x00,0x00,0x00,0x00,0x4f,0xf8,0x00,
0x00,0x00,0x00,0x00,0x4f,0xf8,0x00,0x00,0x00,0x00,0x00,0x4f,0xf8,0x00,0x00,0x00,0x00,0x00,0x4f,0xf8,
0x00,0x00,0x00,0x00,0x00,0x4f,0xfa,0x66,0x66,0x66,0x66,0x65,0x4f,0xff,0xff,0xff,0xff,0xff,0xfe,0x4f,
0xff,0xff,0xff,0xff,0xff,0xfe,0x00,0x00,0x00,0x00,0x02,0xe9,0x00,0x00,0x00,0x00,0x00,0x0b,0xf1,0x00,
0x00,0x00,0x00,0x00,0x1f,0xc0,0x00,0x00,0x00,0x00,0x00,0x2f,0xe2,0x14,0x00,0x00,0x00,0x00,0x0c,0xff,
0xfe,0x00,0x00,0x00,0x00,0x01,0x7a,0xa7,0x00,0x00,0x39,0xde,0xed,0x93,0x00,0x00,0x00,0x9f,0xff,0xff,
0xff,0xf8,0x00,0x00,0xaf,0xfc,0x64,0x36,0xcf,0xf7,0x00,0x5f,0xf6,0x00,0x00,0x00,0xaf,0xe1,0x0c,0xfa,
0x00,0x00,0x00,0x01,0xff,0x62,0xff,0x50,0x00,0x00,0x00,0x0d,0xf9,0x5f,0xff,0xff,0xff,0xff,0xff,0xff,
0xb6,0xff,0xff,0xff,0xff,0xff,0xff,0xfb,0x6f,0xf3,0x00,0x00,0x00,0x00,0x00,0x05,0xff,0x60,0x00,0x00,
0x00,0x00,0x00,0x2f,0xfa,0x00,0x00,0x00,0x00,0x00,0x00,0xdf,0xf2,0x00,0x00,0x00,0x00,0x00,0x05,0xff,
0xd2,0x00,0x00,0x00,0x06,0x20,0x09,0xff,0xe8,0x43,0x35,0x9e,0xf2,0x00,0x08,0xff,0xff,0xff,0xff,0xff,
0x20,0x00,0x02,0x8c,0xef,0xff,0xe6,0x10,0x00,0x00,0x00,0x00,0x08,0xf3,0x00,0x00,0x00,0x00,0x00,0x01,
0xfb,0x00,0x00,0x00,0x00,0x00,0x00,0x4f,0xb0,0x00,0x00,0x00,0x00,0x00,0x02,0xff,0xcc,0xb0,0x00,0x00,
0x00,0x00,0x05,0xce,0xe9,0x00,0x00,0x05,0x82,0x00,0x05,0x82,0x00,0x00,0x03,0xfc,0x10,0x5f,0xb0,0x00,
0x00,0x00,0x7f,0xa3,0xee,0x10,0x00,0x00,0x00,0x0b,0xff,0xf4,0x00,0x00,0x00,0x00,0x01,0x88,0x60,0x00,
0x00,0x00,0x00,0x00,0x00,0x00,0x00,0x00,0x4f,0xff,0xff,0xff,0xff,0xff,0xfa,0x4f,0xff,0xff,0xff,0xff,
0xff,0xfa,0x4f,0xfa,0x55,0x55,0x55,0x55,0x54,0x4f,0xf8,0x00,0x00,0x00,0x00,0x00,0x4f,0xf8,0x00,0x00,
0x00,0x00,0x00,0x4f,0xf8,0x00,0x00,0x00,0x00,0x00,0x4f,0xf8,0x00,0x00,0x00,0x00,0x00,0x4f,0xf8,0x00,
0x00,0x00,0x00,0x00,0x4f,0xfa,0x55,0x55,0x55,0x55,0x51,0x4f,0xff,0xff,0xff,0xff,0xff,0xf4,0x4f,0xff,
0xff,0xff,0xff,0xff,0xf4,0x4f,0xf8,0x00,0x00,0x00,0x00,0x00,0x4f,0xf8,0x00,0x00,0x00,0x00,0x00,0x4f,
0xf8,0x00,0x00,0x00,0x00,0x00,0x4f,0xf8,0x00,0x00,0x00,0x00,0x00,0x4f,0xf8,0x00,0x00,0x00,0x00,0x00,
0x4f,0xf8,0x00,0x00,0x00,0x00,0x00,0x4f,0xf8,0x00,0x00,0x00,0x00,0x00,0x4f,0xfa,0x66,0x66,0x66,0x66,
0x65,0x4f,0xff,0xff,0xff,0xff,0xff,0xfe,0x4f,0xff,0xff,0xff,0xff,0xff,0xfe,0x00,0x01,0xed,0x10,0x01,
0xde,0x20,0x00,0x00,0x05,0xfa,0x00,0xaf,0x60,0x00,0x00,0x00,0x0a,0xf7,0x6f,0xb0,0x00,0x00,0x00,0x00,
0x1e,0xff,0xe2,0x00,0x00,0x00,0x00,0x00,0x5f,0xf5,0x00,0x00,0x00,0x00,0x00,0x00,0x00,0x00,0x00,0x00,
0x00,0x00,0x00,0x00,0x00,0x00,0x00,0x00,0x00,0x03,0x9d,0xee,0xd9,0x30,0x00,0x00,0x09,0xff,0xff,0xff,
0xff,0x80,0x00,0x0a,0xff,0xc6,0x43,0x6c,0xff,0x70,0x05,0xff,0x60,0x00,0x00,0x0a,0xfe,0x10,0xcf,0xa0,
0x00,0x00,0x00,0x1f,0xf6,0x2f,0xf5,0x00,0x00,0x00,0x00,0xdf,0x95,0xff,0xff,0xff,0xff,0xff,0xff,0xfb,
0x6f,0xff,0xff,0xff,0xff,0xff,0xff,0xb6,0xff,0x30,0x00,0x00,0x00,0x00,0x00,0x5f,0xf6,0x00,0x00,0x00,
0x00,0x00,0x02,0xff,0xa0,0x00,0x00,0x00,0x00,0x00,0x0d,0xff,0x20,0x00,0x00,0x00,0x00,0x00,0x5f,0xfd,
0x20,0x00,0x00,0x00,0x62,0x00,0x9f,0xfe,0x84,0x33,0x59,0xef,0x20,0x00,0x8f,0xff,0xff,0xff,0xff,0xf2,
0x00,0x00,0x28,0xce,0xfe,0xda,0x61,0x00,0x00,0x00,0x00,0x00,0x1d,0xff,0x60,0x00,0x00,0x00,0x00,0x00,
0x00,0x09,0xfa,0xee,0x20,0x00,0x00,0x00,0x00,0x00,0x05,0xfb,0x04,0xfc,0x00,0x00,0x00,0x00,0x00,0x02,
0xed,0x10,0x06,0xf8,0x00,0x00,0x00,0x00,0x00,0x00,0x00,0x00,0x00,0x00,0x00,0x00,0x00,0x00,0x00,0x00,
0x00,0x00,0x00,0x00,0x00,0x00,0x00,0x00,0x48,0xce,0xfe,0xdb,0x72,0x00,0x00,0x00,0x04,0xcf,0xff,0xff,
0xff,0xff,0xfb,0x30,0x00,0x06,0xff,0xfe,0x96,0x55,0x7a,0xef,0xfd,0x00,0x04,0xff,0xf7,0x00,0x00,0x00,
0x00,0x5c,0xd0,0x01,0xef,0xf5,0x00,0x00,0x00,0x00,0x00,0x06,0x00,0x7f,0xf9,0x00,0x00,0x00,0x00,0x00,
0x00,0x00,0x0d,0xff,0x20,0x00,0x00,0x00,0x00,0x00,0x00,0x01,0xff,0xc0,0x00,0x00,0x00,0x00,0x00,0x00,
0x00,0x4f,0xf9,0x00,0x00,0x00,0x00,0x00,0x00,0x00,0x05,0xff,0x80,0x00,0x00,0x00,0x45,0x55,0x55,0x52,
0x6f,0xf7,0x00,0x00,0x00,0x0d,0xff,0xff,0xff,0x65,0xff,0x80,0x00,0x00,0x00,0xdf,0xff,0xff,0xf6,0x4f,
0xf9,0x00,0x00,0x00,0x00,0x00,0x05,0xff,0x61,0xff,0xc0,0x00,0x00,0x00,0x00,0x00,0x5f,0xf6,0x0d,0xff,
0x20,0x00,0x00,0x00,0x00,0x05,0xff,0x60,0x7f,0xf9,0x00,0x00,0x00,0x00,0x00,0x5f,0xf6,0x01,0xef,0xf4,
0x00,0x00,0x00,0x00,0x05,0xff,0x60,0x05,0xff,0xf7,0x00,0x00,0x00,0x00,0x7f,0xf6,0x00,0x06,0xff,0xfe,
0x96,0x55,0x68,0xdf,0xff,0x50,0x00,0x04,0xcf,0xff,0xff,0xff,0xff,0xfb,0x30,0x00,0x00,0x00,0x49,0xce,
0xfe,0xdb,0x72,0x00,0x00,0x00,0x00,0x00,0xdf,0xb0,0x00,0x00,0x00,0x00,0x00,0x8f,0xff,0x50,0x00,0x00,
0x00,0x00,0x2f,0xe4,0xfe,0x10,0x00,0x00,0x00,0x0b,0xf5,0x07,0xf8,0x00,0x00,0x00,0x05,0xfa,0x00,0x0c,
0xf3,0x00,0x00,0x00,0x67,0x10,0x00,0x28,0x50,0x00,0x00,0x00,0x00,0x00,0x00,0x00,0x00,0x00,0x00,0x18,
0xde,0xeb,0x60,0x4f,0xf4,0x00,0x2d,0xff,0xff,0xff,0xa4,0xff,0x40,0x1d,0xff,0xa4,0x35,0xbf,0xcf,0xf4,
0x08,0xff,0x70,0x00,0x00,0x9f,0xff,0x40,0xef,0xc0,0x00,0x00,0x01,0xef,0xf4,0x3f,0xf7,0x00,0x00,0x00,
0x09,0xff,0x45,0xff,0x40,0x00,0x00,0x00,0x6f,0xf4,0x6f,0xf2,0x00,0x00,0x00,0x05,0xff,0x46,0xff,0x20,
0x00,0x00,0x00,0x5f,0xf4,0x5f,0xf4,0x00,0x00,0x00,0x06,0xff,0x43,0xff,0x70,0x00,0x00,0x00,0x9f,0xf4,
0x0e,0xfc,0x00,0x00,0x00,0x1e,0xff,0x40,0x8f,0xf7,0x00,0x00,0x09,0xff,0xf4,0x01,0xdf,0xf9,0x42,0x4b,
0xfc,0xff,0x30,0x02,0xdf,0xff,0xff,0xfb,0x5f,0xf3,0x00,0x01,0x8d,0xfe,0xc6,0x05,0xff,0x20,0x00,0x00,
0x00,0x00,0x00,0x8f,0xf0,0x00,0x00,0x00,0x00,0x00,0x0d,0xfc,0x00,0x02,0x00,0x00,0x00,0x08,0xff,0x60,
0x00,0x9c,0x73,0x22,0x5b,0xff,0xc0,0x00,0x09,0xff,0xff,0xff,0xff,0xc2,0x00,0x00,0x27,0xbd,0xef,0xeb,
0x60,0x00,0x00,0x00,0x00,0x04,0xf6,0x00,0x00,0xaf,0x10,0x00,0x00,0x00,0x00,0x1f,0xe4,0x11,0x7f,0xc0,
0x00,0x00,0x00,0x00,0x00,0x6f,0xff,0xff,0xf3,0x00,0x00,0x00,0x00,0x00,0x00,0x49,0xbb,0x82,0x00,0x00,
0x00,0x00,0x00,0x00,0x00,0x00,0x00,0x00,0x00,0x00,0x00,0x00,0x00,0x00,0x00,0x00,0x00,0x00,0x00,0x00,
0x00,0x00,0x00,0x48,0xce,0xfe,0xdb,0x72,0x00,0x00,0x00,0x04,0xcf,0xff,0xff,0xff,0xff,0xfb,0x30,0x00,
0x06,0xff,0xfe,0x96,0x55,0x7a,0xef,0xfd,0x00,0x04,0xff,0xf7,0x00,0x00,0x00,0x00,0x5c,0xd0,0x01,0xef,
0xf5,0x00,0x00,0x00,0x00,0x00,0x06,0x00,0x7f,0xf9,0x00,0x00,0x00,0x00,0x00,0x00,0x00,0x0d,0xff,0x20,
0x00,0x00,0x00,0x00,0x00,0x00,0x01,0xff,0xc0,0x00,0x00,0x00,0x00,0x00,0x00,0x00,0x4f,0xf9,0x00,0x00,
0x00,0x00,0x00,0x00,0x00,0x05,0xff,0x80,0x00,0x00,0x00,0x45,0x55,0x55,0x52,0x6f,0xf7,0x00,0x00,0x00,
0x0d,0xff,0xff,0xff,0x65,0xff,0x80,0x00,0x00,0x00,0xdf,0xff,0xff,0xf6,0x4f,0xf9,0x00,0x00,0x00,0x00,
0x00,0x05,0xff,0x61,0xff,0xc0,0x00,0x00,0x00,0x00,0x00,0x5f,0xf6,0x0d,0xff,0x20,0x00,0x00,0x00,0x00,
0x05,0xff,0x60,0x7f,0xf9,0x00,0x00,0x00,0x00,0x00,0x5f,0xf6,0x01,0xef,0xf4,0x00,0x00,0x00,0x00,0x05,
0xff,0x60,0x05,0xff,0xf7,0x00,0x00,0x00,0x00,0x7f,0xf6,0x00,0x06,0xff,0xfe,0x96,0x55,0x68,0xdf,0xff,
0x50,0x00,0x04,0xcf,0xff,0xff,0xff,0xff,0xfb,0x30,0x00,0x00,0x00,0x49,0xce,0xfe,0xdb,0x72,0x00,0x00,
0x00,0x02,0x83,0x00,0x00,0x48,0x10,0x00,0x00,0x2f,0xc3,0x11,0x4e,0xe0,0x00,0x00,0x00,0x9f,0xff,0xff,
0xf6,0x00,0x00,0x00,0x00,0x6b,0xdd,0xa4,0x00,0x00,0x00,0x00,0x00,0x00,0x00,0x00,0x00,0x00,0x00,0x00,
0x00,0x00,0x00,0x00,0x00,0x00,0x00,0x00,0x00,0x00,0x00,0x00,0x00,0x00,0x18,0xde,0xeb,0x60,0x4f,0xf4,
0x00,0x2d,0xff,0xff,0xff,0xa4,0xff,0x40,0x1d,0xff,0xa4,0x35,0xbf,0xcf,0xf4,0x08,0xff,0x70,0x00,0x00,
0x9f,0xff,0x40,0xef,0xc0,0x00,0x00,0x01,0xef,0xf4,0x3f,0xf7,0x00,0x00,0x00,0x09,0xff,0x45,0xff,0x40,
0x00,0x00,0x00,0x6f,0xf4,0x6f,0xf2,0x00,0x00,0x00,0x05,0xff,0x46,0xff,0x20,0x00,0x00,0x00,0x5f,0xf4,
0x5f,0xf4,0x00,0x00,0x00,0x06,0xff,0x43,0xff,0x70,0x00,0x00,0x00,0x9f,0xf4,0x0e,0xfc,0x00,0x00,0x00,
0x1e,0xff,0x40,0x8f,0xf7,0x00,0x00,0x09,0xff,0xf4,0x01,0xdf,0xf9,0x42,0x4b,0xfc,0xff,0x30,0x02,0xdf,
0xff,0xff,0xfb,0x5f,0xf3,0x00,0x01,0x8d,0xfe,0xc6,0x05,0xff,0x20,0x00,0x00,0x00,0x00,0x00,0x8f,0xf0,
0x00,0x00,0x00,0x00,0x00,0x0d,0xfc,0x00,0x02,0x00,0x00,0x00,0x08,0xff,0x60,0x00,0x9c,0x73,0x22,0x5b,
0xff,0xc0,0x00,0x09,0xff,0xff,0xff,0xff,0xc2,0x00,0x00,0x27,0xbd,0xef,0xeb,0x60,0x00,0x00,0x00,0x00,
0x00,0x00,0x08,0xdd,0x20,0x00,0x00,0x00,0x00,0x00,0x00,0x00,0xaf,0xf2,0x00,0x00,0x00,0x00,0x00,0x00,
0x00,0x0a,0xff,0x20,0x00,0x00,0x00,0x00,0x00,0x00,0x00,0x00,0x00,0x00,0x00,0x00,0x00,0x00,0x00,0x00,
0x00,0x00,0x00,0x00,0x00,0x00,0x00,0x00,0x00,0x00,0x00,0x00,0x00,0x00,0x00,0x00,0x00,0x00,0x48,0xce,
0xfe,0xdb,0x72,0x00,0x00,0x00,0x04,0xcf,0xff,0xff,0xff,0xff,0xfb,0x30,0x00,0x06,0xff,0xfe,0x96,0x55,
0x7a,0xef,0xfd,0x00,0x04,0xff,0xf7,0x00,0x00,0x00,0x00,0x5c,0xd0,0x01,0xef,0xf5,0x00,0x00,0x00,0x00,
0x00,0x06,0x00,0x7f,0xf9,0x00,0x00,0x00,0x00,0x00,0x00,0x00,0x0d,0xff,0x20,0x00,0x00,0x00,0x00,0x00,
0x00,0x01,0xff,0xc0,0x00,0x00,0x00,0x00,0x00,0x00,0x00,0x4f,0xf9,0x00,0x00,0x00,0x00,0x00,0x00,0x00,
0x05,0xff,0x80,0x00,0x00,0x00,0x45,0x55,0x55,0x52,0x6f,0xf7,0x00,0x00,0x00,0x0d,0xff,0xff,0xff,0x65,
0xff,0x80,0x00,0x00,0x00,0xdf,0xff,0xff,0xf6,0x4f,0xf9,0x00,0x00,0x00,0x00,0x00,0x05,0xff,0x61,0xff,
0xc0,0x00,0x00,0x00,0x00,0x00,0x5f,0xf6,0x0d,0xff,0x20,0x00,0x00,0x00,0x00,0x05,0xff,0x60,0x7f,0xf9,
0x00,0x00,0x00,0x00,0x00,0x5f,0xf6,0x01,0xef,0xf4,0x00,0x00,0x00,0x00,0x05,0xff,0x60,0x05,0xff,0xf7,
0x00,0x00,0x00,0x00,0x7f,0xf6,0x00,0x06,0xff,0xfe,0x96,0x55,0x68,0xdf,0xff,0x50,0x00,0x04,0xcf,0xff,
0xff,0xff,0xff,0xfb,0x30,0x00,0x00,0x00,0x49,0xce,0xfe,0xdb,0x72,0x00,0x00,0x00,0x00,0x00,0xcf,0xa0,
0x00,0x00,0x00,0x00,0x00,0x0c,0xfa,0x00,0x00,0x00,0x00,0x00,0x00,0xcf,0xa0,0x00,0x00,0x00,0x00,0x00,
0x03,0x43,0x00,0x00,0x00,0x00,0x00,0x00,0x00,0x00,0x00,0x00,0x00,0x00,0x00,0x00,0x00,0x00,0x00,0x00,
0x00,0x01,0x8d,0xee,0xb6,0x04,0xff,0x40,0x02,0xdf,0xff,0xff,0xfa,0x4f,0xf4,0x01,0xdf,0xfa,0x43,0x5b,
0xfc,0xff,0x40,0x8f,0xf7,0x00,0x00,0x09,0xff,0xf4,0x0e,0xfc,0x00,0x00,0x00,0x1e,0xff,0x43,0xff,0x70,
0x00,0x00,0x00,0x9f,0xf4,0x5f,0xf4,0x00,0x00,0x00,0x06,0xff,0x46,0xff,0x20,0x00,0x00,0x00,0x5f,0xf4,
0x6f,0xf2,0x00,0x00,0x00,0x05,0xff,0x45,0xff,0x40,0x00,0x00,0x00,0x6f,0xf4,0x3f,0xf7,0x00,0x00,0x00,
0x09,0xff,0x40,0xef,0xc0,0x00,0x00,0x01,0xef,0xf4,0x08,0xff,0x70,0x00,0x00,0x9f,0xff,0x40,0x1d,0xff,
0x94,0x24,0xbf,0xcf,0xf3,0x00,0x2d,0xff,0xff,0xff,0xb5,0xff,0x30,0x00,0x18,0xdf,0xec,0x60,0x5f,0xf2,
0x00,0x00,0x00,0x00,0x00,0x08,0xff,0x00,0x00,0x00,0x00,0x00,0x00,0xdf,0xc0,0x00,0x20,0x00,0x00,0x00,
0x8f,0xf6,0x00,0x09,0xc7,0x32,0x25,0xbf,0xfc,0x00,0x00,0x9f,0xff,0xff,0xff,0xfc,0x20,0x00,0x02,0x7b,
0xde,0xfe,0xb6,0x00,0x00,0x00,0x00,0x00,0x48,0xce,0xfe,0xdb,0x72,0x00,0x00,0x00,0x04,0xcf,0xff,0xff,
0xff,0xff,0xfb,0x30,0x00,0x06,0xff,0xfe,0x96,0x55,0x7a,0xef,0xfd,0x00,0x04,0xff,0xf7,0x00,0x00,0x00,
0x00,0x5c,0xd0,0x01,0xef,0xf5,0x00,0x00,0x00,0x00,0x00,0x06,0x00,0x7f,0xf9,0x00,0x00,0x00,0x00,0x00,
0x00,0x00,0x0d,0xff,0x20,0x00,0x00,0x00,0x00,0x00,0x00,0x01,0xff,0xc0,0x00,0x00,0x00,0x00,0x00,0x00,
0x00,0x4f,0xf9,0x00,0x00,0x00,0x00,0x00,0x00,0x00,0x05,0xff,0x80,0x00,0x00,0x00,0x45,0x55,0x55,0x52,
0x6f,0xf7,0x00,0x00,0x00,0x0d,0xff,0xff,0xff,0x65,0xff,0x80,0x00,0x00,0x00,0xdf,0xff,0xff,0xf6,0x4f,
0xf9,0x00,0x00,0x00,0x00,0x00,0x05,0xff,0x61,0xff,0xc0,0x00,0x00,0x00,0x00,0x00,0x5f,0xf6,0x0d,0xff,
0x20,0x00,0x00,0x00,0x00,0x05,0xff,0x60,0x7f,0xf9,0x00,0x00,0x00,0x00,0x00,0x5f,0xf6,0x01,0xef,0xf4,
0x00,0x00,0x00,0x00,0x05,0xff,0x60,0x05,0xff,0xf7,0x00,0x00,0x00,0x00,0x7f,0xf6,0x00,0x06,0xff,0xfe,
0x96,0x55,0x68,0xdf,0xff,0x50,0x00,0x04,0xcf,0xff,0xff,0xff,0xff,0xfb,0x30,0x00,0x00,0x00,0x49,0xce,
0xfe,0xdb,0x72,0x00,0x00,0x00,0x00,0x00,0x00,0x00,0x00,0x00,0x00,0x00,0x00,0x00,0x00,0x00,0x00,0x00,
0x00,0x00,0x00,0x00,0x00,0x00,0x00,0x00,0x4f,0xf7,0x00,0x00,0x00,0x00,0x00,0x00,0x00,0x08,0xfe,0x10,
0x00,0x00,0x00,0x00,0x00,0x00,0x00,0xcf,0x70,0x00,0x00,0x00,0x00,0x00,0x00,0x00,0x1f,0xe1,0x00,0x00,
0x00,0x00,0x00,0x00,0x00,0x01,0x74,0x00,0x00,0x00,0x00,0x00,0x00,0x00,0x01,0xed,0x00,0x00,0x00,0x00,
0x00,0x00,0x8f,0x90,0x00,0x00,0x00,0x00,0x00,0x1e,0xf5,0x00,0x00,0x00,0x00,0x00,0x08,0xff,0x20,0x00,
0x00,0x00,0x00,0x00,0x67,0x60,0x00,0x00,0x00,0x00,0x00,0x00,0x00,0x00,0x00,0x00,0x00,0x01,0x8d,0xee,
0xb6,0x04,0xff,0x40,0x02,0xdf,0xff,0xff,0xfa,0x4f,0xf4,0x01,0xdf,0xfa,0x43,0x5b,0xfc,0xff,0x40,0x8f,
0xf7,0x00,0x00,0x09,0xff,0xf4,0x0e,0xfc,0x00,0x00,0x00,0x1e,0xff,0x43,0xff,0x70,0x00,0x00,0x00,0x9f,
0xf4,0x5f,0xf4,0x00,0x00,0x00,0x06,0xff,0x46,0xff,0x20,0x00,0x00,0x00,0x5f,0xf4,0x6f,0xf2,0x00,0x00,
0x00,0x05,0xff,0x45,0xff,0x40,0x00,0x00,0x00,0x6f,0xf4,0x3f,0xf7,0x00,0x00,0x00,0x09,0xff,0x40,0xef,
0xc0,0x00,0x00,0x01,0xef,0xf4,0x08,0xff,0x70,0x00,0x00,0x9f,0xff,0x40,0x1d,0xff,0x94,0x24,0xbf,0xcf,
0xf3,0x00,0x2d,0xff,0xff,0xff,0xb5,0xff,0x30,0x00,0x18,0xdf,0xec,0x60,0x5f,0xf2,0x00,0x00,0x00,0x00,
0x00,0x08,0xff,0x00,0x00,0x00,0x00,0x00,0x00,0xdf,0xc0,0x00,0x20,0x00,0x00,0x00,0x8f,0xf6,0x00,0x09,
0xc7,0x32,0x25,0xbf,0xfc,0x00,0x00,0x9f,0xff,0xff,0xff,0xfc,0x20,0x00,0x02,0x7b,0xde,0xfe,0xb6,0x00,
0x00,0x00,0x00,0x00,0x07,0x87,0x00,0x00,0x00,0x00,0x00,0x00,0x09,0xfd,0xfa,0x00,0x00,0x00,0x00,0x00,
0x06,0xfa,0x0a,0xf7,0x00,0x00,0x00,0x00,0x04,0xfb,0x00,0x0a,0xf4,0x00,0x00,0x00,0x00,0x00,0x00,0x00,
0x00,0x00,0x00,0x00,0x00,0x00,0x00,0x00,0x00,0x00,0x00,0x00,0x4f,0xf8,0x00,0x00,0x00,0x00,0x07,0xff,
0x54,0xff,0x80,0x00,0x00,0x00,0x00,0x7f,0xf5,0x4f,0xf8,0x00,0x00,0x00,0x00,0x07,0xff,0x54,0xff,0x80,
0x00,0x00,0x00,0x00,0x7f,0xf5,0x4f,0xf8,0x00,0x00,0x00,0x00,0x07,0xff,0x54,0xff,0x80,0x00,0x00,0x00,
0x00,0x7f,0xf5,0x4f,0xf8,0x00,0x00,0x00,0x00,0x07,0xff,0x54,0xff,0x80,0x00,0x00,0x00,0x00,0x7f,0xf5,
0x4f,0xfa,0x55,0x55,0x55,0x55,0x5a,0xff,0x54,0xff,0xff,0xff,0xff,0xff,0xff,0xff,0xf5,0x4f,0xff,0xff,
0xff,0xff,0xff,0xff,0xff,0x54,0xff,0x80,0x00,0x00,0x00,0x00,0x7f,0xf5,0x4f,0xf8,0x00,0x00,0x00,0x00,
0x07,0xff,0x54,0xff,0x80,0x00,0x00,0x00,0x00,0x7f,0xf5,0x4f,0xf8,0x00,0x00,0x00,0x00,0x07,0xff,0x54,
0xff,0x80,0x00,0x00,0x00,0x00,0x7f,0xf5,0x4f,0xf8,0x00,0x00,0x00,0x00,0x07,0xff,0x54,0xff,0x80,0x00,
0x00,0x00,0x00,0x7f,0xf5,0x4f,0xf8,0x00,0x00,0x00,0x00,0x07,0xff,0x54,0xff,0x80,0x00,0x00,0x00,0x00,
0x7f,0xf5,0x4f,0xf8,0x00,0x00,0x00,0x00,0x07,0xff,0x50,0x00,0x05,0x88,0x20,0x00,0x00,0x00,0x00,0x00,
0x05,0xfd,0xfd,0x10,0x00,0x00,0x00,0x00,0x03,0xed,0x26,0xfb,0x00,0x00,0x00,0x00,0x01,0xdd,0x20,0x06,
0xf8,0x00,0x00,0x00,0x00,0x00,0x00,0x00,0x00,0x00,0x00,0x00,0x00,0x00,0x00,0x7f,0xf1,0x00,0x00,0x00,
0x00,0x00,0x00,0x07,0xff,0x10,0x00,0x00,0x00,0x00,0x00,0x00,0x7f,0xf1,0x00,0x00,0x00,0x00,0x00,0x00,
0x07,0xff,0x10,0x00,0x00,0x00,0x00,0x00,0x00,0x7f,0xf1,0x00,0x00,0x00,0x00,0x00,0x00,0x07,0xff,0x10,
0x00,0x00,0x00,0x00,0x00,0x00,0x7f,0xf1,0x06,0xce,0xec,0x70,0x00,0x00,0x07,0xff,0x2b,0xff,0xff,0xff,
0xc1,0x00,0x00,0x7f,0xfb,0xfa,0x54,0x6d,0xff,0x80,0x00,0x07,0xff,0xf5,0x00,0x00,0x1d,0xfe,0x00,0x00,
0x7f,0xfa,0x00,0x00,0x00,0x7f,0xf3,0x00,0x07,0xff,0x40,0x00,0x00,0x03,0xff,0x50,0x00,0x7f,0xf2,0x00,
0x00,0x00,0x2f,0xf5,0x00,0x07,0xff,0x10,0x00,0x00,0x02,0xff,0x60,0x00,0x7f,0xf1,0x00,0x00,0x00,0x2f,
0xf6,0x00,0x07,0xff,0x10,0x00,0x00,0x02,0xff,0x60,0x00,0x7f,0xf1,0x00,0x00,0x00,0x2f,0xf6,0x00,0x07,
0xff,0x10,0x00,0x00,0x02,0xff,0x60,0x00,0x7f,0xf1,0x00,0x00,0x00,0x2f,0xf6,0x00,0x07,0xff,0x10,0x00,
0x00,0x02,0xff,0x60,0x00,0x7f,0xf1,0x00,0x00,0x00,0x2f,0xf6,0x00,0x07,0xff,0x10,0x00,0x00,0x02,0xff,
0x60,0x00,0x0e,0xfc,0x00,0x00,0x00,0x00,0x02,0xff,0x90,0x00,0x00,0xef,0xc0,0x00,0x00,0x00,0x00,0x2f,
0xf9,0x00,0x00,0x0e,0xfc,0x00,0x00,0x00,0x00,0x02,0xff,0x90,0x04,0xff,0xff,0xff,0xff,0xff,0xff,0xff,
0xff,0xff,0xfe,0x4f,0xff,0xff,0xff,0xff,0xff,0xff,0xff,0xff,0xff,0xe1,0x44,0xff,0xd4,0x44,0x44,0x44,
0x44,0x6f,0xfb,0x44,0x00,0x0e,0xfc,0x00,0x00,0x00,0x00,0x02,0xff,0x90,0x00,0x00,0xef,0xc0,0x00,0x00,
0x00,0x00,0x2f,0xf9,0x00,0x00,0x0e,0xfd,0x55,0x55,0x55,0x55,0x57,0xff,0x90,0x00,0x00,0xef,0xff,0xff,
0xff,0xff,0xff,0xff,0xf9,0x00,0x00,0x0e,0xff,0xff,0xff,0xff,0xff,0xff,0xff,0x90,0x00,0x00,0xef,0xc0,
0x00,0x00,0x00,0x00,0x2f,0xf9,0x00,0x00,0x0e,0xfc,0x00,0x00,0x00,0x00,0x02,0xff,0x90,0x00,0x00,0xef,
0xc0,0x00,0x00,0x00,0x00,0x2f,0xf9,0x00,0x00,0x0e,0xfc,0x00,0x00,0x00,0x00,0x02,0xff,0x90,0x00,0x00,
0xef,0xc0,0x00,0x00,0x00,0x00,0x2f,0xf9,0x00,0x00,0x0e,0xfc,0x00,0x00,0x00,0x00,0x02,0xff,0x90,0x00,
0x00,0xef,0xc0,0x00,0x00,0x00,0x00,0x2f,0xf9,0x00,0x00,0x0e,0xfc,0x00,0x00,0x00,0x00,0x02,0xff,0x90,
0x00,0x00,0xef,0xc0,0x00,0x00,0x00,0x00,0x2f,0xf9,0x00,0x00,0x0e,0xfc,0x00,0x00,0x00,0x00,0x02,0xff,
0x90,0x00,0x00,0xaf,0xd0,0x00,0x00,0x00,0x00,0x00,0x00,0xaf,0xd0,0x00,0x00,0x00,0x00,0x00,0x5f,0xff,
0xff,0xff,0xfa,0x00,0x00,0x00,0x5f,0xff,0xff,0xff,0xfa,0x00,0x00,0x00,0x24,0xbf,0xe4,0x44,0x43,0x00,
0x00,0x00,0x00,0xaf,0xd0,0x00,0x00,0x00,0x00,0x00,0x00,0xaf,0xd0,0x17,0xce,0xec,0x60,0x00,0x00,0xaf,
0xd2,0xdf,0xff,0xff,0xf9,0x00,0x00,0xaf,0xec,0xf9,0x54,0x7e,0xff,0x50,0x00,0xaf,0xfe,0x30,0x00,0x02,
0xff,0xb0,0x00,0xaf,0xf7,0x00,0x00,0x00,0xaf,0xe0,0x00,0xaf,0xf1,0x00,0x00,0x00,0x6f,0xf2,0x00,0xaf,
0xe0,0x00,0x00,0x00,0x5f,0xf2,0x00,0xaf,0xd0,0x00,0x00,0x00,0x5f,0xf3,0x00,0xaf,0xd0,0x00,0x00,0x00,
0x5f,0xf3,0x00,0xaf,0xd0,0x00,0x00,0x00,0x5f,0xf3,0x00,0xaf,0xd0,0x00,0x00,0x00,0x5f,0xf3,0x00,0xaf,
0xd0,0x00,0x00,0x00,0x5f,0xf3,0x00,0xaf,0xd0,0x00,0x00,0x00,0x5f,0xf3,0x00,0xaf,0xd0,0x00,0x00,0x00,
0x5f,0xf3,0x00,0xaf,0xd0,0x00,0x00,0x00,0x5f,0xf3,0x00,0xaf,0xd0,0x00,0x00,0x00,0x5f,0xf3,0x00,0x00,
0x00,0x00,0x10,0x05,0xef,0xc4,0x02,0xf8,0x2f,0xea,0xef,0xcd,0xf4,0x5f,0x60,0x29,0xee,0x70,0x00,0x00,
0x00,0x00,0x00,0x00,0x00,0x00,0x00,0x00,0x00,0x04,0xff,0x80,0x00,0x00,0x04,0xff,0x80,0x00,0x00,0x04,
0xff,0x80,0x00,0x00,0x04,0xff,0x80,0x00,0x00,0x04,0xff,0x80,0x00,0x00,0x04,0xff,0x80,0x00,0x00,0x04,
0xff,0x80,0x00,0x00,0x04,0xff,0x80,0x00,0x00,0x04,0xff,0x80,0x00,0x00,0x04,0xff,0x80,0x00,0x00,0x04,
0xff,0x80,0x00,0x00,0x04,0xff,0x80,0x00,0x00,0x04,0xff,0x80,0x00,0x00,0x04,0xff,0x80,0x00,0x00,0x04,
0xff,0x80,0x00,0x00,0x04,0xff,0x80,0x00,0x00,0x04,0xff,0x80,0x00,0x00,0x04,0xff,0x80,0x00,0x00,0x04,
0xff,0x80,0x00,0x00,0x04,0xff,0x80,0x00,0x00,0x04,0xff,0x80,0x00,0x05,0xdd,0x60,0x05,0xe5,0x1f,0xfe,
0xf8,0x08,0xf3,0x6f,0x51,0xbf,0xdf,0xd0,0x8f,0x20,0x19,0xed,0x40,0x00,0x00,0x00,0x00,0x00,0x00,0x00,
0x00,0x00,0x00,0x00,0x05,0xff,0x20,0x00,0x00,0x05,0xff,0x20,0x00,0x00,0x05,0xff,0x20,0x00,0x00,0x05,
0xff,0x20,0x00,0x00,0x05,0xff,0x20,0x00,0x00,0x05,0xff,0x20,0x00,0x00,0x05,0xff,0x20,0x00,0x00,0x05,
0xff,0x20,0x00,0x00,0x05,0xff,0x20,0x00,0x00,0x05,0xff,0x20,0x00,0x00,0x05,0xff,0x20,0x00,0x00,0x05,
0xff,0x20,0x00,0x00,0x05,0xff,0x20,0x00,0x00,0x05,0xff,0x20,0x00,0x00,0x05,0xff,0x20,0x00,0x00,0x05,
0xff,0x20,0x00,0xef,0xff,0xff,0xff,0x3e,0xff,0xff,0xff,0xf3,0x11,0x11,0x11,0x11,0x00,0x00,0x00,0x00,
0x00,0x00,0x00,0x00,0x00,0x00,0x04,0xff,0x80,0x00,0x00,0x4f,0xf8,0x00,0x00,0x04,0xff,0x80,0x00,0x00,
0x4f,0xf8,0x00,0x00,0x04,0xff,0x80,0x00,0x00,0x4f,0xf8,0x00,0x00,0x04,0xff,0x80,0x00,0x00,0x4f,0xf8,
0x00,0x00,0x04,0xff,0x80,0x00,0x00,0x4f,0xf8,0x00,0x00,0x04,0xff,0x80,0x00,0x00,0x4f,0xf8,0x00,0x00,
0x04,0xff,0x80,0x00,0x00,0x4f,0xf8,0x00,0x00,0x04,0xff,0x80,0x00,0x00,0x4f,0xf8,0x00,0x00,0x04,0xff,
0x80,0x00,0x00,0x4f,0xf8,0x00,0x00,0x04,0xff,0x80,0x00,0x00,0x4f,0xf8,0x00,0x00,0x04,0xff,0x80,0x00,
0x3f,0xff,0xff,0xff,0xf3,0xff,0xff,0xff,0xff,0x01,0x11,0x11,0x11,0x10,0x00,0x00,0x00,0x00,0x00,0x00,
0x00,0x00,0x00,0x00,0x00,0x00,0x00,0x00,0x05,0xff,0x20,0x00,0x00,0x5f,0xf2,0x00,0x00,0x05,0xff,0x20,
0x00,0x00,0x5f,0xf2,0x00,0x00,0x05,0xff,0x20,0x00,0x00,0x5f,0xf2,0x00,0x00,0x05,0xff,0x20,0x00,0x00,
0x5f,0xf2,0x00,0x00,0x05,0xff,0x20,0x00,0x00,0x5f,0xf2,0x00,0x00,0x05,0xff,0x20,0x00,0x00,0x5f,0xf2,
0x00,0x00,0x05,0xff,0x20,0x00,0x00,0x5f,0xf2,0x00,0x00,0x05,0xff,0x20,0x00,0x00,0x5f,0xf2,0x00,0x18,
0x40,0x00,0x02,0x83,0x0d,0xe5,0x10,0x3c,0xf2,0x05,0xff,0xff,0xff,0x90,0x00,0x39,0xbc,0xa5,0x00,0x00,
0x00,0x00,0x00,0x00,0x00,0x00,0x00,0x00,0x00,0x00,0x04,0xff,0x80,0x00,0x00,0x04,0xff,0x80,0x00,0x00,
0x04,0xff,0x80,0x00,0x00,0x04,0xff,0x80,0x00,0x00,0x04,0xff,0x80,0x00,0x00,0x04,0xff,0x80,0x00,0x00,
0x04,0xff,0x80,0x00,0x00,0x04,0xff,0x80,0x00,0x00,0x04,0xff,0x80,0x00,0x00,0x04,0xff,0x80,0x00,0x00,
0x04,0xff,0x80,0x00,0x00,0x04,0xff,0x80,0x00,0x00,0x04,0xff,0x80,0x00,0x00,0x04,0xff,0x80,0x00,0x00,
0x04,0xff,0x80,0x00,0x00,0x04,0xff,0x80,0x00,0x00,0x04,0xff,0x80,0x00,0x00,0x04,0xff,0x80,0x00,0x00,
0x04,0xff,0x80,0x00,0x00,0x04,0xff,0x80,0x00,0x00,0x04,0xff,0x80,0x00,0x28,0x30,0x00,0x04,0x81,0x2f,
0xc3,0x11,0x4e,0xe0,0x09,0xff,0xff,0xff,0x60,0x00,0x6b,0xdd,0xa4,0x00,0x00,0x00,0x00,0x00,0x00,0x00,
0x00,0x00,0x00,0x00,0x00,0x00,0x00,0x00,0x00,0x00,0x05,0xff,0x20,0x00,0x00,0x05,0xff,0x20,0x00,0x00,
0x05,0xff,0x20,0x00,0x00,0x05,0xff,0x20,0x00,0x00,0x05,0xff,0x20,0x00,0x00,0x05,0xff,0x20,0x00,0x00,
0x05,0xff,0x20,0x00,0x00,0x05,0xff,0x20,0x00,0x00,0x05,0xff,0x20,0x00,0x00,0x05,0xff,0x20,0x00,0x00,
0x05,0xff,0x20,0x00,0x00,0x05,0xff,0x20,0x00,0x00,0x05,0xff,0x20,0x00,0x00,0x05,0xff,0x20,0x00,0x00,
0x05,0xff,0x20,0x00,0x00,0x05,0xff,0x20,0x00,0x4f,0xf8,0x00,0x4f,0xf8,0x00,0x4f,0xf8,0x00,0x4f,0xf8,
0x00,0x4f,0xf8,0x00,0x4f,0xf8,0x00,0x4f,0xf8,0x00,0x4f,0xf8,0x00,0x4f,0xf8,0x00,0x4f,0xf8,0x00,0x4f,
0xf8,0x00,0x4f,0xf8,0x00,0x4f,0xf8,0x00,0x4f,0xf8,0x00,0x4f,0xf8,0x00,0x4f,0xf8,0x00,0x4f,0xf8,0x00,
0x4f,0xf8,0x00,0x4f,0xf8,0x00,0x4f,0xf8,0x00,0x4f,0xf8,0x00,0x07,0xf3,0x00,0x2f,0xa0,0x00,0x7f,0x50,
0x00,0x8f,0x91,0x23,0x3f,0xff,0xf8,0x03,0x9a,0xa4,0x5f,0xf2,0x00,0x5f,0xf2,0x00,0x5f,0xf2,0x00,0x14,
0x41,0x00,0x00,0x00,0x00,0x00,0x00,0x00,0x5f,0xf2,0x00,0x5f,0xf2,0x00,0x5f,0xf2,0x00,0x5f,0xf2,0x00,
0x5f,0xf2,0x00,0x5f,0xf2,0x00,0x5f,0xf2,0x00,0x5f,0xf2,0x00,0x5f,0xf2,0x00,0x5f,0xf2,0x00,0x5f,0xf2,
0x00,0x5f,0xf2,0x00,0x5f,0xf2,0x00,0x5f,0xf2,0x00,0x5f,0xf2,0x00,0x5f,0xf2,0x00,0x0c,0xc0,0x00,0x7f,
0x40,0x00,0xdf,0x00,0x00,0xdf,0x50,0x31,0x9f,0xff,0xf2,0x06,0xaa,0x91,0x4f,0xf8,0x4f,0xf8,0x3d,0xd7,
0x00,0x00,0x00,0x00,0x4f,0xf8,0x4f,0xf8,0x4f,0xf8,0x4f,0xf8,0x4f,0xf8,0x4f,0xf8,0x4f,0xf8,0x4f,0xf8,
0x4f,0xf8,0x4f,0xf8,0x4f,0xf8,0x4f,0xf8,0x4f,0xf8,0x4f,0xf8,0x4f,0xf8,0x4f,0xf8,0x4f,0xf8,0x4f,0xf8,
0x4f,0xf8,0x4f,0xf8,0x4f,0xf8,0x5f,0xf2,0x5f,0xf2,0x5f,0xf2,0x5f,0xf2,0x5f,0xf2,0x5f,0xf2,0x5f,0xf2,
0x5f,0xf2,0x5f,0xf2,0x5f,0xf2,0x5f,0xf2,0x5f,0xf2,0x5f,0xf2,0x5f,0xf2,0x5f,0xf2,0x5f,0xf2,0x4f,0xf8,
0x00,0x00,0x0f,0xfc,0x4f,0xf8,0x00,0x00,0x0f,0xfc,0x4f,0xf8,0x00,0x00,0x0f,0xfc,0x4f,0xf8,0x00,0x00,
0x0f,0xfc,0x4f,0xf8,0x00,0x00,0x0f,0xfc,0x4f,0xf8,0x00,0x00,0x0f,0xfc,0x4f,0xf8,0x00,0x00,0x0f,0xfc,
0x4f,0xf8,0x00,0x00,0x0f,0xfc,0x4f,0xf8,0x00,0x00,0x0f,0xfc,0x4f,0xf8,0x00,0x00,0x0f,0xfc,0x4f,0xf8,
0x00,0x00,0x0f,0xfc,0x4f,0xf8,0x00,0x00,0x0f,0xfc,0x4f,0xf8,0x00,0x00,0x0f,0xfc,0x4f,0xf8,0x00,0x00,
0x0f,0xfc,0x4f,0xf8,0x00,0x00,0x0f,0xfc,0x4f,0xf8,0x00,0x00,0x0f,0xfc,0x4f,0xf8,0x00,0x00,0x0f,0xfc,
0x4f,0xf8,0x00,0x00,0x0f,0xfc,0x4f,0xf8,0x00,0x00,0x0f,0xfc,0x4f,0xf8,0x00,0x00,0x0f,0xfb,0x4f,0xf8,
0x00,0x00,0x0f,0xfb,0x00,0x00,0x00,0x00,0x2f,0xfa,0x00,0x00,0x00,0x00,0x5f,0xf8,0x00,0x00,0x00,0x00,
0xbf,0xf4,0x00,0x00,0x16,0x7c,0xff,0xc0,0x00,0x00,0x3f,0xff,0xfe,0x30,0x00,0x00,0x3f,0xed,0x81,0x00,
0x5f,0xf2,0x00,0x00,0x9f,0xe5,0xff,0x20,0x00,0x09,0xfe,0x5f,0xf2,0x00,0x00,0x9f,0xe1,0x44,0x10,0x00,
0x02,0x43,0x00,0x00,0x00,0x00,0x00,0x00,0x00,0x00,0x00,0x00,0x00,0x5f,0xf2,0x00,0x00,0x9f,0xe5,0xff,
0x20,0x00,0x09,0xfe,0x5f,0xf2,0x00,0x00,0x9f,0xe5,0xff,0x20,0x00,0x09,0xfe,0x5f,0xf2,0x00,0x00,0x9f,
0xe5,0xff,0x20,0x00,0x09,0xfe,0x5f,0xf2,0x00,0x00,0x9f,0xe5,0xff,0x20,0x00,0x09,0xfe,0x5f,0xf2,0x00,
0x00,0x9f,0xe5,0xff,0x20,0x00,0x09,0xfe,0x5f,0xf2,0x00,0x00,0x9f,0xe5,0xff,0x20,0x00,0x09,0xfe,0x5f,
0xf2,0x00,0x00,0x9f,0xe5,0xff,0x20,0x00,0x09,0xfe,0x5f,0xf2,0x00,0x00,0x9f,0xe5,0xff,0x20,0x00,0x09,
0xfe,0x00,0x00,0x00,0x00,0x9f,0xe0,0x00,0x00,0x00,0x0a,0xfd,0x00,0x00,0x00,0x00,0xdf,0xb0,0x00,0x00,
0x24,0x9f,0xf6,0x00,0x00,0x0b,0xff,0xfc,0x00,0x00,0x00,0xbf,0xd8,0x10,0x00,0x00,0x9f,0xfc,0x10,0x00,
0x00,0x6f,0xb8,0xfa,0x00,0x00,0x4f,0xc1,0x09,0xf7,0x00,0x06,0x71,0x00,0x06,0x71,0x00,0x00,0x00,0x00,
0x00,0x00,0x00,0x04,0xff,0x80,0x00,0x00,0x00,0x4f,0xf8,0x00,0x00,0x00,0x04,0xff,0x80,0x00,0x00,0x00,
0x4f,0xf8,0x00,0x00,0x00,0x04,0xff,0x80,0x00,0x00,0x00,0x4f,0xf8,0x00,0x00,0x00,0x04,0xff,0x80,0x00,
0x00,0x00,0x4f,0xf8,0x00,0x00,0x00,0x04,0xff,0x80,0x00,0x00,0x00,0x4f,0xf8,0x00,0x00,0x00,0x04,0xff,
0x80,0x00,0x00,0x00,0x4f,0xf8,0x00,0x00,0x00,0x04,0xff,0x80,0x00,0x00,0x00,0x4f,0xf8,0x00,0x00,0x00,
0x04,0xff,0x80,0x00,0x00,0x00,0x4f,0xf8,0x00,0x00,0x00,0x04,0xff,0x80,0x00,0x00,0x00,0x4f,0xf8,0x00,
0x00,0x00,0x04,0xff,0x80,0x00,0x00,0x00,0x4f,0xf8,0x00,0x00,0x00,0x04,0xff,0x70,0x00,0x00,0x00,0x5f,
0xf6,0x00,0x00,0x00,0x08,0xff,0x40,0x00,0x00,0x01,0xef,0xe1,0x00,0x03,0x68,0xdf,0xf9,0x00,0x00,0x7f,
0xff,0xfc,0x10,0x00,0x07,0xfe,0xc7,0x00,0x00,0x00,0x00,0x06,0xff,0x30,0x00,0x00,0x1e,0xff,0xc0,0x00,
0x00,0xaf,0x7b,0xf6,0x00,0x04,0xfc,0x01,0xee,0x10,0x0d,0xe2,0x00,0x5f,0xa0,0x28,0x50,0x00,0x06,0x71,
0x00,0x00,0x00,0x00,0x00,0x00,0x05,0xff,0x20,0x00,0x00,0x05,0xff,0x20,0x00,0x00,0x05,0xff,0x20,0x00,
0x00,0x05,0xff,0x20,0x00,0x00,0x05,0xff,0x20,0x00,0x00,0x05,0xff,0x20,0x00,0x00,0x05,0xff,0x20,0x00,
0x00,0x05,0xff,0x20,0x00,0x00,0x05,0xff,0x20,0x00,0x00,0x05,0xff,0x20,0x00,0x00,0x05,0xff,0x20,0x00,
0x00,0x05,0xff,0x20,0x00,0x00,0x05,0xff,0x20,0x00,0x00,0x05,0xff,0x20,0x00,0x00,0x05,0xff,0x20,0x00,
0x00,0x05,0xff,0x20,0x00,0x00,0x06,0xff,0x20,0x00,0x00,0x06,0xff,0x10,0x00,0x00,0x09,0xfe,0x00,0x00,
0x13,0x7f,0xfa,0x00,0x00,0x8f,0xff,0xe2,0x00,0x00,0x8f,0xea,0x20,0x00,0x00,0x4f,0xf8,0x00,0x00,0x00,
0x01,0xcf,0xfa,0x04,0xff,0x80,0x00,0x00,0x01,0xcf,0xfa,0x00,0x4f,0xf8,0x00,0x00,0x01,0xcf,0xf9,0x00,
0x04,0xff,0x80,0x00,0x01,0xdf,0xf9,0x00,0x00,0x4f,0xf8,0x00,0x02,0xdf,0xf8,0x00,0x00,0x04,0xff,0x80,
0x02,0xdf,0xf8,0x00,0x00,0x00,0x4f,0xf8,0x02,0xdf,0xf8,0x00,0x00,0x00,0x04,0xff,0x82,0xef,0xf7,0x00,
0x00,0x00,0x00,0x4f,0xfa,0xef,0xf7,0x00,0x00,0x00,0x00,0x04,0xff,0xff,0xf7,0x00,0x00,0x00,0x00,0x00,
0x4f,0xff,0xff,0xb0,0x00,0x00,0x00,0x00,0x04,0xff,0x9c,0xff,0xb0,0x00,0x00,0x00,0x00,0x4f,0xf8,0x1d,
0xff,0xa0,0x00,0x00,0x00,0x04,0xff,0x80,0x1d,0xff,0xa0,0x00,0x00,0x00,0x4f,0xf8,0x00,0x2d,0xff,0xa0,
0x00,0x00,0x04,0xff,0x80,0x00,0x2d,0xff,0x90,0x00,0x00,0x4f,0xf8,0x00,0x00,0x2e,0xff,0x90,0x00,0x04,
0xff,0x80,0x00,0x00,0x2e,0xff,0x80,0x00,0x4f,0xf8,0x00,0x00,0x00,0x3e,0xff,0x80,0x04,0xff,0x80,0x00,
0x00,0x00,0x3e,0xff,0x70,0x4f,0xf8,0x00,0x00,0x00,0x00,0x3e,0xff,0x70,0x00,0x00,0x00,0x00,0x00,0x00,
0x00,0x00,0x00,0x00,0x00,0x00,0x00,0x00,0x00,0x00,0x00,0x00,0x00,0x00,0x3f,0xf9,0x00,0x00,0x00,0x00,
0x00,0x00,0x07,0xff,0x20,0x00,0x00,0x00,0x00,0x00,0x00,0xaf,0x80,0x00,0x00,0x00,0x00,0x00,0x00,0x0e,
0xe1,0x00,0x00,0x00,0x00,0x00,0x00,0x01,0x75,0x00,0x00,0x00,0x00,0x7f,0xf1,0x00,0x00,0x00,0x00,0x00,
0x07,0xff,0x10,0x00,0x00,0x00,0x00,0x00,0x7f,0xf1,0x00,0x00,0x00,0x00,0x00,0x07,0xff,0x10,0x00,0x00,
0x00,0x00,0x00,0x7f,0xf1,0x00,0x00,0x00,0x00,0x00,0x07,0xff,0x10,0x00,0x00,0x00,0x00,0x00,0x7f,0xf1,
0x00,0x00,0x02,0xdf,0xe4,0x07,0xff,0x10,0x00,0x02,0xdf,0xe3,0x00,0x7f,0xf1,0x00,0x03,0xef,0xe3,0x00,
0x07,0xff,0x10,0x04,0xef,0xd2,0x00,0x00,0x7f,0xf1,0x05,0xff,0xc1,0x00,0x00,0x07,0xff,0x16,0xff,0xb1,
0x00,0x00,0x00,0x7f,0xf8,0xff,0xb1,0x00,0x00,0x00,0x07,0xff,0xff,0xd0,0x00,0x00,0x00,0x00,0x7f,0xfa,
0xff,0xa0,0x00,0x00,0x00,0x07,0xff,0x19,0xff,0xa0,0x00,0x00,0x00,0x7f,0xf1,0x09,0xff,0xa0,0x00,0x00,
0x07,0xff,0x10,0x09,0xff,0xa0,0x00,0x00,0x7f,0xf1,0x00,0x09,0xff,0xa0,0x00,0x07,0xff,0x10,0x00,0x09,
0xff,0xa0,0x00,0x7f,0xf1,0x00,0x00,0x09,0xff,0xa0,0x07,0xff,0x10,0x00,0x00,0x09,0xff,0x90,0x00,0x00,
0x00,0x00,0x00,0x00,0x00,0x00,0x00,0x00,0x00,0x00,0x00,0x00,0x00,0x00,0x00,0x00,0xbf,0xe1,0x00,0x00,
0x00,0x00,0x00,0x0e,0xf8,0x00,0x00,0x00,0x00,0x00,0x03,0xfe,0x10,0x00,0x00,0x00,0x00,0x00,0x7f,0x80,
0x00,0x00,0x00,0x00,0x00,0x04,0x71,0x00,0x00,0x00,0x00,0x7f,0xf1,0x00,0x00,0x02,0xdf,0xe4,0x07,0xff,
0x10,0x00,0x02,0xdf,0xe4,0x00,0x7f,0xf1,0x00,0x03,0xef,0xe3,0x00,0x07,0xff,0x10,0x04,0xef,0xd2,0x00,
0x00,0x7f,0xf1,0x05,0xff,0xc2,0x00,0x00,0x07,0xff,0x16,0xff,0xc1,0x00,0x00,0x00,0x7f,0xf8,0xff,0xb1,
0x00,0x00,0x00,0x07,0xff,0xff,0xd1,0x00,0x00,0x00,0x00,0x7f,0xfa,0xff,0xa0,0x00,0x00,0x00,0x07,0xff,
0x1a,0xff,0xa0,0x00,0x00,0x00,0x7f,0xf1,0x0a,0xff,0xa0,0x00,0x00,0x07,0xff,0x10,0x0a,0xff,0xa0,0x00,
0x00,0x7f,0xf1,0x00,0x0a,0xff,0xa0,0x00,0x07,0xff,0x10,0x00,0x0a,0xff,0xa0,0x00,0x7f,0xf1,0x00,0x00,
0x0a,0xff,0x90,0x07,0xff,0x10,0x00,0x00,0x09,0xff,0x90,0x00,0x03,0x87,0x10,0x00,0x00,0x00,0x00,0x2e,
0xf6,0x00,0x00,0x00,0x00,0x00,0xbf,0x80,0x00,0x00,0x00,0x00,0x08,0xf9,0x00,0x00,0x00,0x00,0x00,0x00,
0x00,0x00,0x00,0x00,0x00,0x00,0x00,0x00,0x00,0x00,0x00,0x00,0x00,0x4f,0xf8,0x00,0x00,0x00,0x00,0x00,
0x4f,0xf8,0x00,0x00,0x00,0x00,0x00,0x4f,0xf8,0x00,0x00,0x00,0x00,0x00,0x4f,0xf8,0x00,0x00,0x00,0x00,
0x00,0x4f,0xf8,0x00,0x00,0x00,0x00,0x00,0x4f,0xf8,0x00,0x00,0x00,0x00,0x00,0x4f,0xf8,0x00,0x00,0x00,
0x00,0x00,0x4f,0xf8,0x00,0x00,0x00,0x00,0x00,0x4f,0xf8,0x00,0x00,0x00,0x00,0x00,0x4f,0xf8,0x00,0x00,
0x00,0x00,0x00,0x4f,0xf8,0x00,0x00,0x00,0x00,0x00,0x4f,0xf8,0x00,0x00,0x00,0x00,0x00,0x4f,0xf8,0x00,
0x00,0x00,0x00,0x00,0x4f,0xf8,0x00,0x00,0x00,0x00,0x00,0x4f,0xf8,0x00,0x00,0x00,0x00,0x00,0x4f,0xf8,
0x00,0x00,0x00,0x00,0x00,0x4f,0xf8,0x00,0x00,0x00,0x00,0x00,0x4f,0xf8,0x00,0x00,0x00,0x00,0x00,0x4f,
0xfa,0x66,0x66,0x66,0x66,0x63,0x4f,0xff,0xff,0xff,0xff,0xff,0xf7,0x4f,0xff,0xff,0xff,0xff,0xff,0xf7,
0x00,0x05,0x86,0x00,0x04,0xfe,0x30,0x02,0xef,0x40,0x00,0xcf,0x50,0x00,0x00,0x00,0x00,0x05,0xff,0x20,
0x00,0x5f,0xf2,0x00,0x05,0xff,0x20,0x00,0x5f,0xf2,0x00,0x05,0xff,0x20,0x00,0x5f,0xf2,0x00,0x05,0xff,
0x20,0x00,0x5f,0xf2,0x00,0x05,0xff,0x20,0x00,0x5f,0xf2,0x00,0x05,0xff,0x20,0x00,0x5f,0xf2,0x00,0x05,
0xff,0x20,0x00,0x5f,0xf2,0x00,0x05,0xff,0x20,0x00,0x5f,0xf2,0x00,0x05,0xff,0x20,0x00,0x5f,0xf2,0x00,
0x05,0xff,0x20,0x00,0x5f,0xf2,0x00,0x05,0xff,0x20,0x00,0x5f,0xf2,0x00,0x00,0x4f,0xf8,0x00,0x00,0x00,
0x00,0x00,0x4f,0xf8,0x00,0x00,0x00,0x00,0x00,0x4f,0xf8,0x00,0x00,0x00,0x00,0x00,0x4f,0xf8,0x00,0x00,
0x00,0x00,0x00,0x4f,0xf8,0x00,0x00,0x00,0x00,0x00,0x4f,0xf8,0x00,0x00,0x00,0x00,0x00,0x4f,0xf8,0x00,
0x00,0x00,0x00,0x00,0x4f,0xf8,0x00,0x00,0x00,0x00,0x00,0x4f,0xf8,0x00,0x00,0x00,0x00,0x00,0x4f,0xf8,
0x00,0x00,0x00,0x00,0x00,0x4f,0xf8,0x00,0x00,0x00,0x00,0x00,0x4f,0xf8,0x00,0x00,0x00,0x00,0x00,0x4f,
0xf8,0x00,0x00,0x00,0x00,0x00,0x4f,0xf8,0x00,0x00,0x00,0x00,0x00,0x4f,0xf8,0x00,0x00,0x00,0x00,0x00,
0x4f,0xf8,0x00,0x00,0x00,0x00,0x00,0x4f,0xf8,0x00,0x00,0x00,0x00,0x00,0x4f,0xf8,0x00,0x00,0x00,0x00,
0x00,0x4f,0xfa,0x66,0x66,0x66,0x66,0x63,0x4f,0xff,0xff,0xff,0xff,0xff,0xf7,0x4f,0xff,0xff,0xff,0xff,
0xff,0xf7,0x00,0x00,0x00,0x00,0x00,0x00,0x00,0x00,0x00,0x00,0x00,0x00,0x00,0x00,0x00,0x00,0x00,0xef,
0xc0,0x00,0x00,0x00,0x00,0x03,0xff,0x50,0x00,0x00,0x00,0x00,0x07,0xfc,0x00,0x00,0x00,0x00,0x00,0x0b,
0xf5,0x00,0x00,0x00,0x00,0x00,0x06,0x60,0x00,0x00,0x00,0x05,0xff,0x20,0x5f,0xf2,0x05,0xff,0x20,0x5f,
0xf2,0x05,0xff,0x20,0x5f,0xf2,0x05,0xff,0x20,0x5f,0xf2,0x05,0xff,0x20,0x5f,0xf2,0x05,0xff,0x20,0x5f,
0xf2,0x05,0xff,0x20,0x5f,0xf2,0x05,0xff,0x20,0x5f,0xf2,0x05,0xff,0x20,0x5f,0xf2,0x05,0xff,0x20,0x5f,
0xf2,0x05,0xff,0x20,0x5f,0xf2,0x00,0x00,0x00,0x00,0x00,0x02,0xff,0x90,0x6f,0xf2,0x0a,0xf9,0x00,0xef,
0x20,0x17,0x50,0x00,0x4f,0xf8,0x00,0x0e,0xfb,0x00,0x00,0x4f,0xf8,0x00,0x2f,0xf7,0x00,0x00,0x4f,0xf8,
0x00,0x4f,0xf2,0x00,0x00,0x4f,0xf8,0x00,0x7f,0xc0,0x00,0x00,0x4f,0xf8,0x00,0xaf,0x80,0x00,0x00,0x4f,
0xf8,0x00,0x34,0x10,0x00,0x00,0x4f,0xf8,0x00,0x00,0x00,0x00,0x00,0x4f,0xf8,0x00,0x00,0x00,0x00,0x00,
0x4f,0xf8,0x00,0x00,0x00,0x00,0x00,0x4f,0xf8,0x00,0x00,0x00,0x00,0x00,0x4f,0xf8,0x00,0x00,0x00,0x00,
0x00,0x4f,0xf8,0x00,0x00,0x00,0x00,0x00,0x4f,0xf8,0x00,0x00,0x00,0x00,0x00,0x4f,0xf8,0x00,0x00,0x00,
0x00,0x00,0x4f,0xf8,0x00,0x00,0x00,0x00,0x00,0x4f,0xf8,0x00,0x00,0x00,0x00,0x00,0x4f,0xf8,0x00,0x00,
0x00,0x00,0x00,0x4f,0xf8,0x00,0x00,0x00,0x00,0x00,0x4f,0xfa,0x66,0x66,0x66,0x66,0x63,0x4f,0xff,0xff,
0xff,0xff,0xff,0xf7,0x4f,0xff,0xff,0xff,0xff,0xff,0xf7,0x5f,0xf2,0x05,0xff,0x55,0xff,0x20,0x7f,0xf1,
0x5f,0xf2,0x0a,0xfb,0x05,0xff,0x20,0xdf,0x70,0x5f,0xf2,0x1f,0xf2,0x05,0xff,0x21,0x44,0x00,0x5f,0xf2,
0x00,0x00,0x05,0xff,0x20,0x00,0x00,0x5f,0xf2,0x00,0x00,0x05,0xff,0x20,0x00,0x00,0x5f,0xf2,0x00,0x00,
0x05,0xff,0x20,0x00,0x00,0x5f,0xf2,0x00,0x00,0x05,0xff,0x20,0x00,0x00,0x5f,0xf2,0x00,0x00,0x05,0xff,
0x20,0x00,0x00,0x5f,0xf2,0x00,0x00,0x05,0xff,0x20,0x00,0x00,0x5f,0xf2,0x00,0x00,0x05,0xff,0x20,0x00,
0x00,0x5f,0xf2,0x00,0x00,0x05,0xff,0x20,0x00,0x00,0x4f,0xf8,0x00,0x00,0x00,0x00,0x00,0x4f,0xf8,0x00,
0x00,0x00,0x00,0x00,0x4f,0xf8,0x00,0x00,0x00,0x00,0x00,0x4f,0xf8,0x00,0x00,0x00,0x00,0x00,0x4f,0xf8,
0x00,0x00,0x00,0x00,0x00,0x4f,0xf8,0x00,0x00,0x00,0x00,0x00,0x4f,0xf8,0x00,0x00,0x00,0x00,0x00,0x4f,
0xf8,0x00,0x00,0x38,0x84,0x00,0x4f,0xf8,0x00,0x00,0x5f,0xf8,0x00,0x4f,0xf8,0x00,0x00,0x5f,0xf8,0x00,
0x4f,0xf8,0x00,0x00,0x5f,0xf8,0x00,0x4f,0xf8,0x00,0x00,0x00,0x00,0x00,0x4f,0xf8,0x00,0x00,0x00,0x00,
0x00,0x4f,0xf8,0x00,0x00,0x00,0x00,0x00,0x4f,0xf8,0x00,0x00,0x00,0x00,0x00,0x4f,0xf8,0x00,0x00,0x00,
0x00,0x00,0x4f,0xf8,0x00,0x00,0x00,0x00,0x00,0x4f,0xf8,0x00,0x00,0x00,0x00,0x00,0x4f,0xfa,0x66,0x66,
0x66,0x66,0x63,0x4f,0xff,0xff,0xff,0xff,0xff,0xf7,0x4f,0xff,0xff,0xff,0xff,0xff,0xf7,0x5f,0xf2,0x00,
0x05,0xff,0x20,0x00,0x5f,0xf2,0x00,0x05,0xff,0x20,0x00,0x5f,0xf2,0x00,0x05,0xff,0x20,0x00,0x5f,0xf2,
0x00,0x05,0xff,0x20,0x00,0x5f,0xf3,0x88,0x65,0xff,0x4f,0xfc,0x5f,0xf4,0xff,0xc5,0xff,0x4f,0xfc,0x5f,
0xf2,0x00,0x05,0xff,0x20,0x00,0x5f,0xf2,0x00,0x05,0xff,0x20,0x00,0x5f,0xf2,0x00,0x05,0xff,0x20,0x00,
0x5f,0xf2,0x00,0x05,0xff,0x20,0x00,0x5f,0xf2,0x00,0x05,0xff,0x20,0x00,0x00,0x02,0xff,0xa0,0x00,0x00,
0x00,0x00,0x00,0x00,0x2f,0xfa,0x00,0x00,0x00,0x00,0x00,0x00,0x02,0xff,0xa0,0x00,0x00,0x00,0x00,0x00,
0x00,0x2f,0xfa,0x00,0x00,0x00,0x00,0x00,0x00,0x02,0xff,0xa0,0x00,0x00,0x00,0x00,0x00,0x00,0x2f,0xfa,
0x00,0x02,0x00,0x00,0x00,0x00,0x02,0xff,0xa0,0x06,0xe9,0x00,0x00,0x00,0x00,0x2f,0xfa,0x1a,0xff,0x80,
0x00,0x00,0x00,0x02,0xff,0xcd,0xfd,0x40,0x00,0x00,0x00,0x00,0x2f,0xff,0xfa,0x10,0x00,0x00,0x00,0x00,
0x03,0xff,0xe6,0x00,0x00,0x00,0x00,0x00,0x04,0xef,0xfa,0x00,0x00,0x00,0x00,0x00,0x09,0xff,0xff,0xa0,
0x00,0x00,0x00,0x00,0x00,0xce,0x6f,0xfa,0x00,0x00,0x00,0x00,0x00,0x02,0x12,0xff,0xa0,0x00,0x00,0x00,
0x00,0x00,0x00,0x2f,0xfa,0x00,0x00,0x00,0x00,0x00,0x00,0x02,0xff,0xa0,0x00,0x00,0x00,0x00,0x00,0x00,
0x2f,0xfa,0x00,0x00,0x00,0x00,0x00,0x00,0x02,0xff,0xc6,0x66,0x66,0x66,0x66,0x30,0x00,0x2f,0xff,0xff,
0xff,0xff,0xff,0xf9,0x00,0x02,0xff,0xff,0xff,0xff,0xff,0xff,0x90,0x00,0x4f,0xf4,0x00,0x00,0x4f,0xf4,
0x00,0x00,0x4f,0xf4,0x00,0x00,0x4f,0xf4,0x00,0x00,0x4f,0xf4,0x00,0x00,0x4f,0xf4,0x00,0x00,0x4f,0xf4,
0x00,0x00,0x4f,0xf4,0x62,0x00,0x4f,0xfc,0xfb,0x00,0x4f,0xff,0xc2,0x00,0x9f,0xf9,0x00,0x2b,0xff,0xf4,
0x00,0xbf,0xdf,0xf4,0x00,0x37,0x4f,0xf4,0x00,0x00,0x4f,0xf4,0x00,0x00,0x4f,0xf4,0x00,0x00,0x4f,0xf4,
0x00,0x00,0x4f,0xf4,0x00,0x00,0x4f,0xf4,0x00,0x00,0x4f,0xf4,0x00,0x00,0x4f,0xf4,0x00,0x00,0x4f,0xf4,
0x00,0x00,0x00,0x00,0x00,0x68,0x60,0x00,0x00,0x00,0x00,0x00,0x00,0x5f,0xe2,0x00,0x00,0x00,0x00,0x00,
0x00,0x2e,0xe3,0x00,0x00,0x00,0x00,0x00,0x00,0x1c,0xf5,0x00,0x00,0x00,0x00,0x00,0x00,0x00,0x00,0x00,
0x00,0x00,0x00,0x00,0x00,0x00,0x00,0x00,0x00,0x00,0x00,0x00,0x4f,0xff,0xb0,0x00,0x00,0x00,0x07,0xff,
0x34,0xff,0xff,0x40,0x00,0x00,0x00,0x7f,0xf3,0x4f,0xff,0xfb,0x00,0x00,0x00,0x07,0xff,0x34,0xff,0xef,
0xf4,0x00,0x00,0x00,0x7f,0xf3,0x4f,0xf8,0xef,0xc0,0x00,0x00,0x07,0xff,0x34,0xff,0x68,0xff,0x50,0x00,
0x00,0x7f,0xf3,0x4f,0xf6,0x1e,0xfc,0x00,0x00,0x07,0xff,0x34,0xff,0x60,0x7f,0xf5,0x00,0x00,0x7f,0xf3,
0x4f,0xf6,0x01,0xef,0xd0,0x00,0x07,0xff,0x34,0xff,0x60,0x07,0xff,0x50,0x00,0x7f,0xf3,0x4f,0xf6,0x00,
0x1e,0xfd,0x00,0x07,0xff,0x34,0xff,0x60,0x00,0x6f,0xf6,0x00,0x7f,0xf3,0x4f,0xf6,0x00,0x00,0xdf,0xd0,
0x07,0xff,0x34,0xff,0x60,0x00,0x06,0xff,0x60,0x7f,0xf3,0x4f,0xf6,0x00,0x00,0x0d,0xfe,0x17,0xff,0x34,
0xff,0x60,0x00,0x00,0x5f,0xf7,0x7f,0xf3,0x4f,0xf6,0x00,0x00,0x00,0xcf,0xe8,0xff,0x34,0xff,0x60,0x00,
0x00,0x05,0xff,0xef,0xf3,0x4f,0xf6,0x00,0x00,0x00,0x0c,0xff,0xff,0x34,0xff,0x60,0x00,0x00,0x00,0x4f,
0xff,0xf3,0x4f,0xf6,0x00,0x00,0x00,0x00,0xcf,0xff,0x30,0x00,0x00,0x00,0x08,0xfe,0x30,0x00,0x00,0x00,
0x00,0x4f,0xf5,0x00,0x00,0x00,0x00,0x01,0xdf,0x70,0x00,0x00,0x00,0x00,0x0a,0xfa,0x00,0x00,0x00,0x00,
0x00,0x5f,0xc1,0x00,0x00,0x00,0x00,0x00,0x68,0x20,0x00,0x00,0x00,0x00,0x00,0x00,0x00,0x00,0x00,0x00,
0x7f,0xf1,0x06,0xce,0xec,0x70,0x00,0x7f,0xf2,0xbf,0xff,0xff,0xfc,0x10,0x7f,0xfb,0xfa,0x54,0x6d,0xff,
0x80,0x7f,0xff,0x50,0x00,0x01,0xdf,0xe0,0x7f,0xfa,0x00,0x00,0x00,0x7f,0xf3,0x7f,0xf4,0x00,0x00,0x00,
0x3f,0xf5,0x7f,0xf2,0x00,0x00,0x00,0x2f,0xf5,0x7f,0xf1,0x00,0x00,0x00,0x2f,0xf6,0x7f,0xf1,0x00,0x00,
0x00,0x2f,0xf6,0x7f,0xf1,0x00,0x00,0x00,0x2f,0xf6,0x7f,0xf1,0x00,0x00,0x00,0x2f,0xf6,0x7f,0xf1,0x00,
0x00,0x00,0x2f,0xf6,0x7f,0xf1,0x00,0x00,0x00,0x2f,0xf6,0x7f,0xf1,0x00,0x00,0x00,0x2f,0xf6,0x7f,0xf1,
0x00,0x00,0x00,0x2f,0xf6,0x7f,0xf1,0x00,0x00,0x00,0x2f,0xf6,0x4f,0xff,0xb0,0x00,0x00,0x00,0x07,0xff,
0x34,0xff,0xff,0x40,0x00,0x00,0x00,0x7f,0xf3,0x4f,0xff,0xfb,0x00,0x00,0x00,0x07,0xff,0x34,0xff,0xef,
0xf4,0x00,0x00,0x00,0x7f,0xf3,0x4f,0xf8,0xef,0xc0,0x00,0x00,0x07,0xff,0x34,0xff,0x68,0xff,0x50,0x00,
0x00,0x7f,0xf3,0x4f,0xf6,0x1e,0xfc,0x00,0x00,0x07,0xff,0x34,0xff,0x60,0x7f,0xf5,0x00,0x00,0x7f,0xf3,
0x4f,0xf6,0x01,0xef,0xd0,0x00,0x07,0xff,0x34,0xff,0x60,0x07,0xff,0x50,0x00,0x7f,0xf3,0x4f,0xf6,0x00,
0x1e,0xfd,0x00,0x07,0xff,0x34,0xff,0x60,0x00,0x6f,0xf6,0x00,0x7f,0xf3,0x4f,0xf6,0x00,0x00,0xdf,0xd0,
0x07,0xff,0x34,0xff,0x60,0x00,0x06,0xff,0x60,0x7f,0xf3,0x4f,0xf6,0x00,0x00,0x0d,0xfe,0x17,0xff,0x34,
0xff,0x60,0x00,0x00,0x5f,0xf7,0x7f,0xf3,0x4f,0xf6,0x00,0x00,0x00,0xcf,0xe8,0xff,0x34,0xff,0x60,0x00,
0x00,0x05,0xff,0xef,0xf3,0x4f,0xf6,0x00,0x00,0x00,0x0c,0xff,0xff,0x34,0xff,0x60,0x00,0x00,0x00,0x4f,
0xff,0xf3,0x4f,0xf6,0x00,0x00,0x00,0x00,0xcf,0xff,0x30,0x00,0x00,0x00,0x00,0x00,0x00,0x00,0x00,0x00,
0x00,0x00,0x00,0x00,0x00,0x00,0x00,0x00,0x00,0x00,0x00,0x8f,0xf3,0x00,0x00,0x00,0x00,0x00,0x00,0x0c,
0xfb,0x00,0x00,0x00,0x00,0x00,0x00,0x01,0xff,0x30,0x00,0x00,0x00,0x00,0x00,0x00,0x5f,0xa0,0x00,0x00,
0x00,0x00,0x00,0x00,0x03,0x72,0x00,0x00,0x00,0x00,0x7f,0xf1,0x06,0xce,0xec,0x70,0x00,0x7f,0xf2,0xbf,
0xff,0xff,0xfc,0x10,0x7f,0xfb,0xfa,0x54,0x6d,0xff,0x80,0x7f,0xff,0x50,0x00,0x01,0xdf,0xe0,0x7f,0xfa,
0x00,0x00,0x00,0x7f,0xf3,0x7f,0xf4,0x00,0x00,0x00,0x3f,0xf5,0x7f,0xf2,0x00,0x00,0x00,0x2f,0xf5,0x7f,
0xf1,0x00,0x00,0x00,0x2f,0xf6,0x7f,0xf1,0x00,0x00,0x00,0x2f,0xf6,0x7f,0xf1,0x00,0x00,0x00,0x2f,0xf6,
0x7f,0xf1,0x00,0x00,0x00,0x2f,0xf6,0x7f,0xf1,0x00,0x00,0x00,0x2f,0xf6,0x7f,0xf1,0x00,0x00,0x00,0x2f,
0xf6,0x7f,0xf1,0x00,0x00,0x00,0x2f,0xf6,0x7f,0xf1,0x00,0x00,0x00,0x2f,0xf6,0x7f,0xf1,0x00,0x00,0x00,
0x2f,0xf6,0x00,0x00,0x00,0x00,0x00,0x00,0x00,0x00,0x00,0x00,0x00,0x00,0x00,0x00,0x00,0x00,0x01,0xff,
0xa0,0x00,0x00,0x00,0x00,0x05,0xff,0x30,0x00,0x00,0x00,0x00,0x09,0xfa,0x00,0x00,0x00,0x00,0x00,0x0d,
0xf3,0x00,0x00,0x00,0x00,0x00,0x07,0x50,0x00,0x00,0x00,0x00,0x00,0x58,0x20,0x00,0x48,0x20,0x00,0x00,
0x00,0x02,0xed,0x10,0x4f,0xc0,0x00,0x00,0x00,0x00,0x06,0xfb,0x3e,0xe2,0x00,0x00,0x00,0x00,0x00,0x0a,
0xff,0xf5,0x00,0x00,0x00,0x00,0x00,0x00,0x17,0x86,0x00,0x00,0x00,0x00,0x00,0x00,0x00,0x00,0x00,0x00,
0x00,0x00,0x4f,0xff,0xb0,0x00,0x00,0x00,0x07,0xff,0x34,0xff,0xff,0x40,0x00,0x00,0x00,0x7f,0xf3,0x4f,
0xff,0xfb,0x00,0x00,0x00,0x07,0xff,0x34,0xff,0xef,0xf4,0x00,0x00,0x00,0x7f,0xf3,0x4f,0xf8,0xef,0xc0,
0x00,0x00,0x07,0xff,0x34,0xff,0x68,0xff,0x50,0x00,0x00,0x7f,0xf3,0x4f,0xf6,0x1e,0xfc,0x00,0x00,0x07,
0xff,0x34,0xff,0x60,0x7f,0xf5,0x00,0x00,0x7f,0xf3,0x4f,0xf6,0x01,0xef,0xd0,0x00,0x07,0xff,0x34,0xff,
0x60,0x07,0xff,0x50,0x00,0x7f,0xf3,0x4f,0xf6,0x00,0x1e,0xfd,0x00,0x07,0xff,0x34,0xff,0x60,0x00,0x6f,
0xf6,0x00,0x7f,0xf3,0x4f,0xf6,0x00,0x00,0xdf,0xd0,0x07,0xff,0x34,0xff,0x60,0x00,0x06,0xff,0x60,0x7f,
0xf3,0x4f,0xf6,0x00,0x00,0x0d,0xfe,0x17,0xff,0x34,0xff,0x60,0x00,0x00,0x5f,0xf7,0x7f,0xf3,0x4f,0xf6,
0x00,0x00,0x00,0xcf,0xe8,0xff,0x34,0xff,0x60,0x00,0x00,0x05,0xff,0xef,0xf3,0x4f,0xf6,0x00,0x00,0x00,
0x0c,0xff,0xff,0x34,0xff,0x60,0x00,0x00,0x00,0x4f,0xff,0xf3,0x4f,0xf6,0x00,0x00,0x00,0x00,0xcf,0xff,
0x30,0x00,0x2d,0xa0,0x00,0x0b,0xc1,0x00,0x00,0x09,0xf6,0x00,0x9f,0x70,0x00,0x00,0x01,0xdf,0x35,0xfc,
0x00,0x00,0x00,0x00,0x5f,0xde,0xf3,0x00,0x00,0x00,0x00,0x0a,0xff,0x80,0x00,0x00,0x00,0x00,0x01,0x66,
0x00,0x00,0x00,0x00,0x00,0x00,0x00,0x00,0x00,0x00,0x7f,0xf1,0x06,0xce,0xec,0x70,0x00,0x7f,0xf2,0xbf,
0xff,0xff,0xfc,0x10,0x7f,0xfb,0xfa,0x54,0x6d,0xff,0x80,0x7f,0xff,0x50,0x00,0x01,0xdf,0xe0,0x7f,0xfa,
0x00,0x00,0x00,0x7f,0xf3,0x7f,0xf4,0x00,0x00,0x00,0x3f,0xf5,0x7f,0xf2,0x00,0x00,0x00,0x2f,0xf5,0x7f,
0xf1,0x00,0x00,0x00,0x2f,0xf6,0x7f,0xf1,0x00,0x00,0x00,0x2f,0xf6,0x7f,0xf1,0x00,0x00,0x00,0x2f,0xf6,
0x7f,0xf1,0x00,0x00,0x00,0x2f,0xf6,0x7f,0xf1,0x00,0x00,0x00,0x2f,0xf6,0x7f,0xf1,0x00,0x00,0x00,0x2f,
0xf6,0x7f,0xf1,0x00,0x00,0x00,0x2f,0xf6,0x7f,0xf1,0x00,0x00,0x00,0x2f,0xf6,0x7f,0xf1,0x00,0x00,0x00,
0x2f,0xf6,0x01,0xff,0xc0,0x00,0x00,0x00,0x00,0x00,0x00,0x00,0x1f,0xfc,0x00,0x00,0x00,0x00,0x00,0x00,
0x00,0x02,0xff,0xa0,0x00,0x00,0x00,0x00,0x00,0x00,0x00,0x6f,0xf2,0x00,0x00,0x00,0x00,0x00,0x00,0x00,
0x0a,0xf9,0x00,0x00,0x00,0x00,0x00,0x00,0x00,0x00,0xef,0x20,0xcf,0xb0,0x28,0xdf,0xeb,0x40,0x00,0x18,
0x60,0x0c,0xfb,0x3e,0xff,0xff,0xff,0x70,0x00,0x00,0x00,0xcf,0xce,0xe8,0x44,0x8e,0xff,0x30,0x00,0x00,
0x0c,0xff,0xd2,0x00,0x00,0x4f,0xf9,0x00,0x00,0x00,0xcf,0xf5,0x00,0x00,0x00,0xcf,0xd0,0x00,0x00,0x0c,
0xfe,0x00,0x00,0x00,0x09,0xff,0x00,0x00,0x00,0xcf,0xc0,0x00,0x00,0x00,0x7f,0xf0,0x00,0x00,0x0c,0xfb,
0x00,0x00,0x00,0x07,0xff,0x00,0x00,0x00,0xcf,0xb0,0x00,0x00,0x00,0x7f,0xf0,0x00,0x00,0x0c,0xfb,0x00,
0x00,0x00,0x07,0xff,0x00,0x00,0x00,0xcf,0xb0,0x00,0x00,0x00,0x7f,0xf0,0x00,0x00,0x0c,0xfb,0x00,0x00,
0x00,0x07,0xff,0x00,0x00,0x00,0xcf,0xb0,0x00,0x00,0x00,0x7f,0xf0,0x00,0x00,0x0c,0xfb,0x00,0x00,0x00,
0x07,0xff,0x00,0x00,0x00,0xcf,0xb0,0x00,0x00,0x00,0x7f,0xf0,0x00,0x00,0x0c,0xfb,0x00,0x00,0x00,0x07,
0xff,0x00,0x4f,0xf8,0x00,0x4a,0xdf,0xea,0x40,0x00,0x4f,0xf8,0x09,0xff,0xff,0xff,0xf8,0x00,0x4f,0xf8,
0x9f,0xfe,0xcc,0xff,0xff,0x60,0x4f,0xfc,0xfd,0x50,0x00,0x1a,0xff,0xe0,0x4f,0xff,0xe2,0x00,0x00,0x00,
0xcf,0xf4,0x4f,0xff,0x50,0x00,0x00,0x00,0x5f,0xf8,0x4f,0xfe,0x00,0x00,0x00,0x00,0x2f,0xfb,0x4f,0xfa,
0x00,0x00,0x00,0x00,0x0f,0xfc,0x4f,0xf9,0x00,0x00,0x00,0x00,0x0e,0xfc,0x4f,0xf8,0x00,0x00,0x00,0x00,
0x0e,0xfd,0x4f,0xf8,0x00,0x00,0x00,0x00,0x0e,0xfd,0x4f,0xf8,0x00,0x00,0x00,0x00,0x0e,0xfd,0x4f,0xf8,
0x00,0x00,0x00,0x00,0x0e,0xfd,0x4f,0xf8,0x00,0x00,0x00,0x00,0x0e,0xfd,0x4f,0xf8,0x00,0x00,0x00,0x00,
0x0e,0xfd,0x4f,0xf8,0x00,0x00,0x00,0x00,0x0e,0xfd,0x4f,0xf8,0x00,0x00,0x00,0x00,0x0e,0xfd,0x4f,0xf8,
0x00,0x00,0x00,0x00,0x0e,0xfd,0x4f,0xf8,0x00,0x00,0x00,0x00,0x0e,0xfd,0x4f,0xf8,0x00,0x00,0x00,0x00,
0x0e,0xfd,0x4f,0xf8,0x00,0x00,0x00,0x00,0x0e,0xfd,0x00,0x00,0x00,0x00,0x00,0x00,0x0e,0xfd,0x00,0x00,
0x00,0x00,0x00,0x00,0x0e,0xfc,0x00,0x00,0x00,0x00,0x00,0x00,0x2f,0xfa,0x00,0x00,0x00,0x00,0x00,0x34,
0xcf,0xf5,0x00,0x00,0x00,0x00,0x01,0xff,0xff,0xc0,0x00,0x00,0x00,0x00,0x01,0xff,0xd8,0x10,0x7f,0xf1,
0x06,0xce,0xec,0x70,0x00,0x7f,0xf2,0xbf,0xff,0xff,0xfc,0x10,0x7f,0xfb,0xfa,0x54,0x6d,0xff,0x80,0x7f,
0xff,0x50,0x00,0x01,0xdf,0xe0,0x7f,0xfa,0x00,0x00,0x00,0x7f,0xf3,0x7f,0xf4,0x00,0x00,0x00,0x3f,0xf5,
0x7f,0xf2,0x00,0x00,0x00,0x2f,0xf5,0x7f,0xf1,0x00,0x00,0x00,0x2f,0xf6,0x7f,0xf1,0x00,0x00,0x00,0x2f,
0xf6,0x7f,0xf1,0x00,0x00,0x00,0x2f,0xf6,0x7f,0xf1,0x00,0x00,0x00,0x2f,0xf6,0x7f,0xf1,0x00,0x00,0x00,
0x2f,0xf6,0x7f,0xf1,0x00,0x00,0x00,0x2f,0xf6,0x7f,0xf1,0x00,0x00,0x00,0x2f,0xf6,0x7f,0xf1,0x00,0x00,
0x00,0x2f,0xf6,0x7f,0xf1,0x00,0x00,0x00,0x2f,0xf6,0x00,0x00,0x00,0x00,0x00,0x2f,0xf5,0x00,0x00,0x00,
0x00,0x00,0x3f,0xf5,0x00,0x00,0x00,0x00,0x00,0x6f,0xf2,0x00,0x00,0x02,0x33,0x36,0xef,0xd0,0x00,0x00,
0x0c,0xff,0xff,0xff,0x50,0x00,0x00,0x0c,0xff,0xfe,0xb4,0x00,0x00,0x00,0x00,0x11,0x11,0x11,0x11,0x00,
0x00,0x00,0x00,0x00,0x01,0xff,0xff,0xff,0xff,0x20,0x00,0x00,0x00,0x00,0x01,0xff,0xff,0xff,0xff,0x20,
0x00,0x00,0x00,0x00,0x00,0x00,0x00,0x00,0x00,0x00,0x00,0x00,0x00,0x00,0x00,0x00,0x00,0x00,0x00,0x00,
0x00,0x00,0x00,0x00,0x00,0x00,0x00,0x00,0x00,0x00,0x00,0x00,0x00,0x00,0x00,0x6a,0xde,0xed,0xa6,0x10,
0x00,0x00,0x00,0x00,0x5d,0xff,0xff,0xff,0xff,0xe5,0x00,0x00,0x00,0x07,0xff,0xfc,0x75,0x57,0xcf,0xff,
0x70,0x00,0x00,0x5f,0xff,0x50,0x00,0x00,0x05,0xef,0xf5,0x00,0x01,0xef,0xf4,0x00,0x00,0x00,0x00,0x4f,
0xfe,0x10,0x07,0xff,0x90,0x00,0x00,0x00,0x00,0x09,0xff,0x80,0x0d,0xff,0x20,0x00,0x00,0x00,0x00,0x02,
0xff,0xd0,0x1f,0xfd,0x00,0x00,0x00,0x00,0x00,0x00,0xcf,0xf2,0x4f,0xfa,0x00,0x00,0x00,0x00,0x00,0x00,
0x9f,0xf5,0x5f,0xf8,0x00,0x00,0x00,0x00,0x00,0x00,0x8f,0xf6,0x6f,0xf7,0x00,0x00,0x00,0x00,0x00,0x00,
0x7f,0xf7,0x5f,0xf8,0x00,0x00,0x00,0x00,0x00,0x00,0x8f,0xf6,0x4f,0xfa,0x00,0x00,0x00,0x00,0x00,0x00,
0x9f,0xf5,0x1f,0xfd,0x00,0x00,0x00,0x00,0x00,0x00,0xcf,0xf2,0x0d,0xff,0x20,0x00,0x00,0x00,0x00,0x02,
0xff,0xd0,0x07,0xff,0x90,0x00,0x00,0x00,0x00,0x09,0xff,0x80,0x01,0xef,0xf4,0x00,0x00,0x00,0x00,0x4f,
0xfe,0x10,0x00,0x5f,0xfe,0x50,0x00,0x00,0x05,0xef,0xf5,0x00,0x00,0x07,0xff,0xfc,0x75,0x57,0xcf,0xff,
0x70,0x00,0x00,0x00,0x5d,0xff,0xff,0xff,0xff,0xe5,0x00,0x00,0x00,0x00,0x01,0x6a,0xde,0xed,0xa6,0x10,
0x00,0x00,0x00,0x08,0xff,0xff,0xff,0xfa,0x00,0x00,0x00,0x8f,0xff,0xff,0xff,0xa0,0x00,0x00,0x00,0x11,
0x11,0x11,0x11,0x00,0x00,0x00,0x00,0x00,0x00,0x00,0x00,0x00,0x00,0x00,0x00,0x00,0x00,0x00,0x00,0x00,
0x00,0x00,0x00,0x00,0x00,0x00,0x00,0x00,0x00,0x6b,0xef,0xeb,0x70,0x00,0x00,0x01,0xcf,0xff,0xff,0xff,
0xd2,0x00,0x00,0xcf,0xfb,0x53,0x5a,0xff,0xe1,0x00,0x7f,0xf9,0x00,0x00,0x08,0xff,0x90,0x0e,0xfd,0x10,
0x00,0x00,0x0c,0xff,0x13,0xff,0x80,0x00,0x00,0x00,0x6f,0xf5,0x5f,0xf5,0x00,0x00,0x00,0x03,0xff,0x76,
0xff,0x30,0x00,0x00,0x00,0x1f,0xf8,0x6f,0xf3,0x00,0x00,0x00,0x01,0xff,0x85,0xff,0x50,0x00,0x00,0x00,
0x3f,0xf7,0x3f,0xf8,0x00,0x00,0x00,0x06,0xff,0x50,0xef,0xd0,0x00,0x00,0x00,0xcf,0xf1,0x07,0xff,0x90,
0x00,0x00,0x7f,0xf9,0x00,0x0c,0xff,0xb5,0x34,0xaf,0xfe,0x10,0x00,0x1c,0xff,0xff,0xff,0xfd,0x20,0x00,
0x00,0x06,0xbe,0xfe,0xb7,0x00,0x00,0x00,0x00,0x02,0xf8,0x00,0x00,0x7f,0x30,0x00,0x00,0x00,0x00,0x00,
0xdf,0x61,0x15,0xee,0x00,0x00,0x00,0x00,0x00,0x00,0x4f,0xff,0xff,0xf5,0x00,0x00,0x00,0x00,0x00,0x00,
0x02,0x9b,0xb9,0x30,0x00,0x00,0x00,0x00,0x00,0x00,0x00,0x00,0x00,0x00,0x00,0x00,0x00,0x00,0x00,0x00,
0x00,0x00,0x00,0x00,0x00,0x00,0x00,0x00,0x00,0x00,0x6a,0xde,0xed,0xa6,0x10,0x00,0x00,0x00,0x00,0x5d,
0xff,0xff,0xff,0xff,0xe5,0x00,0x00,0x00,0x07,0xff,0xfc,0x75,0x57,0xcf,0xff,0x70,0x00,0x00,0x5f,0xff,
0x50,0x00,0x00,0x05,0xef,0xf5,0x00,0x01,0xef,0xf4,0x00,0x00,0x00,0x00,0x4f,0xfe,0x10,0x07,0xff,0x90,
0x00,0x00,0x00,0x00,0x09,0xff,0x80,0x0d,0xff,0x20,0x00,0x00,0x00,0x00,0x02,0xff,0xd0,0x1f,0xfd,0x00,
0x00,0x00,0x00,0x00,0x00,0xcf,0xf2,0x4f,0xfa,0x00,0x00,0x00,0x00,0x00,0x00,0x9f,0xf5,0x5f,0xf8,0x00,
0x00,0x00,0x00,0x00,0x00,0x8f,0xf6,0x6f,0xf7,0x00,0x00,0x00,0x00,0x00,0x00,0x7f,0xf7,0x5f,0xf8,0x00,
0x00,0x00,0x00,0x00,0x00,0x8f,0xf6,0x4f,0xfa,0x00,0x00,0x00,0x00,0x00,0x00,0x9f,0xf5,0x1f,0xfd,0x00,
0x00,0x00,0x00,0x00,0x00,0xcf,0xf2,0x0d,0xff,0x20,0x00,0x00,0x00,0x00,0x02,0xff,0xd0,0x07,0xff,0x90,
0x00,0x00,0x00,0x00,0x09,0xff,0x80,0x01,0xef,0xf4,0x00,0x00,0x00,0x00,0x4f,0xfe,0x10,0x00,0x5f,0xfe,
0x50,0x00,0x00,0x05,0xef,0xf5,0x00,0x00,0x07,0xff,0xfc,0x75,0x57,0xcf,0xff,0x70,0x00,0x00,0x00,0x5d,
0xff,0xff,0xff,0xff,0xe5,0x00,0x00,0x00,0x00,0x01,0x6a,0xde,0xed,0xa6,0x10,0x00,0x00,0x00,0x09,0xf1,
0x00,0x00,0xeb,0x00,0x00,0x00,0x5f,0xb3,0x02,0xaf,0x80,0x00,0x00,0x00,0xcf,0xff,0xff,0xd1,0x00,0x00,
0x00,0x01,0x7b,0xdc,0x81,0x00,0x00,0x00,0x00,0x00,0x00,0x00,0x00,0x00,0x00,0x00,0x00,0x00,0x00,0x00,
0x00,0x00,0x00,0x00,0x00,0x00,0x00,0x00,0x00,0x00,0x00,0x06,0xbe,0xfe,0xb7,0x00,0x00,0x00,0x1c,0xff,
0xff,0xff,0xfd,0x20,0x00,0x0c,0xff,0xb5,0x35,0xaf,0xfe,0x10,0x07,0xff,0x90,0x00,0x00,0x8f,0xf9,0x00,
0xef,0xd1,0x00,0x00,0x00,0xcf,0xf1,0x3f,0xf8,0x00,0x00,0x00,0x06,0xff,0x55,0xff,0x50,0x00,0x00,0x00,
0x3f,0xf7,0x6f,0xf3,0x00,0x00,0x00,0x01,0xff,0x86,0xff,0x30,0x00,0x00,0x00,0x1f,0xf8,0x5f,0xf5,0x00,
0x00,0x00,0x03,0xff,0x73,0xff,0x80,0x00,0x00,0x00,0x6f,0xf5,0x0e,0xfd,0x00,0x00,0x00,0x0c,0xff,0x10,
0x7f,0xf9,0x00,0x00,0x07,0xff,0x90,0x00,0xcf,0xfb,0x53,0x4a,0xff,0xe1,0x00,0x01,0xcf,0xff,0xff,0xff,
0xd2,0x00,0x00,0x00,0x6b,0xef,0xeb,0x70,0x00,0x00,0x00,0x00,0x00,0x00,0x8f,0xd1,0x1d,0xf8,0x00,0x00,
0x00,0x00,0x00,0x04,0xfe,0x30,0xaf,0xa0,0x00,0x00,0x00,0x00,0x00,0x1d,0xf4,0x06,0xfc,0x10,0x00,0x00,
0x00,0x00,0x00,0x6a,0x60,0x1a,0xa2,0x00,0x00,0x00,0x00,0x00,0x00,0x00,0x00,0x00,0x00,0x00,0x00,0x00,
0x00,0x00,0x00,0x00,0x00,0x00,0x00,0x00,0x00,0x00,0x00,0x00,0x00,0x6a,0xde,0xed,0xa6,0x10,0x00,0x00,
0x00,0x00,0x5d,0xff,0xff,0xff,0xff,0xe5,0x00,0x00,0x00,0x07,0xff,0xfc,0x75,0x57,0xcf,0xff,0x70,0x00,
0x00,0x5f,0xff,0x50,0x00,0x00,0x05,0xef,0xf5,0x00,0x01,0xef,0xf4,0x00,0x00,0x00,0x00,0x4f,0xfe,0x10,
0x07,0xff,0x90,0x00,0x00,0x00,0x00,0x09,0xff,0x80,0x0d,0xff,0x20,0x00,0x00,0x00,0x00,0x02,0xff,0xd0,
0x1f,0xfd,0x00,0x00,0x00,0x00,0x00,0x00,0xcf,0xf2,0x4f,0xfa,0x00,0x00,0x00,0x00,0x00,0x00,0x9f,0xf5,
0x5f,0xf8,0x00,0x00,0x00,0x00,0x00,0x00,0x8f,0xf6,0x6f,0xf7,0x00,0x00,0x00,0x00,0x00,0x00,0x7f,0xf7,
0x5f,0xf8,0x00,0x00,0x00,0x00,0x00,0x00,0x8f,0xf6,0x4f,0xfa,0x00,0x00,0x00,0x00,0x00,0x00,0x9f,0xf5,
0x1f,0xfd,0x00,0x00,0x00,0x00,0x00,0x00,0xcf,0xf2,0x0d,0xff,0x20,0x00,0x00,0x00,0x00,0x02,0xff,0xd0,
0x07,0xff,0x90,0x00,0x00,0x00,0x00,0x09,0xff,0x80,0x01,0xef,0xf4,0x00,0x00,0x00,0x00,0x4f,0xfe,0x10,
0x00,0x5f,0xfe,0x50,0x00,0x00,0x05,0xef,0xf5,0x00,0x00,0x07,0xff,0xfc,0x75,0x57,0xcf,0xff,0x70,0x00,
0x00,0x00,0x5d,0xff,0xff,0xff,0xff,0xe5,0x00,0x00,0x00,0x00,0x01,0x6a,0xde,0xed,0xa6,0x10,0x00,0x00,
0x00,0x00,0x00,0x04,0x41,0x02,0x44,0x00,0x00,0x00,0x05,0xfe,0x10,0xbf,0x90,0x00,0x00,0x00,0xcf,0x60,
0x4f,0xd1,0x00,0x00,0x00,0x4f,0xc0,0x0c,0xf4,0x00,0x00,0x00,0x0c,0xf3,0x06,0xfa,0x00,0x00,0x00,0x04,
0xfa,0x00,0xde,0x10,0x00,0x00,0x00,0x00,0x00,0x00,0x00,0x00,0x00,0x00,0x00,0x00,0x00,0x00,0x00,0x00,
0x00,0x00,0x6b,0xef,0xeb,0x70,0x00,0x00,0x01,0xcf,0xff,0xff,0xff,0xd2,0x00,0x00,0xcf,0xfb,0x53,0x5a,
0xff,0xe1,0x00,0x7f,0xf9,0x00,0x00,0x08,0xff,0x90,0x0e,0xfd,0x10,0x00,0x00,0x0c,0xff,0x13,0xff,0x80,
0x00,0x00,0x00,0x6f,0xf5,0x5f,0xf5,0x00,0x00,0x00,0x03,0xff,0x76,0xff,0x30,0x00,0x00,0x00,0x1f,0xf8,
0x6f,0xf3,0x00,0x00,0x00,0x01,0xff,0x85,0xff,0x50,0x00,0x00,0x00,0x3f,0xf7,0x3f,0xf8,0x00,0x00,0x00,
0x06,0xff,0x50,0xef,0xd0,0x00,0x00,0x00,0xcf,0xf1,0x07,0xff,0x90,0x00,0x00,0x7f,0xf9,0x00,0x0c,0xff,
0xb5,0x34,0xaf,0xfe,0x10,0x00,0x1c,0xff,0xff,0xff,0xfd,0x20,0x00,0x00,0x06,0xbe,0xfe,0xb7,0x00,0x00,
0x00,0x00,0x00,0x15,0x8b,0xde,0xff,0xff,0xff,0xff,0xff,0xff,0xff,0xe0,0x00,0x00,0x18,0xef,0xff,0xff,
0xff,0xff,0xff,0xff,0xff,0xff,0xff,0xe0,0x00,0x03,0xdf,0xff,0xda,0x76,0x55,0xff,0xd5,0x55,0x55,0x55,
0x55,0x50,0x00,0x3e,0xff,0xc4,0x00,0x00,0x00,0xff,0xc0,0x00,0x00,0x00,0x00,0x00,0x00,0xdf,0xf9,0x00,
0x00,0x00,0x00,0xff,0xc0,0x00,0x00,0x00,0x00,0x00,0x06,0xff,0xb0,0x00,0x00,0x00,0x00,0xff,0xc0,0x00,
0x00,0x00,0x00,0x00,0x0c,0xff,0x40,0x00,0x00,0x00,0x00,0xff,0xc0,0x00,0x00,0x00,0x00,0x00,0x1f,0xfd,
0x00,0x00,0x00,0x00,0x00,0xff,0xc0,0x00,0x00,0x00,0x00,0x00,0x4f,0xfa,0x00,0x00,0x00,0x00,0x00,0xff,
0xd5,0x55,0x55,0x55,0x55,0x30,0x5f,0xf8,0x00,0x00,0x00,0x00,0x00,0xff,0xff,0xff,0xff,0xff,0xff,0x80,
0x6f,0xf8,0x00,0x00,0x00,0x00,0x00,0xff,0xff,0xff,0xff,0xff,0xff,0x80,0x5f,0xf8,0x00,0x00,0x00,0x00,
0x00,0xff,0xc0,0x00,0x00,0x00,0x00,0x00,0x4f,0xfa,0x00,0x00,0x00,0x00,0x00,0xff,0xc0,0x00,0x00,0x00,
0x00,0x00,0x1f,0xfd,0x00,0x00,0x00,0x00,0x00,0xff,0xc0,0x00,0x00,0x00,0x00,0x00,0x0c,0xff,0x40,0x00,
0x00,0x00,0x00,0xff,0xc0,0x00,0x00,0x00,0x00,0x00,0x06,0xff,0xc0,0x00,0x00,0x00,0x00,0xff,0xc0,0x00,
0x00,0x00,0x00,0x00,0x00,0xdf,0xf9,0x00,0x00,0x00,0x00,0xff,0xc0,0x00,0x00,0x00,0x00,0x00,0x00,0x3e,
0xff,0xc4,0x00,0x00,0x00,0xff,0xc0,0x00,0x00,0x00,0x00,0x00,0x00,0x03,0xdf,0xff,0xda,0x76,0x66,0xff,
0xd6,0x66,0x66,0x66,0x66,0x61,0x00,0x00,0x18,0xef,0xff,0xff,0xff,0xff,0xff,0xff,0xff,0xff,0xff,0xf3,
0x00,0x00,0x00,0x15,0x8c,0xde,0xff,0xff,0xff,0xff,0xff,0xff,0xff,0xf3,0x00,0x00,0x6b,0xef,0xeb,0x60,
0x00,0x01,0x7b,0xef,0xeb,0x60,0x00,0x00,0x01,0xcf,0xff,0xff,0xff,0xd2,0x05,0xef,0xff,0xff,0xff,0xc2,
0x00,0x00,0xcf,0xfb,0x53,0x5a,0xff,0xd6,0xff,0xe8,0x53,0x49,0xff,0xc1,0x00,0x7f,0xf9,0x00,0x00,0x08,
0xff,0xff,0xc1,0x00,0x00,0x04,0xff,0x70,0x0e,0xfd,0x10,0x00,0x00,0x0c,0xff,0xf2,0x00,0x00,0x00,0x0a,
0xfd,0x03,0xff,0x80,0x00,0x00,0x00,0x6f,0xfc,0x00,0x00,0x00,0x00,0x6f,0xf1,0x5f,0xf5,0x00,0x00,0x00,
0x03,0xff,0xff,0xff,0xff,0xff,0xff,0xff,0x26,0xff,0x30,0x00,0x00,0x00,0x1f,0xff,0xff,0xff,0xff,0xff,
0xff,0xf3,0x6f,0xf3,0x00,0x00,0x00,0x01,0xff,0xa0,0x00,0x00,0x00,0x00,0x00,0x05,0xff,0x50,0x00,0x00,
0x00,0x3f,0xfc,0x00,0x00,0x00,0x00,0x00,0x00,0x3f,0xf8,0x00,0x00,0x00,0x06,0xff,0xf1,0x00,0x00,0x00,
0x00,0x00,0x00,0xef,0xd0,0x00,0x00,0x00,0xcf,0xff,0x80,0x00,0x00,0x00,0x00,0x00,0x07,0xff,0x90,0x00,
0x00,0x7f,0xff,0xff,0x60,0x00,0x00,0x00,0x35,0x00,0x0c,0xff,0xb5,0x34,0xaf,0xfc,0x3e,0xff,0xb5,0x33,
0x47,0xcf,0x90,0x00,0x1c,0xff,0xff,0xff,0xfc,0x20,0x3d,0xff,0xff,0xff,0xff,0xf8,0x00,0x00,0x06,0xbe,
0xfe,0xb6,0x00,0x00,0x06,0xad,0xef,0xeb,0x83,0x00,0x00,0x00,0x00,0x03,0x87,0x10,0x00,0x00,0x00,0x00,
0x00,0x01,0xdf,0x60,0x00,0x00,0x00,0x00,0x00,0x00,0xbf,0x80,0x00,0x00,0x00,0x00,0x00,0x00,0x8f,0xa0,
0x00,0x00,0x00,0x00,0x00,0x00,0x00,0x00,0x00,0x00,0x00,0x00,0x00,0x00,0x00,0x00,0x00,0x00,0x00,0x00,
0x00,0x4f,0xff,0xff,0xff,0xeb,0x71,0x00,0x00,0x04,0xff,0xff,0xff,0xff,0xff,0xd3,0x00,0x00,0x4f,0xfa,
0x55,0x56,0x8e,0xff,0xe1,0x00,0x04,0xff,0x80,0x00,0x00,0x1c,0xff,0x70,0x00,0x4f,0xf8,0x00,0x00,0x00,
0x4f,0xfc,0x00,0x04,0xff,0x80,0x00,0x00,0x01,0xff,0xd0,0x00,0x4f,0xf8,0x00,0x00,0x00,0x0f,0xfd,0x00,
0x04,0xff,0x80,0x00,0x00,0x03,0xff,0xb0,0x00,0x4f,0xf8,0x00,0x00,0x00,0x9f,0xf6,0x00,0x04,0xff,0x80,
0x00,0x13,0xaf,0xfc,0x10,0x00,0x4f,0xff,0xff,0xff,0xff,0xfa,0x10,0x00,0x04,0xff,0xff,0xff,0xff,0xfd,
0x30,0x00,0x00,0x4f,0xfa,0x55,0x56,0xbf,0xfe,0x30,0x00,0x04,0xff,0x80,0x00,0x00,0x5f,0xfd,0x00,0x00,
0x4f,0xf8,0x00,0x00,0x00,0x9f,0xf7,0x00,0x04,0xff,0x80,0x00,0x00,0x01,0xef,0xe1,0x00,0x4f,0xf8,0x00,
0x00,0x00,0x08,0xff,0x70,0x04,0xff,0x80,0x00,0x00,0x00,0x1e,0xfe,0x00,0x4f,0xf8,0x00,0x00,0x00,0x00,
0x8f,0xf6,0x04,0xff,0x80,0x00,0x00,0x00,0x01,0xef,0xd0,0x4f,0xf8,0x00,0x00,0x00,0x00,0x08,0xff,0x60,
0x00,0x00,0x00,0x08,0xfe,0x30,0x00,0x00,0x04,0xff,0x50,0x00,0x00,0x01,0xdf,0x70,0x00,0x00,0x00,0xaf,
0xa0,0x00,0x00,0x00,0x5f,0xc1,0x00,0x00,0x00,0x06,0x82,0x00,0x00,0x00,0x00,0x00,0x00,0x00,0x07,0xff,
0x10,0x6c,0xef,0x80,0x7f,0xf2,0xcf,0xff,0xf8,0x07,0xff,0xbf,0xb6,0x57,0x50,0x7f,0xff,0x70,0x00,0x00,
0x07,0xff,0xb0,0x00,0x00,0x00,0x7f,0xf5,0x00,0x00,0x00,0x07,0xff,0x30,0x00,0x00,0x00,0x7f,0xf1,0x00,
0x00,0x00,0x07,0xff,0x10,0x00,0x00,0x00,0x7f,0xf1,0x00,0x00,0x00,0x07,0xff,0x10,0x00,0x00,0x00,0x7f,
0xf1,0x00,0x00,0x00,0x07,0xff,0x10,0x00,0x00,0x00,0x7f,0xf1,0x00,0x00,0x00,0x07,0xff,0x10,0x00,0x00,
0x00,0x7f,0xf1,0x00,0x00,0x00,0x00,0x4f,0xff,0xff,0xff,0xeb,0x71,0x00,0x00,0x04,0xff,0xff,0xff,0xff,
0xff,0xd3,0x00,0x00,0x4f,0xfa,0x55,0x56,0x8e,0xff,0xe1,0x00,0x04,0xff,0x80,0x00,0x00,0x1c,0xff,0x70,
0x00,0x4f,0xf8,0x00,0x00,0x00,0x4f,0xfc,0x00,0x04,0xff,0x80,0x00,0x00,0x01,0xff,0xd0,0x00,0x4f,0xf8,
0x00,0x00,0x00,0x0f,0xfd,0x00,0x04,0xff,0x80,0x00,0x00,0x03,0xff,0xb0,0x00,0x4f,0xf8,0x00,0x00,0x00,
0x9f,0xf6,0x00,0x04,0xff,0x80,0x00,0x13,0xaf,0xfc,0x10,0x00,0x4f,0xff,0xff,0xff,0xff,0xfa,0x10,0x00,
0x04,0xff,0xff,0xff,0xff,0xfd,0x30,0x00,0x00,0x4f,0xfa,0x55,0x56,0xbf,0xfe,0x30,0x00,0x04,0xff,0x80,
0x00,0x00,0x5f,0xfd,0x00,0x00,0x4f,0xf8,0x00,0x00,0x00,0x9f,0xf7,0x00,0x04,0xff,0x80,0x00,0x00,0x01,
0xef,0xe1,0x00,0x4f,0xf8,0x00,0x00,0x00,0x08,0xff,0x70,0x04,0xff,0x80,0x00,0x00,0x00,0x1e,0xfe,0x00,
0x4f,0xf8,0x00,0x00,0x00,0x00,0x8f,0xf6,0x04,0xff,0x80,0x00,0x00,0x00,0x01,0xef,0xd0,0x4f,0xf8,0x00,
0x00,0x00,0x00,0x08,0xff,0x60,0x00,0x00,0x00,0x00,0x00,0x00,0x00,0x00,0x00,0x00,0x00,0x00,0x00,0x00,
0x00,0x00,0x00,0x00,0x00,0x00,0x5f,0xf6,0x00,0x00,0x00,0x00,0x00,0x00,0x09,0xfd,0x00,0x00,0x00,0x00,
0x00,0x00,0x00,0xdf,0x60,0x00,0x00,0x00,0x00,0x00,0x00,0x1f,0xd0,0x00,0x00,0x00,0x00,0x00,0x00,0x02,
0x74,0x00,0x00,0x00,0x00,0x07,0xff,0x10,0x6c,0xef,0x80,0x7f,0xf2,0xcf,0xff,0xf8,0x07,0xff,0xbf,0xb6,
0x57,0x50,0x7f,0xff,0x70,0x00,0x00,0x07,0xff,0xb0,0x00,0x00,0x00,0x7f,0xf5,0x00,0x00,0x00,0x07,0xff,
0x30,0x00,0x00,0x00,0x7f,0xf1,0x00,0x00,0x00,0x07,0xff,0x10,0x00,0x00,0x00,0x7f,0xf1,0x00,0x00,0x00,
0x07,0xff,0x10,0x00,0x00,0x00,0x7f,0xf1,0x00,0x00,0x00,0x07,0xff,0x10,0x00,0x00,0x00,0x7f,0xf1,0x00,
0x00,0x00,0x07,0xff,0x10,0x00,0x00,0x00,0x7f,0xf1,0x00,0x00,0x00,0x00,0x00,0x00,0x00,0x00,0x00,0x00,
0x00,0x00,0x00,0x00,0x03,0xff,0x80,0x00,0x00,0x00,0x7f,0xe1,0x00,0x00,0x00,0x0b,0xf8,0x00,0x00,0x00,
0x00,0xee,0x10,0x00,0x00,0x00,0x17,0x40,0x00,0x00,0x00,0x00,0x00,0x28,0x50,0x00,0x28,0x50,0x00,0x00,
0x00,0x00,0xbf,0x40,0x1c,0xf3,0x00,0x00,0x00,0x00,0x01,0xee,0x3b,0xf7,0x00,0x00,0x00,0x00,0x00,0x05,
0xff,0xfb,0x00,0x00,0x00,0x00,0x00,0x00,0x06,0x88,0x10,0x00,0x00,0x00,0x00,0x00,0x00,0x00,0x00,0x00,
0x00,0x00,0x00,0x4f,0xff,0xff,0xff,0xeb,0x71,0x00,0x00,0x04,0xff,0xff,0xff,0xff,0xff,0xd3,0x00,0x00,
0x4f,0xfa,0x55,0x56,0x8e,0xff,0xe1,0x00,0x04,0xff,0x80,0x00,0x00,0x1c,0xff,0x70,0x00,0x4f,0xf8,0x00,
0x00,0x00,0x4f,0xfc,0x00,0x04,0xff,0x80,0x00,0x00,0x01,0xff,0xd0,0x00,0x4f,0xf8,0x00,0x00,0x00,0x0f,
0xfd,0x00,0x04,0xff,0x80,0x00,0x00,0x03,0xff,0xb0,0x00,0x4f,0xf8,0x00,0x00,0x00,0x9f,0xf6,0x00,0x04,
0xff,0x80,0x00,0x13,0xaf,0xfc,0x10,0x00,0x4f,0xff,0xff,0xff,0xff,0xfa,0x10,0x00,0x04,0xff,0xff,0xff,
0xff,0xfd,0x30,0x00,0x00,0x4f,0xfa,0x55,0x56,0xbf,0xfe,0x30,0x00,0x04,0xff,0x80,0x00,0x00,0x5f,0xfd,
0x00,0x00,0x4f,0xf8,0x00,0x00,0x00,0x9f,0xf7,0x00,0x04,0xff,0x80,0x00,0x00,0x01,0xef,0xe1,0x00,0x4f,
0xf8,0x00,0x00,0x00,0x08,0xff,0x70,0x04,0xff,0x80,0x00,0x00,0x00,0x1e,0xfe,0x00,0x4f,0xf8,0x00,0x00,
0x00,0x00,0x8f,0xf6,0x04,0xff,0x80,0x00,0x00,0x00,0x01,0xef,0xd0,0x4f,0xf8,0x00,0x00,0x00,0x00,0x08,
0xff,0x60,0x0a,0xf4,0x00,0x08,0xf6,0x02,0xed,0x10,0x3f,0xc0,0x00,0x7f,0x91,0xdf,0x30,0x00,0x0d,0xfc,
0xf9,0x00,0x00,0x04,0xff,0xe1,0x00,0x00,0x00,0x68,0x40,0x00,0x00,0x00,0x00,0x00,0x00,0x7f,0xf1,0x06,
0xce,0xf8,0x7f,0xf2,0xcf,0xff,0xf8,0x7f,0xfb,0xfb,0x65,0x75,0x7f,0xff,0x70,0x00,0x00,0x7f,0xfb,0x00,
0x00,0x00,0x7f,0xf5,0x00,0x00,0x00,0x7f,0xf3,0x00,0x00,0x00,0x7f,0xf1,0x00,0x00,0x00,0x7f,0xf1,0x00,
0x00,0x00,0x7f,0xf1,0x00,0x00,0x00,0x7f,0xf1,0x00,0x00,0x00,0x7f,0xf1,0x00,0x00,0x00,0x7f,0xf1,0x00,
0x00,0x00,0x7f,0xf1,0x00,0x00,0x00,0x7f,0xf1,0x00,0x00,0x00,0x7f,0xf1,0x00,0x00,0x00,0x00,0x00,0x00,
0x00,0x8f,0xd1,0x00,0x00,0x00,0x00,0x00,0x03,0xfe,0x30,0x00,0x00,0x00,0x00,0x00,0x1d,0xf6,0x00,0x00,
0x00,0x00,0x00,0x00,0x8f,0x90,0x00,0x00,0x00,0x00,0x00,0x00,0x00,0x00,0x00,0x00,0x00,0x00,0x00,0x00,
0x00,0x00,0x00,0x00,0x00,0x00,0x01,0x6b,0xdf,0xfe,0xc9,0x61,0x00,0x00,0x4d,0xff,0xff,0xff,0xff,0xff,
0x00,0x03,0xef,0xfc,0x75,0x56,0x8c,0xff,0x00,0x0b,0xff,0x70,0x00,0x00,0x00,0x28,0x00,0x1f,0xfc,0x00,
0x00,0x00,0x00,0x00,0x00,0x2f,0xfa,0x00,0x00,0x00,0x00,0x00,0x00,0x1f,0xfc,0x00,0x00,0x00,0x00,0x00,
0x00,0x0d,0xff,0x60,0x00,0x00,0x00,0x00,0x00,0x07,0xff,0xfc,0x74,0x10,0x00,0x00,0x00,0x00,0x8f,0xff,
0xff,0xfd,0x94,0x00,0x00,0x00,0x03,0xae,0xff,0xff,0xff,0xc2,0x00,0x00,0x00,0x00,0x36,0x9d,0xff,0xfe,
0x20,0x00,0x00,0x00,0x00,0x00,0x4d,0xff,0xa0,0x00,0x00,0x00,0x00,0x00,0x03,0xff,0xf1,0x00,0x00,0x00,
0x00,0x00,0x00,0xcf,0xf3,0x00,0x00,0x00,0x00,0x00,0x00,0xbf,0xf3,0x00,0x00,0x00,0x00,0x00,0x00,0xef,
0xf1,0x1d,0x61,0x00,0x00,0x00,0x09,0xff,0xb0,0x1f,0xfe,0xa7,0x54,0x58,0xdf,0xfe,0x30,0x1d,0xff,0xff,
0xff,0xff,0xff,0xd4,0x00,0x00,0x37,0xad,0xef,0xed,0xa5,0x10,0x00,0x00,0x00,0x00,0x00,0x38,0x82,0x00,
0x00,0x00,0x00,0x1d,0xfb,0x00,0x00,0x00,0x00,0x09,0xfd,0x10,0x00,0x00,0x00,0x04,0xfe,0x20,0x00,0x00,
0x00,0x01,0xef,0x40,0x00,0x00,0x00,0x00,0xaf,0x70,0x00,0x00,0x00,0x00,0x00,0x00,0x00,0x00,0x00,0x00,
0x00,0x00,0x00,0x00,0x00,0x00,0x18,0xce,0xfe,0xca,0x61,0x00,0x3e,0xff,0xff,0xff,0xff,0x60,0x0d,0xff,
0x84,0x33,0x58,0xd6,0x04,0xff,0x50,0x00,0x00,0x00,0x10,0x5f,0xf2,0x00,0x00,0x00,0x00,0x04,0xff,0x80,
0x00,0x00,0x00,0x00,0x0d,0xff,0xc8,0x41,0x00,0x00,0x00,0x2c,0xff,0xff,0xfb,0x60,0x00,0x00,0x04,0x9d,
0xff,0xff,0xd2,0x00,0x00,0x00,0x01,0x5b,0xff,0xc0,0x00,0x00,0x00,0x00,0x0a,0xff,0x20,0x00,0x00,0x00,
0x00,0x6f,0xf3,0x32,0x00,0x00,0x00,0x0a,0xff,0x17,0xfb,0x74,0x33,0x5b,0xff,0xa0,0x7f,0xff,0xff,0xff,
0xff,0xb1,0x01,0x48,0xcd,0xff,0xda,0x50,0x00,0x00,0x00,0x00,0xaf,0xfa,0x00,0x00,0x00,0x00,0x00,0x05,
0xfc,0xcf,0x60,0x00,0x00,0x00,0x00,0x2e,0xe2,0x2d,0xe2,0x00,0x00,0x00,0x00,0xce,0x30,0x03,0xec,0x00,
0x00,0x00,0x00,0x00,0x00,0x00,0x00,0x00,0x00,0x00,0x00,0x00,0x00,0x00,0x00,0x00,0x00,0x00,0x01,0x6b,
0xdf,0xfe,0xc9,0x61,0x00,0x00,0x4d,0xff,0xff,0xff,0xff,0xff,0x00,0x03,0xef,0xfc,0x75,0x56,0x8c,0xff,
0x00,0x0b,0xff,0x70,0x00,0x00,0x00,0x28,0x00,0x1f,0xfc,0x00,0x00,0x00,0x00,0x00,0x00,0x2f,0xfa,0x00,
0x00,0x00,0x00,0x00,0x00,0x1f,0xfc,0x00,0x00,0x00,0x00,0x00,0x00,0x0d,0xff,0x60,0x00,0x00,0x00,0x00,
0x00,0x07,0xff,0xfc,0x74,0x10,0x00,0x00,0x00,0x00,0x8f,0xff,0xff,0xfd,0x94,0x00,0x00,0x00,0x03,0xae,
0xff,0xff,0xff,0xc2,0x00,0x00,0x00,0x00,0x36,0x9d,0xff,0xfe,0x20,0x00,0x00,0x00,0x00,0x00,0x4d,0xff,
0xa0,0x00,0x00,0x00,0x00,0x00,0x03,0xff,0xf1,0x00,0x00,0x00,0x00,0x00,0x00,0xcf,0xf3,0x00,0x00,0x00,
0x00,0x00,0x00,0xbf,0xf3,0x00,0x00,0x00,0x00,0x00,0x00,0xef,0xf1,0x1d,0x61,0x00,0x00,0x00,0x09,0xff,
0xb0,0x1f,0xfe,0xa7,0x54,0x58,0xdf,0xfe,0x30,0x1d,0xff,0xff,0xff,0xff,0xff,0xd4,0x00,0x00,0x37,0xad,
0xef,0xed,0xa5,0x10,0x00,0x00,0x00,0x05,0x85,0x00,0x00,0x00,0x00,0x02,0xff,0xf2,0x00,0x00,0x00,0x00,
0xbf,0xcf,0xb0,0x00,0x00,0x00,0x5f,0xb0,0xbf,0x50,0x00,0x00,0x1d,0xe2,0x02,0xee,0x10,0x00,0x08,0xf6,
0x00,0x06,0xf9,0x00,0x00,0x00,0x00,0x00,0x00,0x00,0x00,0x00,0x00,0x00,0x00,0x00,0x00,0x00,0x18,0xce,
0xfe,0xca,0x61,0x00,0x3e,0xff,0xff,0xff,0xff,0x60,0x0d,0xff,0x84,0x33,0x58,0xd6,0x04,0xff,0x50,0x00,
0x00,0x00,0x10,0x5f,0xf2,0x00,0x00,0x00,0x00,0x04,0xff,0x80,0x00,0x00,0x00,0x00,0x0d,0xff,0xc8,0x41,
0x00,0x00,0x00,0x2c,0xff,0xff,0xfb,0x60,0x00,0x00,0x04,0x9d,0xff,0xff,0xd2,0x00,0x00,0x00,0x01,0x5b,
0xff,0xc0,0x00,0x00,0x00,0x00,0x0a,0xff,0x20,0x00,0x00,0x00,0x00,0x6f,0xf3,0x32,0x00,0x00,0x00,0x0a,
0xff,0x17,0xfb,0x74,0x33,0x5b,0xff,0xa0,0x7f,0xff,0xff,0xff,0xff,0xb1,0x01,0x48,0xcd,0xff,0xda,0x50,
0x00,0x00,0x01,0x6b,0xdf,0xfe,0xc9,0x61,0x00,0x00,0x4d,0xff,0xff,0xff,0xff,0xff,0x00,0x03,0xef,0xfc,
0x75,0x56,0x8c,0xff,0x00,0x0b,0xff,0x70,0x00,0x00,0x00,0x28,0x00,0x1f,0xfc,0x00,0x00,0x00,0x00,0x00,
0x00,0x2f,0xfa,0x00,0x00,0x00,0x00,0x00,0x00,0x1f,0xfc,0x00,0x00,0x00,0x00,0x00,0x00,0x0d,0xff,0x60,
0x00,0x00,0x00,0x00,0x00,0x07,0xff,0xfc,0x74,0x10,0x00,0x00,0x00,0x00,0x8f,0xff,0xff,0xfd,0x94,0x00,
0x00,0x00,0x03,0xae,0xff,0xff,0xff,0xc2,0x00,0x00,0x00,0x00,0x36,0x9d,0xff,0xfe,0x20,0x00,0x00,0x00,
0x00,0x00,0x4d,0xff,0xa0,0x00,0x00,0x00,0x00,0x00,0x03,0xff,0xf1,0x00,0x00,0x00,0x00,0x00,0x00,0xcf,
0xf3,0x00,0x00,0x00,0x00,0x00,0x00,0xbf,0xf3,0x00,0x00,0x00,0x00,0x00,0x00,0xef,0xf1,0x1d,0x61,0x00,
0x00,0x00,0x09,0xff,0xb0,0x1f,0xfe,0xa7,0x54,0x58,0xdf,0xfe,0x30,0x1d,0xff,0xff,0xff,0xff,0xff,0xd4,
0x00,0x00,0x37,0xad,0xef,0xfe,0xa5,0x10,0x00,0x00,0x00,0x00,0x01,0xeb,0x00,0x00,0x00,0x00,0x00,0x00,
0x00,0x7f,0x50,0x00,0x00,0x00,0x00,0x00,0x00,0x8f,0x80,0x00,0x00,0x00,0x00,0x2e,0xbc,0xff,0x50,0x00,
0x00,0x00,0x00,0x1c,0xef,0xd7,0x00,0x00,0x00,0x00,0x18,0xce,0xfe,0xca,0x61,0x00,0x3e,0xff,0xff,0xff,
0xff,0x60,0x0d,0xff,0x84,0x33,0x58,0xd6,0x04,0xff,0x50,0x00,0x00,0x00,0x10,0x5f,0xf2,0x00,0x00,0x00,
0x00,0x04,0xff,0x80,0x00,0x00,0x00,0x00,0x0d,0xff,0xc8,0x41,0x00,0x00,0x00,0x2c,0xff,0xff,0xfb,0x60,
0x00,0x00,0x04,0x9d,0xff,0xff,0xd2,0x00,0x00,0x00,0x01,0x5b,0xff,0xc0,0x00,0x00,0x00,0x00,0x0a,0xff,
0x20,0x00,0x00,0x00,0x00,0x6f,0xf3,0x32,0x00,0x00,0x00,0x0a,0xff,0x17,0xfb,0x74,0x33,0x5b,0xff,0xa0,
0x7f,0xff,0xff,0xff,0xff,0xb1,0x01,0x48,0xcd,0xff,0xfa,0x50,0x00,0x00,0x00,0x00,0x8f,0x30,0x00,0x00,
0x00,0x00,0x01,0xfb,0x00,0x00,0x00,0x01,0x00,0x2f,0xe0,0x00,0x00,0x00,0xac,0xbe,0xfb,0x00,0x00,0x00,
0x08,0xef,0xea,0x20,0x00,0x00,0x00,0x01,0xde,0x20,0x04,0xfb,0x00,0x00,0x00,0x00,0x3f,0xd1,0x2e,0xe1,
0x00,0x00,0x00,0x00,0x07,0xfb,0xdf,0x40,0x00,0x00,0x00,0x00,0x00,0xbf,0xf8,0x00,0x00,0x00,0x00,0x00,
0x00,0x00,0x00,0x00,0x00,0x00,0x00,0x00,0x00,0x00,0x00,0x00,0x00,0x00,0x00,0x01,0x6b,0xdf,0xfe,0xc9,
0x61,0x00,0x00,0x4d,0xff,0xff,0xff,0xff,0xff,0x00,0x03,0xef,0xfc,0x75,0x56,0x8c,0xff,0x00,0x0b,0xff,
0x70,0x00,0x00,0x00,0x28,0x00,0x1f,0xfc,0x00,0x00,0x00,0x00,0x00,0x00,0x2f,0xfa,0x00,0x00,0x00,0x00,
0x00,0x00,0x1f,0xfc,0x00,0x00,0x00,0x00,0x00,0x00,0x0d,0xff,0x60,0x00,0x00,0x00,0x00,0x00,0x07,0xff,
0xfc,0x74,0x10,0x00,0x00,0x00,0x00,0x8f,0xff,0xff,0xfd,0x94,0x00,0x00,0x00,0x03,0xae,0xff,0xff,0xff,
0xc2,0x00,0x00,0x00,0x00,0x36,0x9d,0xff,0xfe,0x20,0x00,0x00,0x00,0x00,0x00,0x4d,0xff,0xa0,0x00,0x00,
0x00,0x00,0x00,0x03,0xff,0xf1,0x00,0x00,0x00,0x00,0x00,0x00,0xcf,0xf3,0x00,0x00,0x00,0x00,0x00,0x00,
0xbf,0xf3,0x00,0x00,0x00,0x00,0x00,0x00,0xef,0xf1,0x1d,0x61,0x00,0x00,0x00,0x09,0xff,0xb0,0x1f,0xfe,
0xa7,0x54,0x58,0xdf,0xfe,0x30,0x1d,0xff,0xff,0xff,0xff,0xff,0xd4,0x00,0x00,0x37,0xad,0xef,0xed,0xa5,
0x10,0x00,0x00,0x58,0x20,0x00,0x17,0x60,0x00,0x03,0xfc,0x00,0x0a,0xf5,0x00,0x00,0x08,0xf8,0x05,0xfb,
0x00,0x00,0x00,0x1d,0xf5,0xef,0x20,0x00,0x00,0x00,0x5f,0xff,0x80,0x00,0x00,0x00,0x00,0xbf,0xd0,0x00,
0x00,0x00,0x00,0x00,0x00,0x00,0x00,0x00,0x00,0x00,0x00,0x00,0x00,0x00,0x00,0x18,0xce,0xfe,0xca,0x61,
0x00,0x3e,0xff,0xff,0xff,0xff,0x60,0x0d,0xff,0x84,0x33,0x58,0xd6,0x04,0xff,0x50,0x00,0x00,0x00,0x10,
0x5f,0xf2,0x00,0x00,0x00,0x00,0x04,0xff,0x80,0x00,0x00,0x00,0x00,0x0d,0xff,0xc8,0x41,0x00,0x00,0x00,
0x2c,0xff,0xff,0xfb,0x60,0x00,0x00,0x04,0x9d,0xff,0xff,0xd2,0x00,0x00,0x00,0x01,0x5b,0xff,0xc0,0x00,
0x00,0x00,0x00,0x0a,0xff,0x20,0x00,0x00,0x00,0x00,0x6f,0xf3,0x32,0x00,0x00,0x00,0x0a,0xff,0x17,0xfb,
0x74,0x33,0x5b,0xff,0xa0,0x7f,0xff,0xff,0xff,0xff,0xb1,0x01,0x48,0xcd,0xff,0xda,0x50,0x00,0x1f,0xff,
0xff,0xff,0xff,0xff,0xff,0xff,0xff,0x31,0xff,0xff,0xff,0xff,0xff,0xff,0xff,0xff,0xf3,0x05,0x55,0x55,
0x55,0xdf,0xe5,0x55,0x55,0x55,0x10,0x00,0x00,0x00,0x0c,0xfe,0x00,0x00,0x00,0x00,0x00,0x00,0x00,0x00,
0xcf,0xe0,0x00,0x00,0x00,0x00,0x00,0x00,0x00,0x0c,0xfe,0x00,0x00,0x00,0x00,0x00,0x00,0x00,0x00,0xcf,
0xe0,0x00,0x00,0x00,0x00,0x00,0x00,0x00,0x0c,0xfe,0x00,0x00,0x00,0x00,0x00,0x00,0x00,0x00,0xcf,0xe0,
0x00,0x00,0x00,0x00,0x00,0x00,0x00,0x0c,0xfe,0x00,0x00,0x00,0x00,0x00,0x00,0x00,0x00,0xcf,0xe0,0x00,
0x00,0x00,0x00,0x00,0x00,0x00,0x0c,0xfe,0x00,0x00,0x00,0x00,0x00,0x00,0x00,0x00,0xcf,0xe0,0x00,0x00,
0x00,0x00,0x00,0x00,0x00,0x0c,0xfe,0x00,0x00,0x00,0x00,0x00,0x00,0x00,0x00,0xcf,0xe0,0x00,0x00,0x00,
0x00,0x00,0x00,0x00,0x0c,0xfe,0x00,0x00,0x00,0x00,0x00,0x00,0x00,0x00,0xcf,0xe0,0x00,0x00,0x00,0x00,
0x00,0x00,0x00,0x0c,0xfe,0x00,0x00,0x00,0x00,0x00,0x00,0x00,0x00,0xcf,0xe0,0x00,0x00,0x00,0x00,0x00,
0x00,0x00,0x0c,0xfe,0x00,0x00,0x00,0x00,0x00,0x00,0x00,0x00,0xcf,0xe0,0x00,0x00,0x00,0x00,0x00,0x00,
0x00,0x02,0xe9,0x00,0x00,0x00,0x00,0x00,0x00,0x00,0x00,0x08,0xf4,0x00,0x00,0x00,0x00,0x00,0x00,0x00,
0x00,0x3f,0xa0,0x00,0x00,0x00,0x00,0x00,0x00,0x41,0x18,0xfa,0x00,0x00,0x00,0x00,0x00,0x00,0x0e,0xff,
0xff,0x50,0x00,0x00,0x00,0x00,0x00,0x00,0x7a,0xa9,0x40,0x00,0x00,0x00,0x00,0x00,0x6f,0xf2,0x00,0x00,
0x00,0x06,0xff,0x20,0x00,0x00,0x00,0x6f,0xf2,0x00,0x00,0x00,0x06,0xff,0x20,0x00,0x00,0x4f,0xff,0xff,
0xff,0xff,0x54,0xff,0xff,0xff,0xff,0xf5,0x00,0x6f,0xf2,0x00,0x00,0x00,0x06,0xff,0x20,0x00,0x00,0x00,
0x6f,0xf2,0x00,0x00,0x00,0x06,0xff,0x20,0x00,0x00,0x00,0x6f,0xf2,0x00,0x00,0x00,0x06,0xff,0x20,0x00,
0x00,0x00,0x6f,0xf2,0x00,0x00,0x00,0x06,0xff,0x20,0x00,0x00,0x00,0x6f,0xf2,0x00,0x00,0x00,0x06,0xff,
0x20,0x00,0x00,0x00,0x4f,0xf4,0x00,0x00,0x00,0x01,0xff,0xc4,0x22,0x21,0x00,0x08,0xff,0xff,0xff,0x50,
0x00,0x06,0xbe,0xff,0xf5,0x00,0x00,0x00,0x9e,0x20,0x00,0x00,0x00,0x01,0xeb,0x00,0x00,0x00,0x00,0x0b,
0xf2,0x00,0x00,0x32,0x03,0xef,0x20,0x00,0x07,0xff,0xff,0xc0,0x00,0x00,0x39,0xaa,0x71,0x00,0x00,0x00,
0x03,0x84,0x00,0x03,0x84,0x00,0x00,0x00,0x00,0x00,0x1d,0xe3,0x02,0xde,0x20,0x00,0x00,0x00,0x00,0x00,
0x3f,0xd2,0xcf,0x50,0x00,0x00,0x00,0x00,0x00,0x00,0x7f,0xff,0x90,0x00,0x00,0x00,0x00,0x00,0x00,0x00,
0x78,0x70,0x00,0x00,0x00,0x00,0x00,0x00,0x00,0x00,0x00,0x00,0x00,0x00,0x00,0x1f,0xff,0xff,0xff,0xff,
0xff,0xff,0xff,0xff,0x31,0xff,0xff,0xff,0xff,0xff,0xff,0xff,0xff,0xf3,0x05,0x55,0x55,0x55,0xdf,0xe5,
0x55,0x55,0x55,0x10,0x00,0x00,0x00,0x0c,0xfe,0x00,0x00,0x00,0x00,0x00,0x00,0x00,0x00,0xcf,0xe0,0x00,
0x00,0x00,0x00,0x00,0x00,0x00,0x0c,0xfe,0x00,0x00,0x00,0x00,0x00,0x00,0x00,0x00,0xcf,0xe0,0x00,0x00,
0x00,0x00,0x00,0x00,0x00,0x0c,0xfe,0x00,0x00,0x00,0x00,0x00,0x00,0x00,0x00,0xcf,0xe0,0x00,0x00,0x00,
0x00,0x00,0x00,0x00,0x0c,0xfe,0x00,0x00,0x00,0x00,0x00,0x00,0x00,0x00,0xcf,0xe0,0x00,0x00,0x00,0x00,
0x00,0x00,0x00,0x0c,0xfe,0x00,0x00,0x00,0x00,0x00,0x00,0x00,0x00,0xcf,0xe0,0x00,0x00,0x00,0x00,0x00,
0x00,0x00,0x0c,0xfe,0x00,0x00,0x00,0x00,0x00,0x00,0x00,0x00,0xcf,0xe0,0x00,0x00,0x00,0x00,0x00,0x00,
0x00,0x0c,0xfe,0x00,0x00,0x00,0x00,0x00,0x00,0x00,0x00,0xcf,0xe0,0x00,0x00,0x00,0x00,0x00,0x00,0x00,
0x0c,0xfe,0x00,0x00,0x00,0x00,0x00,0x00,0x00,0x00,0xcf,0xe0,0x00,0x00,0x00,0x00,0x00,0x00,0x00,0x0c,
0xfe,0x00,0x00,0x00,0x00,0x00,0x00,0x00,0x00,0xcf,0xe0,0x00,0x00,0x00,0x00,0x00,0x00,0x00,0x01,0x44,
0x20,0x00,0x00,0x00,0x6f,0xf4,0x00,0x00,0x00,0x09,0xfe,0x00,0x00,0x11,0x00,0xbf,0xa0,0x00,0x6f,0xf2,
0x0e,0xf5,0x00,0x06,0xff,0x22,0xff,0x10,0x00,0x6f,0xf2,0x00,0x00,0x00,0x06,0xff,0x20,0x00,0x00,0x4f,
0xff,0xff,0xff,0xff,0x54,0xff,0xff,0xff,0xff,0xf5,0x00,0x6f,0xf2,0x00,0x00,0x00,0x06,0xff,0x20,0x00,
0x00,0x00,0x6f,0xf2,0x00,0x00,0x00,0x06,0xff,0x20,0x00,0x00,0x00,0x6f,0xf2,0x00,0x00,0x00,0x06,0xff,
0x20,0x00,0x00,0x00,0x6f,0xf2,0x00,0x00,0x00,0x06,0xff,0x20,0x00,0x00,0x00,0x6f,0xf2,0x00,0x00,0x00,
0x06,0xff,0x20,0x00,0x00,0x00,0x4f,0xf4,0x00,0x00,0x00,0x01,0xff,0xc4,0x22,0x21,0x00,0x08,0xff,0xff,
0xff,0x50,0x00,0x06,0xbe,0xff,0xf5,0x1f,0xff,0xff,0xff,0xff,0xff,0xff,0xff,0xff,0x31,0xff,0xff,0xff,
0xff,0xff,0xff,0xff,0xff,0xf3,0x05,0x55,0x55,0x55,0xdf,0xe5,0x55,0x55,0x55,0x10,0x00,0x00,0x00,0x0c,
0xfe,0x00,0x00,0x00,0x00,0x00,0x00,0x00,0x00,0xcf,0xe0,0x00,0x00,0x00,0x00,0x00,0x00,0x00,0x0c,0xfe,
0x00,0x00,0x00,0x00,0x00,0x00,0x00,0x00,0xcf,0xe0,0x00,0x00,0x00,0x00,0x00,0x00,0x00,0x0c,0xfe,0x00,
0x00,0x00,0x00,0x00,0x00,0x00,0x00,0xcf,0xe0,0x00,0x00,0x00,0x00,0x00,0x00,0x00,0x0c,0xfe,0x00,0x00,
0x00,0x00,0x00,0x00,0x36,0x66,0xdf,0xe6,0x66,0x30,0x00,0x00,0x00,0x07,0xff,0xff,0xff,0xff,0xf8,0x00,
0x00,0x00,0x00,0x7f,0xff,0xff,0xff,0xff,0x80,0x00,0x00,0x00,0x00,0x00,0x0c,0xfe,0x00,0x00,0x00,0x00,
0x00,0x00,0x00,0x00,0xcf,0xe0,0x00,0x00,0x00,0x00,0x00,0x00,0x00,0x0c,0xfe,0x00,0x00,0x00,0x00,0x00,
0x00,0x00,0x00,0xcf,0xe0,0x00,0x00,0x00,0x00,0x00,0x00,0x00,0x0c,0xfe,0x00,0x00,0x00,0x00,0x00,0x00,
0x00,0x00,0xcf,0xe0,0x00,0x00,0x00,0x00,0x00,0x00,0x00,0x0c,0xfe,0x00,0x00,0x00,0x00,0x00,0x00,0x00,
0x00,0xcf,0xe0,0x00,0x00,0x00,0x00,0x00,0x6f,0xf2,0x00,0x00,0x00,0x06,0xff,0x20,0x00,0x00,0x00,0x6f,
0xf2,0x00,0x00,0x00,0x06,0xff,0x20,0x00,0x00,0x4f,0xff,0xff,0xff,0xff,0x54,0xff,0xff,0xff,0xff,0xf5,
0x00,0x6f,0xf2,0x00,0x00,0x00,0x06,0xff,0x20,0x00,0x00,0x00,0x6f,0xf2,0x00,0x00,0x00,0x06,0xff,0x20,
0x00,0x00,0x4f,0xff,0xff,0xff,0xff,0x54,0xff,0xff,0xff,0xff,0xf5,0x00,0x6f,0xf2,0x00,0x00,0x00,0x06,
0xff,0x20,0x00,0x00,0x00,0x6f,0xf2,0x00,0x00,0x00,0x06,0xff,0x20,0x00,0x00,0x00,0x5f,0xf4,0x00,0x00,
0x00,0x01,0xff,0xc4,0x22,0x21,0x00,0x09,0xff,0xff,0xff,0x50,0x00,0x06,0xce,0xff,0xf5,0x00,0x00,0x00,
0x00,0x00,0x01,0x10,0x00,0x00,0x00,0x04,0xdf,0xc5,0x01,0xfa,0x00,0x00,0x00,0x00,0xee,0xae,0xfd,0xdf,
0x60,0x00,0x00,0x00,0x3f,0x80,0x18,0xee,0x80,0x00,0x00,0x00,0x00,0x00,0x00,0x00,0x00,0x00,0x00,0x00,
0x00,0x00,0x00,0x00,0x00,0x00,0x00,0x00,0x8f,0xf3,0x00,0x00,0x00,0x00,0x0b,0xff,0x18,0xff,0x30,0x00,
0x00,0x00,0x00,0xbf,0xf1,0x8f,0xf3,0x00,0x00,0x00,0x00,0x0b,0xff,0x18,0xff,0x30,0x00,0x00,0x00,0x00,
0xbf,0xf1,0x8f,0xf3,0x00,0x00,0x00,0x00,0x0b,0xff,0x18,0xff,0x30,0x00,0x00,0x00,0x00,0xbf,0xf1,0x8f,
0xf3,0x00,0x00,0x00,0x00,0x0b,0xff,0x18,0xff,0x30,0x00,0x00,0x00,0x00,0xbf,0xf1,0x8f,0xf3,0x00,0x00,
0x00,0x00,0x0b,0xff,0x18,0xff,0x30,0x00,0x00,0x00,0x00,0xbf,0xf1,0x8f,0xf3,0x00,0x00,0x00,0x00,0x0b,
0xff,0x18,0xff,0x30,0x00,0x00,0x00,0x00,0xbf,0xf1,0x8f,0xf3,0x00,0x00,0x00,0x00,0x0b,0xff,0x18,0xff,
0x40,0x00,0x00,0x00,0x00,0xcf,0xf0,0x7f,0xf5,0x00,0x00,0x00,0x00,0x0d,0xfe,0x04,0xff,0x80,0x00,0x00,
0x00,0x01,0xff,0xc0,0x1e,0xfe,0x10,0x00,0x00,0x00,0x7f,0xf8,0x00,0x9f,0xfa,0x00,0x00,0x00,0x3e,0xff,
0x10,0x01,0xdf,0xfd,0x85,0x56,0xaf,0xff,0x60,0x00,0x02,0xcf,0xff,0xff,0xff,0xff,0x60,0x00,0x00,0x00,
0x5a,0xde,0xfe,0xc8,0x20,0x00,0x00,0x00,0x06,0xdc,0x50,0x06,0xe3,0x00,0x00,0x3f,0xee,0xf7,0x0a,0xf2,
0x00,0x00,0x8f,0x42,0xcf,0xdf,0xc0,0x00,0x00,0xaf,0x00,0x1a,0xec,0x30,0x00,0x00,0x00,0x00,0x00,0x00,
0x00,0x00,0x00,0x00,0x00,0x00,0x00,0x00,0x00,0x9f,0xd0,0x00,0x00,0x00,0x5f,0xf3,0x9f,0xd0,0x00,0x00,
0x00,0x5f,0xf3,0x9f,0xd0,0x00,0x00,0x00,0x5f,0xf3,0x9f,0xd0,0x00,0x00,0x00,0x5f,0xf3,0x9f,0xd0,0x00,
0x00,0x00,0x5f,0xf3,0x9f,0xd0,0x00,0x00,0x00,0x5f,0xf3,0x9f,0xd0,0x00,0x00,0x00,0x5f,0xf3,0x9f,0xd0,
0x00,0x00,0x00,0x5f,0xf3,0x9f,0xd0,0x00,0x00,0x00,0x5f,0xf3,0x9f,0xe0,0x00,0x00,0x00,0x5f,0xf3,0x9f,
0xe0,0x00,0x00,0x00,0x8f,0xf3,0x7f,0xf3,0x00,0x00,0x00,0xdf,0xf3,0x3f,0xfa,0x00,0x00,0x09,0xff,0xf3,
0x0c,0xff,0xb5,0x46,0xcf,0xbf,0xf3,0x02,0xef,0xff,0xff,0xf9,0x5f,0xf3,0x00,0x29,0xdf,0xeb,0x50,0x5f,
0xf3,0x00,0x00,0x11,0x11,0x11,0x11,0x00,0x00,0x00,0x00,0x0c,0xff,0xff,0xff,0xf5,0x00,0x00,0x00,0x00,
0xcf,0xff,0xff,0xff,0x50,0x00,0x00,0x00,0x00,0x00,0x00,0x00,0x00,0x00,0x00,0x00,0x00,0x00,0x00,0x00,
0x00,0x00,0x00,0x00,0x00,0x00,0x00,0x00,0x00,0x00,0x00,0x00,0x8f,0xf3,0x00,0x00,0x00,0x00,0x0b,0xff,
0x18,0xff,0x30,0x00,0x00,0x00,0x00,0xbf,0xf1,0x8f,0xf3,0x00,0x00,0x00,0x00,0x0b,0xff,0x18,0xff,0x30,
0x00,0x00,0x00,0x00,0xbf,0xf1,0x8f,0xf3,0x00,0x00,0x00,0x00,0x0b,0xff,0x18,0xff,0x30,0x00,0x00,0x00,
0x00,0xbf,0xf1,0x8f,0xf3,0x00,0x00,0x00,0x00,0x0b,0xff,0x18,0xff,0x30,0x00,0x00,0x00,0x00,0xbf,0xf1,
0x8f,0xf3,0x00,0x00,0x00,0x00,0x0b,0xff,0x18,0xff,0x30,0x00,0x00,0x00,0x00,0xbf,0xf1,0x8f,0xf3,0x00,
0x00,0x00,0x00,0x0b,0xff,0x18,0xff,0x30,0x00,0x00,0x00,0x00,0xbf,0xf1,0x8f,0xf3,0x00,0x00,0x00,0x00,
0x0b,0xff,0x18,0xff,0x40,0x00,0x00,0x00,0x00,0xcf,0xf0,0x7f,0xf5,0x00,0x00,0x00,0x00,0x0d,0xfe,0x04,
0xff,0x80,0x00,0x00,0x00,0x01,0xff,0xc0,0x1e,0xfe,0x10,0x00,0x00,0x00,0x7f,0xf8,0x00,0x9f,0xfa,0x00,
0x00,0x00,0x3e,0xff,0x10,0x01,0xdf,0xfd,0x85,0x56,0xaf,0xff,0x60,0x00,0x02,0xcf,0xff,0xff,0xff,0xff,
0x60,0x00,0x00,0x00,0x5a,0xde,0xfe,0xc8,0x20,0x00,0x00,0x00,0x4f,0xff,0xff,0xff,0xd0,0x00,0x00,0x4f,
0xff,0xff,0xff,0xd0,0x00,0x00,0x01,0x11,0x11,0x11,0x10,0x00,0x00,0x00,0x00,0x00,0x00,0x00,0x00,0x00,
0x00,0x00,0x00,0x00,0x00,0x00,0x00,0x00,0x00,0x00,0x00,0x00,0x00,0x9f,0xd0,0x00,0x00,0x00,0x5f,0xf3,
0x9f,0xd0,0x00,0x00,0x00,0x5f,0xf3,0x9f,0xd0,0x00,0x00,0x00,0x5f,0xf3,0x9f,0xd0,0x00,0x00,0x00,0x5f,
0xf3,0x9f,0xd0,0x00,0x00,0x00,0x5f,0xf3,0x9f,0xd0,0x00,0x00,0x00,0x5f,0xf3,0x9f,0xd0,0x00,0x00,0x00,
0x5f,0xf3,0x9f,0xd0,0x00,0x00,0x00,0x5f,0xf3,0x9f,0xd0,0x00,0x00,0x00,0x5f,0xf3,0x9f,0xe0,0x00,0x00,
0x00,0x5f,0xf3,0x9f,0xe0,0x00,0x00,0x00,0x8f,0xf3,0x7f,0xf3,0x00,0x00,0x00,0xdf,0xf3,0x3f,0xfa,0x00,
0x00,0x09,0xff,0xf3,0x0c,0xff,0xb5,0x46,0xcf,0xbf,0xf3,0x02,0xef,0xff,0xff,0xf9,0x5f,0xf3,0x00,0x29,
0xdf,0xeb,0x50,0x5f,0xf3,0x00,0x00,0xec,0x00,0x00,0x4f,0x60,0x00,0x00,0x00,0x0a,0xf8,0x11,0x4d,0xf2,
0x00,0x00,0x00,0x00,0x2e,0xff,0xff,0xf8,0x00,0x00,0x00,0x00,0x00,0x18,0xbc,0xa4,0x00,0x00,0x00,0x00,
0x00,0x00,0x00,0x00,0x00,0x00,0x00,0x00,0x00,0x00,0x00,0x00,0x00,0x00,0x00,0x00,0x8f,0xf3,0x00,0x00,
0x00,0x00,0x0b,0xff,0x18,0xff,0x30,0x00,0x00,0x00,0x00,0xbf,0xf1,0x8f,0xf3,0x00,0x00,0x00,0x00,0x0b,
0xff,0x18,0xff,0x30,0x00,0x00,0x00,0x00,0xbf,0xf1,0x8f,0xf3,0x00,0x00,0x00,0x00,0x0b,0xff,0x18,0xff,
0x30,0x00,0x00,0x00,0x00,0xbf,0xf1,0x8f,0xf3,0x00,0x00,0x00,0x00,0x0b,0xff,0x18,0xff,0x30,0x00,0x00,
0x00,0x00,0xbf,0xf1,0x8f,0xf3,0x00,0x00,0x00,0x00,0x0b,0xff,0x18,0xff,0x30,0x00,0x00,0x00,0x00,0xbf,
0xf1,0x8f,0xf3,0x00,0x00,0x00,0x00,0x0b,0xff,0x18,0xff,0x30,0x00,0x00,0x00,0x00,0xbf,0xf1,0x8f,0xf3,
0x00,0x00,0x00,0x00,0x0b,0xff,0x18,0xff,0x40,0x00,0x00,0x00,0x00,0xcf,0xf0,0x7f,0xf5,0x00,0x00,0x00,
0x00,0x0d,0xfe,0x04,0xff,0x80,0x00,0x00,0x00,0x01,0xff,0xc0,0x1e,0xfe,0x10,0x00,0x00,0x00,0x7f,0xf8,
0x00,0x9f,0xfa,0x00,0x00,0x00,0x3e,0xff,0x10,0x01,0xdf,0xfd,0x85,0x56,0xaf,0xff,0x60,0x00,0x02,0xcf,
0xff,0xff,0xff,0xff,0x60,0x00,0x00,0x00,0x5a,0xde,0xfe,0xc8,0x20,0x00,0x00,0x00,0x6f,0x40,0x00,0x0b,
0xe0,0x00,0x00,0x2f,0xd4,0x11,0x7f,0xb0,0x00,0x00,0x08,0xff,0xff,0xff,0x30,0x00,0x00,0x00,0x5b,0xdc,
0x92,0x00,0x00,0x00,0x00,0x00,0x00,0x00,0x00,0x00,0x00,0x00,0x00,0x00,0x00,0x00,0x00,0x00,0x00,0x00,
0x00,0x00,0x00,0x00,0x9f,0xd0,0x00,0x00,0x00,0x5f,0xf3,0x9f,0xd0,0x00,0x00,0x00,0x5f,0xf3,0x9f,0xd0,
0x00,0x00,0x00,0x5f,0xf3,0x9f,0xd0,0x00,0x00,0x00,0x5f,0xf3,0x9f,0xd0,0x00,0x00,0x00,0x5f,0xf3,0x9f,
0xd0,0x00,0x00,0x00,0x5f,0xf3,0x9f,0xd0,0x00,0x00,0x00,0x5f,0xf3,0x9f,0xd0,0x00,0x00,0x00,0x5f,0xf3,
0x9f,0xd0,0x00,0x00,0x00,0x5f,0xf3,0x9f,0xe0,0x00,0x00,0x00,0x5f,0xf3,0x9f,0xe0,0x00,0x00,0x00,0x8f,
0xf3,0x7f,0xf3,0x00,0x00,0x00,0xdf,0xf3,0x3f,0xfa,0x00,0x00,0x09,0xff,0xf3,0x0c,0xff,0xb5,0x46,0xcf,
0xbf,0xf3,0x02,0xef,0xff,0xff,0xf9,0x5f,0xf3,0x00,0x29,0xdf,0xeb,0x50,0x5f,0xf3,0x00,0x00,0x00,0x8d,
0xfc,0x30,0x00,0x00,0x00,0x00,0x00,0xaf,0xdb,0xff,0x30,0x00,0x00,0x00,0x00,0x3f,0xb0,0x03,0xfb,0x00,
0x00,0x00,0x00,0x06,0xf4,0x00,0x0b,0xf0,0x00,0x00,0x00,0x00,0x6f,0x50,0x00,0xcf,0x00,0x00,0x00,0x00,
0x03,0xfd,0x31,0x7f,0xb0,0x00,0x00,0x8f,0xf3,0x09,0xff,0xff,0xe3,0x0b,0xff,0x18,0xff,0x30,0x07,0xde,
0xb3,0x00,0xbf,0xf1,0x8f,0xf3,0x00,0x00,0x00,0x00,0x0b,0xff,0x18,0xff,0x30,0x00,0x00,0x00,0x00,0xbf,
0xf1,0x8f,0xf3,0x00,0x00,0x00,0x00,0x0b,0xff,0x18,0xff,0x30,0x00,0x00,0x00,0x00,0xbf,0xf1,0x8f,0xf3,
0x00,0x00,0x00,0x00,0x0b,0xff,0x18,0xff,0x30,0x00,0x00,0x00,0x00,0xbf,0xf1,0x8f,0xf3,0x00,0x00,0x00,
0x00,0x0b,0xff,0x18,0xff,0x30,0x00,0x00,0x00,0x00,0xbf,0xf1,0x8f,0xf3,0x00,0x00,0x00,0x00,0x0b,0xff,
0x18,0xff,0x30,0x00,0x00,0x00,0x00,0xbf,0xf1,0x8f,0xf3,0x00,0x00,0x00,0x00,0x0b,0xff,0x18,0xff,0x40,
0x00,0x00,0x00,0x00,0xcf,0xf0,0x7f,0xf5,0x00,0x00,0x00,0x00,0x0d,0xfe,0x04,0xff,0x80,0x00,0x00,0x00,
0x01,0xff,0xc0,0x1e,0xfe,0x10,0x00,0x00,0x00,0x7f,0xf8,0x00,0x9f,0xfa,0x00,0x00,0x00,0x3e,0xff,0x10,
0x01,0xdf,0xfd,0x85,0x56,0xaf,0xff,0x60,0x00,0x02,0xcf,0xff,0xff,0xff,0xff,0x60,0x00,0x00,0x00,0x5a,
0xde,0xfe,0xc8,0x20,0x00,0x00,0x00,0x00,0x18,0xa9,0x40,0x00,0x00,0x00,0x02,0xdf,0xff,0xf6,0x00,0x00,
0x00,0x0a,0xf7,0x13,0xdf,0x20,0x00,0x00,0x0f,0xb0,0x00,0x5f,0x60,0x00,0x00,0x0f,0xa0,0x00,0x4f,0x60,
0x00,0x00,0x0c,0xf3,0x00,0xbf,0x30,0x00,0x00,0x04,0xff,0xcd,0xf9,0x00,0x00,0x00,0x00,0x4c,0xfd,0x80,
0x00,0x00,0x00,0x00,0x00,0x00,0x00,0x00,0x00,0x9f,0xd0,0x00,0x00,0x00,0x5f,0xf3,0x9f,0xd0,0x00,0x00,
0x00,0x5f,0xf3,0x9f,0xd0,0x00,0x00,0x00,0x5f,0xf3,0x9f,0xd0,0x00,0x00,0x00,0x5f,0xf3,0x9f,0xd0,0x00,
0x00,0x00,0x5f,0xf3,0x9f,0xd0,0x00,0x00,0x00,0x5f,0xf3,0x9f,0xd0,0x00,0x00,0x00,0x5f,0xf3,0x9f,0xd0,
0x00,0x00,0x00,0x5f,0xf3,0x9f,0xd0,0x00,0x00,0x00,0x5f,0xf3,0x9f,0xe0,0x00,0x00,0x00,0x5f,0xf3,0x9f,
0xe0,0x00,0x00,0x00,0x8f,0xf3,0x7f,0xf3,0x00,0x00,0x00,0xdf,0xf3,0x3f,0xfa,0x00,0x00,0x09,0xff,0xf3,
0x0c,0xff,0xb5,0x46,0xcf,0xbf,0xf3,0x02,0xef,0xff,0xff,0xf9,0x5f,0xf3,0x00,0x29,0xdf,0xeb,0x50,0x5f,
0xf3,0x00,0x00,0x00,0x4f,0xf3,0x0b,0xfb,0x00,0x00,0x00,0x00,0x1e,0xf5,0x06,0xfd,0x10,0x00,0x00,0x00,
0x0b,0xf7,0x03,0xfe,0x20,0x00,0x00,0x00,0x04,0xa8,0x00,0x8a,0x40,0x00,0x00,0x00,0x00,0x00,0x00,0x00,
0x00,0x00,0x00,0x00,0x00,0x00,0x00,0x00,0x00,0x00,0x00,0x00,0x8f,0xf3,0x00,0x00,0x00,0x00,0x0b,0xff,
0x18,0xff,0x30,0x00,0x00,0x00,0x00,0xbf,0xf1,0x8f,0xf3,0x00,0x00,0x00,0x00,0x0b,0xff,0x18,0xff,0x30,
0x00,0x00,0x00,0x00,0xbf,0xf1,0x8f,0xf3,0x00,0x00,0x00,0x00,0x0b,0xff,0x18,0xff,0x30,0x00,0x00,0x00,
0x00,0xbf,0xf1,0x8f,0xf3,0x00,0x00,0x00,0x00,0x0b,0xff,0x18,0xff,0x30,0x00,0x00,0x00,0x00,0xbf,0xf1,
0x8f,0xf3,0x00,0x00,0x00,0x00,0x0b,0xff,0x18,0xff,0x30,0x00,0x00,0x00,0x00,0xbf,0xf1,0x8f,0xf3,0x00,
0x00,0x00,0x00,0x0b,0xff,0x18,0xff,0x30,0x00,0x00,0x00,0x00,0xbf,0xf1,0x8f,0xf3,0x00,0x00,0x00,0x00,
0x0b,0xff,0x18,0xff,0x40,0x00,0x00,0x00,0x00,0xcf,0xf0,0x7f,0xf5,0x00,0x00,0x00,0x00,0x0d,0xfe,0x04,
0xff,0x80,0x00,0x00,0x00,0x01,0xff,0xc0,0x1e,0xfe,0x10,0x00,0x00,0x00,0x7f,0xf8,0x00,0x9f,0xfa,0x00,
0x00,0x00,0x3e,0xff,0x10,0x01,0xdf,0xfd,0x85,0x56,0xaf,0xff,0x60,0x00,0x02,0xcf,0xff,0xff,0xff,0xff,
0x60,0x00,0x00,0x00,0x5a,0xde,0xfe,0xc8,0x20,0x00,0x00,0x00,0x00,0x00,0x34,0x20,0x14,0x41,0x00,0x00,
0x02,0xff,0x30,0x8f,0xc0,0x00,0x00,0x09,0xf9,0x02,0xff,0x30,0x00,0x00,0x2f,0xe1,0x09,0xf8,0x00,0x00,
0x00,0x9f,0x60,0x2f,0xd0,0x00,0x00,0x01,0xfd,0x00,0xaf,0x30,0x00,0x00,0x00,0x00,0x00,0x00,0x00,0x00,
0x00,0x00,0x00,0x00,0x00,0x00,0x00,0x9f,0xd0,0x00,0x00,0x00,0x5f,0xf3,0x9f,0xd0,0x00,0x00,0x00,0x5f,
0xf3,0x9f,0xd0,0x00,0x00,0x00,0x5f,0xf3,0x9f,0xd0,0x00,0x00,0x00,0x5f,0xf3,0x9f,0xd0,0x00,0x00,0x00,
0x5f,0xf3,0x9f,0xd0,0x00,0x00,0x00,0x5f,0xf3,0x9f,0xd0,0x00,0x00,0x00,0x5f,0xf3,0x9f,0xd0,0x00,0x00,
0x00,0x5f,0xf3,0x9f,0xd0,0x00,0x00,0x00,0x5f,0xf3,0x9f,0xe0,0x00,0x00,0x00,0x5f,0xf3,0x9f,0xe0,0x00,
0x00,0x00,0x8f,0xf3,0x7f,0xf3,0x00,0x00,0x00,0xdf,0xf3,0x3f,0xfa,0x00,0x00,0x09,0xff,0xf3,0x0c,0xff,
0xb5,0x46,0xcf,0xbf,0xf3,0x02,0xef,0xff,0xff,0xf9,0x5f,0xf3,0x00,0x29,0xdf,0xeb,0x50,0x5f,0xf3,0x8f,
0xf3,0x00,0x00,0x00,0x00,0x0b,0xff,0x18,0xff,0x30,0x00,0x00,0x00,0x00,0xbf,0xf1,0x8f,0xf3,0x00,0x00,
0x00,0x00,0x0b,0xff,0x18,0xff,0x30,0x00,0x00,0x00,0x00,0xbf,0xf1,0x8f,0xf3,0x00,0x00,0x00,0x00,0x0b,
0xff,0x18,0xff,0x30,0x00,0x00,0x00,0x00,0xbf,0xf1,0x8f,0xf3,0x00,0x00,0x00,0x00,0x0b,0xff,0x18,0xff,
0x30,0x00,0x00,0x00,0x00,0xbf,0xf1,0x8f,0xf3,0x00,0x00,0x00,0x00,0x0b,0xff,0x18,0xff,0x30,0x00,0x00,
0x00,0x00,0xbf,0xf1,0x8f,0xf3,0x00,0x00,0x00,0x00,0x0b,0xff,0x18,0xff,0x30,0x00,0x00,0x00,0x00,0xbf,
0xf1,0x8f,0xf3,0x00,0x00,0x00,0x00,0x0b,0xff,0x18,0xff,0x40,0x00,0x00,0x00,0x00,0xcf,0xf0,0x7f,0xf5,
0x00,0x00,0x00,0x00,0x0d,0xfe,0x04,0xff,0x80,0x00,0x00,0x00,0x01,0xff,0xc0,0x1e,0xfe,0x10,0x00,0x00,
0x00,0x7f,0xf8,0x00,0x9f,0xfa,0x00,0x00,0x00,0x3e,0xff,0x10,0x01,0xdf,0xfd,0x85,0x56,0xaf,0xff,0x60,
0x00,0x02,0xcf,0xff,0xff,0xff,0xff,0x60,0x00,0x00,0x00,0x5a,0xdf,0xfe,0xc8,0x20,0x00,0x00,0x00,0x00,
0x04,0xf7,0x00,0x00,0x00,0x00,0x00,0x00,0x00,0xce,0x00,0x00,0x00,0x00,0x00,0x00,0x00,0x0f,0xe1,0x00,
0x00,0x00,0x00,0x00,0x00,0x00,0xdf,0xdb,0xe1,0x00,0x00,0x00,0x00,0x00,0x03,0xbe,0xfd,0x10,0x00,0x00,
0x9f,0xd0,0x00,0x00,0x00,0x5f,0xf3,0x00,0x9f,0xd0,0x00,0x00,0x00,0x5f,0xf3,0x00,0x9f,0xd0,0x00,0x00,
0x00,0x5f,0xf3,0x00,0x9f,0xd0,0x00,0x00,0x00,0x5f,0xf3,0x00,0x9f,0xd0,0x00,0x00,0x00,0x5f,0xf3,0x00,
0x9f,0xd0,0x00,0x00,0x00,0x5f,0xf3,0x00,0x9f,0xd0,0x00,0x00,0x00,0x5f,0xf3,0x00,0x9f,0xd0,0x00,0x00,
0x00,0x5f,0xf3,0x00,0x9f,0xd0,0x00,0x00,0x00,0x5f,0xf3,0x00,0x9f,0xe0,0x00,0x00,0x00,0x5f,0xf3,0x00,
0x9f,0xe0,0x00,0x00,0x00,0x8f,0xf3,0x00,0x7f,0xf3,0x00,0x00,0x00,0xdf,0xf3,0x00,0x3f,0xfa,0x00,0x00,
0x09,0xff,0xf3,0x00,0x0c,0xff,0xb5,0x46,0xcf,0xbf,0xf3,0x00,0x02,0xef,0xff,0xff,0xf9,0x5f,0xf3,0x00,
0x00,0x29,0xdf,0xeb,0x50,0x5f,0xf3,0x00,0x00,0x00,0x00,0x00,0x00,0x1c,0xc0,0x00,0x00,0x00,0x00,0x00,
0x00,0x8f,0x30,0x00,0x00,0x00,0x00,0x00,0x00,0xdf,0x10,0x00,0x00,0x00,0x00,0x00,0x00,0xbf,0xeb,0xd3,
0x00,0x00,0x00,0x00,0x00,0x2b,0xef,0xd2,0x00,0x00,0x00,0x00,0x00,0x00,0x58,0x83,0x00,0x00,0x00,0x00,
0x00,0x00,0x00,0x00,0x00,0x00,0x00,0x4f,0xef,0xd1,0x00,0x00,0x00,0x00,0x00,0x00,0x00,0x00,0x00,0x00,
0x2e,0xd2,0x5f,0xb0,0x00,0x00,0x00,0x00,0x00,0x00,0x00,0x00,0x00,0x1d,0xe2,0x00,0x6f,0x90,0x00,0x00,
0x00,0x00,0x00,0x00,0x00,0x00,0x00,0x00,0x00,0x00,0x00,0x00,0x00,0x00,0x00,0x00,0x00,0x00,0x00,0x00,
0x00,0x00,0x00,0x00,0x00,0x00,0x00,0x00,0x00,0x0e,0xfd,0x00,0x00,0x00,0x00,0xcf,0xf8,0x00,0x00,0x00,
0x02,0xff,0xa0,0xbf,0xf1,0x00,0x00,0x00,0x1f,0xff,0xb0,0x00,0x00,0x00,0x6f,0xf6,0x07,0xff,0x50,0x00,
0x00,0x05,0xff,0xff,0x00,0x00,0x00,0x0a,0xff,0x20,0x3f,0xf8,0x00,0x00,0x00,0x8f,0xae,0xf4,0x00,0x00,
0x00,0xdf,0xe0,0x00,0xef,0xc0,0x00,0x00,0x0c,0xf7,0xbf,0x70,0x00,0x00,0x2f,0xfa,0x00,0x0b,0xff,0x10,
0x00,0x01,0xff,0x37,0xfb,0x00,0x00,0x05,0xff,0x60,0x00,0x7f,0xf4,0x00,0x00,0x4f,0xe0,0x4f,0xe0,0x00,
0x00,0x9f,0xf3,0x00,0x04,0xff,0x80,0x00,0x08,0xfb,0x01,0xff,0x30,0x00,0x0d,0xfe,0x00,0x00,0x0f,0xfc,
0x00,0x00,0xbf,0x70,0x0c,0xf7,0x00,0x01,0xff,0xa0,0x00,0x00,0xbf,0xf1,0x00,0x0f,0xf4,0x00,0x8f,0xa0,
0x00,0x5f,0xf7,0x00,0x00,0x08,0xff,0x40,0x04,0xff,0x10,0x05,0xfe,0x00,0x09,0xff,0x30,0x00,0x00,0x4f,
0xf8,0x00,0x7f,0xc0,0x00,0x1f,0xf3,0x00,0xcf,0xe0,0x00,0x00,0x01,0xff,0xb0,0x0b,0xf8,0x00,0x00,0xdf,
0x60,0x1f,0xfb,0x00,0x00,0x00,0x0c,0xfe,0x00,0xef,0x40,0x00,0x09,0xfa,0x04,0xff,0x70,0x00,0x00,0x00,
0x8f,0xf3,0x3f,0xf1,0x00,0x00,0x6f,0xe0,0x8f,0xf3,0x00,0x00,0x00,0x04,0xff,0x77,0xfc,0x00,0x00,0x02,
0xff,0x2c,0xfe,0x00,0x00,0x00,0x00,0x1f,0xfb,0xaf,0x90,0x00,0x00,0x0d,0xf6,0xff,0xb0,0x00,0x00,0x00,
0x00,0xcf,0xee,0xf5,0x00,0x00,0x00,0xaf,0xdf,0xf7,0x00,0x00,0x00,0x00,0x08,0xff,0xff,0x20,0x00,0x00,
0x06,0xff,0xff,0x40,0x00,0x00,0x00,0x00,0x5f,0xff,0xd0,0x00,0x00,0x00,0x3f,0xff,0xf0,0x00,0x00,0x00,
0x00,0x01,0xff,0xfa,0x00,0x00,0x00,0x00,0xef,0xfb,0x00,0x00,0x00,0x00,0x00,0x00,0x00,0x0d,0xfb,0x00,
0x00,0x00,0x00,0x00,0x00,0x00,0x00,0x07,0xff,0xf6,0x00,0x00,0x00,0x00,0x00,0x00,0x00,0x02,0xee,0x4f,
0xe1,0x00,0x00,0x00,0x00,0x00,0x00,0x00,0xbf,0x50,0x7f,0x90,0x00,0x00,0x00,0x00,0x00,0x00,0x5f,0xa0,
0x00,0xcf,0x30,0x00,0x00,0x00,0x00,0x00,0x06,0x71,0x00,0x02,0x85,0x00,0x00,0x00,0x00,0x00,0x00,0x00,
0x00,0x00,0x00,0x00,0x00,0x00,0x0b,0xfc,0x00,0x00,0x02,0xff,0xf1,0x00,0x00,0x0e,0xf9,0x7f,0xf1,0x00,
0x00,0x6f,0xff,0x50,0x00,0x03,0xff,0x53,0xff,0x50,0x00,0x0a,0xff,0xf8,0x00,0x00,0x6f,0xf1,0x0e,0xf9,
0x00,0x00,0xef,0xaf,0xc0,0x00,0x0a,0xfd,0x00,0xbf,0xc0,0x00,0x2f,0xf3,0xff,0x10,0x00,0xef,0x90,0x07,
0xff,0x10,0x06,0xfc,0x0d,0xf5,0x00,0x3f,0xf5,0x00,0x3f,0xf5,0x00,0xaf,0x80,0xaf,0x90,0x06,0xff,0x10,
0x00,0xef,0x90,0x0e,0xf4,0x06,0xfc,0x00,0xaf,0xd0,0x00,0x0a,0xfd,0x02,0xff,0x10,0x2f,0xf1,0x0e,0xf9,
0x00,0x00,0x7f,0xf1,0x6f,0xc0,0x00,0xdf,0x53,0xff,0x50,0x00,0x03,0xff,0x5a,0xf8,0x00,0x0a,0xf9,0x6f,
0xf1,0x00,0x00,0x0e,0xf9,0xef,0x40,0x00,0x6f,0xca,0xfd,0x00,0x00,0x00,0xaf,0xef,0xf1,0x00,0x02,0xff,
0xef,0x90,0x00,0x00,0x07,0xff,0xfc,0x00,0x00,0x0d,0xff,0xf5,0x00,0x00,0x00,0x3f,0xff,0x80,0x00,0x00,
0x9f,0xff,0x10,0x00,0x00,0x00,0xef,0xf4,0x00,0x00,0x06,0xff,0xd0,0x00,0x00,0x00,0x00,0x00,0x00,0x78,
0x71,0x00,0x00,0x00,0x00,0x00,0x00,0x00,0x8f,0xdf,0xa0,0x00,0x00,0x00,0x00,0x00,0x00,0x6f,0xb0,0x9f,
0x70,0x00,0x00,0x00,0x00,0x00,0x3f,0xb1,0x00,0xaf,0x50,0x00,0x00,0x00,0x00,0x00,0x00,0x00,0x00,0x00,
0x00,0x00,0x00,0x00,0x00,0x00,0x00,0x00,0x00,0x00,0x00,0x00,0x0b,0xff,0x40,0x00,0x00,0x00,0x00,0x2f,
0xfc,0x00,0x2e,0xfd,0x10,0x00,0x00,0x00,0x0c,0xff,0x30,0x00,0x6f,0xf8,0x00,0x00,0x00,0x07,0xff,0x80,
0x00,0x00,0xbf,0xf3,0x00,0x00,0x02,0xef,0xc0,0x00,0x00,0x02,0xef,0xd0,0x00,0x00,0xbf,0xf3,0x00,0x00,
0x00,0x07,0xff,0x80,0x00,0x6f,0xf8,0x00,0x00,0x00,0x00,0x0c,0xff,0x30,0x1e,0xfd,0x10,0x00,0x00,0x00,
0x00,0x2f,0xfc,0x0a,0xff,0x40,0x00,0x00,0x00,0x00,0x00,0x7f,0xfb,0xff,0x90,0x00,0x00,0x00,0x00,0x00,
0x00,0xcf,0xff,0xd1,0x00,0x00,0x00,0x00,0x00,0x00,0x03,0xff,0xf4,0x00,0x00,0x00,0x00,0x00,0x00,0x00,
0x0c,0xfe,0x00,0x00,0x00,0x00,0x00,0x00,0x00,0x00,0xcf,0xe0,0x00,0x00,0x00,0x00,0x00,0x00,0x00,0x0c,
0xfe,0x00,0x00,0x00,0x00,0x00,0x00,0x00,0x00,0xcf,0xe0,0x00,0x00,0x00,0x00,0x00,0x00,0x00,0x0c,0xfe,
0x00,0x00,0x00,0x00,0x00,0x00,0x00,0x00,0xcf,0xe0,0x00,0x00,0x00,0x00,0x00,0x00,0x00,0x0c,0xfe,0x00,
0x00,0x00,0x00,0x00,0x00,0x00,0x00,0xcf,0xe0,0x00,0x00,0x00,0x00,0x00,0x00,0x00,0x0c,0xfe,0x00,0x00,
0x00,0x00,0x00,0x00,0x00,0x00,0xcf,0xe0,0x00,0x00,0x00,0x00,0x00,0x00,0x00,0x1e,0xf9,0x00,0x00,0x00,
0x00,0x00,0x00,0xaf,0xff,0x30,0x00,0x00,0x00,0x00,0x04,0xfd,0x5f,0xc0,0x00,0x00,0x00,0x00,0x0d,0xf3,
0x09,0xf6,0x00,0x00,0x00,0x00,0x7f,0x80,0x01,0xde,0x10,0x00,0x00,0x00,0x77,0x00,0x00,0x38,0x40,0x00,
0x00,0x00,0x00,0x00,0x00,0x00,0x00,0x00,0x1e,0xfa,0x00,0x00,0x00,0x00,0x2f,0xf8,0x09,0xff,0x10,0x00,
0x00,0x00,0x8f,0xf2,0x03,0xff,0x70,0x00,0x00,0x00,0xdf,0xc0,0x00,0xcf,0xd0,0x00,0x00,0x04,0xff,0x60,
0x00,0x6f,0xf3,0x00,0x00,0x0a,0xfe,0x10,0x00,0x1e,0xf9,0x00,0x00,0x1f,0xf9,0x00,0x00,0x09,0xfe,0x10,
0x00,0x6f,0xf3,0x00,0x00,0x03,0xff,0x60,0x00,0xcf,0xd0,0x00,0x00,0x00,0xcf,0xb0,0x03,0xff,0x70,0x00,
0x00,0x00,0x6f,0xf2,0x09,0xff,0x10,0x00,0x00,0x00,0x1e,0xf8,0x0e,0xfa,0x00,0x00,0x00,0x00,0x0a,0xfd,
0x5f,0xf4,0x00,0x00,0x00,0x00,0x04,0xff,0xef,0xd0,0x00,0x00,0x00,0x00,0x00,0xdf,0xff,0x80,0x00,0x00,
0x00,0x00,0x00,0x7f,0xff,0x20,0x00,0x00,0x00,0x00,0x00,0x1f,0xfb,0x00,0x00,0x00,0x00,0x00,0x00,0x4f,
0xf6,0x00,0x00,0x00,0x00,0x00,0x00,0xaf,0xe1,0x00,0x00,0x00,0x00,0x00,0x02,0xff,0x90,0x00,0x00,0x00,
0x00,0x22,0x4c,0xff,0x20,0x00,0x00,0x00,0x00,0xcf,0xff,0xf7,0x00,0x00,0x00,0x00,0x00,0xcf,0xec,0x60,
0x00,0x00,0x00,0x00,0x00,0x00,0x07,0xff,0x40,0x2f,0xfa,0x00,0x00,0x00,0x00,0x00,0x7f,0xf4,0x02,0xff,
0xa0,0x00,0x00,0x00,0x00,0x06,0xcc,0x30,0x2c,0xc8,0x00,0x00,0x00,0x00,0x00,0x00,0x00,0x00,0x00,0x00,
0x00,0x00,0x00,0x00,0x00,0x00,0x00,0x00,0x00,0x00,0x00,0x00,0xbf,0xf4,0x00,0x00,0x00,0x00,0x02,0xff,
0xc0,0x02,0xef,0xd1,0x00,0x00,0x00,0x00,0xcf,0xf3,0x00,0x06,0xff,0x80,0x00,0x00,0x00,0x7f,0xf8,0x00,
0x00,0x0b,0xff,0x30,0x00,0x00,0x2e,0xfc,0x00,0x00,0x00,0x2e,0xfd,0x00,0x00,0x0b,0xff,0x30,0x00,0x00,
0x00,0x7f,0xf8,0x00,0x06,0xff,0x80,0x00,0x00,0x00,0x00,0xcf,0xf3,0x01,0xef,0xd1,0x00,0x00,0x00,0x00,
0x02,0xff,0xc0,0xaf,0xf4,0x00,0x00,0x00,0x00,0x00,0x07,0xff,0xbf,0xf9,0x00,0x00,0x00,0x00,0x00,0x00,
0x0c,0xff,0xfd,0x10,0x00,0x00,0x00,0x00,0x00,0x00,0x3f,0xff,0x40,0x00,0x00,0x00,0x00,0x00,0x00,0x00,
0xcf,0xe0,0x00,0x00,0x00,0x00,0x00,0x00,0x00,0x0c,0xfe,0x00,0x00,0x00,0x00,0x00,0x00,0x00,0x00,0xcf,
0xe0,0x00,0x00,0x00,0x00,0x00,0x00,0x00,0x0c,0xfe,0x00,0x00,0x00,0x00,0x00,0x00,0x00,0x00,0xcf,0xe0,
0x00,0x00,0x00,0x00,0x00,0x00,0x00,0x0c,0xfe,0x00,0x00,0x00,0x00,0x00,0x00,0x00,0x00,0xcf,0xe0,0x00,
0x00,0x00,0x00,0x00,0x00,0x00,0x0c,0xfe,0x00,0x00,0x00,0x00,0x00,0x00,0x00,0x00,0xcf,0xe0,0x00,0x00,
0x00,0x00,0x00,0x00,0x00,0x0c,0xfe,0x00,0x00,0x00,0x00,0x00,0x00,0x00,0x00,0x38,0x71,0x00,0x00,0x00,
0x00,0x00,0x00,0x1d,0xf6,0x00,0x00,0x00,0x00,0x00,0x00,0x0b,0xf8,0x00,0x00,0x00,0x00,0x00,0x00,0x08,
0xfa,0x00,0x00,0x00,0x00,0x00,0x00,0x00,0x00,0x00,0x00,0x00,0x00,0x00,0x00,0x00,0x00,0x00,0x00,0x00,
0x00,0x00,0x6f,0xff,0xff,0xff,0xff,0xff,0xff,0xff,0x96,0xff,0xff,0xff,0xff,0xff,0xff,0xff,0xf9,0x25,
0x55,0x55,0x55,0x55,0x55,0x6f,0xff,0x50,0x00,0x00,0x00,0x00,0x00,0x0b,0xff,0x80,0x00,0x00,0x00,0x00,
0x00,0x08,0xff,0xb0,0x00,0x00,0x00,0x00,0x00,0x04,0xff,0xd1,0x00,0x00,0x00,0x00,0x00,0x02,0xef,0xf3,
0x00,0x00,0x00,0x00,0x00,0x01,0xcf,0xf6,0x00,0x00,0x00,0x00,0x00,0x00,0xaf,0xf9,0x00,0x00,0x00,0x00,
0x00,0x00,0x6f,0xfc,0x10,0x00,0x00,0x00,0x00,0x00,0x3f,0xfe,0x20,0x00,0x00,0x00,0x00,0x00,0x1d,0xff,
0x40,0x00,0x00,0x00,0x00,0x00,0x0b,0xff,0x70,0x00,0x00,0x00,0x00,0x00,0x08,0xff,0xb0,0x00,0x00,0x00,
0x00,0x00,0x05,0xff,0xd1,0x00,0x00,0x00,0x00,0x00,0x02,0xef,0xe3,0x00,0x00,0x00,0x00,0x00,0x01,0xdf,
0xf5,0x00,0x00,0x00,0x00,0x00,0x00,0xaf,0xf9,0x00,0x00,0x00,0x00,0x00,0x00,0x7f,0xfe,0x66,0x66,0x66,
0x66,0x66,0x66,0x5b,0xff,0xff,0xff,0xff,0xff,0xff,0xff,0xfe,0xbf,0xff,0xff,0xff,0xff,0xff,0xff,0xff,
0xe0,0x00,0x00,0x00,0x00,0x8f,0xe3,0x00,0x00,0x00,0x00,0x4f,0xf5,0x00,0x00,0x00,0x00,0x1d,0xf7,0x00,
0x00,0x00,0x00,0x0a,0xfa,0x00,0x00,0x00,0x00,0x05,0xfc,0x10,0x00,0x00,0x00,0x00,0x68,0x20,0x00,0x00,
0x00,0x00,0x00,0x00,0x00,0x00,0x07,0xff,0xff,0xff,0xff,0xff,0xf8,0x7f,0xff,0xff,0xff,0xff,0xff,0x80,
0x11,0x11,0x11,0x11,0xbf,0xf5,0x00,0x00,0x00,0x00,0x8f,0xf9,0x00,0x00,0x00,0x00,0x5f,0xfb,0x00,0x00,
0x00,0x00,0x3e,0xfd,0x10,0x00,0x00,0x00,0x1d,0xfe,0x30,0x00,0x00,0x00,0x0b,0xff,0x50,0x00,0x00,0x00,
0x09,0xff,0x70,0x00,0x00,0x00,0x06,0xff,0xa0,0x00,0x00,0x00,0x04,0xff,0xc1,0x00,0x00,0x00,0x02,0xef,
0xe2,0x00,0x00,0x00,0x01,0xcf,0xf4,0x00,0x00,0x00,0x00,0x9f,0xf7,0x11,0x11,0x11,0x11,0x0c,0xff,0xff,
0xff,0xff,0xff,0xf8,0xcf,0xff,0xff,0xff,0xff,0xff,0x80,0x00,0x00,0x00,0x0c,0xff,0x00,0x00,0x00,0x00,
0x00,0x00,0x00,0xcf,0xf0,0x00,0x00,0x00,0x00,0x00,0x00,0x0a,0xdd,0x00,0x00,0x00,0x00,0x00,0x00,0x00,
0x00,0x00,0x00,0x00,0x00,0x00,0x00,0x00,0x00,0x00,0x00,0x00,0x00,0x06,0xff,0xff,0xff,0xff,0xff,0xff,
0xff,0xf9,0x6f,0xff,0xff,0xff,0xff,0xff,0xff,0xff,0x92,0x55,0x55,0x55,0x55,0x55,0x56,0xff,0xf5,0x00,
0x00,0x00,0x00,0x00,0x00,0xbf,0xf8,0x00,0x00,0x00,0x00,0x00,0x00,0x8f,0xfb,0x00,0x00,0x00,0x00,0x00,
0x00,0x4f,0xfd,0x10,0x00,0x00,0x00,0x00,0x00,0x2e,0xff,0x30,0x00,0x00,0x00,0x00,0x00,0x1c,0xff,0x60,
0x00,0x00,0x00,0x00,0x00,0x0a,0xff,0x90,0x00,0x00,0x00,0x00,0x00,0x06,0xff,0xc1,0x00,0x00,0x00,0x00,
0x00,0x03,0xff,0xe2,0x00,0x00,0x00,0x00,0x00,0x01,0xdf,0xf4,0x00,0x00,0x00,0x00,0x00,0x00,0xbf,0xf7,
0x00,0x00,0x00,0x00,0x00,0x00,0x8f,0xfb,0x00,0x00,0x00,0x00,0x00,0x00,0x5f,0xfd,0x10,0x00,0x00,0x00,
0x00,0x00,0x2e,0xfe,0x30,0x00,0x00,0x00,0x00,0x00,0x1d,0xff,0x50,0x00,0x00,0x00,0x00,0x00,0x0a,0xff,
0x90,0x00,0x00,0x00,0x00,0x00,0x07,0xff,0xe6,0x66,0x66,0x66,0x66,0x66,0x65,0xbf,0xff,0xff,0xff,0xff,
0xff,0xff,0xff,0xeb,0xff,0xff,0xff,0xff,0xff,0xff,0xff,0xfe,0x00,0x00,0x0f,0xf8,0x00,0x00,0x00,0x00,
0x00,0xff,0x80,0x00,0x00,0x00,0x00,0x0f,0xf8,0x00,0x00,0x00,0x00,0x00,0x44,0x20,0x00,0x00,0x00,0x00,
0x00,0x00,0x00,0x00,0x00,0x00,0x00,0x00,0x00,0x00,0x00,0x7f,0xff,0xff,0xff,0xff,0xff,0x87,0xff,0xff,
0xff,0xff,0xff,0xf8,0x01,0x11,0x11,0x11,0x1b,0xff,0x50,0x00,0x00,0x00,0x08,0xff,0x90,0x00,0x00,0x00,
0x05,0xff,0xb0,0x00,0x00,0x00,0x03,0xef,0xd1,0x00,0x00,0x00,0x01,0xdf,0xe3,0x00,0x00,0x00,0x00,0xbf,
0xf5,0x00,0x00,0x00,0x00,0x9f,0xf7,0x00,0x00,0x00,0x00,0x6f,0xfa,0x00,0x00,0x00,0x00,0x4f,0xfc,0x10,
0x00,0x00,0x00,0x2e,0xfe,0x20,0x00,0x00,0x00,0x1c,0xff,0x40,0x00,0x00,0x00,0x09,0xff,0x71,0x11,0x11,
0x11,0x10,0xcf,0xff,0xff,0xff,0xff,0xff,0x8c,0xff,0xff,0xff,0xff,0xff,0xf8,0x00,0x00,0x38,0x40,0x00,
0x38,0x40,0x00,0x00,0x00,0x00,0xbf,0x50,0x3e,0xd1,0x00,0x00,0x00,0x00,0x01,0xdf,0x6e,0xe3,0x00,0x00,
0x00,0x00,0x00,0x02,0xef,0xf5,0x00,0x00,0x00,0x00,0x00,0x00,0x00,0x00,0x00,0x00,0x00,0x00,0x00,0x00,
0x00,0x00,0x00,0x00,0x00,0x00,0x6f,0xff,0xff,0xff,0xff,0xff,0xff,0xff,0x96,0xff,0xff,0xff,0xff,0xff,
0xff,0xff,0xf9,0x25,0x55,0x55,0x55,0x55,0x55,0x6f,0xff,0x50,0x00,0x00,0x00,0x00,0x00,0x0b,0xff,0x80,
0x00,0x00,0x00,0x00,0x00,0x08,0xff,0xb0,0x00,0x00,0x00,0x00,0x00,0x04,0xff,0xd1,0x00,0x00,0x00,0x00,
0x00,0x02,0xef,0xf3,0x00,0x00,0x00,0x00,0x00,0x01,0xcf,0xf6,0x00,0x00,0x00,0x00,0x00,0x00,0xaf,0xf9,
0x00,0x00,0x00,0x00,0x00,0x00,0x6f,0xfc,0x10,0x00,0x00,0x00,0x00,0x00,0x3f,0xfe,0x20,0x00,0x00,0x00,
0x00,0x00,0x1d,0xff,0x40,0x00,0x00,0x00,0x00,0x00,0x0b,0xff,0x70,0x00,0x00,0x00,0x00,0x00,0x08,0xff,
0xb0,0x00,0x00,0x00,0x00,0x00,0x05,0xff,0xd1,0x00,0x00,0x00,0x00,0x00,0x02,0xef,0xe3,0x00,0x00,0x00,
0x00,0x00,0x01,0xdf,0xf5,0x00,0x00,0x00,0x00,0x00,0x00,0xaf,0xf9,0x00,0x00,0x00,0x00,0x00,0x00,0x7f,
0xfe,0x66,0x66,0x66,0x66,0x66,0x66,0x5b,0xff,0xff,0xff,0xff,0xff,0xff,0xff,0xfe,0xbf,0xff,0xff,0xff,
0xff,0xff,0xff,0xff,0xe0,0x00,0xaf,0x40,0x00,0x8f,0x60,0x00,0x02,0xed,0x10,0x3f,0xc0,0x00,0x00,0x07,
0xf9,0x1d,0xf3,0x00,0x00,0x00,0x0d,0xfc,0xf9,0x00,0x00,0x00,0x00,0x4f,0xfe,0x10,0x00,0x00,0x00,0x00,
0x68,0x40,0x00,0x00,0x00,0x00,0x00,0x00,0x00,0x00,0x07,0xff,0xff,0xff,0xff,0xff,0xf8,0x7f,0xff,0xff,
0xff,0xff,0xff,0x80,0x11,0x11,0x11,0x11,0xbf,0xf5,0x00,0x00,0x00,0x00,0x8f,0xf9,0x00,0x00,0x00,0x00,
0x5f,0xfb,0x00,0x00,0x00,0x00,0x3e,0xfd,0x10,0x00,0x00,0x00,0x1d,0xfe,0x30,0x00,0x00,0x00,0x0b,0xff,
0x50,0x00,0x00,0x00,0x09,0xff,0x70,0x00,0x00,0x00,0x06,0xff,0xa0,0x00,0x00,0x00,0x04,0xff,0xc1,0x00,
0x00,0x00,0x02,0xef,0xe2,0x00,0x00,0x00,0x01,0xcf,0xf4,0x00,0x00,0x00,0x00,0x9f,0xf7,0x11,0x11,0x11,
0x11,0x0c,0xff,0xff,0xff,0xff,0xff,0xf8,0xcf,0xff,0xff,0xff,0xff,0xff,0x80,0x00,0x00,0x29,0xdf,0xff,
0x60,0x00,0x1d,0xff,0xff,0xf6,0x00,0x08,0xff,0x73,0x22,0x10,0x00,0xcf,0xb0,0x00,0x00,0x00,0x0e,0xf9,
0x00,0x00,0x00,0x00,0xef,0x90,0x00,0x00,0x5f,0xff,0xf9,0x00,0x00,0x05,0xff,0xff,0x90,0x00,0x00,0x00,
0x0e,0xf9,0x00,0x00,0x00,0x00,0xef,0x90,0x00,0x00,0x00,0x0e,0xf9,0x00,0x00,0x00,0x00,0xef,0x90,0x00,
0x00,0x00,0x0e,0xf9,0x00,0x00,0x00,0x00,0xef,0x90,0x00,0x00,0x00,0x0e,0xf9,0x00,0x00,0x00,0x00,0xef,
0x90,0x00,0x00,0x00,0x0e,0xf9,0x00,0x00,0x00,0x00,0xef,0x90,0x00,0x00,0x00,0x0e,0xf9,0x00,0x00,0x00,
0x00,0xef,0x90,0x00,0x00,0x00,0x0e,0xf9,0x00,0x00,0x00,0x00,0xef,0x90,0x00,0x00,0x00,0x00,0x00,0x29,
0xdf,0xff,0x60,0x00,0x00,0x1d,0xff,0xff,0xf6,0x00,0x00,0x08,0xff,0x73,0x22,0x10,0x00,0x00,0xcf,0xb0,
0x00,0x00,0x00,0x00,0x0e,0xf9,0x00,0x00,0x00,0x00,0x00,0xef,0x90,0x00,0x00,0x00,0x5f,0xff,0xff,0xff,
0xfb,0x00,0x05,0xff,0xff,0xff,0xff,0xb0,0x00,0x00,0x0e,0xf9,0x00,0x00,0x00,0x00,0x00,0xef,0x90,0x00,
0x00,0x00,0x00,0x0e,0xf9,0x00,0x00,0x00,0x00,0x00,0xef,0x90,0x00,0x00,0x00,0x00,0x0e,0xf9,0x00,0x00,
0x00,0x00,0x00,0xef,0x90,0x00,0x00,0x00,0x00,0x0e,0xf9,0x00,0x00,0x00,0x00,0x00,0xef,0x90,0x00,0x00,
0x00,0x00,0x0e,0xf9,0x00,0x00,0x00,0x00,0x00,0xef,0x90,0x00,0x00,0x00,0x00,0x0e,0xf9,0x00,0x00,0x00,
0x00,0x00,0xef,0x90,0x00,0x00,0x00,0x00,0x0e,0xf9,0x00,0x00,0x00,0x00,0x00,0xef,0x90,0x00,0x00,0x00,
0x00,0x0e,0xf9,0x00,0x00,0x00,0x00,0x00,0xff,0x80,0x00,0x00,0x00,0x00,0x2f,0xf6,0x00,0x00,0x01,0x22,
0x4b,0xff,0x20,0x00,0x00,0xcf,0xff,0xff,0x90,0x00,0x00,0x0c,0xff,0xec,0x60,0x00,0x00,0x00,0x00,0x01,
0x6b,0xdf,0xfe,0xc9,0x61,0x00,0x00,0x4d,0xff,0xff,0xff,0xff,0xff,0x00,0x03,0xef,0xfc,0x75,0x56,0x8c,
0xff,0x00,0x0b,0xff,0x70,0x00,0x00,0x00,0x28,0x00,0x1f,0xfc,0x00,0x00,0x00,0x00,0x00,0x00,0x2f,0xfa,
0x00,0x00,0x00,0x00,0x00,0x00,0x1f,0xfc,0x00,0x00,0x00,0x00,0x00,0x00,0x0d,0xff,0x60,0x00,0x00,0x00,
0x00,0x00,0x07,0xff,0xfc,0x74,0x10,0x00,0x00,0x00,0x00,0x8f,0xff,0xff,0xfd,0x94,0x00,0x00,0x00,0x03,
0xae,0xff,0xff,0xff,0xc2,0x00,0x00,0x00,0x00,0x36,0x9d,0xff,0xfe,0x20,0x00,0x00,0x00,0x00,0x00,0x4d,
0xff,0xa0,0x00,0x00,0x00,0x00,0x00,0x03,0xff,0xf1,0x00,0x00,0x00,0x00,0x00,0x00,0xcf,0xf3,0x00,0x00,
0x00,0x00,0x00,0x00,0xbf,0xf3,0x00,0x00,0x00,0x00,0x00,0x00,0xef,0xf1,0x1d,0x61,0x00,0x00,0x00,0x09,
0xff,0xb0,0x1f,0xfe,0xa7,0x54,0x58,0xdf,0xfe,0x30,0x1d,0xff,0xff,0xff,0xff,0xff,0xd4,0x00,0x00,0x37,
0xad,0xef,0xed,0xa5,0x10,0x00,0x00,0x00,0x00,0x00,0x00,0x00,0x00,0x00,0x00,0x00,0x00,0x00,0x00,0x00,
0x00,0x00,0x00,0x00,0x00,0x7f,0xf5,0x00,0x00,0x00,0x00,0x00,0x00,0xaf,0xc0,0x00,0x00,0x00,0x00,0x00,
0x00,0xef,0x50,0x00,0x00,0x00,0x00,0x00,0x03,0xfc,0x00,0x00,0x00,0x00,0x00,0x00,0x03,0x73,0x00,0x00,
0x00,0x00,0x00,0x18,0xce,0xfe,0xca,0x61,0x00,0x3e,0xff,0xff,0xff,0xff,0x60,0x0d,0xff,0x84,0x33,0x58,
0xd6,0x04,0xff,0x50,0x00,0x00,0x00,0x10,0x5f,0xf2,0x00,0x00,0x00,0x00,0x04,0xff,0x80,0x00,0x00,0x00,
0x00,0x0d,0xff,0xc8,0x41,0x00,0x00,0x00,0x2c,0xff,0xff,0xfb,0x60,0x00,0x00,0x04,0x9d,0xff,0xff,0xd2,
0x00,0x00,0x00,0x01,0x5b,0xff,0xc0,0x00,0x00,0x00,0x00,0x0a,0xff,0x20,0x00,0x00,0x00,0x00,0x6f,0xf3,
0x32,0x00,0x00,0x00,0x0a,0xff,0x17,0xfb,0x74,0x33,0x5b,0xff,0xa0,0x7f,0xff,0xff,0xff,0xff,0xb1,0x01,
0x48,0xcd,0xff,0xda,0x50,0x00,0x00,0x00,0x00,0x00,0x00,0x00,0x00,0x00,0x00,0x00,0x00,0x00,0x00,0x00,
0x00,0x07,0xff,0x50,0x00,0x00,0x00,0x00,0xbf,0xc0,0x00,0x00,0x00,0x00,0x0e,0xf5,0x00,0x00,0x00,0x00,
0x03,0xfc,0x00,0x00,0x00,0x00,0x00,0x37,0x30,0x00,0x00,0x00,0x1f,0xff,0xff,0xff,0xff,0xff,0xff,0xff,
0xff,0x31,0xff,0xff,0xff,0xff,0xff,0xff,0xff,0xff,0xf3,0x05,0x55,0x55,0x55,0xdf,0xe5,0x55,0x55,0x55,
0x10,0x00,0x00,0x00,0x0c,0xfe,0x00,0x00,0x00,0x00,0x00,0x00,0x00,0x00,0xcf,0xe0,0x00,0x00,0x00,0x00,
0x00,0x00,0x00,0x0c,0xfe,0x00,0x00,0x00,0x00,0x00,0x00,0x00,0x00,0xcf,0xe0,0x00,0x00,0x00,0x00,0x00,
0x00,0x00,0x0c,0xfe,0x00,0x00,0x00,0x00,0x00,0x00,0x00,0x00,0xcf,0xe0,0x00,0x00,0x00,0x00,0x00,0x00,
0x00,0x0c,0xfe,0x00,0x00,0x00,0x00,0x00,0x00,0x00,0x00,0xcf,0xe0,0x00,0x00,0x00,0x00,0x00,0x00,0x00,
0x0c,0xfe,0x00,0x00,0x00,0x00,0x00,0x00,0x00,0x00,0xcf,0xe0,0x00,0x00,0x00,0x00,0x00,0x00,0x00,0x0c,
0xfe,0x00,0x00,0x00,0x00,0x00,0x00,0x00,0x00,0xcf,0xe0,0x00,0x00,0x00,0x00,0x00,0x00,0x00,0x0c,0xfe,
0x00,0x00,0x00,0x00,0x00,0x00,0x00,0x00,0xcf,0xe0,0x00,0x00,0x00,0x00,0x00,0x00,0x00,0x0c,0xfe,0x00,
0x00,0x00,0x00,0x00,0x00,0x00,0x00,0xcf,0xe0,0x00,0x00,0x00,0x00,0x00,0x00,0x00,0x0c,0xfe,0x00,0x00,
0x00,0x00,0x00,0x00,0x00,0x00,0xcf,0xe0,0x00,0x00,0x00,0x00,0x00,0x00,0x00,0x00,0x00,0x00,0x00,0x00,
0x00,0x00,0x00,0x00,0x00,0x00,0x00,0x00,0x00,0x00,0x00,0x00,0x00,0x00,0x06,0x77,0x00,0x00,0x00,0x00,
0x00,0x00,0x00,0x01,0xff,0x90,0x00,0x00,0x00,0x00,0x00,0x00,0x00,0x4f,0xf2,0x00,0x00,0x00,0x00,0x00,
0x00,0x00,0x08,0xf9,0x00,0x00,0x00,0x00,0x00,0x00,0x00,0x00,0xcf,0x20,0x00,0x00,0x00,0x00,0x00,0x6f,
0xf2,0x00,0x00,0x00,0x06,0xff,0x20,0x00,0x00,0x00,0x6f,0xf2,0x00,0x00,0x00,0x06,0xff,0x20,0x00,0x00,
0x4f,0xff,0xff,0xff,0xff,0x54,0xff,0xff,0xff,0xff,0xf5,0x00,0x6f,0xf2,0x00,0x00,0x00,0x06,0xff,0x20,
0x00,0x00,0x00,0x6f,0xf2,0x00,0x00,0x00,0x06,0xff,0x20,0x00,0x00,0x00,0x6f,0xf2,0x00,0x00,0x00,0x06,
0xff,0x20,0x00,0x00,0x00,0x6f,0xf2,0x00,0x00,0x00,0x06,0xff,0x20,0x00,0x00,0x00,0x6f,0xf2,0x00,0x00,
0x00,0x06,0xff,0x20,0x00,0x00,0x00,0x4f,0xf4,0x00,0x00,0x00,0x01,0xff,0xc4,0x22,0x21,0x00,0x08,0xff,
0xff,0xff,0x50,0x00,0x06,0xbe,0xff,0xf5,0x00,0x00,0x00,0x00,0x00,0x00,0x00,0x00,0x00,0x00,0x00,0x00,
0x00,0x00,0x77,0x60,0x00,0x00,0x00,0x3f,0xf7,0x00,0x00,0x00,0x06,0xfe,0x10,0x00,0x00,0x00,0xaf,0x70,
0x00,0x00,0x00,0x0e,0xe1,0x00,0x00,0x00,0x01,0x88,0x10,0x00,0x00,0x09,0xff,0x90,0x00,0x00,0x4f,0xdd,
0xf4,0x00,0x00,0xcf,0x44,0xfc,0x00,0x07,0xf9,0x00,0x9f,0x70,0x2e,0xd1,0x00,0x1d,0xe2,0x28,0x50,0x00,
0x05,0x82,0x0b,0xf4,0x00,0x3f,0xb0,0x02,0xfd,0x11,0xdf,0x20,0x00,0x8f,0x99,0xf8,0x00,0x00,0x1d,0xff,
0xd1,0x00,0x00,0x05,0xff,0x50,0x00,0x05,0xde,0x80,0x04,0xf7,0x1e,0xfd,0xfa,0x07,0xf5,0x5f,0x70,0xaf,
0xdf,0xe1,0x7f,0x40,0x08,0xed,0x50,0x00,0x00,0x00,0x03,0xff,0xf5,0x00,0x00,0x00,0x00,0x00,0x00,0x00,
0x8f,0xff,0xa0,0x00,0x00,0x00,0x00,0x00,0x00,0x0e,0xfe,0xff,0x10,0x00,0x00,0x00,0x00,0x00,0x04,0xff,
0x6f,0xf7,0x00,0x00,0x00,0x00,0x00,0x00,0xaf,0xd0,0xbf,0xc0,0x00,0x00,0x00,0x00,0x00,0x1f,0xf8,0x06,
0xff,0x30,0x00,0x00,0x00,0x00,0x06,0xff,0x30,0x1f,0xf8,0x00,0x00,0x00,0x00,0x00,0xcf,0xc0,0x00,0xaf,
0xe0,0x00,0x00,0x00,0x00,0x2f,0xf7,0x00,0x05,0xff,0x40,0x00,0x00,0x00,0x08,0xff,0x20,0x00,0x0e,0xfa,
0x00,0x00,0x00,0x00,0xdf,0xb0,0x00,0x00,0x9f,0xf1,0x00,0x00,0x00,0x4f,0xf6,0x00,0x00,0x03,0xff,0x60,
0x00,0x00,0x09,0xfe,0x10,0x00,0x00,0x0d,0xfc,0x00,0x00,0x01,0xef,0xff,0xff,0xff,0xff,0xff,0xf2,0x00,
0x00,0x6f,0xff,0xff,0xff,0xff,0xff,0xff,0x80,0x00,0x0b,0xfe,0x55,0x55,0x55,0x55,0x5c,0xfd,0x00,0x02,
0xff,0x90,0x00,0x00,0x00,0x00,0x7f,0xf4,0x00,0x7f,0xf4,0x00,0x00,0x00,0x00,0x02,0xff,0x90,0x0d,0xfe,
0x00,0x00,0x00,0x00,0x00,0x0c,0xfe,0x13,0xff,0x90,0x00,0x00,0x00,0x00,0x00,0x7f,0xf5,0x9f,0xf4,0x00,
0x00,0x00,0x00,0x00,0x02,0xff,0xb0,0x4f,0xff,0xff,0xff,0xed,0xa5,0x00,0x00,0x4f,0xff,0xff,0xff,0xff,
0xff,0xb1,0x00,0x4f,0xfa,0x55,0x55,0x69,0xef,0xfa,0x00,0x4f,0xf8,0x00,0x00,0x00,0x2e,0xff,0x20,0x4f,
0xf8,0x00,0x00,0x00,0x09,0xff,0x50,0x4f,0xf8,0x00,0x00,0x00,0x07,0xff,0x50,0x4f,0xf8,0x00,0x00,0x00,
0x09,0xff,0x30,0x4f,0xf8,0x00,0x00,0x00,0x2e,0xfd,0x00,0x4f,0xfa,0x44,0x45,0x58,0xef,0xe4,0x00,0x4f,
0xff,0xff,0xff,0xff,0xf9,0x20,0x00,0x4f,0xff,0xff,0xff,0xff,0xff,0xa1,0x00,0x4f,0xf8,0x00,0x00,0x02,
0x7f,0xfd,0x10,0x4f,0xf8,0x00,0x00,0x00,0x05,0xff,0xa0,0x4f,0xf8,0x00,0x00,0x00,0x00,0xdf,0xf1,0x4f,
0xf8,0x00,0x00,0x00,0x00,0xbf,0xf3,0x4f,0xf8,0x00,0x00,0x00,0x00,0xbf,0xf3,0x4f,0xf8,0x00,0x00,0x00,
0x01,0xef,0xf1,0x4f,0xf8,0x00,0x00,0x00,0x09,0xff,0xc0,0x4f,0xfa,0x55,0x55,0x57,0xcf,0xff,0x40,0x4f,
0xff,0xff,0xff,0xff,0xff,0xe5,0x00,0x4f,0xff,0xff,0xff,0xfe,0xb7,0x10,0x00,0x4f,0xff,0xff,0xff,0xff,
0xff,0xf7,0x4f,0xff,0xff,0xff,0xff,0xff,0xf7,0x4f,0xfa,0x55,0x55,0x55,0x55,0x52,0x4f,0xf8,0x00,0x00,
0x00,0x00,0x00,0x4f,0xf8,0x00,0x00,0x00,0x00,0x00,0x4f,0xf8,0x00,0x00,0x00,0x00,0x00,0x4f,0xf8,0x00,
0x00,0x00,0x00,0x00,0x4f,0xf8,0x00,0x00,0x00,0x00,0x00,0x4f,0xf8,0x00,0x00,0x00,0x00,0x00,0x4f,0xf8,
0x00,0x00,0x00,0x00,0x00,0x4f,0xf8,0x00,0x00,0x00,0x00,0x00,0x4f,0xf8,0x00,0x00,0x00,0x00,0x00,0x4f,
0xf8,0x00,0x00,0x00,0x00,0x00,0x4f,0xf8,0x00,0x00,0x00,0x00,0x00,0x4f,0xf8,0x00,0x00,0x00,0x00,0x00,
0x4f,0xf8,0x00,0x00,0x00,0x00,0x00,0x4f,0xf8,0x00,0x00,0x00,0x00,0x00,0x4f,0xf8,0x00,0x00,0x00,0x00,
0x00,0x4f,0xf8,0x00,0x00,0x00,0x00,0x00,0x4f,0xf8,0x00,0x00,0x00,0x00,0x00,0x4f,0xf8,0x00,0x00,0x00,
0x00,0x00,0x00,0x00,0x00,0x03,0xff,0xf5,0x00,0x00,0x00,0x00,0x00,0x00,0x00,0x8f,0xff,0xa0,0x00,0x00,
0x00,0x00,0x00,0x00,0x0e,0xff,0xff,0x10,0x00,0x00,0x00,0x00,0x00,0x04,0xff,0x9f,0xf7,0x00,0x00,0x00,
0x00,0x00,0x00,0xaf,0xf1,0xdf,0xc0,0x00,0x00,0x00,0x00,0x00,0x1f,0xfa,0x08,0xff,0x30,0x00,0x00,0x00,
0x00,0x06,0xff,0x50,0x2f,0xf8,0x00,0x00,0x00,0x00,0x00,0xcf,0xe0,0x00,0xcf,0xe0,0x00,0x00,0x00,0x00,
0x2f,0xf9,0x00,0x07,0xff,0x40,0x00,0x00,0x00,0x08,0xff,0x40,0x00,0x1f,0xfa,0x00,0x00,0x00,0x00,0xdf,
0xd0,0x00,0x00,0xbf,0xf1,0x00,0x00,0x00,0x4f,0xf8,0x00,0x00,0x06,0xff,0x60,0x00,0x00,0x09,0xff,0x20,
0x00,0x00,0x1e,0xfc,0x00,0x00,0x01,0xef,0xc0,0x00,0x00,0x00,0xaf,0xf2,0x00,0x00,0x6f,0xf7,0x00,0x00,
0x00,0x04,0xff,0x80,0x00,0x0b,0xff,0x20,0x00,0x00,0x00,0x0e,0xfd,0x00,0x02,0xff,0xb0,0x00,0x00,0x00,
0x00,0x9f,0xf4,0x00,0x7f,0xf6,0x00,0x00,0x00,0x00,0x03,0xff,0x90,0x0d,0xff,0x65,0x55,0x55,0x55,0x55,
0x5e,0xfe,0x13,0xff,0xff,0xff,0xff,0xff,0xff,0xff,0xff,0xf5,0x9f,0xff,0xff,0xff,0xff,0xff,0xff,0xff,
0xff,0xb0,0x4f,0xff,0xff,0xff,0xff,0xff,0xfa,0x4f,0xff,0xff,0xff,0xff,0xff,0xfa,0x4f,0xfa,0x55,0x55,
0x55,0x55,0x54,0x4f,0xf8,0x00,0x00,0x00,0x00,0x00,0x4f,0xf8,0x00,0x00,0x00,0x00,0x00,0x4f,0xf8,0x00,
0x00,0x00,0x00,0x00,0x4f,0xf8,0x00,0x00,0x00,0x00,0x00,0x4f,0xf8,0x00,0x00,0x00,0x00,0x00,0x4f,0xfa,
0x55,0x55,0x55,0x55,0x51,0x4f,0xff,0xff,0xff,0xff,0xff,0xf4,0x4f,0xff,0xff,0xff,0xff,0xff,0xf4,0x4f,
0xf8,0x00,0x00,0x00,0x00,0x00,0x4f,0xf8,0x00,0x00,0x00,0x00,0x00,0x4f,0xf8,0x00,0x00,0x00,0x00,0x00,
0x4f,0xf8,0x00,0x00,0x00,0x00,0x00,0x4f,0xf8,0x00,0x00,0x00,0x00,0x00,0x4f,0xf8,0x00,0x00,0x00,0x00,
0x00,0x4f,0xf8,0x00,0x00,0x00,0x00,0x00,0x4f,0xfa,0x66,0x66,0x66,0x66,0x65,0x4f,0xff,0xff,0xff,0xff,
0xff,0xfe,0x4f,0xff,0xff,0xff,0xff,0xff,0xfe,0x6f,0xff,0xff,0xff,0xff,0xff,0xff,0xff,0x96,0xff,0xff,
0xff,0xff,0xff,0xff,0xff,0xf9,0x25,0x55,0x55,0x55,0x55,0x55,0x6f,0xff,0x50,0x00,0x00,0x00,0x00,0x00,
0x0b,0xff,0x80,0x00,0x00,0x00,0x00,0x00,0x08,0xff,0xb0,0x00,0x00,0x00,0x00,0x00,0x04,0xff,0xd1,0x00,
0x00,0x00,0x00,0x00,0x02,0xef,0xf3,0x00,0x00,0x00,0x00,0x00,0x01,0xcf,0xf6,0x00,0x00,0x00,0x00,0x00,
0x00,0xaf,0xf9,0x00,0x00,0x00,0x00,0x00,0x00,0x6f,0xfc,0x10,0x00,0x00,0x00,0x00,0x00,0x3f,0xfe,0x20,
0x00,0x00,0x00,0x00,0x00,0x1d,0xff,0x40,0x00,0x00,0x00,0x00,0x00,0x0b,0xff,0x70,0x00,0x00,0x00,0x00,
0x00,0x08,0xff,0xb0,0x00,0x00,0x00,0x00,0x00,0x05,0xff,0xd1,0x00,0x00,0x00,0x00,0x00,0x02,0xef,0xe3,
0x00,0x00,0x00,0x00,0x00,0x01,0xdf,0xf5,0x00,0x00,0x00,0x00,0x00,0x00,0xaf,0xf9,0x00,0x00,0x00,0x00,
0x00,0x00,0x7f,0xfe,0x66,0x66,0x66,0x66,0x66,0x66,0x5b,0xff,0xff,0xff,0xff,0xff,0xff,0xff,0xfe,0xbf,
0xff,0xff,0xff,0xff,0xff,0xff,0xff,0xe0,0x4f,0xf8,0x00,0x00,0x00,0x00,0x07,0xff,0x54,0xff,0x80,0x00,
0x00,0x00,0x00,0x7f,0xf5,0x4f,0xf8,0x00,0x00,0x00,0x00,0x07,0xff,0x54,0xff,0x80,0x00,0x00,0x00,0x00,
0x7f,0xf5,0x4f,0xf8,0x00,0x00,0x00,0x00,0x07,0xff,0x54,0xff,0x80,0x00,0x00,0x00,0x00,0x7f,0xf5,0x4f,
0xf8,0x00,0x00,0x00,0x00,0x07,0xff,0x54,0xff,0x80,0x00,0x00,0x00,0x00,0x7f,0xf5,0x4f,0xfa,0x55,0x55,
0x55,0x55,0x5a,0xff,0x54,0xff,0xff,0xff,0xff,0xff,0xff,0xff,0xf5,0x4f,0xff,0xff,0xff,0xff,0xff,0xff,
0xff,0x54,0xff,0x80,0x00,0x00,0x00,0x00,0x7f,0xf5,0x4f,0xf8,0x00,0x00,0x00,0x00,0x07,0xff,0x54,0xff,
0x80,0x00,0x00,0x00,0x00,0x7f,0xf5,0x4f,0xf8,0x00,0x00,0x00,0x00,0x07,0xff,0x54,0xff,0x80,0x00,0x00,
0x00,0x00,0x7f,0xf5,0x4f,0xf8,0x00,0x00,0x00,0x00,0x07,0xff,0x54,0xff,0x80,0x00,0x00,0x00,0x00,0x7f,
0xf5,0x4f,0xf8,0x00,0x00,0x00,0x00,0x07,0xff,0x54,0xff,0x80,0x00,0x00,0x00,0x00,0x7f,0xf5,0x4f,0xf8,
0x00,0x00,0x00,0x00,0x07,0xff,0x50,0x00,0x00,0x01,0x6a,0xde,0xed,0xa6,0x10,0x00,0x00,0x00,0x00,0x5d,
0xff,0xff,0xff,0xff,0xe5,0x00,0x00,0x00,0x07,0xff,0xfc,0x75,0x57,0xcf,0xff,0x70,0x00,0x00,0x5f,0xff,
0x50,0x00,0x00,0x05,0xef,0xf5,0x00,0x01,0xef,0xf4,0x00,0x00,0x00,0x00,0x4f,0xfe,0x10,0x07,0xff,0x90,
0x00,0x00,0x00,0x00,0x08,0xff,0x80,0x0d,0xff,0x20,0x00,0x00,0x00,0x00,0x02,0xff,0xd0,0x1f,0xfd,0x00,
0x00,0x00,0x00,0x00,0x00,0xcf,0xf2,0x4f,0xfa,0x04,0x55,0x55,0x55,0x55,0x50,0x9f,0xf5,0x5f,0xf8,0x0c,
0xff,0xff,0xff,0xff,0xd0,0x8f,0xf6,0x6f,0xf7,0x0c,0xff,0xff,0xff,0xff,0xd0,0x7f,0xf7,0x5f,0xf8,0x00,
0x00,0x00,0x00,0x00,0x00,0x8f,0xf6,0x4f,0xfa,0x00,0x00,0x00,0x00,0x00,0x00,0x9f,0xf5,0x1f,0xfd,0x00,
0x00,0x00,0x00,0x00,0x00,0xcf,0xf2,0x0d,0xff,0x20,0x00,0x00,0x00,0x00,0x02,0xff,0xd0,0x07,0xff,0x90,
0x00,0x00,0x00,0x00,0x08,0xff,0x80,0x01,0xef,0xf4,0x00,0x00,0x00,0x00,0x4f,0xfe,0x10,0x00,0x5f,0xfe,
0x50,0x00,0x00,0x05,0xef,0xf5,0x00,0x00,0x07,0xff,0xfc,0x75,0x57,0xcf,0xff,0x70,0x00,0x00,0x00,0x5d,
0xff,0xff,0xff,0xff,0xe5,0x00,0x00,0x00,0x00,0x00,0x6a,0xde,0xed,0xa6,0x10,0x00,0x00,0x4f,0xf8,0x4f,
0xf8,0x4f,0xf8,0x4f,0xf8,0x4f,0xf8,0x4f,0xf8,0x4f,0xf8,0x4f,0xf8,0x4f,0xf8,0x4f,0xf8,0x4f,0xf8,0x4f,
0xf8,0x4f,0xf8,0x4f,0xf8,0x4f,0xf8,0x4f,0xf8,0x4f,0xf8,0x4f,0xf8,0x4f,0xf8,0x4f,0xf8,0x4f,0xf8,0x4f,
0xf8,0x00,0x00,0x00,0x01,0xcf,0xfa,0x04,0xff,0x80,0x00,0x00,0x01,0xcf,0xfa,0x00,0x4f,0xf8,0x00,0x00,
0x01,0xcf,0xf9,0x00,0x04,0xff,0x80,0x00,0x01,0xdf,0xf9,0x00,0x00,0x4f,0xf8,0x00,0x02,0xdf,0xf8,0x00,
0x00,0x04,0xff,0x80,0x02,0xdf,0xf8,0x00,0x00,0x00,0x4f,0xf8,0x02,0xdf,0xf8,0x00,0x00,0x00,0x04,0xff,
0x82,0xef,0xf7,0x00,0x00,0x00,0x00,0x4f,0xfa,0xef,0xf7,0x00,0x00,0x00,0x00,0x04,0xff,0xff,0xf7,0x00,
0x00,0x00,0x00,0x00,0x4f,0xff,0xff,0xb0,0x00,0x00,0x00,0x00,0x04,0xff,0x9c,0xff,0xb0,0x00,0x00,0x00,
0x00,0x4f,0xf8,0x1d,0xff,0xa0,0x00,0x00,0x00,0x04,0xff,0x80,0x1d,0xff,0xa0,0x00,0x00,0x00,0x4f,0xf8,
0x00,0x2d,0xff,0xa0,0x00,0x00,0x04,0xff,0x80,0x00,0x2d,0xff,0x90,0x00,0x00,0x4f,0xf8,0x00,0x00,0x2e,
0xff,0x90,0x00,0x04,0xff,0x80,0x00,0x00,0x2e,0xff,0x80,0x00,0x4f,0xf8,0x00,0x00,0x00,0x3e,0xff,0x80,
0x04,0xff,0x80,0x00,0x00,0x00,0x3e,0xff,0x70,0x4f,0xf8,0x00,0x00,0x00,0x00,0x3e,0xff,0x70,0x00,0x00,
0x00,0x03,0xff,0xf5,0x00,0x00,0x00,0x00,0x00,0x00,0x00,0x8f,0xff,0xa0,0x00,0x00,0x00,0x00,0x00,0x00,
0x0e,0xff,0xff,0x10,0x00,0x00,0x00,0x00,0x00,0x04,0xff,0x7f,0xf7,0x00,0x00,0x00,0x00,0x00,0x00,0xaf,
0xe0,0xcf,0xc0,0x00,0x00,0x00,0x00,0x00,0x1f,0xf9,0x07,0xff,0x30,0x00,0x00,0x00,0x00,0x06,0xff,0x40,
0x2f,0xf8,0x00,0x00,0x00,0x00,0x00,0xcf,0xe0,0x00,0xbf,0xe0,0x00,0x00,0x00,0x00,0x2f,0xf8,0x00,0x06,
0xff,0x40,0x00,0x00,0x00,0x08,0xff,0x30,0x00,0x1f,0xfa,0x00,0x00,0x00,0x00,0xdf,0xd0,0x00,0x00,0xaf,
0xf1,0x00,0x00,0x00,0x4f,0xf7,0x00,0x00,0x05,0xff,0x60,0x00,0x00,0x09,0xff,0x20,0x00,0x00,0x0e,0xfc,
0x00,0x00,0x01,0xef,0xc0,0x00,0x00,0x00,0x9f,0xf2,0x00,0x00,0x6f,0xf6,0x00,0x00,0x00,0x04,0xff,0x80,
0x00,0x0b,0xff,0x10,0x00,0x00,0x00,0x0d,0xfd,0x00,0x02,0xff,0xb0,0x00,0x00,0x00,0x00,0x8f,0xf4,0x00,
0x7f,0xf5,0x00,0x00,0x00,0x00,0x03,0xff,0x90,0x0d,0xfe,0x10,0x00,0x00,0x00,0x00,0x0d,0xfe,0x13,0xff,
0xa0,0x00,0x00,0x00,0x00,0x00,0x7f,0xf5,0x9f,0xf5,0x00,0x00,0x00,0x00,0x00,0x02,0xff,0xb0,0x4f,0xff,
0xf1,0x00,0x00,0x00,0x00,0x0d,0xff,0xf6,0x4f,0xff,0xf6,0x00,0x00,0x00,0x00,0x4f,0xff,0xf6,0x4f,0xff,
0xfc,0x00,0x00,0x00,0x00,0x9f,0xff,0xf6,0x4f,0xfa,0xff,0x20,0x00,0x00,0x00,0xef,0xaf,0xf6,0x4f,0xf6,
0xdf,0x80,0x00,0x00,0x05,0xff,0x5f,0xf6,0x4f,0xf6,0x8f,0xd0,0x00,0x00,0x0b,0xfa,0x4f,0xf6,0x4f,0xf6,
0x2f,0xf3,0x00,0x00,0x1f,0xf4,0x4f,0xf6,0x4f,0xf6,0x0c,0xf9,0x00,0x00,0x7f,0xe0,0x4f,0xf6,0x4f,0xf6,
0x06,0xfe,0x00,0x00,0xcf,0x80,0x4f,0xf6,0x4f,0xf6,0x01,0xff,0x50,0x02,0xff,0x30,0x4f,0xf6,0x4f,0xf6,
0x00,0xaf,0xa0,0x08,0xfd,0x00,0x4f,0xf6,0x4f,0xf6,0x00,0x5f,0xf1,0x0d,0xf7,0x00,0x4f,0xf6,0x4f,0xf6,
0x00,0x0e,0xf6,0x4f,0xf2,0x00,0x4f,0xf6,0x4f,0xf6,0x00,0x09,0xfc,0xaf,0xb0,0x00,0x4f,0xf6,0x4f,0xf6,
0x00,0x03,0xff,0xff,0x60,0x00,0x4f,0xf6,0x4f,0xf6,0x00,0x00,0xdf,0xfe,0x10,0x00,0x4f,0xf6,0x4f,0xf6,
0x00,0x00,0x7f,0xf9,0x00,0x00,0x4f,0xf6,0x4f,0xf6,0x00,0x00,0x00,0x00,0x00,0x00,0x4f,0xf6,0x4f,0xf6,
0x00,0x00,0x00,0x00,0x00,0x00,0x4f,0xf6,0x4f,0xf6,0x00,0x00,0x00,0x00,0x00,0x00,0x4f,0xf6,0x4f,0xf6,
0x00,0x00,0x00,0x00,0x00,0x00,0x4f,0xf6,0x4f,0xff,0xb0,0x00,0x00,0x00,0x07,0xff,0x34,0xff,0xff,0x40,
0x00,0x00,0x00,0x7f,0xf3,0x4f,0xff,0xfb,0x00,0x00,0x00,0x07,0xff,0x34,0xff,0xef,0xf4,0x00,0x00,0x00,
0x7f,0xf3,0x4f,0xf8,0xef,0xc0,0x00,0x00,0x07,0xff,0x34,0xff,0x68,0xff,0x50,0x00,0x00,0x7f,0xf3,0x4f,
0xf6,0x1e,0xfc,0x00,0x00,0x07,0xff,0x34,0xff,0x60,0x7f,0xf5,0x00,0x00,0x7f,0xf3,0x4f,0xf6,0x01,0xef,
0xd0,0x00,0x07,0xff,0x34,0xff,0x60,0x07,0xff,0x50,0x00,0x7f,0xf3,0x4f,0xf6,0x00,0x1e,0xfd,0x00,0x07,
0xff,0x34,0xff,0x60,0x00,0x6f,0xf6,0x00,0x7f,0xf3,0x4f,0xf6,0x00,0x00,0xdf,0xd0,0x07,0xff,0x34,0xff,
0x60,0x00,0x06,0xff,0x60,0x7f,0xf3,0x4f,0xf6,0x00,0x00,0x0d,0xfe,0x17,0xff,0x34,0xff,0x60,0x00,0x00,
0x5f,0xf7,0x7f,0xf3,0x4f,0xf6,0x00,0x00,0x00,0xcf,0xe8,0xff,0x34,0xff,0x60,0x00,0x00,0x05,0xff,0xef,
0xf3,0x4f,0xf6,0x00,0x00,0x00,0x0c,0xff,0xff,0x34,0xff,0x60,0x00,0x00,0x00,0x4f,0xff,0xf3,0x4f,0xf6,
0x00,0x00,0x00,0x00,0xcf,0xff,0x30,0x4f,0xff,0xff,0xff,0xff,0xff,0xf5,0x4f,0xff,0xff,0xff,0xff,0xff,
0xf5,0x15,0x55,0x55,0x55,0x55,0x55,0x52,0x00,0x00,0x00,0x00,0x00,0x00,0x00,0x00,0x00,0x00,0x00,0x00,
0x00,0x00,0x00,0x00,0x00,0x00,0x00,0x00,0x00,0x00,0x00,0x00,0x00,0x00,0x00,0x00,0x00,0x00,0x00,0x00,
0x00,0x00,0x00,0x00,0x45,0x55,0x55,0x55,0x55,0x00,0x00,0xcf,0xff,0xff,0xff,0xfe,0x00,0x00,0xcf,0xff,
0xff,0xff,0xfe,0x00,0x00,0x00,0x00,0x00,0x00,0x00,0x00,0x00,0x00,0x00,0x00,0x00,0x00,0x00,0x00,0x00,
0x00,0x00,0x00,0x00,0x00,0x00,0x00,0x00,0x00,0x00,0x00,0x00,0x00,0x00,0x00,0x00,0x00,0x00,0x00,0x00,
0x00,0x00,0x00,0x00,0x00,0x00,0x00,0x00,0x00,0x00,0x00,0x00,0x00,0x16,0x66,0x66,0x66,0x66,0x66,0x62,
0x4f,0xff,0xff,0xff,0xff,0xff,0xf5,0x4f,0xff,0xff,0xff,0xff,0xff,0xf5,0x00,0x00,0x00,0x6a,0xde,0xed,
0xa6,0x10,0x00,0x00,0x00,0x00,0x5d,0xff,0xff,0xff,0xff,0xe5,0x00,0x00,0x00,0x07,0xff,0xfc,0x75,0x57,
0xcf,0xff,0x70,0x00,0x00,0x5f,0xff,0x50,0x00,0x00,0x05,0xef,0xf5,0x00,0x01,0xef,0xf4,0x00,0x00,0x00,
0x00,0x4f,0xfe,0x10,0x07,0xff,0x90,0x00,0x00,0x00,0x00,0x09,0xff,0x80,0x0d,0xff,0x20,0x00,0x00,0x00,
0x00,0x02,0xff,0xd0,0x1f,0xfd,0x00,0x00,0x00,0x00,0x00,0x00,0xcf,0xf2,0x4f,0xfa,0x00,0x00,0x00,0x00,
0x00,0x00,0x9f,0xf5,0x5f,0xf8,0x00,0x00,0x00,0x00,0x00,0x00,0x8f,0xf6,0x6f,0xf7,0x00,0x00,0x00,0x00,
0x00,0x00,0x7f,0xf7,0x5f,0xf8,0x00,0x00,0x00,0x00,0x00,0x00,0x8f,0xf6,0x4f,0xfa,0x00,0x00,0x00,0x00,
0x00,0x00,0x9f,0xf5,0x1f,0xfd,0x00,0x00,0x00,0x00,0x00,0x00,0xcf,0xf2,0x0d,0xff,0x20,0x00,0x00,0x00,
0x00,0x02,0xff,0xd0,0x07,0xff,0x90,0x00,0x00,0x00,0x00,0x09,0xff,0x80,0x01,0xef,0xf4,0x00,0x00,0x00,
0x00,0x4f,0xfe,0x10,0x00,0x5f,0xfe,0x50,0x00,0x00,0x05,0xef,0xf5,0x00,0x00,0x07,0xff,0xfc,0x75,0x57,
0xcf,0xff,0x70,0x00,0x00,0x00,0x5d,0xff,0xff,0xff,0xff,0xe5,0x00,0x00,0x00,0x00,0x01,0x6a,0xde,0xed,
0xa6,0x10,0x00,0x00,0x4f,0xff,0xff,0xff,0xff,0xff,0xff,0xff,0x54,0xff,0xff,0xff,0xff,0xff,0xff,0xff,
0xf5,0x4f,0xfa,0x55,0x55,0x55,0x55,0x5a,0xff,0x54,0xff,0x80,0x00,0x00,0x00,0x00,0x7f,0xf5,0x4f,0xf8,
0x00,0x00,0x00,0x00,0x07,0xff,0x54,0xff,0x80,0x00,0x00,0x00,0x00,0x7f,0xf5,0x4f,0xf8,0x00,0x00,0x00,
0x00,0x07,0xff,0x54,0xff,0x80,0x00,0x00,0x00,0x00,0x7f,0xf5,0x4f,0xf8,0x00,0x00,0x00,0x00,0x07,0xff,
0x54,0xff,0x80,0x00,0x00,0x00,0x00,0x7f,0xf5,0x4f,0xf8,0x00,0x00,0x00,0x00,0x07,0xff,0x54,0xff,0x80,
0x00,0x00,0x00,0x00,0x7f,0xf5,0x4f,0xf8,0x00,0x00,0x00,0x00,0x07,0xff,0x54,0xff,0x80,0x00,0x00,0x00,
0x00,0x7f,0xf5,0x4f,0xf8,0x00,0x00,0x00,0x00,0x07,0xff,0x54,0xff,0x80,0x00,0x00,0x00,0x00,0x7f,0xf5,
0x4f,0xf8,0x00,0x00,0x00,0x00,0x07,0xff,0x54,0xff,0x80,0x00,0x00,0x00,0x00,0x7f,0xf5,0x4f,0xf8,0x00,
0x00,0x00,0x00,0x07,0xff,0x54,0xff,0x80,0x00,0x00,0x00,0x00,0x7f,0xf5,0x4f,0xf8,0x00,0x00,0x00,0x00,
0x07,0xff,0x50,0x4f,0xff,0xff,0xff,0xdb,0x61,0x00,0x4f,0xff,0xff,0xff,0xff,0xfd,0x30,0x4f,0xfa,0x55,
0x56,0x8e,0xff,0xd1,0x4f,0xf8,0x00,0x00,0x01,0xdf,0xf7,0x4f,0xf8,0x00,0x00,0x00,0x4f,0xfb,0x4f,0xf8,
0x00,0x00,0x00,0x1f,0xfd,0x4f,0xf8,0x00,0x00,0x00,0x0f,0xfd,0x4f,0xf8,0x00,0x00,0x00,0x3f,0xfc,0x4f,
0xf8,0x00,0x00,0x00,0xaf,0xf9,0x4f,0xf8,0x00,0x01,0x4b,0xff,0xf2,0x4f,0xff,0xff,0xff,0xff,0xff,0x60,
0x4f,0xff,0xff,0xff,0xff,0xb4,0x00,0x4f,0xfa,0x55,0x54,0x31,0x00,0x00,0x4f,0xf8,0x00,0x00,0x00,0x00,
0x00,0x4f,0xf8,0x00,0x00,0x00,0x00,0x00,0x4f,0xf8,0x00,0x00,0x00,0x00,0x00,0x4f,0xf8,0x00,0x00,0x00,
0x00,0x00,0x4f,0xf8,0x00,0x00,0x00,0x00,0x00,0x4f,0xf8,0x00,0x00,0x00,0x00,0x00,0x4f,0xf8,0x00,0x00,
0x00,0x00,0x00,0x4f,0xf8,0x00,0x00,0x00,0x00,0x00,0x4f,0xff,0xff,0xff,0xff,0xff,0xfa,0x4f,0xff,0xff,
0xff,0xff,0xff,0xfa,0x2e,0xff,0x75,0x55,0x55,0x55,0x54,0x04,0xff,0xd1,0x00,0x00,0x00,0x00,0x00,0x6f,
0xfc,0x10,0x00,0x00,0x00,0x00,0x08,0xff,0xa0,0x00,0x00,0x00,0x00,0x00,0x9f,0xf9,0x00,0x00,0x00,0x00,
0x00,0x0b,0xff,0x70,0x00,0x00,0x00,0x00,0x01,0xcf,0xf5,0x00,0x00,0x00,0x00,0x00,0x2e,0xff,0x30,0x00,
0x00,0x00,0x00,0x3f,0xfd,0x10,0x00,0x00,0x00,0x01,0xdf,0xf3,0x00,0x00,0x00,0x00,0x0a,0xff,0x70,0x00,
0x00,0x00,0x00,0x7f,0xfb,0x00,0x00,0x00,0x00,0x03,0xff,0xd1,0x00,0x00,0x00,0x00,0x1d,0xff,0x40,0x00,
0x00,0x00,0x00,0xaf,0xf7,0x00,0x00,0x00,0x00,0x06,0xff,0xb0,0x00,0x00,0x00,0x00,0x2f,0xff,0x76,0x66,
0x66,0x66,0x65,0x4f,0xff,0xff,0xff,0xff,0xff,0xfe,0x4f,0xff,0xff,0xff,0xff,0xff,0xfe,0x1f,0xff,0xff,
0xff,0xff,0xff,0xff,0xff,0xff,0x31,0xff,0xff,0xff,0xff,0xff,0xff,0xff,0xff,0xf3,0x05,0x55,0x55,0x55,
0xdf,0xe5,0x55,0x55,0x55,0x10,0x00,0x00,0x00,0x0c,0xfe,0x00,0x00,0x00,0x00,0x00,0x00,0x00,0x00,0xcf,
0xe0,0x00,0x00,0x00,0x00,0x00,0x00,0x00,0x0c,0xfe,0x00,0x00,0x00,0x00,0x00,0x00,0x00,0x00,0xcf,0xe0,
0x00,0x00,0x00,0x00,0x00,0x00,0x00,0x0c,0xfe,0x00,0x00,0x00,0x00,0x00,0x00,0x00,0x00,0xcf,0xe0,0x00,
0x00,0x00,0x00,0x00,0x00,0x00,0x0c,0xfe,0x00,0x00,0x00,0x00,0x00,0x00,0x00,0x00,0xcf,0xe0,0x00,0x00,
0x00,0x00,0x00,0x00,0x00,0x0c,0xfe,0x00,0x00,0x00,0x00,0x00,0x00,0x00,0x00,0xcf,0xe0,0x00,0x00,0x00,
0x00,0x00,0x00,0x00,0x0c,0xfe,0x00,0x00,0x00,0x00,0x00,0x00,0x00,0x00,0xcf,0xe0,0x00,0x00,0x00,0x00,
0x00,0x00,0x00,0x0c,0xfe,0x00,0x00,0x00,0x00,0x00,0x00,0x00,0x00,0xcf,0xe0,0x00,0x00,0x00,0x00,0x00,
0x00,0x00,0x0c,0xfe,0x00,0x00,0x00,0x00,0x00,0x00,0x00,0x00,0xcf,0xe0,0x00,0x00,0x00,0x00,0x00,0x00,
0x00,0x0c,0xfe,0x00,0x00,0x00,0x00,0x00,0x00,0x00,0x00,0xcf,0xe0,0x00,0x00,0x00,0x00,0x0b,0xff,0x40,
0x00,0x00,0x00,0x00,0x2f,0xfc,0x00,0x2e,0xfd,0x10,0x00,0x00,0x00,0x0c,0xff,0x30,0x00,0x6f,0xf8,0x00,
0x00,0x00,0x07,0xff,0x80,0x00,0x00,0xbf,0xf3,0x00,0x00,0x02,0xef,0xc0,0x00,0x00,0x02,0xef,0xd0,0x00,
0x00,0xbf,0xf3,0x00,0x00,0x00,0x07,0xff,0x80,0x00,0x6f,0xf8,0x00,0x00,0x00,0x00,0x0c,0xff,0x30,0x1e,
0xfd,0x10,0x00,0x00,0x00,0x00,0x2f,0xfc,0x0a,0xff,0x40,0x00,0x00,0x00,0x00,0x00,0x7f,0xfb,0xff,0x90,
0x00,0x00,0x00,0x00,0x00,0x00,0xcf,0xff,0xd1,0x00,0x00,0x00,0x00,0x00,0x00,0x03,0xff,0xf4,0x00,0x00,
0x00,0x00,0x00,0x00,0x00,0x0c,0xfe,0x00,0x00,0x00,0x00,0x00,0x00,0x00,0x00,0xcf,0xe0,0x00,0x00,0x00,
0x00,0x00,0x00,0x00,0x0c,0xfe,0x00,0x00,0x00,0x00,0x00,0x00,0x00,0x00,0xcf,0xe0,0x00,0x00,0x00,0x00,
0x00,0x00,0x00,0x0c,0xfe,0x00,0x00,0x00,0x00,0x00,0x00,0x00,0x00,0xcf,0xe0,0x00,0x00,0x00,0x00,0x00,
0x00,0x00,0x0c,0xfe,0x00,0x00,0x00,0x00,0x00,0x00,0x00,0x00,0xcf,0xe0,0x00,0x00,0x00,0x00,0x00,0x00,
0x00,0x0c,0xfe,0x00,0x00,0x00,0x00,0x00,0x00,0x00,0x00,0xcf,0xe0,0x00,0x00,0x00,0x00,0x00,0x00,0x00,
0x00,0x5f,0xf6,0x00,0x00,0x00,0x00,0x00,0x00,0x00,0x00,0x5f,0xf6,0x00,0x00,0x00,0x00,0x00,0x00,0x01,
0x59,0xcf,0xfd,0x95,0x10,0x00,0x00,0x00,0x00,0x8e,0xff,0xff,0xff,0xff,0xe8,0x00,0x00,0x00,0x1c,0xff,
0xfe,0xcf,0xfc,0xef,0xff,0xc1,0x00,0x00,0xcf,0xfe,0x50,0x5f,0xf6,0x04,0xdf,0xfc,0x10,0x07,0xff,0xd1,
0x00,0x5f,0xf6,0x00,0x1c,0xff,0x70,0x0d,0xff,0x30,0x00,0x5f,0xf6,0x00,0x03,0xff,0xe0,0x3f,0xfc,0x00,
0x00,0x5f,0xf6,0x00,0x00,0xbf,0xf3,0x5f,0xf9,0x00,0x00,0x5f,0xf6,0x00,0x00,0x8f,0xf6,0x6f,0xf8,0x00,
0x00,0x5f,0xf6,0x00,0x00,0x7f,0xf7,0x5f,0xf9,0x00,0x00,0x5f,0xf6,0x00,0x00,0x8f,0xf6,0x3f,0xfc,0x00,
0x00,0x5f,0xf6,0x00,0x00,0xbf,0xf4,0x0e,0xff,0x30,0x00,0x5f,0xf6,0x00,0x02,0xff,0xe0,0x07,0xff,0xd1,
0x00,0x5f,0xf6,0x00,0x1c,0xff,0x80,0x00,0xcf,0xfd,0x40,0x5f,0xf6,0x04,0xdf,0xfc,0x10,0x00,0x1c,0xff,
0xfe,0xcf,0xfc,0xdf,0xff,0xd2,0x00,0x00,0x00,0x8e,0xff,0xff,0xff,0xff,0xe8,0x10,0x00,0x00,0x00,0x01,
0x59,0xcf,0xfd,0x96,0x10,0x00,0x00,0x00,0x00,0x00,0x00,0x5f,0xf6,0x00,0x00,0x00,0x00,0x00,0x00,0x00,
0x00,0x5f,0xf6,0x00,0x00,0x00,0x00,0x01,0xdf,0xe2,0x00,0x00,0x00,0x00,0x6f,0xf8,0x00,0x04,0xff,0xb0,
0x00,0x00,0x00,0x2e,0xfd,0x10,0x00,0x09,0xff,0x50,0x00,0x00,0x0b,0xff,0x40,0x00,0x00,0x1e,0xfe,0x10,
0x00,0x06,0xff,0x90,0x00,0x00,0x00,0x5f,0xfa,0x00,0x02,0xef,0xd1,0x00,0x00,0x00,0x00,0xaf,0xf4,0x00,
0xaf,0xf4,0x00,0x00,0x00,0x00,0x01,0xef,0xd1,0x5f,0xfa,0x00,0x00,0x00,0x00,0x00,0x06,0xff,0xae,0xfe,
0x10,0x00,0x00,0x00,0x00,0x00,0x0b,0xff,0xff,0x50,0x00,0x00,0x00,0x00,0x00,0x00,0x2f,0xff,0xa0,0x00,
0x00,0x00,0x00,0x00,0x00,0x05,0xff,0xf9,0x00,0x00,0x00,0x00,0x00,0x00,0x01,0xef,0xff,0xf3,0x00,0x00,
0x00,0x00,0x00,0x00,0xaf,0xf7,0xff,0xd0,0x00,0x00,0x00,0x00,0x00,0x4f,0xfa,0x07,0xff,0x80,0x00,0x00,
0x00,0x00,0x1d,0xfe,0x10,0x0c,0xff,0x30,0x00,0x00,0x00,0x09,0xff,0x60,0x00,0x3f,0xfc,0x00,0x00,0x00,
0x04,0xff,0xb0,0x00,0x00,0x8f,0xf6,0x00,0x00,0x01,0xdf,0xe2,0x00,0x00,0x01,0xdf,0xe2,0x00,0x00,0x8f,
0xf6,0x00,0x00,0x00,0x04,0xff,0xb0,0x00,0x3f,0xfc,0x00,0x00,0x00,0x00,0x09,0xff,0x50,0x0c,0xff,0x20,
0x00,0x00,0x00,0x00,0x1e,0xfe,0x10,0x6f,0xf7,0x00,0x00,0x5f,0xf6,0x00,0x00,0x6f,0xf8,0x6f,0xf7,0x00,
0x00,0x5f,0xf6,0x00,0x00,0x6f,0xf8,0x6f,0xf7,0x00,0x00,0x5f,0xf6,0x00,0x00,0x6f,0xf8,0x6f,0xf7,0x00,
0x00,0x5f,0xf6,0x00,0x00,0x6f,0xf8,0x6f,0xf7,0x00,0x00,0x5f,0xf6,0x00,0x00,0x6f,0xf8,0x6f,0xf7,0x00,
0x00,0x5f,0xf6,0x00,0x00,0x6f,0xf7,0x6f,0xf8,0x00,0x00,0x5f,0xf6,0x00,0x00,0x7f,0xf7,0x4f,0xf9,0x00,
0x00,0x5f,0xf6,0x00,0x00,0x8f,0xf5,0x2f,0xfc,0x00,0x00,0x5f,0xf6,0x00,0x00,0xbf,0xf3,0x0e,0xfe,0x10,
0x00,0x5f,0xf6,0x00,0x00,0xef,0xf0,0x0a,0xff,0x60,0x00,0x5f,0xf6,0x00,0x05,0xff,0xb0,0x03,0xff,0xd1,
0x00,0x5f,0xf6,0x00,0x0d,0xff,0x40,0x00,0xaf,0xfa,0x00,0x5f,0xf6,0x00,0x9f,0xfb,0x00,0x00,0x1d,0xff,
0xb2,0x5f,0xf6,0x2a,0xff,0xe2,0x00,0x00,0x02,0xdf,0xff,0xef,0xfe,0xff,0xfe,0x30,0x00,0x00,0x00,0x1a,
0xff,0xff,0xff,0xff,0xb2,0x00,0x00,0x00,0x00,0x00,0x37,0xbf,0xfc,0x83,0x00,0x00,0x00,0x00,0x00,0x00,
0x00,0x5f,0xf6,0x00,0x00,0x00,0x00,0x00,0x00,0x00,0x00,0x5f,0xf6,0x00,0x00,0x00,0x00,0x00,0x00,0x00,
0x00,0x5f,0xf6,0x00,0x00,0x00,0x00,0x00,0x00,0x00,0x00,0x5f,0xf6,0x00,0x00,0x00,0x00,0x00,0x00,0x02,
0x7b,0xdf,0xec,0x94,0x00,0x00,0x00,0x00,0x00,0x8f,0xff,0xff,0xff,0xff,0xb2,0x00,0x00,0x00,0x1b,0xff,
0xfb,0x86,0x7a,0xef,0xfe,0x40,0x00,0x00,0xaf,0xfc,0x30,0x00,0x00,0x19,0xff,0xe2,0x00,0x06,0xff,0xc1,
0x00,0x00,0x00,0x00,0x8f,0xfc,0x00,0x0d,0xff,0x30,0x00,0x00,0x00,0x00,0x0c,0xff,0x40,0x3f,0xfa,0x00,
0x00,0x00,0x00,0x00,0x05,0xff,0x90,0x7f,0xf6,0x00,0x00,0x00,0x00,0x00,0x01,0xff,0xd0,0x9f,0xf3,0x00,
0x00,0x00,0x00,0x00,0x00,0xdf,0xf0,0xaf,0xf2,0x00,0x00,0x00,0x00,0x00,0x00,0xcf,0xf1,0xaf,0xf2,0x00,
0x00,0x00,0x00,0x00,0x00,0xcf,0xf0,0x8f,0xf4,0x00,0x00,0x00,0x00,0x00,0x00,0xef,0xe0,0x6f,0xf7,0x00,
0x00,0x00,0x00,0x00,0x02,0xff,0xc0,0x1f,0xfc,0x00,0x00,0x00,0x00,0x00,0x07,0xff,0x70,0x0b,0xff,0x40,
0x00,0x00,0x00,0x00,0x0d,0xff,0x20,0x03,0xff,0xd1,0x00,0x00,0x00,0x00,0x8f,0xf8,0x00,0x00,0x7f,0xfa,
0x00,0x00,0x00,0x05,0xff,0xc0,0x00,0x00,0x09,0xff,0xb1,0x00,0x00,0x6f,0xfd,0x20,0x00,0x77,0x77,0xef,
0xfe,0x20,0x0a,0xff,0xf9,0x77,0x72,0xef,0xff,0xff,0xff,0x40,0x0d,0xff,0xff,0xff,0xf5,0xef,0xff,0xff,
0xff,0x40,0x0d,0xff,0xff,0xff,0xf5,0x00,0x01,0x7c,0xee,0xc7,0x00,0x0d,0xf6,0x00,0x02,0xdf,0xff,0xff,
0xfb,0x03,0xff,0x20,0x01,0xef,0xf8,0x34,0xbf,0xf6,0x8f,0xc0,0x00,0x9f,0xf6,0x00,0x00,0xbf,0xcd,0xf7,
0x00,0x0e,0xfd,0x00,0x00,0x05,0xff,0xff,0x20,0x03,0xff,0x80,0x00,0x00,0x1f,0xff,0xc0,0x00,0x6f,0xf5,
0x00,0x00,0x00,0xcf,0xf8,0x00,0x06,0xff,0x30,0x00,0x00,0x0a,0xff,0x30,0x00,0x6f,0xf3,0x00,0x00,0x00,
0x8f,0xd0,0x00,0x06,0xff,0x40,0x00,0x00,0x0c,0xfd,0x00,0x00,0x3f,0xf7,0x00,0x00,0x02,0xff,0xf1,0x00,
0x01,0xef,0xb0,0x00,0x00,0x7f,0xff,0x40,0x00,0x0a,0xff,0x50,0x00,0x1e,0xff,0xf8,0x00,0x00,0x2f,0xff,
0x72,0x4c,0xff,0x9f,0xf6,0x30,0x00,0x5f,0xff,0xff,0xff,0x61,0xef,0xff,0x20,0x00,0x29,0xde,0xfd,0x60,
0x02,0xbf,0xf2,0x00,0x06,0xbe,0xfe,0xc7,0x10,0x00,0x00,0xbf,0xff,0xff,0xff,0xd2,0x00,0x08,0xff,0xb4,
0x23,0x8f,0xfb,0x00,0x0e,0xfc,0x00,0x00,0x07,0xff,0x20,0x3f,0xf6,0x00,0x00,0x03,0xff,0x50,0x5f,0xf3,
0x00,0x00,0x02,0xff,0x60,0x6f,0xf2,0x00,0x00,0x03,0xff,0x50,0x6f,0xf2,0x00,0x00,0x08,0xff,0x20,0x6f,
0xf2,0x00,0x00,0x4f,0xfd,0x00,0x6f,0xf2,0x04,0x6a,0xff,0xf5,0x00,0x6f,0xf2,0x1f,0xff,0xff,0x70,0x00,
0x6f,0xf2,0x1f,0xff,0xff,0xe8,0x00,0x6f,0xf2,0x00,0x13,0x7c,0xff,0xb0,0x6f,0xf2,0x00,0x00,0x00,0x9f,
0xf6,0x6f,0xf2,0x00,0x00,0x00,0x0e,0xfa,0x6f,0xf2,0x00,0x00,0x00,0x0b,0xfc,0x6f,0xf2,0x00,0x00,0x00,
0x0c,0xfc,0x6f,0xf4,0x00,0x00,0x00,0x0e,0xfa,0x6f,0xfd,0x20,0x00,0x00,0x7f,0xf6,0x6f,0xff,0xe8,0x43,
0x5a,0xff,0xd0,0x6f,0xfe,0xff,0xff,0xff,0xfd,0x20,0x6f,0xf4,0x8d,0xef,0xeb,0x71,0x00,0x6f,0xf2,0x00,
0x00,0x00,0x00,0x00,0x6f,0xf2,0x00,0x00,0x00,0x00,0x00,0x6f,0xf2,0x00,0x00,0x00,0x00,0x00,0x6f,0xf2,
0x00,0x00,0x00,0x00,0x00,0x6f,0xf2,0x00,0x00,0x00,0x00,0x00,0x6f,0xf2,0x00,0x00,0x00,0x00,0x00,0x8f,
0xc6,0x00,0x00,0x00,0x00,0x2f,0xf8,0x8f,0xff,0x60,0x00,0x00,0x00,0x8f,0xf2,0x24,0xdf,0xd0,0x00,0x00,
0x00,0xdf,0xb0,0x00,0x3f,0xf4,0x00,0x00,0x04,0xff,0x60,0x00,0x0c,0xf9,0x00,0x00,0x0a,0xfe,0x10,0x00,
0x07,0xfe,0x00,0x00,0x1f,0xf9,0x00,0x00,0x02,0xff,0x40,0x00,0x7f,0xf3,0x00,0x00,0x00,0xcf,0xa0,0x00,
0xdf,0xc0,0x00,0x00,0x00,0x7f,0xe0,0x03,0xff,0x60,0x00,0x00,0x00,0x2f,0xf5,0x09,0xff,0x10,0x00,0x00,
0x00,0x0c,0xfa,0x1e,0xfa,0x00,0x00,0x00,0x00,0x07,0xfe,0x7f,0xf4,0x00,0x00,0x00,0x00,0x02,0xff,0xef,
0xd0,0x00,0x00,0x00,0x00,0x00,0xcf,0xff,0x70,0x00,0x00,0x00,0x00,0x00,0x7f,0xff,0x20,0x00,0x00,0x00,
0x00,0x00,0x2f,0xfb,0x00,0x00,0x00,0x00,0x00,0x00,0x0f,0xf8,0x00,0x00,0x00,0x00,0x00,0x00,0x0f,0xf8,
0x00,0x00,0x00,0x00,0x00,0x00,0x0f,0xf8,0x00,0x00,0x00,0x00,0x00,0x00,0x0f,0xf8,0x00,0x00,0x00,0x00,
0x00,0x00,0x0f,0xf8,0x00,0x00,0x00,0x00,0x00,0x00,0x0f,0xf8,0x00,0x00,0x00,0x00,0x01,0x7c,0xef,0xfe,
0xc8,0x20,0x00,0x03,0xef,0xff,0xff,0xff,0xfb,0x00,0x00,0xbf,0xf9,0x42,0x23,0x58,0xa0,0x00,0x0e,0xfb,
0x00,0x00,0x00,0x00,0x00,0x00,0xcf,0xe4,0x00,0x00,0x00,0x00,0x00,0x05,0xff,0xfc,0x95,0x10,0x00,0x00,
0x00,0x04,0xff,0xff,0xff,0xb4,0x00,0x00,0x02,0xde,0x51,0x36,0xdf,0xf7,0x00,0x01,0xdf,0x50,0x00,0x00,
0xaf,0xf5,0x00,0x8f,0xc0,0x00,0x00,0x00,0xcf,0xd0,0x1e,0xf7,0x00,0x00,0x00,0x06,0xff,0x44,0xff,0x40,
0x00,0x00,0x00,0x3f,0xf7,0x6f,0xf3,0x00,0x00,0x00,0x01,0xff,0x86,0xff,0x40,0x00,0x00,0x00,0x1f,0xf9,
0x5f,0xf5,0x00,0x00,0x00,0x03,0xff,0x83,0xff,0x80,0x00,0x00,0x00,0x6f,0xf5,0x0e,0xfe,0x10,0x00,0x00,
0x0c,0xff,0x10,0x7f,0xf9,0x00,0x00,0x08,0xff,0xa0,0x00,0xcf,0xfb,0x53,0x4a,0xff,0xe1,0x00,0x01,0xcf,
0xff,0xff,0xff,0xd2,0x00,0x00,0x00,0x6b,0xef,0xeb,0x70,0x00,0x00,0x00,0x05,0xad,0xfe,0xdc,0x94,0x00,
0x0a,0xff,0xff,0xff,0xff,0xb0,0x06,0xff,0xd7,0x54,0x57,0xa9,0x00,0xbf,0xd1,0x00,0x00,0x00,0x00,0x0a,
0xfc,0x00,0x00,0x00,0x00,0x00,0x6f,0xfa,0x31,0x00,0x00,0x00,0x00,0x8f,0xff,0xff,0xf4,0x00,0x00,0x00,
0x6e,0xff,0xff,0x40,0x00,0x02,0xcf,0xc6,0x32,0x20,0x00,0x00,0xbf,0xb0,0x00,0x00,0x00,0x00,0x1f,0xf5,
0x00,0x00,0x00,0x00,0x02,0xff,0x60,0x00,0x00,0x00,0x00,0x0e,0xfc,0x10,0x00,0x00,0x00,0x10,0x9f,0xfe,
0x74,0x33,0x58,0xe4,0x00,0xaf,0xff,0xff,0xff,0xff,0x40,0x00,0x49,0xce,0xfe,0xca,0x61,0x0f,0xff,0xff,
0xff,0xff,0xff,0xd0,0xff,0xff,0xff,0xff,0xff,0xfd,0x09,0x99,0x99,0x99,0xff,0xff,0xb0,0x00,0x00,0x04,
0xdf,0xfd,0x50,0x00,0x00,0x06,0xff,0xf9,0x10,0x00,0x00,0x08,0xff,0xe4,0x00,0x00,0x00,0x08,0xff,0xd2,
0x00,0x00,0x00,0x04,0xff,0xd2,0x00,0x00,0x00,0x01,0xef,0xe2,0x00,0x00,0x00,0x00,0x7f,0xf6,0x00,0x00,
0x00,0x00,0x0d,0xfd,0x00,0x00,0x00,0x00,0x03,0xff,0x70,0x00,0x00,0x00,0x00,0x6f,0xf3,0x00,0x00,0x00,
0x00,0x07,0xff,0x10,0x00,0x00,0x00,0x00,0x8f,0xf0,0x00,0x00,0x00,0x00,0x07,0xff,0x20,0x00,0x00,0x00,
0x00,0x4f,0xf5,0x00,0x00,0x00,0x00,0x01,0xff,0xb0,0x00,0x00,0x00,0x00,0x09,0xff,0x80,0x00,0x00,0x00,
0x00,0x1d,0xff,0xd7,0x43,0x10,0x00,0x00,0x1b,0xff,0xff,0xff,0xc3,0x00,0x00,0x04,0x9c,0xef,0xff,0xe2,
0x00,0x00,0x00,0x00,0x04,0xff,0x90,0x00,0x00,0x00,0x00,0x0a,0xfb,0x00,0x00,0x00,0x00,0x00,0xaf,0xb0,
0x00,0x00,0x00,0x02,0x8f,0xf7,0x00,0x00,0x00,0x00,0x8f,0xfd,0x10,0x00,0x00,0x00,0x08,0xe9,0x10,0x7f,
0xf1,0x06,0xce,0xec,0x70,0x00,0x7f,0xf2,0xbf,0xff,0xff,0xfc,0x10,0x7f,0xfb,0xfa,0x54,0x6d,0xff,0x80,
0x7f,0xff,0x50,0x00,0x01,0xdf,0xe0,0x7f,0xfa,0x00,0x00,0x00,0x7f,0xf3,0x7f,0xf4,0x00,0x00,0x00,0x3f,
0xf5,0x7f,0xf2,0x00,0x00,0x00,0x2f,0xf5,0x7f,0xf1,0x00,0x00,0x00,0x2f,0xf6,0x7f,0xf1,0x00,0x00,0x00,
0x2f,0xf6,0x7f,0xf1,0x00,0x00,0x00,0x2f,0xf6,0x7f,0xf1,0x00,0x00,0x00,0x2f,0xf6,0x7f,0xf1,0x00,0x00,
0x00,0x2f,0xf6,0x7f,0xf1,0x00,0x00,0x00,0x2f,0xf6,0x7f,0xf1,0x00,0x00,0x00,0x2f,0xf6,0x7f,0xf1,0x00,
0x00,0x00,0x2f,0xf6,0x7f,0xf1,0x00,0x00,0x00,0x2f,0xf6,0x00,0x00,0x00,0x00,0x00,0x2f,0xf6,0x00,0x00,
0x00,0x00,0x00,0x2f,0xf6,0x00,0x00,0x00,0x00,0x00,0x2f,0xf6,0x00,0x00,0x00,0x00,0x00,0x2f,0xf6,0x00,
0x00,0x00,0x00,0x00,0x2f,0xf6,0x00,0x00,0x00,0x00,0x00,0x2f,0xf6,0x00,0x00,0x39,0xdf,0xda,0x40,0x00,
0x00,0x00,0x5f,0xff,0xff,0xff,0x70,0x00,0x00,0x4f,0xfc,0x52,0x4b,0xff,0x60,0x00,0x0d,0xfd,0x10,0x00,
0x0b,0xfe,0x10,0x05,0xff,0x40,0x00,0x00,0x2f,0xf8,0x00,0xbf,0xe0,0x00,0x00,0x00,0xcf,0xd0,0x0f,0xfa,
0x00,0x00,0x00,0x08,0xff,0x22,0xff,0x70,0x00,0x00,0x00,0x6f,0xf5,0x5f,0xf5,0x00,0x00,0x00,0x04,0xff,
0x76,0xff,0x85,0x55,0x55,0x55,0x7f,0xf8,0x6f,0xff,0xff,0xff,0xff,0xff,0xff,0x96,0xff,0xff,0xff,0xff,
0xff,0xff,0xf9,0x6f,0xf4,0x00,0x00,0x00,0x02,0xff,0x85,0xff,0x50,0x00,0x00,0x00,0x3f,0xf7,0x2f,0xf7,
0x00,0x00,0x00,0x05,0xff,0x40,0xef,0x90,0x00,0x00,0x00,0x7f,0xf2,0x0a,0xfd,0x00,0x00,0x00,0x0b,0xfd,
0x00,0x5f,0xf4,0x00,0x00,0x02,0xff,0x80,0x00,0xdf,0xc1,0x00,0x00,0xbf,0xe1,0x00,0x04,0xff,0xc5,0x24,
0xbf,0xf6,0x00,0x00,0x05,0xff,0xff,0xff,0xf7,0x00,0x00,0x00,0x02,0x9d,0xfd,0xa3,0x00,0x00,0xbf,0xd0,
0x00,0x0b,0xfd,0x00,0x00,0xbf,0xd0,0x00,0x0b,0xfd,0x00,0x00,0xbf,0xd0,0x00,0x0b,0xfd,0x00,0x00,0xbf,
0xd0,0x00,0x0b,0xfd,0x00,0x00,0xbf,0xd0,0x00,0x0b,0xfd,0x00,0x00,0xbf,0xd0,0x00,0x0a,0xfe,0x00,0x00,
0x7f,0xf1,0x00,0x03,0xff,0xb4,0x31,0x0a,0xff,0xff,0x80,0x07,0xcf,0xf8,0x6f,0xf3,0x00,0x00,0x0a,0xff,
0x60,0x6f,0xf3,0x00,0x00,0xaf,0xf6,0x00,0x6f,0xf3,0x00,0x0a,0xff,0x60,0x00,0x6f,0xf3,0x00,0xaf,0xf6,
0x00,0x00,0x6f,0xf3,0x0a,0xff,0x60,0x00,0x00,0x6f,0xf3,0xaf,0xf6,0x00,0x00,0x00,0x6f,0xfc,0xff,0xf3,
0x00,0x00,0x00,0x6f,0xff,0xfe,0xfd,0x00,0x00,0x00,0x6f,0xff,0x56,0xff,0x90,0x00,0x00,0x6f,0xf6,0x00,
0xbf,0xf4,0x00,0x00,0x6f,0xf3,0x00,0x2e,0xfd,0x10,0x00,0x6f,0xf3,0x00,0x05,0xff,0xa0,0x00,0x6f,0xf3,
0x00,0x00,0xaf,0xf5,0x00,0x6f,0xf3,0x00,0x00,0x1e,0xfe,0x20,0x6f,0xf3,0x00,0x00,0x04,0xff,0xb0,0x6f,
0xf3,0x00,0x00,0x00,0x9f,0xf7,0x00,0x0d,0xfe,0xa3,0x00,0x00,0x00,0x00,0x00,0x0d,0xff,0xfe,0x30,0x00,
0x00,0x00,0x00,0x02,0x38,0xff,0xa0,0x00,0x00,0x00,0x00,0x00,0x00,0xaf,0xf1,0x00,0x00,0x00,0x00,0x00,
0x00,0x4f,0xf6,0x00,0x00,0x00,0x00,0x00,0x00,0x0e,0xfc,0x00,0x00,0x00,0x00,0x00,0x00,0x09,0xff,0x20,
0x00,0x00,0x00,0x00,0x00,0x0c,0xff,0x80,0x00,0x00,0x00,0x00,0x00,0x3f,0xff,0xd0,0x00,0x00,0x00,0x00,
0x00,0xaf,0xff,0xf3,0x00,0x00,0x00,0x00,0x02,0xff,0xcf,0xf9,0x00,0x00,0x00,0x00,0x08,0xff,0x3b,0xfe,
0x00,0x00,0x00,0x00,0x1e,0xfc,0x06,0xff,0x50,0x00,0x00,0x00,0x6f,0xf5,0x01,0xff,0xa0,0x00,0x00,0x00,
0xdf,0xd0,0x00,0xaf,0xf1,0x00,0x00,0x05,0xff,0x60,0x00,0x5f,0xf6,0x00,0x00,0x0b,0xfe,0x10,0x00,0x0e,
0xfb,0x00,0x00,0x3f,0xf8,0x00,0x00,0x09,0xff,0x20,0x00,0x9f,0xf1,0x00,0x00,0x03,0xff,0x70,0x01,0xff,
0x90,0x00,0x00,0x00,0xdf,0xc0,0x08,0xff,0x30,0x00,0x00,0x00,0x7f,0xf3,0x0e,0xfb,0x00,0x00,0x00,0x00,
0x2f,0xf8,0x9f,0xd0,0x00,0x00,0x00,0x5f,0xf3,0x00,0x9f,0xd0,0x00,0x00,0x00,0x5f,0xf3,0x00,0x9f,0xd0,
0x00,0x00,0x00,0x5f,0xf3,0x00,0x9f,0xd0,0x00,0x00,0x00,0x5f,0xf3,0x00,0x9f,0xd0,0x00,0x00,0x00,0x5f,
0xf3,0x00,0x9f,0xd0,0x00,0x00,0x00,0x5f,0xf3,0x00,0x9f,0xd0,0x00,0x00,0x00,0x5f,0xf3,0x00,0x9f,0xd0,
0x00,0x00,0x00,0x5f,0xf3,0x00,0x9f,0xd0,0x00,0x00,0x00,0x5f,0xf3,0x00,0x9f,0xd0,0x00,0x00,0x00,0x5f,
0xf3,0x00,0x9f,0xf0,0x00,0x00,0x00,0x7f,0xf3,0x00,0x9f,0xf3,0x00,0x00,0x00,0xbf,0xf3,0x00,0x9f,0xfb,
0x00,0x00,0x05,0xff,0xf4,0x00,0x9f,0xff,0xb6,0x45,0x9f,0xff,0xfa,0x61,0x9f,0xd9,0xff,0xff,0xff,0x4e,
0xff,0xf2,0x9f,0xd0,0x7c,0xee,0xa3,0x05,0xde,0xa1,0x9f,0xd0,0x00,0x00,0x00,0x00,0x00,0x00,0x9f,0xd0,
0x00,0x00,0x00,0x00,0x00,0x00,0x9f,0xd0,0x00,0x00,0x00,0x00,0x00,0x00,0x9f,0xd0,0x00,0x00,0x00,0x00,
0x00,0x00,0x9f,0xd0,0x00,0x00,0x00,0x00,0x00,0x00,0x9f,0xd0,0x00,0x00,0x00,0x00,0x00,0x00,0xdf,0xd0,
0x00,0x00,0x1e,0xf7,0x00,0x8f,0xf2,0x00,0x00,0x06,0xff,0x20,0x4f,0xf7,0x00,0x00,0x00,0xdf,0x80,0x0e,
0xfb,0x00,0x00,0x00,0x8f,0xd0,0x0a,0xff,0x10,0x00,0x00,0x5f,0xf2,0x06,0xff,0x50,0x00,0x00,0x4f,0xf4,
0x01,0xff,0x90,0x00,0x00,0x6f,0xf4,0x00,0xcf,0xe0,0x00,0x00,0x9f,0xf2,0x00,0x8f,0xf3,0x00,0x01,0xef,
0xd0,0x00,0x3f,0xf8,0x00,0x08,0xff,0x60,0x00,0x0e,0xfc,0x00,0x2f,0xfc,0x00,0x00,0x09,0xff,0x20,0xcf,
0xf3,0x00,0x00,0x05,0xff,0x69,0xff,0x60,0x00,0x00,0x01,0xff,0xef,0xf9,0x00,0x00,0x00,0x00,0xbf,0xff,
0xb0,0x00,0x00,0x00,0x00,0x7f,0xfc,0x10,0x00,0x00,0x0a,0xff,0xff,0xff,0xff,0xff,0x20,0x0a,0xff,0xff,
0xff,0xff,0xff,0x20,0x06,0x9a,0xff,0xff,0xdb,0xa9,0x10,0x00,0x5e,0xfc,0x51,0x00,0x00,0x00,0x03,0xff,
0x80,0x00,0x00,0x00,0x00,0x0a,0xfd,0x00,0x00,0x00,0x00,0x00,0x0c,0xf9,0x00,0x00,0x00,0x00,0x00,0x0a,
0xfa,0x00,0x00,0x00,0x00,0x00,0x07,0xff,0x70,0x00,0x00,0x00,0x00,0x01,0xcf,0xfe,0xa7,0x65,0x30,0x00,
0x00,0x18,0xcf,0xff,0xff,0xc0,0x00,0x00,0x18,0xdf,0xff,0xff,0xc0,0x00,0x02,0xdf,0xfc,0x74,0x21,0x00,
0x00,0x0c,0xff,0x50,0x00,0x00,0x00,0x00,0x4f,0xf7,0x00,0x00,0x00,0x00,0x00,0x7f,0xf1,0x00,0x00,0x00,
0x00,0x00,0x7f,0xf0,0x00,0x00,0x00,0x00,0x00,0x6f,0xf4,0x00,0x00,0x00,0x00,0x00,0x1f,0xfd,0x30,0x00,
0x00,0x00,0x00,0x07,0xff,0xfa,0x75,0x43,0x00,0x00,0x00,0x6e,0xff,0xff,0xff,0xe6,0x00,0x00,0x01,0x6a,
0xde,0xff,0xff,0x50,0x00,0x00,0x00,0x00,0x02,0xdf,0xc0,0x00,0x00,0x00,0x00,0x00,0x7f,0xf0,0x00,0x00,
0x00,0x00,0x00,0x7f,0xe0,0x00,0x00,0x00,0x00,0x17,0xef,0xa0,0x00,0x00,0x00,0x00,0x5f,0xfe,0x30,0x00,
0x00,0x00,0x00,0x5e,0xa3,0x00,0x00,0x00,0x6b,0xef,0xeb,0x70,0x00,0x00,0x01,0xcf,0xff,0xff,0xff,0xd2,
0x00,0x00,0xcf,0xfb,0x53,0x5a,0xff,0xe1,0x00,0x7f,0xf9,0x00,0x00,0x08,0xff,0x90,0x0e,0xfd,0x10,0x00,
0x00,0x0c,0xff,0x13,0xff,0x80,0x00,0x00,0x00,0x6f,0xf5,0x5f,0xf5,0x00,0x00,0x00,0x03,0xff,0x76,0xff,
0x30,0x00,0x00,0x00,0x1f,0xf8,0x6f,0xf3,0x00,0x00,0x00,0x01,0xff,0x85,0xff,0x50,0x00,0x00,0x00,0x3f,
0xf7,0x3f,0xf8,0x00,0x00,0x00,0x06,0xff,0x50,0xef,0xd0,0x00,0x00,0x00,0xcf,0xf1,0x07,0xff,0x90,0x00,
0x00,0x7f,0xf9,0x00,0x0c,0xff,0xb5,0x34,0xaf,0xfe,0x10,0x00,0x1c,0xff,0xff,0xff,0xfd,0x20,0x00,0x00,
0x06,0xbe,0xfe,0xb7,0x00,0x00,0xff,0xff,0xff,0xff,0xff,0xff,0xff,0xa0,0xff,0xff,0xff,0xff,0xff,0xff,
0xff,0xa0,0x99,0xff,0xc9,0x99,0x99,0xef,0xd9,0x60,0x00,0xff,0x80,0x00,0x00,0xcf,0xb0,0x00,0x00,0xff,
0x80,0x00,0x00,0xcf,0xb0,0x00,0x00,0xff,0x80,0x00,0x00,0xcf,0xb0,0x00,0x00,0xff,0x80,0x00,0x00,0xcf,
0xb0,0x00,0x00,0xff,0x80,0x00,0x00,0xcf,0xb0,0x00,0x00,0xff,0x80,0x00,0x00,0xcf,0xb0,0x00,0x00,0xff,
0x80,0x00,0x00,0xcf,0xb0,0x00,0x00,0xff,0x80,0x00,0x00,0xcf,0xb0,0x00,0x00,0xff,0x80,0x00,0x00,0xcf,
0xb0,0x00,0x00,0xff,0x80,0x00,0x00,0xcf,0xc0,0x00,0x00,0xff,0x80,0x00,0x00,0xaf,0xf5,0x20,0x00,0xff,
0x80,0x00,0x00,0x7f,0xff,0xf1,0x00,0xff,0x80,0x00,0x00,0x1a,0xef,0xf1,0x00,0x00,0x6c,0xef,0xec,0x60,
0x00,0x00,0x01,0xaf,0xff,0xff,0xff,0xb1,0x00,0x00,0xbf,0xf9,0x43,0x5c,0xff,0xa0,0x00,0x6f,0xf6,0x00,
0x00,0x0b,0xff,0x40,0x0d,0xfc,0x00,0x00,0x00,0x2f,0xfb,0x02,0xff,0x60,0x00,0x00,0x00,0xbf,0xe0,0x5f,
0xf3,0x00,0x00,0x00,0x07,0xff,0x26,0xff,0x20,0x00,0x00,0x00,0x6f,0xf3,0x7f,0xf2,0x00,0x00,0x00,0x06,
0xff,0x37,0xff,0x30,0x00,0x00,0x00,0x7f,0xf2,0x7f,0xf6,0x00,0x00,0x00,0x0b,0xfe,0x07,0xff,0xc0,0x00,
0x00,0x01,0xff,0xb0,0x7f,0xff,0x60,0x00,0x00,0xbf,0xf4,0x07,0xff,0xcf,0x94,0x35,0xcf,0xfa,0x00,0x7f,
0xf3,0xdf,0xff,0xff,0xfb,0x10,0x07,0xff,0x11,0x7c,0xee,0xc6,0x00,0x00,0x7f,0xf1,0x00,0x00,0x00,0x00,
0x00,0x07,0xff,0x10,0x00,0x00,0x00,0x00,0x00,0x7f,0xf1,0x00,0x00,0x00,0x00,0x00,0x07,0xff,0x10,0x00,
0x00,0x00,0x00,0x00,0x7f,0xf1,0x00,0x00,0x00,0x00,0x00,0x07,0xff,0x10,0x00,0x00,0x00,0x00,0x00,0x00,
0x00,0x39,0xce,0xed,0xb6,0x10,0x00,0x9f,0xff,0xff,0xff,0xfa,0x00,0xaf,0xfd,0x74,0x34,0x7c,0xa0,0x6f,
0xfb,0x10,0x00,0x00,0x02,0x0d,0xfe,0x10,0x00,0x00,0x00,0x02,0xff,0x90,0x00,0x00,0x00,0x00,0x5f,0xf5,
0x00,0x00,0x00,0x00,0x06,0xff,0x40,0x00,0x00,0x00,0x00,0x6f,0xf3,0x00,0x00,0x00,0x00,0x05,0xff,0x50,
0x00,0x00,0x00,0x00,0x2f,0xf9,0x00,0x00,0x00,0x00,0x00,0xdf,0xe1,0x00,0x00,0x00,0x00,0x06,0xff,0xb1,
0x00,0x00,0x00,0x00,0x0a,0xff,0xd7,0x42,0x00,0x00,0x00,0x09,0xff,0xff,0xff,0x90,0x00,0x00,0x03,0x9d,
0xef,0xff,0x90,0x00,0x00,0x00,0x00,0x1a,0xff,0x20,0x00,0x00,0x00,0x00,0x2f,0xf4,0x00,0x00,0x00,0x00,
0x02,0xff,0x40,0x00,0x00,0x00,0x05,0xcf,0xe1,0x00,0x00,0x00,0x00,0xff,0xf7,0x00,0x00,0x00,0x00,0x0e,
0xc5,0x00,0x00,0x01,0x8c,0xef,0xff,0xff,0xff,0xfe,0x00,0x4e,0xff,0xff,0xff,0xff,0xff,0xfe,0x02,0xef,
0xf9,0x31,0x28,0xff,0xfa,0x98,0x09,0xff,0x70,0x00,0x00,0x5f,0xf9,0x00,0x0e,0xfd,0x00,0x00,0x00,0x0b,
0xff,0x10,0x3f,0xf7,0x00,0x00,0x00,0x06,0xff,0x50,0x6f,0xf4,0x00,0x00,0x00,0x02,0xff,0x80,0x6f,0xf3,
0x00,0x00,0x00,0x01,0xff,0x90,0x6f,0xf4,0x00,0x00,0x00,0x02,0xff,0x80,0x5f,0xf5,0x00,0x00,0x00,0x03,
0xff,0x70,0x2f,0xf8,0x00,0x00,0x00,0x07,0xff,0x40,0x0d,0xfe,0x10,0x00,0x00,0x0c,0xfe,0x10,0x07,0xff,
0x90,0x00,0x00,0x8f,0xf9,0x00,0x00,0xcf,0xfb,0x53,0x4a,0xff,0xd1,0x00,0x00,0x1b,0xff,0xff,0xff,0xfd,
0x20,0x00,0x00,0x00,0x5b,0xef,0xeb,0x60,0x00,0x00,0x9f,0xff,0xff,0xff,0xff,0xff,0xff,0x79,0xff,0xff,
0xff,0xff,0xff,0xff,0xf7,0x59,0x99,0x99,0xef,0xd9,0x99,0x99,0x40,0x00,0x00,0x0d,0xfa,0x00,0x00,0x00,
0x00,0x00,0x00,0xdf,0xa0,0x00,0x00,0x00,0x00,0x00,0x0d,0xfa,0x00,0x00,0x00,0x00,0x00,0x00,0xdf,0xa0,
0x00,0x00,0x00,0x00,0x00,0x0d,0xfa,0x00,0x00,0x00,0x00,0x00,0x00,0xdf,0xa0,0x00,0x00,0x00,0x00,0x00,
0x0d,0xfa,0x00,0x00,0x00,0x00,0x00,0x00,0xdf,0xa0,0x00,0x00,0x00,0x00,0x00,0x0c,0xfb,0x00,0x00,0x00,
0x00,0x00,0x00,0xaf,0xd0,0x00,0x00,0x00,0x00,0x00,0x05,0xff,0x94,0x31,0x00,0x00,0x00,0x00,0x0c,0xff,
0xff,0x50,0x00,0x00,0x00,0x00,0x18,0xdf,0xf5,0x00,0xff,0x90,0x00,0x00,0xbf,0xb0,0x0f,0xf9,0x00,0x00,
0x02,0xff,0x50,0xff,0x90,0x00,0x00,0x09,0xfc,0x0f,0xf9,0x00,0x00,0x00,0x4f,0xf2,0xef,0x90,0x00,0x00,
0x02,0xff,0x6e,0xf9,0x00,0x00,0x00,0x0f,0xf7,0xef,0x90,0x00,0x00,0x00,0xff,0x8e,0xf9,0x00,0x00,0x00,
0x2f,0xf8,0xef,0x90,0x00,0x00,0x04,0xff,0x7e,0xf9,0x00,0x00,0x00,0x8f,0xf4,0xef,0xa0,0x00,0x00,0x0d,
0xfe,0x0c,0xfc,0x00,0x00,0x05,0xff,0x80,0x8f,0xf3,0x00,0x02,0xef,0xe1,0x02,0xff,0xe6,0x36,0xef,0xf4,
0x00,0x06,0xff,0xff,0xff,0xe5,0x00,0x00,0x04,0xbe,0xed,0x82,0x00,0x00,0x00,0x01,0x8d,0x10,0x8e,0xfc,
0x50,0x00,0x00,0x3e,0xff,0x17,0xff,0xff,0xf9,0x00,0x02,0xef,0xf9,0x0d,0xfc,0x4c,0xff,0x70,0x09,0xff,
0x80,0x0f,0xf8,0x01,0xef,0xe1,0x1e,0xfd,0x00,0x1f,0xf7,0x00,0x6f,0xf6,0x4f,0xf8,0x00,0x1f,0xf7,0x00,
0x1f,0xfa,0x6f,0xf4,0x00,0x1f,0xf7,0x00,0x0d,0xfc,0x7f,0xf3,0x00,0x1f,0xf7,0x00,0x0c,0xfd,0x7f,0xf3,
0x00,0x1f,0xf7,0x00,0x0c,0xfc,0x5f,0xf5,0x00,0x1f,0xf7,0x00,0x0e,0xfb,0x3f,0xf8,0x00,0x1f,0xf7,0x00,
0x1f,0xf8,0x0e,0xfd,0x00,0x1f,0xf7,0x00,0x7f,0xf4,0x07,0xff,0x80,0x1f,0xf7,0x04,0xef,0xd0,0x01,0xdf,
0xfa,0x6f,0xf9,0x8f,0xff,0x40,0x00,0x2d,0xff,0xff,0xff,0xff,0xf6,0x00,0x00,0x01,0x7c,0xef,0xff,0xd9,
0x30,0x00,0x00,0x00,0x00,0x1f,0xf7,0x00,0x00,0x00,0x00,0x00,0x00,0x1f,0xf7,0x00,0x00,0x00,0x00,0x00,
0x00,0x1f,0xf7,0x00,0x00,0x00,0x00,0x00,0x00,0x1f,0xf7,0x00,0x00,0x00,0x00,0x00,0x00,0x1f,0xf7,0x00,
0x00,0x00,0x00,0x00,0x00,0x1f,0xf7,0x00,0x00,0x00,0x3f,0xec,0x60,0x00,0x00,0x00,0xdf,0xf2,0x3f,0xff,
0xf9,0x00,0x00,0x06,0xff,0x90,0x02,0x4c,0xff,0x30,0x00,0x1d,0xfe,0x10,0x00,0x01,0xef,0x90,0x00,0x7f,
0xf8,0x00,0x00,0x00,0x8f,0xe0,0x01,0xef,0xe1,0x00,0x00,0x00,0x3f,0xf5,0x08,0xff,0x70,0x00,0x00,0x00,
0x0c,0xfa,0x2e,0xfd,0x10,0x00,0x00,0x00,0x07,0xff,0xaf,0xf6,0x00,0x00,0x00,0x00,0x01,0xff,0xff,0xd0,
0x00,0x00,0x00,0x00,0x00,0xbf,0xff,0x50,0x00,0x00,0x00,0x00,0x00,0x6f,0xfc,0x00,0x00,0x00,0x00,0x00,
0x00,0xaf,0xf8,0x00,0x00,0x00,0x00,0x00,0x03,0xff,0xfd,0x00,0x00,0x00,0x00,0x00,0x0b,0xff,0xff,0x40,
0x00,0x00,0x00,0x00,0x4f,0xfb,0xdf,0xa0,0x00,0x00,0x00,0x00,0xcf,0xf3,0x7f,0xe1,0x00,0x00,0x00,0x05,
0xff,0xa0,0x2f,0xf6,0x00,0x00,0x00,0x0c,0xff,0x20,0x0b,0xfb,0x00,0x00,0x00,0x5f,0xf9,0x00,0x06,0xff,
0x30,0x00,0x00,0xdf,0xf2,0x00,0x01,0xef,0xe7,0x41,0x06,0xff,0x90,0x00,0x00,0x6f,0xff,0xf6,0x0d,0xfe,
0x10,0x00,0x00,0x05,0xbe,0xf6,0x7f,0xf1,0x00,0x1f,0xf7,0x00,0x0a,0xfd,0x7f,0xf1,0x00,0x1f,0xf7,0x00,
0x0a,0xfd,0x7f,0xf1,0x00,0x1f,0xf7,0x00,0x0a,0xfd,0x7f,0xf1,0x00,0x1f,0xf7,0x00,0x0a,0xfd,0x7f,0xf1,
0x00,0x1f,0xf7,0x00,0x0a,0xfd,0x7f,0xf1,0x00,0x1f,0xf7,0x00,0x0a,0xfd,0x7f,0xf1,0x00,0x1f,0xf7,0x00,
0x0a,0xfd,0x7f,0xf1,0x00,0x1f,0xf7,0x00,0x0a,0xfd,0x7f,0xf1,0x00,0x1f,0xf7,0x00,0x0a,0xfd,0x7f,0xf1,
0x00,0x1f,0xf7,0x00,0x0b,0xfd,0x6f,0xf3,0x00,0x1f,0xf7,0x00,0x0c,0xfc,0x3f,0xf7,0x00,0x1f,0xf7,0x00,
0x1f,0xf9,0x0d,0xfd,0x10,0x1f,0xf7,0x00,0x9f,0xf5,0x06,0xff,0xe7,0x3f,0xf8,0x4b,0xff,0xc0,0x00,0x8f,
0xff,0xff,0xff,0xff,0xfc,0x10,0x00,0x03,0xae,0xff,0xff,0xfc,0x50,0x00,0x00,0x00,0x00,0x4f,0xf9,0x10,
0x00,0x00,0x00,0x00,0x00,0x1f,0xf7,0x00,0x00,0x00,0x00,0x00,0x00,0x1f,0xf7,0x00,0x00,0x00,0x00,0x00,
0x00,0x1f,0xf7,0x00,0x00,0x00,0x00,0x00,0x00,0x1f,0xf7,0x00,0x00,0x00,0x00,0x00,0x00,0x1f,0xf7,0x00,
0x00,0x00,0x00,0x4f,0xf7,0x00,0x00,0x00,0x00,0x02,0xff,0xa0,0x00,0x0a,0xff,0x10,0x00,0x00,0x00,0x00,
0x0b,0xff,0x10,0x01,0xff,0xb0,0x00,0x00,0x00,0x00,0x00,0x5f,0xf7,0x00,0x6f,0xf6,0x00,0x00,0x00,0x00,
0x00,0x01,0xff,0xc0,0x0a,0xff,0x20,0x00,0x00,0x00,0x00,0x00,0x0c,0xff,0x10,0xef,0xe0,0x00,0x00,0x00,
0x00,0x00,0x00,0x9f,0xf4,0x1f,0xfc,0x00,0x00,0x05,0xa9,0x00,0x00,0x07,0xff,0x72,0xff,0xb0,0x00,0x00,
0x8f,0xd0,0x00,0x00,0x6f,0xf8,0x2f,0xfb,0x00,0x00,0x08,0xfe,0x00,0x00,0x06,0xff,0x71,0xff,0xc0,0x00,
0x00,0xaf,0xf0,0x00,0x00,0x6f,0xf7,0x0e,0xfe,0x00,0x00,0x0c,0xff,0x30,0x00,0x08,0xff,0x50,0xbf,0xf3,
0x00,0x01,0xff,0xf6,0x00,0x00,0xcf,0xf2,0x07,0xff,0x90,0x00,0x7f,0xbf,0xc0,0x00,0x3f,0xfc,0x00,0x1e,
0xff,0x83,0x6e,0xf4,0xef,0x93,0x5e,0xff,0x50,0x00,0x4f,0xff,0xff,0xfb,0x06,0xff,0xff,0xff,0x90,0x00,
0x00,0x2a,0xef,0xd8,0x10,0x05,0xcf,0xeb,0x50,0x00,0x00,0x00,0x06,0x85,0x00,0x00,0x00,0x00,0x00,0x03,
0xef,0x40,0x00,0x00,0x00,0x00,0x00,0x4f,0xe1,0x00,0x00,0x00,0x00,0x00,0x06,0xfb,0x00,0x00,0x00,0x00,
0x00,0x00,0x00,0x00,0x00,0x00,0x00,0x00,0x00,0x00,0x00,0x00,0x4f,0xff,0xff,0xff,0xff,0xff,0xfa,0x4f,
0xff,0xff,0xff,0xff,0xff,0xfa,0x4f,0xfa,0x55,0x55,0x55,0x55,0x54,0x4f,0xf8,0x00,0x00,0x00,0x00,0x00,
0x4f,0xf8,0x00,0x00,0x00,0x00,0x00,0x4f,0xf8,0x00,0x00,0x00,0x00,0x00,0x4f,0xf8,0x00,0x00,0x00,0x00,
0x00,0x4f,0xf8,0x00,0x00,0x00,0x00,0x00,0x4f,0xfa,0x55,0x55,0x55,0x55,0x51,0x4f,0xff,0xff,0xff,0xff,
0xff,0xf4,0x4f,0xff,0xff,0xff,0xff,0xff,0xf4,0x4f,0xf8,0x00,0x00,0x00,0x00,0x00,0x4f,0xf8,0x00,0x00,
0x00,0x00,0x00,0x4f,0xf8,0x00,0x00,0x00,0x00,0x00,0x4f,0xf8,0x00,0x00,0x00,0x00,0x00,0x4f,0xf8,0x00,
0x00,0x00,0x00,0x00,0x4f,0xf8,0x00,0x00,0x00,0x00,0x00,0x4f,0xf8,0x00,0x00,0x00,0x00,0x00,0x4f,0xfa,
0x66,0x66,0x66,0x66,0x65,0x4f,0xff,0xff,0xff,0xff,0xff,0xfe,0x4f,0xff,0xff,0xff,0xff,0xff,0xfe,0x00,
0x0e,0xfd,0x00,0x8f,0xf3,0x00,0x00,0x0e,0xfd,0x00,0x8f,0xf3,0x00,0x00,0x0b,0xcb,0x00,0x7c,0xc3,0x00,
0x00,0x00,0x00,0x00,0x00,0x00,0x00,0x00,0x00,0x00,0x00,0x00,0x00,0x00,0x4f,0xff,0xff,0xff,0xff,0xff,
0xfa,0x4f,0xff,0xff,0xff,0xff,0xff,0xfa,0x4f,0xfa,0x55,0x55,0x55,0x55,0x54,0x4f,0xf8,0x00,0x00,0x00,
0x00,0x00,0x4f,0xf8,0x00,0x00,0x00,0x00,0x00,0x4f,0xf8,0x00,0x00,0x00,0x00,0x00,0x4f,0xf8,0x00,0x00,
0x00,0x00,0x00,0x4f,0xf8,0x00,0x00,0x00,0x00,0x00,0x4f,0xfa,0x55,0x55,0x55,0x55,0x51,0x4f,0xff,0xff,
0xff,0xff,0xff,0xf4,0x4f,0xff,0xff,0xff,0xff,0xff,0xf4,0x4f,0xf8,0x00,0x00,0x00,0x00,0x00,0x4f,0xf8,
0x00,0x00,0x00,0x00,0x00,0x4f,0xf8,0x00,0x00,0x00,0x00,0x00,0x4f,0xf8,0x00,0x00,0x00,0x00,0x00,0x4f,
0xf8,0x00,0x00,0x00,0x00,0x00,0x4f,0xf8,0x00,0x00,0x00,0x00,0x00,0x4f,0xf8,0x00,0x00,0x00,0x00,0x00,
0x4f,0xfa,0x66,0x66,0x66,0x66,0x65,0x4f,0xff,0xff,0xff,0xff,0xff,0xfe,0x4f,0xff,0xff,0xff,0xff,0xff,
0xfe,0x1f,0xff,0xff,0xff,0xff,0xff,0xff,0xff,0xc0,0x00,0x01,0xff,0xff,0xff,0xff,0xff,0xff,0xff,0xfc,
0x00,0x00,0x05,0x55,0x55,0x7f,0xfb,0x55,0x55,0x55,0x40,0x00,0x00,0x00,0x00,0x03,0xff,0x90,0x00,0x00,
0x00,0x00,0x00,0x00,0x00,0x00,0x3f,0xf9,0x00,0x00,0x00,0x00,0x00,0x00,0x00,0x00,0x03,0xff,0x90,0x00,
0x00,0x00,0x00,0x00,0x00,0x00,0x00,0x3f,0xf9,0x00,0x00,0x00,0x00,0x00,0x00,0x00,0x00,0x03,0xff,0x90,
0x00,0x00,0x00,0x00,0x00,0x00,0x00,0x00,0x3f,0xf9,0x00,0x00,0x00,0x00,0x00,0x00,0x00,0x00,0x03,0xff,
0xff,0xff,0xff,0xfd,0x92,0x00,0x00,0x00,0x00,0x3f,0xff,0xff,0xff,0xff,0xff,0xe3,0x00,0x00,0x00,0x03,
0xff,0xb5,0x55,0x55,0x7c,0xff,0xd1,0x00,0x00,0x00,0x3f,0xf9,0x00,0x00,0x00,0x0b,0xff,0x60,0x00,0x00,
0x03,0xff,0x90,0x00,0x00,0x00,0x3f,0xfa,0x00,0x00,0x00,0x3f,0xf9,0x00,0x00,0x00,0x00,0xff,0xc0,0x00,
0x00,0x03,0xff,0x90,0x00,0x00,0x00,0x0e,0xfd,0x00,0x00,0x00,0x3f,0xf9,0x00,0x00,0x00,0x00,0xdf,0xd0,
0x00,0x00,0x03,0xff,0x90,0x00,0x00,0x00,0x0d,0xfd,0x00,0x00,0x00,0x3f,0xf9,0x00,0x00,0x00,0x00,0xdf,
0xd0,0x00,0x00,0x03,0xff,0x90,0x00,0x00,0x00,0x0d,0xfd,0x00,0x00,0x00,0x3f,0xf9,0x00,0x00,0x00,0x00,
0xef,0xc0,0x00,0x00,0x00,0x00,0x00,0x00,0x00,0x00,0x0f,0xfb,0x00,0x00,0x00,0x00,0x00,0x00,0x00,0x00,
0x03,0xff,0x90,0x00,0x00,0x00,0x00,0x00,0x00,0x00,0x00,0xaf,0xf5,0x00,0x00,0x00,0x00,0x00,0x00,0x01,
0x67,0xbf,0xfd,0x10,0x00,0x00,0x00,0x00,0x00,0x00,0x1f,0xff,0xfe,0x40,0x00,0x00,0x00,0x00,0x00,0x00,
0x01,0xfe,0xd9,0x20,0x00,0x00,0x00,0x00,0x01,0x78,0x30,0x00,0x00,0x00,0x00,0x0a,0xfb,0x00,0x00,0x00,
0x00,0x00,0x6f,0xc1,0x00,0x00,0x00,0x00,0x03,0xfd,0x20,0x00,0x00,0x00,0x00,0x00,0x00,0x00,0x00,0x00,
0x00,0x00,0x00,0x00,0x00,0x00,0x00,0x4f,0xff,0xff,0xff,0xff,0xff,0xf7,0x4f,0xff,0xff,0xff,0xff,0xff,
0xf7,0x4f,0xfa,0x55,0x55,0x55,0x55,0x52,0x4f,0xf8,0x00,0x00,0x00,0x00,0x00,0x4f,0xf8,0x00,0x00,0x00,
0x00,0x00,0x4f,0xf8,0x00,0x00,0x00,0x00,0x00,0x4f,0xf8,0x00,0x00,0x00,0x00,0x00,0x4f,0xf8,0x00,0x00,
0x00,0x00,0x00,0x4f,0xf8,0x00,0x00,0x00,0x00,0x00,0x4f,0xf8,0x00,0x00,0x00,0x00,0x00,0x4f,0xf8,0x00,
0x00,0x00,0x00,0x00,0x4f,0xf8,0x00,0x00,0x00,0x00,0x00,0x4f,0xf8,0x00,0x00,0x00,0x00,0x00,0x4f,0xf8,
0x00,0x00,0x00,0x00,0x00,0x4f,0xf8,0x00,0x00,0x00,0x00,0x00,0x4f,0xf8,0x00,0x00,0x00,0x00,0x00,0x4f,
0xf8,0x00,0x00,0x00,0x00,0x00,0x4f,0xf8,0x00,0x00,0x00,0x00,0x00,0x4f,0xf8,0x00,0x00,0x00,0x00,0x00,
0x4f,0xf8,0x00,0x00,0x00,0x00,0x00,0x4f,0xf8,0x00,0x00,0x00,0x00,0x00,0x00,0x00,0x00,0x59,0xce,0xfe,
0xc9,0x40,0x00,0x00,0x00,0x4c,0xff,0xff,0xff,0xff,0xfd,0x50,0x00,0x06,0xff,0xfc,0x86,0x56,0x8c,0xff,
0xf0,0x00,0x4f,0xfe,0x40,0x00,0x00,0x00,0x2a,0xf0,0x01,0xef,0xe3,0x00,0x00,0x00,0x00,0x00,0x50,0x07,
0xff,0x70,0x00,0x00,0x00,0x00,0x00,0x00,0x0d,0xff,0x10,0x00,0x00,0x00,0x00,0x00,0x00,0x1f,0xfb,0x00,
0x00,0x00,0x00,0x00,0x00,0x00,0x4f,0xf8,0x00,0x00,0x00,0x00,0x00,0x00,0x00,0x5f,0xff,0xff,0xff,0xff,
0xff,0xff,0x60,0x00,0x6f,0xff,0xff,0xff,0xff,0xff,0xff,0x60,0x00,0x5f,0xfb,0x66,0x66,0x66,0x66,0x66,
0x20,0x00,0x4f,0xfa,0x00,0x00,0x00,0x00,0x00,0x00,0x00,0x1f,0xfd,0x00,0x00,0x00,0x00,0x00,0x00,0x00,
0x0d,0xff,0x30,0x00,0x00,0x00,0x00,0x00,0x00,0x07,0xff,0xa0,0x00,0x00,0x00,0x00,0x00,0x00,0x01,0xef,
0xf4,0x00,0x00,0x00,0x00,0x00,0x80,0x00,0x4f,0xff,0x60,0x00,0x00,0x00,0x4c,0xf0,0x00,0x06,0xff,0xfd,
0x86,0x56,0x8c,0xff,0xf0,0x00,0x00,0x4c,0xff,0xff,0xff,0xff,0xfd,0x50,0x00,0x00,0x00,0x59,0xce,0xfe,
0xc9,0x40,0x00,0x00,0x01,0x6b,0xdf,0xfe,0xc9,0x61,0x00,0x00,0x4d,0xff,0xff,0xff,0xff,0xff,0x00,0x03,
0xef,0xfc,0x75,0x56,0x8c,0xff,0x00,0x0b,0xff,0x70,0x00,0x00,0x00,0x28,0x00,0x1f,0xfc,0x00,0x00,0x00,
0x00,0x00,0x00,0x2f,0xfa,0x00,0x00,0x00,0x00,0x00,0x00,0x1f,0xfc,0x00,0x00,0x00,0x00,0x00,0x00,0x0d,
0xff,0x60,0x00,0x00,0x00,0x00,0x00,0x07,0xff,0xfc,0x74,0x10,0x00,0x00,0x00,0x00,0x8f,0xff,0xff,0xfd,
0x94,0x00,0x00,0x00,0x03,0xae,0xff,0xff,0xff,0xc2,0x00,0x00,0x00,0x00,0x36,0x9d,0xff,0xfe,0x20,0x00,
0x00,0x00,0x00,0x00,0x4d,0xff,0xa0,0x00,0x00,0x00,0x00,0x00,0x03,0xff,0xf1,0x00,0x00,0x00,0x00,0x00,
0x00,0xcf,0xf3,0x00,0x00,0x00,0x00,0x00,0x00,0xbf,0xf3,0x00,0x00,0x00,0x00,0x00,0x00,0xef,0xf1,0x1d,
0x61,0x00,0x00,0x00,0x09,0xff,0xb0,0x1f,0xfe,0xa7,0x54,0x58,0xdf,0xfe,0x30,0x1d,0xff,0xff,0xff,0xff,
0xff,0xd4,0x00,0x00,0x37,0xad,0xef,0xed,0xa5,0x10,0x00,0x4f,0xf8,0x4f,0xf8,0x4f,0xf8,0x4f,0xf8,0x4f,
0xf8,0x4f,0xf8,0x4f,0xf8,0x4f,0xf8,0x4f,0xf8,0x4f,0xf8,0x4f,0xf8,0x4f,0xf8,0x4f,0xf8,0x4f,0xf8,0x4f,
0xf8,0x4f,0xf8,0x4f,0xf8,0x4f,0xf8,0x4f,0xf8,0x4f,0xf8,0x4f,0xf8,0xef,0xd0,0x09,0xff,0x3e,0xfd,0x00,
0x9f,0xf3,0xbc,0xb0,0x07,0xcc,0x30,0x00,0x00,0x00,0x00,0x00,0x00,0x00,0x00,0x00,0x04,0xff,0x80,0x00,
0x00,0x4f,0xf8,0x00,0x00,0x04,0xff,0x80,0x00,0x00,0x4f,0xf8,0x00,0x00,0x04,0xff,0x80,0x00,0x00,0x4f,
0xf8,0x00,0x00,0x04,0xff,0x80,0x00,0x00,0x4f,0xf8,0x00,0x00,0x04,0xff,0x80,0x00,0x00,0x4f,0xf8,0x00,
0x00,0x04,0xff,0x80,0x00,0x00,0x4f,0xf8,0x00,0x00,0x04,0xff,0x80,0x00,0x00,0x4f,0xf8,0x00,0x00,0x04,
0xff,0x80,0x00,0x00,0x4f,0xf8,0x00,0x00,0x04,0xff,0x80,0x00,0x00,0x4f,0xf8,0x00,0x00,0x04,0xff,0x80,
0x00,0x00,0x4f,0xf8,0x00,0x00,0x04,0xff,0x80,0x00,0x00,0x00,0x4f,0xf8,0x00,0x00,0x4f,0xf8,0x00,0x00,
0x4f,0xf8,0x00,0x00,0x4f,0xf8,0x00,0x00,0x4f,0xf8,0x00,0x00,0x4f,0xf8,0x00,0x00,0x4f,0xf8,0x00,0x00,
0x4f,0xf8,0x00,0x00,0x4f,0xf8,0x00,0x00,0x4f,0xf8,0x00,0x00,0x4f,0xf8,0x00,0x00,0x4f,0xf8,0x00,0x00,
0x4f,0xf8,0x00,0x00,0x4f,0xf8,0x00,0x00,0x4f,0xf8,0x00,0x00,0x4f,0xf8,0x00,0x00,0x4f,0xf8,0x00,0x00,
0x4f,0xf8,0x00,0x00,0x4f,0xf8,0x00,0x00,0x4f,0xf8,0x00,0x00,0x4f,0xf7,0x00,0x00,0x5f,0xf6,0x00,0x00,
0x8f,0xf4,0x00,0x01,0xef,0xe1,0x36,0x8d,0xff,0x90,0x7f,0xff,0xfc,0x10,0x7f,0xec,0x70,0x00,0x00,0x00,
0x0d,0xff,0xff,0xff,0xff,0xff,0xf4,0x00,0x00,0x00,0x00,0x00,0x00,0x00,0x0d,0xff,0xff,0xff,0xff,0xff,
0xf4,0x00,0x00,0x00,0x00,0x00,0x00,0x00,0x0d,0xfe,0x55,0x55,0x55,0xaf,0xf4,0x00,0x00,0x00,0x00,0x00,
0x00,0x00,0x0d,0xfe,0x00,0x00,0x00,0x7f,0xf4,0x00,0x00,0x00,0x00,0x00,0x00,0x00,0x0d,0xfe,0x00,0x00,
0x00,0x7f,0xf4,0x00,0x00,0x00,0x00,0x00,0x00,0x00,0x0d,0xfd,0x00,0x00,0x00,0x7f,0xf4,0x00,0x00,0x00,
0x00,0x00,0x00,0x00,0x0d,0xfd,0x00,0x00,0x00,0x7f,0xf4,0x00,0x00,0x00,0x00,0x00,0x00,0x00,0x0e,0xfd,
0x00,0x00,0x00,0x7f,0xf4,0x00,0x00,0x00,0x00,0x00,0x00,0x00,0x0e,0xfc,0x00,0x00,0x00,0x7f,0xf8,0x55,
0x54,0x20,0x00,0x00,0x00,0x00,0x0f,0xfb,0x00,0x00,0x00,0x7f,0xff,0xff,0xff,0xfe,0x81,0x00,0x00,0x00,
0x1f,0xfa,0x00,0x00,0x00,0x7f,0xff,0xff,0xff,0xff,0xfd,0x20,0x00,0x00,0x3f,0xf9,0x00,0x00,0x00,0x7f,
0xf4,0x00,0x01,0x5c,0xff,0xc0,0x00,0x00,0x5f,0xf7,0x00,0x00,0x00,0x7f,0xf4,0x00,0x00,0x01,0xdf,0xf4,
0x00,0x00,0x7f,0xf5,0x00,0x00,0x00,0x7f,0xf4,0x00,0x00,0x00,0x7f,0xf8,0x00,0x00,0xbf,0xf2,0x00,0x00,
0x00,0x7f,0xf4,0x00,0x00,0x00,0x4f,0xf9,0x00,0x02,0xff,0xd0,0x00,0x00,0x00,0x7f,0xf4,0x00,0x00,0x00,
0x5f,0xf9,0x00,0x0a,0xff,0x80,0x00,0x00,0x00,0x7f,0xf4,0x00,0x00,0x00,0x8f,0xf7,0x00,0x8f,0xfe,0x10,
0x00,0x00,0x00,0x7f,0xf4,0x00,0x00,0x03,0xef,0xf2,0x7d,0xff,0xf5,0x00,0x00,0x00,0x00,0x7f,0xf8,0x55,
0x56,0xaf,0xff,0x90,0xdf,0xfd,0x40,0x00,0x00,0x00,0x00,0x7f,0xff,0xff,0xff,0xff,0xfa,0x00,0xba,0x60,
0x00,0x00,0x00,0x00,0x00,0x7f,0xff,0xff,0xfe,0xc9,0x30,0x00,0x4f,0xf8,0x00,0x00,0x00,0x00,0xcf,0xe0,
0x00,0x00,0x00,0x00,0x00,0x4f,0xf8,0x00,0x00,0x00,0x00,0xcf,0xe0,0x00,0x00,0x00,0x00,0x00,0x4f,0xf8,
0x00,0x00,0x00,0x00,0xcf,0xe0,0x00,0x00,0x00,0x00,0x00,0x4f,0xf8,0x00,0x00,0x00,0x00,0xcf,0xe0,0x00,
0x00,0x00,0x00,0x00,0x4f,0xf8,0x00,0x00,0x00,0x00,0xcf,0xe0,0x00,0x00,0x00,0x00,0x00,0x4f,0xf8,0x00,
0x00,0x00,0x00,0xcf,0xe0,0x00,0x00,0x00,0x00,0x00,0x4f,0xf8,0x00,0x00,0x00,0x00,0xcf,0xe0,0x00,0x00,
0x00,0x00,0x00,0x4f,0xf8,0x00,0x00,0x00,0x00,0xcf,0xe0,0x00,0x00,0x00,0x00,0x00,0x4f,0xfa,0x55,0x55,
0x55,0x55,0xdf,0xe5,0x55,0x54,0x20,0x00,0x00,0x4f,0xff,0xff,0xff,0xff,0xff,0xff,0xff,0xff,0xff,0xfd,
0x60,0x00,0x4f,0xff,0xff,0xff,0xff,0xff,0xff,0xff,0xff,0xff,0xff,0xfb,0x00,0x4f,0xf8,0x00,0x00,0x00,
0x00,0xcf,0xe0,0x00,0x02,0x7e,0xff,0x80,0x4f,0xf8,0x00,0x00,0x00,0x00,0xcf,0xe0,0x00,0x00,0x04,0xff,
0xe0,0x4f,0xf8,0x00,0x00,0x00,0x00,0xcf,0xe0,0x00,0x00,0x00,0xcf,0xf3,0x4f,0xf8,0x00,0x00,0x00,0x00,
0xcf,0xe0,0x00,0x00,0x00,0xaf,0xf4,0x4f,0xf8,0x00,0x00,0x00,0x00,0xcf,0xe0,0x00,0x00,0x00,0xaf,0xf4,
0x4f,0xf8,0x00,0x00,0x00,0x00,0xcf,0xe0,0x00,0x00,0x00,0xef,0xf2,0x4f,0xf8,0x00,0x00,0x00,0x00,0xcf,
0xe0,0x00,0x00,0x08,0xff,0xc0,0x4f,0xf8,0x00,0x00,0x00,0x00,0xcf,0xe5,0x55,0x57,0xcf,0xff,0x40,0x4f,
0xf8,0x00,0x00,0x00,0x00,0xcf,0xff,0xff,0xff,0xff,0xe6,0x00,0x4f,0xf8,0x00,0x00,0x00,0x00,0xcf,0xff,
0xff,0xfe,0xb7,0x20,0x00,0x1f,0xff,0xff,0xff,0xff,0xff,0xff,0xff,0xc0,0x00,0x01,0xff,0xff,0xff,0xff,
0xff,0xff,0xff,0xfc,0x00,0x00,0x05,0x55,0x55,0x7f,0xfb,0x55,0x55,0x55,0x40,0x00,0x00,0x00,0x00,0x03,
0xff,0x90,0x00,0x00,0x00,0x00,0x00,0x00,0x00,0x00,0x3f,0xf9,0x00,0x00,0x00,0x00,0x00,0x00,0x00,0x00,
0x03,0xff,0x90,0x00,0x00,0x00,0x00,0x00,0x00,0x00,0x00,0x3f,0xf9,0x00,0x00,0x00,0x00,0x00,0x00,0x00,
0x00,0x03,0xff,0x90,0x00,0x00,0x00,0x00,0x00,0x00,0x00,0x00,0x3f,0xfb,0x55,0x55,0x55,0x30,0x00,0x00,
0x00,0x00,0x03,0xff,0xff,0xff,0xff,0xff,0xe6,0x00,0x00,0x00,0x00,0x3f,0xff,0xff,0xff,0xff,0xff,0xf7,
0x00,0x00,0x00,0x03,0xff,0x90,0x00,0x00,0x17,0xff,0xf2,0x00,0x00,0x00,0x3f,0xf9,0x00,0x00,0x00,0x08,
0xff,0x70,0x00,0x00,0x03,0xff,0x90,0x00,0x00,0x00,0x2f,0xfb,0x00,0x00,0x00,0x3f,0xf9,0x00,0x00,0x00,
0x00,0xef,0xc0,0x00,0x00,0x03,0xff,0x90,0x00,0x00,0x00,0x0d,0xfd,0x00,0x00,0x00,0x3f,0xf9,0x00,0x00,
0x00,0x00,0xdf,0xd0,0x00,0x00,0x03,0xff,0x90,0x00,0x00,0x00,0x0d,0xfd,0x00,0x00,0x00,0x3f,0xf9,0x00,
0x00,0x00,0x00,0xdf,0xd0,0x00,0x00,0x03,0xff,0x90,0x00,0x00,0x00,0x0d,0xfd,0x00,0x00,0x00,0x3f,0xf9,
0x00,0x00,0x00,0x00,0xdf,0xd0,0x00,0x00,0x00,0x00,0x18,0x82,0x00,0x00,0x00,0x00,0x00,0x00,0x00,0xbf,
0xa0,0x00,0x00,0x00,0x00,0x00,0x00,0x08,0xfb,0x00,0x00,0x00,0x00,0x00,0x00,0x00,0x4f,0xc1,0x00,0x00,
0x00,0x00,0x00,0x00,0x00,0x00,0x00,0x00,0x00,0x00,0x00,0x00,0x00,0x00,0x00,0x00,0x00,0x00,0x00,0x00,
0x4f,0xf8,0x00,0x00,0x00,0x00,0x3e,0xff,0x70,0x4f,0xf8,0x00,0x00,0x00,0x02,0xef,0xf7,0x00,0x4f,0xf8,
0x00,0x00,0x00,0x2d,0xff,0x80,0x00,0x4f,0xf8,0x00,0x00,0x01,0xdf,0xf9,0x00,0x00,0x4f,0xf8,0x00,0x00,
0x1c,0xff,0xa0,0x00,0x00,0x4f,0xf8,0x00,0x01,0xcf,0xfa,0x00,0x00,0x00,0x4f,0xf8,0x00,0x1b,0xff,0xb0,
0x00,0x00,0x00,0x4f,0xf8,0x00,0xbf,0xfb,0x10,0x00,0x00,0x00,0x4f,0xf8,0x0a,0xff,0xf3,0x00,0x00,0x00,
0x00,0x4f,0xf8,0xaf,0xff,0xfc,0x00,0x00,0x00,0x00,0x4f,0xfe,0xff,0xd9,0xff,0x70,0x00,0x00,0x00,0x4f,
0xff,0xfd,0x21,0xdf,0xf2,0x00,0x00,0x00,0x4f,0xff,0xe2,0x00,0x4f,0xfc,0x00,0x00,0x00,0x4f,0xfe,0x30,
0x00,0x09,0xff,0x60,0x00,0x00,0x4f,0xf8,0x00,0x00,0x01,0xdf,0xe2,0x00,0x00,0x4f,0xf8,0x00,0x00,0x00,
0x4f,0xfb,0x00,0x00,0x4f,0xf8,0x00,0x00,0x00,0x09,0xff,0x60,0x00,0x4f,0xf8,0x00,0x00,0x00,0x01,0xef,
0xe2,0x00,0x4f,0xf8,0x00,0x00,0x00,0x00,0x5f,0xfa,0x00,0x4f,0xf8,0x00,0x00,0x00,0x00,0x0a,0xff,0x50,
0x4f,0xf8,0x00,0x00,0x00,0x00,0x01,0xef,0xe1,0x00,0x00,0x07,0x84,0x00,0x00,0x00,0x00,0x00,0x00,0x00,
0x5f,0xe2,0x00,0x00,0x00,0x00,0x00,0x00,0x00,0x6f,0xd1,0x00,0x00,0x00,0x00,0x00,0x00,0x00,0x8f,0xa0,
0x00,0x00,0x00,0x00,0x00,0x00,0x00,0x00,0x00,0x00,0x00,0x00,0x00,0x00,0x00,0x00,0x00,0x00,0x00,0x00,
0x4f,0xf6,0x00,0x00,0x00,0x00,0xcf,0xff,0x34,0xff,0x60,0x00,0x00,0x00,0x4f,0xff,0xf3,0x4f,0xf6,0x00,
0x00,0x00,0x0c,0xff,0xff,0x34,0xff,0x60,0x00,0x00,0x05,0xff,0xef,0xf3,0x4f,0xf6,0x00,0x00,0x00,0xcf,
0xe8,0xff,0x34,0xff,0x60,0x00,0x00,0x5f,0xf7,0x7f,0xf3,0x4f,0xf6,0x00,0x00,0x0d,0xfe,0x17,0xff,0x34,
0xff,0x60,0x00,0x06,0xff,0x60,0x7f,0xf3,0x4f,0xf6,0x00,0x00,0xdf,0xd0,0x07,0xff,0x34,0xff,0x60,0x00,
0x6f,0xf6,0x00,0x7f,0xf3,0x4f,0xf6,0x00,0x1d,0xfd,0x00,0x07,0xff,0x34,0xff,0x60,0x07,0xff,0x50,0x00,
0x7f,0xf3,0x4f,0xf6,0x01,0xef,0xd0,0x00,0x07,0xff,0x34,0xff,0x60,0x7f,0xf5,0x00,0x00,0x7f,0xf3,0x4f,
0xf6,0x1e,0xfc,0x00,0x00,0x07,0xff,0x34,0xff,0x68,0xff,0x50,0x00,0x00,0x7f,0xf3,0x4f,0xf8,0xef,0xc0,
0x00,0x00,0x07,0xff,0x34,0xff,0xef,0xf4,0x00,0x00,0x00,0x7f,0xf3,0x4f,0xff,0xfb,0x00,0x00,0x00,0x07,
0xff,0x34,0xff,0xff,0x40,0x00,0x00,0x00,0x7f,0xf3,0x4f,0xff,0xb0,0x00,0x00,0x00,0x07,0xff,0x30,0x00,
0x00,0x57,0x00,0x00,0x07,0x60,0x00,0x00,0x00,0x07,0xf9,0x20,0x28,0xf9,0x00,0x00,0x00,0x00,0x1d,0xff,
0xff,0xfe,0x20,0x00,0x00,0x00,0x00,0x17,0xac,0xb7,0x10,0x00,0x00,0x00,0x00,0x00,0x00,0x00,0x00,0x00,
0x00,0x00,0x00,0x00,0x00,0x00,0x00,0x00,0x00,0x00,0x5f,0xfa,0x00,0x00,0x00,0x00,0x09,0xff,0x60,0xdf,
0xf1,0x00,0x00,0x00,0x01,0xef,0xe0,0x07,0xff,0x70,0x00,0x00,0x00,0x6f,0xf8,0x00,0x1f,0xfd,0x00,0x00,
0x00,0x0c,0xff,0x20,0x00,0xaf,0xf4,0x00,0x00,0x04,0xff,0xb0,0x00,0x04,0xff,0xb0,0x00,0x00,0xaf,0xf5,
0x00,0x00,0x0d,0xff,0x20,0x00,0x1f,0xfd,0x00,0x00,0x00,0x7f,0xf8,0x00,0x07,0xff,0x70,0x00,0x00,0x01,
0xef,0xe0,0x00,0xdf,0xf1,0x00,0x00,0x00,0x09,0xff,0x50,0x5f,0xfa,0x00,0x00,0x00,0x00,0x3f,0xfb,0x0b,
0xff,0x40,0x00,0x00,0x00,0x00,0xcf,0xf5,0xff,0xc0,0x00,0x00,0x00,0x00,0x06,0xff,0xef,0xf6,0x00,0x00,
0x00,0x00,0x00,0x1e,0xff,0xfe,0x10,0x00,0x00,0x00,0x00,0x00,0x8f,0xff,0x90,0x00,0x00,0x00,0x00,0x00,
0x02,0xff,0xf3,0x00,0x00,0x00,0x00,0x00,0x00,0x3f,0xfb,0x00,0x00,0x00,0x00,0x00,0x00,0x0a,0xff,0x50,
0x00,0x00,0x00,0x00,0x26,0x7a,0xff,0xd0,0x00,0x00,0x00,0x00,0x05,0xff,0xff,0xf5,0x00,0x00,0x00,0x00,
0x00,0x5f,0xed,0xa4,0x00,0x00,0x00,0x00,0x00,0x4f,0xf8,0x00,0x00,0x00,0x00,0x07,0xff,0x54,0xff,0x80,
0x00,0x00,0x00,0x00,0x7f,0xf5,0x4f,0xf8,0x00,0x00,0x00,0x00,0x07,0xff,0x54,0xff,0x80,0x00,0x00,0x00,
0x00,0x7f,0xf5,0x4f,0xf8,0x00,0x00,0x00,0x00,0x07,0xff,0x54,0xff,0x80,0x00,0x00,0x00,0x00,0x7f,0xf5,
0x4f,0xf8,0x00,0x00,0x00,0x00,0x07,0xff,0x54,0xff,0x80,0x00,0x00,0x00,0x00,0x7f,0xf5,0x4f,0xf8,0x00,
0x00,0x00,0x00,0x07,0xff,0x54,0xff,0x80,0x00,0x00,0x00,0x00,0x7f,0xf5,0x4f,0xf8,0x00,0x00,0x00,0x00,
0x07,0xff,0x54,0xff,0x80,0x00,0x00,0x00,0x00,0x7f,0xf5,0x4f,0xf8,0x00,0x00,0x00,0x00,0x07,0xff,0x54,
0xff,0x80,0x00,0x00,0x00,0x00,0x7f,0xf5,0x4f,0xf8,0x00,0x00,0x00,0x00,0x07,0xff,0x54,0xff,0x80,0x00,
0x00,0x00,0x00,0x7f,0xf5,0x4f,0xf8,0x00,0x00,0x00,0x00,0x07,0xff,0x54,0xff,0x80,0x00,0x00,0x00,0x00,
0x7f,0xf5,0x4f,0xfa,0x66,0x66,0x66,0x66,0x6a,0xff,0x54,0xff,0xff,0xff,0xff,0xff,0xff,0xff,0xf5,0x4f,
0xff,0xff,0xff,0xff,0xff,0xff,0xff,0x50,0x00,0x00,0x00,0xaf,0xa0,0x00,0x00,0x00,0x00,0x00,0x00,0x0a,
0xfa,0x00,0x00,0x00,0x00,0x00,0x00,0x00,0xaf,0xa0,0x00,0x00,0x00,0x00,0x00,0x00,0x0a,0xfa,0x00,0x00,
0x00,0x00,0x00,0x00,0x00,0x58,0x50,0x00,0x00,0x00,0x00,0x00,0x00,0x03,0xff,0xf5,0x00,0x00,0x00,0x00,
0x00,0x00,0x00,0x8f,0xff,0xa0,0x00,0x00,0x00,0x00,0x00,0x00,0x0e,0xfe,0xff,0x10,0x00,0x00,0x00,0x00,
0x00,0x04,0xff,0x6f,0xf7,0x00,0x00,0x00,0x00,0x00,0x00,0xaf,0xd0,0xbf,0xc0,0x00,0x00,0x00,0x00,0x00,
0x1f,0xf8,0x06,0xff,0x30,0x00,0x00,0x00,0x00,0x06,0xff,0x30,0x1f,0xf8,0x00,0x00,0x00,0x00,0x00,0xcf,
0xc0,0x00,0xaf,0xe0,0x00,0x00,0x00,0x00,0x2f,0xf7,0x00,0x05,0xff,0x40,0x00,0x00,0x00,0x08,0xff,0x20,
0x00,0x0e,0xfa,0x00,0x00,0x00,0x00,0xdf,0xb0,0x00,0x00,0x9f,0xf1,0x00,0x00,0x00,0x4f,0xf6,0x00,0x00,
0x03,0xff,0x60,0x00,0x00,0x09,0xfe,0x10,0x00,0x00,0x0d,0xfc,0x00,0x00,0x01,0xef,0xff,0xff,0xff,0xff,
0xff,0xf2,0x00,0x00,0x6f,0xff,0xff,0xff,0xff,0xff,0xff,0x80,0x00,0x0b,0xfe,0x55,0x55,0x55,0x55,0x5c,
0xfd,0x00,0x02,0xff,0x90,0x00,0x00,0x00,0x00,0x7f,0xf4,0x00,0x7f,0xf4,0x00,0x00,0x00,0x00,0x02,0xff,
0x90,0x0d,0xfe,0x00,0x00,0x00,0x00,0x00,0x0c,0xfe,0x13,0xff,0x90,0x00,0x00,0x00,0x00,0x00,0x7f,0xf5,
0x9f,0xf4,0x00,0x00,0x00,0x00,0x00,0x02,0xff,0xb0,0x4f,0xff,0xff,0xff,0xff,0xff,0xfc,0x00,0x4f,0xff,
0xff,0xff,0xff,0xff,0xfc,0x00,0x4f,0xfa,0x55,0x55,0x55,0x55,0x54,0x00,0x4f,0xf8,0x00,0x00,0x00,0x00,
0x00,0x00,0x4f,0xf8,0x00,0x00,0x00,0x00,0x00,0x00,0x4f,0xf8,0x00,0x00,0x00,0x00,0x00,0x00,0x4f,0xf8,
0x00,0x00,0x00,0x00,0x00,0x00,0x4f,0xf8,0x00,0x00,0x00,0x00,0x00,0x00,0x4f,0xfa,0x55,0x55,0x43,0x10,
0x00,0x00,0x4f,0xff,0xff,0xff,0xff,0xfc,0x50,0x00,0x4f,0xff,0xff,0xff,0xff,0xff,0xf9,0x00,0x4f,0xf8,
0x00,0x00,0x02,0x8f,0xff,0x60,0x4f,0xf8,0x00,0x00,0x00,0x05,0xff,0xd0,0x4f,0xf8,0x00,0x00,0x00,0x00,
0xdf,0xf2,0x4f,0xf8,0x00,0x00,0x00,0x00,0xbf,0xf3,0x4f,0xf8,0x00,0x00,0x00,0x00,0xbf,0xf3,0x4f,0xf8,
0x00,0x00,0x00,0x01,0xef,0xf1,0x4f,0xf8,0x00,0x00,0x00,0x09,0xff,0xb0,0x4f,0xfa,0x55,0x55,0x57,0xcf,
0xff,0x40,0x4f,0xff,0xff,0xff,0xff,0xff,0xe5,0x00,0x4f,0xff,0xff,0xff,0xfe,0xb7,0x20,0x00,0x4f,0xff,
0xff,0xff,0xed,0xa5,0x00,0x00,0x4f,0xff,0xff,0xff,0xff,0xff,0xb1,0x00,0x4f,0xfa,0x55,0x55,0x69,0xef,
0xfa,0x00,0x4f,0xf8,0x00,0x00,0x00,0x2e,0xff,0x20,0x4f,0xf8,0x00,0x00,0x00,0x09,0xff,0x50,0x4f,0xf8,
0x00,0x00,0x00,0x07,0xff,0x50,0x4f,0xf8,0x00,0x00,0x00,0x09,0xff,0x30,0x4f,0xf8,0x00,0x00,0x00,0x2e,
0xfd,0x00,0x4f,0xfa,0x44,0x45,0x58,0xef,0xe4,0x00,0x4f,0xff,0xff,0xff,0xff,0xf9,0x20,0x00,0x4f,0xff,
0xff,0xff,0xff,0xff,0xa1,0x00,0x4f,0xf8,0x00,0x00,0x02,0x7f,0xfd,0x10,0x4f,0xf8,0x00,0x00,0x00,0x05,
0xff,0xa0,0x4f,0xf8,0x00,0x00,0x00,0x00,0xdf,0xf1,0x4f,0xf8,0x00,0x00,0x00,0x00,0xbf,0xf3,0x4f,0xf8,
0x00,0x00,0x00,0x00,0xbf,0xf3,0x4f,0xf8,0x00,0x00,0x00,0x01,0xef,0xf1,0x4f,0xf8,0x00,0x00,0x00,0x09,
0xff,0xc0,0x4f,0xfa,0x55,0x55,0x57,0xcf,0xff,0x40,0x4f,0xff,0xff,0xff,0xff,0xff,0xe5,0x00,0x4f,0xff,
0xff,0xff,0xfe,0xb7,0x10,0x00,0x4f,0xff,0xff,0xff,0xff,0xff,0xf7,0x4f,0xff,0xff,0xff,0xff,0xff,0xf7,
0x4f,0xfa,0x55,0x55,0x55,0x55,0x52,0x4f,0xf8,0x00,0x00,0x00,0x00,0x00,0x4f,0xf8,0x00,0x00,0x00,0x00,
0x00,0x4f,0xf8,0x00,0x00,0x00,0x00,0x00,0x4f,0xf8,0x00,0x00,0x00,0x00,0x00,0x4f,0xf8,0x00,0x00,0x00,
0x00,0x00,0x4f,0xf8,0x00,0x00,0x00,0x00,0x00,0x4f,0xf8,0x00,0x00,0x00,0x00,0x00,0x4f,0xf8,0x00,0x00,
0x00,0x00,0x00,0x4f,0xf8,0x00,0x00,0x00,0x00,0x00,0x4f,0xf8,0x00,0x00,0x00,0x00,0x00,0x4f,0xf8,0x00,
0x00,0x00,0x00,0x00,0x4f,0xf8,0x00,0x00,0x00,0x00,0x00,0x4f,0xf8,0x00,0x00,0x00,0x00,0x00,0x4f,0xf8,
0x00,0x00,0x00,0x00,0x00,0x4f,0xf8,0x00,0x00,0x00,0x00,0x00,0x4f,0xf8,0x00,0x00,0x00,0x00,0x00,0x4f,
0xf8,0x00,0x00,0x00,0x00,0x00,0x4f,0xf8,0x00,0x00,0x00,0x00,0x00,0x00,0x00,0x0f,0xff,0xff,0xff,0xff,
0xff,0xf3,0x00,0x00,0x00,0x0f,0xff,0xff,0xff,0xff,0xff,0xf3,0x00,0x00,0x00,0x0f,0xfd,0x55,0x55,0x55,
0xbf,0xf3,0x00,0x00,0x00,0x0f,0xfc,0x00,0x00,0x00,0x9f,0xf3,0x00,0x00,0x00,0x0f,0xfc,0x00,0x00,0x00,
0x9f,0xf3,0x00,0x00,0x00,0x0f,0xfc,0x00,0x00,0x00,0x9f,0xf3,0x00,0x00,0x00,0x0f,0xfb,0x00,0x00,0x00,
0x9f,0xf3,0x00,0x00,0x00,0x1f,0xfb,0x00,0x00,0x00,0x9f,0xf3,0x00,0x00,0x00,0x2f,0xfa,0x00,0x00,0x00,
0x9f,0xf3,0x00,0x00,0x00,0x3f,0xf9,0x00,0x00,0x00,0x9f,0xf3,0x00,0x00,0x00,0x4f,0xf8,0x00,0x00,0x00,
0x9f,0xf3,0x00,0x00,0x00,0x6f,0xf6,0x00,0x00,0x00,0x9f,0xf3,0x00,0x00,0x00,0x8f,0xf4,0x00,0x00,0x00,
0x9f,0xf3,0x00,0x00,0x00,0xbf,0xf2,0x00,0x00,0x00,0x9f,0xf3,0x00,0x00,0x00,0xef,0xe0,0x00,0x00,0x00,
0x9f,0xf3,0x00,0x00,0x02,0xff,0xa0,0x00,0x00,0x00,0x9f,0xf3,0x00,0x00,0x07,0xff,0x60,0x00,0x00,0x00,
0x9f,0xf3,0x00,0x00,0x3e,0xff,0x10,0x00,0x00,0x00,0x9f,0xf3,0x00,0x47,0xef,0xfb,0x66,0x66,0x66,0x66,
0xbf,0xf7,0x63,0x9f,0xff,0xff,0xff,0xff,0xff,0xff,0xff,0xff,0xf8,0x9f,0xff,0xff,0xff,0xff,0xff,0xff,
0xff,0xff,0xf8,0x9f,0xb0,0x00,0x00,0x00,0x00,0x00,0x00,0x0c,0xf8,0x9f,0xb0,0x00,0x00,0x00,0x00,0x00,
0x00,0x0c,0xf8,0x9f,0xb0,0x00,0x00,0x00,0x00,0x00,0x00,0x0c,0xf8,0x9f,0xb0,0x00,0x00,0x00,0x00,0x00,
0x00,0x0c,0xf8,0x47,0x50,0x00,0x00,0x00,0x00,0x00,0x00,0x06,0x74,0x4f,0xff,0xff,0xff,0xff,0xff,0xfa,
0x4f,0xff,0xff,0xff,0xff,0xff,0xfa,0x4f,0xfa,0x55,0x55,0x55,0x55,0x54,0x4f,0xf8,0x00,0x00,0x00,0x00,
0x00,0x4f,0xf8,0x00,0x00,0x00,0x00,0x00,0x4f,0xf8,0x00,0x00,0x00,0x00,0x00,0x4f,0xf8,0x00,0x00,0x00,
0x00,0x00,0x4f,0xf8,0x00,0x00,0x00,0x00,0x00,0x4f,0xfa,0x55,0x55,0x55,0x55,0x51,0x4f,0xff,0xff,0xff,
0xff,0xff,0xf4,0x4f,0xff,0xff,0xff,0xff,0xff,0xf4,0x4f,0xf8,0x00,0x00,0x00,0x00,0x00,0x4f,0xf8,0x00,
0x00,0x00,0x00,0x00,0x4f,0xf8,0x00,0x00,0x00,0x00,0x00,0x4f,0xf8,0x00,0x00,0x00,0x00,0x00,0x4f,0xf8,
0x00,0x00,0x00,0x00,0x00,0x4f,0xf8,0x00,0x00,0x00,0x00,0x00,0x4f,0xf8,0x00,0x00,0x00,0x00,0x00,0x4f,
0xfa,0x66,0x66,0x66,0x66,0x65,0x4f,0xff,0xff,0xff,0xff,0xff,0xfe,0x4f,0xff,0xff,0xff,0xff,0xff,0xfe,
0x08,0xff,0xc1,0x00,0x00,0x00,0x04,0xff,0x70,0x00,0x00,0x00,0x0a,0xff,0xa0,0x00,0x9f,0xfb,0x00,0x00,
0x00,0x04,0xff,0x70,0x00,0x00,0x00,0x8f,0xfb,0x00,0x00,0x0b,0xff,0x90,0x00,0x00,0x04,0xff,0x70,0x00,
0x00,0x07,0xff,0xc1,0x00,0x00,0x01,0xcf,0xf8,0x00,0x00,0x04,0xff,0x70,0x00,0x00,0x5f,0xfd,0x20,0x00,
0x00,0x00,0x1d,0xff,0x60,0x00,0x04,0xff,0x70,0x00,0x04,0xff,0xe2,0x00,0x00,0x00,0x00,0x02,0xdf,0xf5,
0x00,0x04,0xff,0x70,0x00,0x3e,0xfe,0x30,0x00,0x00,0x00,0x00,0x00,0x3e,0xff,0x40,0x04,0xff,0x70,0x02,
0xef,0xf5,0x00,0x00,0x00,0x00,0x00,0x00,0x04,0xff,0xe3,0x04,0xff,0x70,0x1d,0xff,0x60,0x00,0x00,0x00,
0x00,0x00,0x00,0x00,0xbf,0xfd,0x24,0xff,0x71,0xcf,0xfd,0x00,0x00,0x00,0x00,0x00,0x00,0x00,0x04,0xff,
0xff,0xd6,0xff,0x7b,0xff,0xff,0x70,0x00,0x00,0x00,0x00,0x00,0x00,0x1d,0xfe,0x9f,0xfe,0xff,0xef,0xfa,
0xcf,0xe2,0x00,0x00,0x00,0x00,0x00,0x00,0x8f,0xf5,0x0a,0xff,0xff,0xff,0xc1,0x3f,0xfa,0x00,0x00,0x00,
0x00,0x00,0x03,0xff,0xb0,0x00,0xbf,0xff,0xfd,0x10,0x09,0xff,0x50,0x00,0x00,0x00,0x00,0x0c,0xff,0x20,
0x00,0x1c,0xff,0xd2,0x00,0x01,0xdf,0xd1,0x00,0x00,0x00,0x00,0x6f,0xf7,0x00,0x00,0x05,0xff,0x70,0x00,
0x00,0x5f,0xf8,0x00,0x00,0x00,0x01,0xef,0xd0,0x00,0x00,0x04,0xff,0x70,0x00,0x00,0x0b,0xff,0x30,0x00,
0x00,0x0a,0xff,0x40,0x00,0x00,0x04,0xff,0x70,0x00,0x00,0x02,0xef,0xc0,0x00,0x00,0x4f,0xf9,0x00,0x00,
0x00,0x04,0xff,0x70,0x00,0x00,0x00,0x7f,0xf6,0x00,0x00,0xdf,0xe1,0x00,0x00,0x00,0x04,0xff,0x70,0x00,
0x00,0x00,0x0c,0xfe,0x20,0x08,0xff,0x60,0x00,0x00,0x00,0x04,0xff,0x70,0x00,0x00,0x00,0x03,0xff,0xa0,
0x2f,0xfb,0x00,0x00,0x00,0x00,0x04,0xff,0x70,0x00,0x00,0x00,0x00,0x9f,0xf4,0x02,0x69,0xce,0xff,0xeb,
0x82,0x00,0x00,0x0e,0xff,0xff,0xff,0xff,0xff,0x91,0x00,0x0e,0xfc,0x86,0x56,0x79,0xef,0xfb,0x00,0x06,
0x20,0x00,0x00,0x00,0x1c,0xff,0x50,0x00,0x00,0x00,0x00,0x00,0x04,0xff,0x90,0x00,0x00,0x00,0x00,0x00,
0x02,0xff,0x80,0x00,0x00,0x00,0x00,0x00,0x07,0xff,0x40,0x00,0x00,0x00,0x00,0x13,0x9f,0xf9,0x00,0x00,
0x00,0x9f,0xff,0xff,0xfd,0x60,0x00,0x00,0x00,0x9f,0xff,0xff,0xfb,0x40,0x00,0x00,0x00,0x35,0x55,0x69,
0xef,0xf8,0x00,0x00,0x00,0x00,0x00,0x00,0x1c,0xff,0x50,0x00,0x00,0x00,0x00,0x00,0x02,0xff,0xc0,0x00,
0x00,0x00,0x00,0x00,0x00,0xbf,0xf1,0x00,0x00,0x00,0x00,0x00,0x00,0xaf,0xf1,0x00,0x00,0x00,0x00,0x00,
0x00,0xcf,0xf0,0x10,0x00,0x00,0x00,0x00,0x02,0xff,0xb0,0x2d,0x50,0x00,0x00,0x00,0x3d,0xff,0x50,0x2f,
0xfd,0x97,0x66,0x8b,0xff,0xf9,0x00,0x2e,0xff,0xff,0xff,0xff,0xfe,0x60,0x00,0x01,0x58,0xbe,0xff,0xdb,
0x61,0x00,0x00,0x4f,0xf6,0x00,0x00,0x00,0x00,0xcf,0xff,0x34,0xff,0x60,0x00,0x00,0x00,0x4f,0xff,0xf3,
0x4f,0xf6,0x00,0x00,0x00,0x0c,0xff,0xff,0x34,0xff,0x60,0x00,0x00,0x05,0xff,0xef,0xf3,0x4f,0xf6,0x00,
0x00,0x00,0xcf,0xe8,0xff,0x34,0xff,0x60,0x00,0x00,0x5f,0xf7,0x7f,0xf3,0x4f,0xf6,0x00,0x00,0x0d,0xfe,
0x17,0xff,0x34,0xff,0x60,0x00,0x06,0xff,0x60,0x7f,0xf3,0x4f,0xf6,0x00,0x00,0xdf,0xd0,0x07,0xff,0x34,
0xff,0x60,0x00,0x6f,0xf6,0x00,0x7f,0xf3,0x4f,0xf6,0x00,0x1d,0xfd,0x00,0x07,0xff,0x34,0xff,0x60,0x07,
0xff,0x50,0x00,0x7f,0xf3,0x4f,0xf6,0x01,0xef,0xd0,0x00,0x07,0xff,0x34,0xff,0x60,0x7f,0xf5,0x00,0x00,
0x7f,0xf3,0x4f,0xf6,0x1e,0xfc,0x00,0x00,0x07,0xff,0x34,0xff,0x68,0xff,0x50,0x00,0x00,0x7f,0xf3,0x4f,
0xf8,0xef,0xc0,0x00,0x00,0x07,0xff,0x34,0xff,0xef,0xf4,0x00,0x00,0x00,0x7f,0xf3,0x4f,0xff,0xfb,0x00,
0x00,0x00,0x07,0xff,0x34,0xff,0xff,0x40,0x00,0x00,0x00,0x7f,0xf3,0x4f,0xff,0xb0,0x00,0x00,0x00,0x07,
0xff,0x30,0x00,0x00,0x66,0x00,0x00,0x17,0x40,0x00,0x00,0x00,0x0a,0xf7,0x10,0x2a,0xf6,0x00,0x00,0x00,
0x00,0x2e,0xff,0xff,0xfc,0x00,0x00,0x00,0x00,0x00,0x28,0xbc,0xa6,0x00,0x00,0x00,0x00,0x00,0x00,0x00,
0x00,0x00,0x00,0x00,0x00,0x00,0x00,0x00,0x00,0x00,0x00,0x00,0x00,0x4f,0xf6,0x00,0x00,0x00,0x00,0xcf,
0xff,0x34,0xff,0x60,0x00,0x00,0x00,0x4f,0xff,0xf3,0x4f,0xf6,0x00,0x00,0x00,0x0c,0xff,0xff,0x34,0xff,
0x60,0x00,0x00,0x05,0xff,0xef,0xf3,0x4f,0xf6,0x00,0x00,0x00,0xcf,0xe8,0xff,0x34,0xff,0x60,0x00,0x00,
0x5f,0xf7,0x7f,0xf3,0x4f,0xf6,0x00,0x00,0x0d,0xfe,0x17,0xff,0x34,0xff,0x60,0x00,0x06,0xff,0x60,0x7f,
0xf3,0x4f,0xf6,0x00,0x00,0xdf,0xd0,0x07,0xff,0x34,0xff,0x60,0x00,0x6f,0xf6,0x00,0x7f,0xf3,0x4f,0xf6,
0x00,0x1d,0xfd,0x00,0x07,0xff,0x34,0xff,0x60,0x07,0xff,0x50,0x00,0x7f,0xf3,0x4f,0xf6,0x01,0xef,0xd0,
0x00,0x07,0xff,0x34,0xff,0x60,0x7f,0xf5,0x00,0x00,0x7f,0xf3,0x4f,0xf6,0x1e,0xfc,0x00,0x00,0x07,0xff,
0x34,0xff,0x68,0xff,0x50,0x00,0x00,0x7f,0xf3,0x4f,0xf8,0xef,0xc0,0x00,0x00,0x07,0xff,0x34,0xff,0xef,
0xf4,0x00,0x00,0x00,0x7f,0xf3,0x4f,0xff,0xfb,0x00,0x00,0x00,0x07,0xff,0x34,0xff,0xff,0x40,0x00,0x00,
0x00,0x7f,0xf3,0x4f,0xff,0xb0,0x00,0x00,0x00,0x07,0xff,0x30,0x4f,0xf8,0x00,0x00,0x00,0x00,0x3e,0xff,
0x70,0x4f,0xf8,0x00,0x00,0x00,0x02,0xef,0xf7,0x00,0x4f,0xf8,0x00,0x00,0x00,0x2d,0xff,0x80,0x00,0x4f,
0xf8,0x00,0x00,0x01,0xdf,0xf9,0x00,0x00,0x4f,0xf8,0x00,0x00,0x1c,0xff,0xa0,0x00,0x00,0x4f,0xf8,0x00,
0x01,0xcf,0xfa,0x00,0x00,0x00,0x4f,0xf8,0x00,0x1b,0xff,0xb0,0x00,0x00,0x00,0x4f,0xf8,0x00,0xbf,0xfb,
0x10,0x00,0x00,0x00,0x4f,0xf8,0x0a,0xff,0xf3,0x00,0x00,0x00,0x00,0x4f,0xf8,0xaf,0xff,0xfc,0x00,0x00,
0x00,0x00,0x4f,0xfe,0xff,0xd9,0xff,0x70,0x00,0x00,0x00,0x4f,0xff,0xfd,0x21,0xdf,0xf2,0x00,0x00,0x00,
0x4f,0xff,0xe2,0x00,0x4f,0xfc,0x00,0x00,0x00,0x4f,0xfe,0x30,0x00,0x09,0xff,0x60,0x00,0x00,0x4f,0xf8,
0x00,0x00,0x01,0xdf,0xe2,0x00,0x00,0x4f,0xf8,0x00,0x00,0x00,0x4f,0xfb,0x00,0x00,0x4f,0xf8,0x00,0x00,
0x00,0x09,0xff,0x60,0x00,0x4f,0xf8,0x00,0x00,0x00,0x01,0xef,0xe2,0x00,0x4f,0xf8,0x00,0x00,0x00,0x00,
0x5f,0xfa,0x00,0x4f,0xf8,0x00,0x00,0x00,0x00,0x0a,0xff,0x50,0x4f,0xf8,0x00,0x00,0x00,0x00,0x01,0xef,
0xe1,0x00,0x00,0x0d,0xff,0xff,0xff,0xff,0xff,0xf4,0x00,0x00,0x0d,0xff,0xff,0xff,0xff,0xff,0xf4,0x00,
0x00,0x0d,0xfe,0x55,0x55,0x55,0xaf,0xf4,0x00,0x00,0x0d,0xfe,0x00,0x00,0x00,0x7f,0xf4,0x00,0x00,0x0d,
0xfe,0x00,0x00,0x00,0x7f,0xf4,0x00,0x00,0x0d,0xfd,0x00,0x00,0x00,0x7f,0xf4,0x00,0x00,0x0d,0xfd,0x00,
0x00,0x00,0x7f,0xf4,0x00,0x00,0x0e,0xfd,0x00,0x00,0x00,0x7f,0xf4,0x00,0x00,0x0f,0xfc,0x00,0x00,0x00,
0x7f,0xf4,0x00,0x00,0x1f,0xfb,0x00,0x00,0x00,0x7f,0xf4,0x00,0x00,0x2f,0xfa,0x00,0x00,0x00,0x7f,0xf4,
0x00,0x00,0x3f,0xf9,0x00,0x00,0x00,0x7f,0xf4,0x00,0x00,0x5f,0xf7,0x00,0x00,0x00,0x7f,0xf4,0x00,0x00,
0x8f,0xf5,0x00,0x00,0x00,0x7f,0xf4,0x00,0x00,0xbf,0xf2,0x00,0x00,0x00,0x7f,0xf4,0x00,0x01,0xef,0xd0,
0x00,0x00,0x00,0x7f,0xf4,0x00,0x08,0xff,0x80,0x00,0x00,0x00,0x7f,0xf4,0x00,0x7f,0xfe,0x10,0x00,0x00,
0x00,0x7f,0xf4,0x7d,0xff,0xf5,0x00,0x00,0x00,0x00,0x7f,0xf4,0xdf,0xfd,0x40,0x00,0x00,0x00,0x00,0x7f,
0xf4,0xba,0x60,0x00,0x00,0x00,0x00,0x00,0x7f,0xf4,0x4f,0xff,0xf1,0x00,0x00,0x00,0x00,0x0d,0xff,0xf6,
0x4f,0xff,0xf6,0x00,0x00,0x00,0x00,0x4f,0xff,0xf6,0x4f,0xff,0xfc,0x00,0x00,0x00,0x00,0x9f,0xff,0xf6,
0x4f,0xfa,0xff,0x20,0x00,0x00,0x00,0xef,0xaf,0xf6,0x4f,0xf6,0xdf,0x80,0x00,0x00,0x05,0xff,0x5f,0xf6,
0x4f,0xf6,0x8f,0xd0,0x00,0x00,0x0b,0xfa,0x4f,0xf6,0x4f,0xf6,0x2f,0xf3,0x00,0x00,0x1f,0xf4,0x4f,0xf6,
0x4f,0xf6,0x0c,0xf9,0x00,0x00,0x7f,0xe0,0x4f,0xf6,0x4f,0xf6,0x06,0xfe,0x00,0x00,0xcf,0x80,0x4f,0xf6,
0x4f,0xf6,0x01,0xff,0x50,0x02,0xff,0x30,0x4f,0xf6,0x4f,0xf6,0x00,0xaf,0xa0,0x08,0xfd,0x00,0x4f,0xf6,
0x4f,0xf6,0x00,0x5f,0xf1,0x0d,0xf7,0x00,0x4f,0xf6,0x4f,0xf6,0x00,0x0e,0xf6,0x4f,0xf2,0x00,0x4f,0xf6,
0x4f,0xf6,0x00,0x09,0xfc,0xaf,0xb0,0x00,0x4f,0xf6,0x4f,0xf6,0x00,0x03,0xff,0xff,0x60,0x00,0x4f,0xf6,
0x4f,0xf6,0x00,0x00,0xdf,0xfe,0x10,0x00,0x4f,0xf6,0x4f,0xf6,0x00,0x00,0x7f,0xf9,0x00,0x00,0x4f,0xf6,
0x4f,0xf6,0x00,0x00,0x00,0x00,0x00,0x00,0x4f,0xf6,0x4f,0xf6,0x00,0x00,0x00,0x00,0x00,0x00,0x4f,0xf6,
0x4f,0xf6,0x00,0x00,0x00,0x00,0x00,0x00,0x4f,0xf6,0x4f,0xf6,0x00,0x00,0x00,0x00,0x00,0x00,0x4f,0xf6,
0x4f,0xf8,0x00,0x00,0x00,0x00,0x07,0xff,0x54,0xff,0x80,0x00,0x00,0x00,0x00,0x7f,0xf5,0x4f,0xf8,0x00,
0x00,0x00,0x00,0x07,0xff,0x54,0xff,0x80,0x00,0x00,0x00,0x00,0x7f,0xf5,0x4f,0xf8,0x00,0x00,0x00,0x00,
0x07,0xff,0x54,0xff,0x80,0x00,0x00,0x00,0x00,0x7f,0xf5,0x4f,0xf8,0x00,0x00,0x00,0x00,0x07,0xff,0x54,
0xff,0x80,0x00,0x00,0x00,0x00,0x7f,0xf5,0x4f,0xfa,0x55,0x55,0x55,0x55,0x5a,0xff,0x54,0xff,0xff,0xff,
0xff,0xff,0xff,0xff,0xf5,0x4f,0xff,0xff,0xff,0xff,0xff,0xff,0xff,0x54,0xff,0x80,0x00,0x00,0x00,0x00,
0x7f,0xf5,0x4f,0xf8,0x00,0x00,0x00,0x00,0x07,0xff,0x54,0xff,0x80,0x00,0x00,0x00,0x00,0x7f,0xf5,0x4f,
0xf8,0x00,0x00,0x00,0x00,0x07,0xff,0x54,0xff,0x80,0x00,0x00,0x00,0x00,0x7f,0xf5,0x4f,0xf8,0x00,0x00,
0x00,0x00,0x07,0xff,0x54,0xff,0x80,0x00,0x00,0x00,0x00,0x7f,0xf5,0x4f,0xf8,0x00,0x00,0x00,0x00,0x07,
0xff,0x54,0xff,0x80,0x00,0x00,0x00,0x00,0x7f,0xf5,0x4f,0xf8,0x00,0x00,0x00,0x00,0x07,0xff,0x50,0x00,
0x00,0x00,0x6a,0xde,0xed,0xa6,0x10,0x00,0x00,0x00,0x00,0x5d,0xff,0xff,0xff,0xff,0xe5,0x00,0x00,0x00,
0x07,0xff,0xfc,0x75,0x57,0xcf,0xff,0x70,0x00,0x00,0x5f,0xff,0x50,0x00,0x00,0x05,0xef,0xf5,0x00,0x01,
0xef,0xf4,0x00,0x00,0x00,0x00,0x4f,0xfe,0x10,0x07,0xff,0x90,0x00,0x00,0x00,0x00,0x09,0xff,0x80,0x0d,
0xff,0x20,0x00,0x00,0x00,0x00,0x02,0xff,0xd0,0x1f,0xfd,0x00,0x00,0x00,0x00,0x00,0x00,0xcf,0xf2,0x4f,
0xfa,0x00,0x00,0x00,0x00,0x00,0x00,0x9f,0xf5,0x5f,0xf8,0x00,0x00,0x00,0x00,0x00,0x00,0x8f,0xf6,0x6f,
0xf7,0x00,0x00,0x00,0x00,0x00,0x00,0x7f,0xf7,0x5f,0xf8,0x00,0x00,0x00,0x00,0x00,0x00,0x8f,0xf6,0x4f,
0xfa,0x00,0x00,0x00,0x00,0x00,0x00,0x9f,0xf5,0x1f,0xfd,0x00,0x00,0x00,0x00,0x00,0x00,0xcf,0xf2,0x0d,
0xff,0x20,0x00,0x00,0x00,0x00,0x02,0xff,0xd0,0x07,0xff,0x90,0x00,0x00,0x00,0x00,0x09,0xff,0x80,0x01,
0xef,0xf4,0x00,0x00,0x00,0x00,0x4f,0xfe,0x10,0x00,0x5f,0xfe,0x50,0x00,0x00,0x05,0xef,0xf5,0x00,0x00,
0x07,0xff,0xfc,0x75,0x57,0xcf,0xff,0x70,0x00,0x00,0x00,0x5d,0xff,0xff,0xff,0xff,0xe5,0x00,0x00,0x00,
0x00,0x01,0x6a,0xde,0xed,0xa6,0x10,0x00,0x00,0x4f,0xff,0xff,0xff,0xff,0xff,0xff,0xff,0x54,0xff,0xff,
0xff,0xff,0xff,0xff,0xff,0xf5,0x4f,0xfa,0x55,0x55,0x55,0x55,0x5a,0xff,0x54,0xff,0x80,0x00,0x00,0x00,
0x00,0x7f,0xf5,0x4f,0xf8,0x00,0x00,0x00,0x00,0x07,0xff,0x54,0xff,0x80,0x00,0x00,0x00,0x00,0x7f,0xf5,
0x4f,0xf8,0x00,0x00,0x00,0x00,0x07,0xff,0x54,0xff,0x80,0x00,0x00,0x00,0x00,0x7f,0xf5,0x4f,0xf8,0x00,
0x00,0x00,0x00,0x07,0xff,0x54,0xff,0x80,0x00,0x00,0x00,0x00,0x7f,0xf5,0x4f,0xf8,0x00,0x00,0x00,0x00,
0x07,0xff,0x54,0xff,0x80,0x00,0x00,0x00,0x00,0x7f,0xf5,0x4f,0xf8,0x00,0x00,0x00,0x00,0x07,0xff,0x54,
0xff,0x80,0x00,0x00,0x00,0x00,0x7f,0xf5,0x4f,0xf8,0x00,0x00,0x00,0x00,0x07,0xff,0x54,0xff,0x80,0x00,
0x00,0x00,0x00,0x7f,0xf5,0x4f,0xf8,0x00,0x00,0x00,0x00,0x07,0xff,0x54,0xff,0x80,0x00,0x00,0x00,0x00,
0x7f,0xf5,0x4f,0xf8,0x00,0x00,0x00,0x00,0x07,0xff,0x54,0xff,0x80,0x00,0x00,0x00,0x00,0x7f,0xf5,0x4f,
0xf8,0x00,0x00,0x00,0x00,0x07,0xff,0x50,0x4f,0xff,0xff,0xff,0xdb,0x61,0x00,0x4f,0xff,0xff,0xff,0xff,
0xfd,0x30,0x4f,0xfa,0x55,0x56,0x8e,0xff,0xd1,0x4f,0xf8,0x00,0x00,0x01,0xdf,0xf7,0x4f,0xf8,0x00,0x00,
0x00,0x4f,0xfb,0x4f,0xf8,0x00,0x00,0x00,0x1f,0xfd,0x4f,0xf8,0x00,0x00,0x00,0x0f,0xfd,0x4f,0xf8,0x00,
0x00,0x00,0x3f,0xfc,0x4f,0xf8,0x00,0x00,0x00,0xaf,0xf9,0x4f,0xf8,0x00,0x01,0x4b,0xff,0xf2,0x4f,0xff,
0xff,0xff,0xff,0xff,0x60,0x4f,0xff,0xff,0xff,0xff,0xb4,0x00,0x4f,0xfa,0x55,0x54,0x31,0x00,0x00,0x4f,
0xf8,0x00,0x00,0x00,0x00,0x00,0x4f,0xf8,0x00,0x00,0x00,0x00,0x00,0x4f,0xf8,0x00,0x00,0x00,0x00,0x00,
0x4f,0xf8,0x00,0x00,0x00,0x00,0x00,0x4f,0xf8,0x00,0x00,0x00,0x00,0x00,0x4f,0xf8,0x00,0x00,0x00,0x00,
0x00,0x4f,0xf8,0x00,0x00,0x00,0x00,0x00,0x4f,0xf8,0x00,0x00,0x00,0x00,0x00,0x00,0x00,0x00,0x59,0xce,
0xfe,0xc9,0x40,0x00,0x00,0x00,0x4c,0xff,0xff,0xff,0xff,0xfd,0x50,0x00,0x06,0xff,0xfd,0x96,0x56,0x8c,
0xff,0xf0,0x00,0x4f,0xff,0x70,0x00,0x00,0x00,0x3b,0xf0,0x01,0xef,0xf5,0x00,0x00,0x00,0x00,0x00,0x70,
0x07,0xff,0x90,0x00,0x00,0x00,0x00,0x00,0x00,0x0d,0xff,0x20,0x00,0x00,0x00,0x00,0x00,0x00,0x1f,0xfd,
0x00,0x00,0x00,0x00,0x00,0x00,0x00,0x4f,0xfa,0x00,0x00,0x00,0x00,0x00,0x00,0x00,0x5f,0xf8,0x00,0x00,
0x00,0x00,0x00,0x00,0x00,0x6f,0xf7,0x00,0x00,0x00,0x00,0x00,0x00,0x00,0x5f,0xf8,0x00,0x00,0x00,0x00,
0x00,0x00,0x00,0x4f,0xfa,0x00,0x00,0x00,0x00,0x00,0x00,0x00,0x1f,0xfd,0x00,0x00,0x00,0x00,0x00,0x00,
0x00,0x0d,0xff,0x20,0x00,0x00,0x00,0x00,0x00,0x00,0x07,0xff,0x90,0x00,0x00,0x00,0x00,0x00,0x00,0x01,
0xef,0xf5,0x00,0x00,0x00,0x00,0x00,0x70,0x00,0x4f,0xff,0x70,0x00,0x00,0x00,0x3b,0xf0,0x00,0x06,0xff,
0xfd,0x96,0x56,0x8c,0xff,0xf0,0x00,0x00,0x4c,0xff,0xff,0xff,0xff,0xfd,0x50,0x00,0x00,0x00,0x59,0xce,
0xfe,0xc9,0x40,0x00,0x1f,0xff,0xff,0xff,0xff,0xff,0xff,0xff,0xff,0x31,0xff,0xff,0xff,0xff,0xff,0xff,
0xff,0xff,0xf3,0x05,0x55,0x55,0x55,0xdf,0xe5,0x55,0x55,0x55,0x10,0x00,0x00,0x00,0x0c,0xfe,0x00,0x00,
0x00,0x00,0x00,0x00,0x00,0x00,0xcf,0xe0,0x00,0x00,0x00,0x00,0x00,0x00,0x00,0x0c,0xfe,0x00,0x00,0x00,
0x00,0x00,0x00,0x00,0x00,0xcf,0xe0,0x00,0x00,0x00,0x00,0x00,0x00,0x00,0x0c,0xfe,0x00,0x00,0x00,0x00,
0x00,0x00,0x00,0x00,0xcf,0xe0,0x00,0x00,0x00,0x00,0x00,0x00,0x00,0x0c,0xfe,0x00,0x00,0x00,0x00,0x00,
0x00,0x00,0x00,0xcf,0xe0,0x00,0x00,0x00,0x00,0x00,0x00,0x00,0x0c,0xfe,0x00,0x00,0x00,0x00,0x00,0x00,
0x00,0x00,0xcf,0xe0,0x00,0x00,0x00,0x00,0x00,0x00,0x00,0x0c,0xfe,0x00,0x00,0x00,0x00,0x00,0x00,0x00,
0x00,0xcf,0xe0,0x00,0x00,0x00,0x00,0x00,0x00,0x00,0x0c,0xfe,0x00,0x00,0x00,0x00,0x00,0x00,0x00,0x00,
0xcf,0xe0,0x00,0x00,0x00,0x00,0x00,0x00,0x00,0x0c,0xfe,0x00,0x00,0x00,0x00,0x00,0x00,0x00,0x00,0xcf,
0xe0,0x00,0x00,0x00,0x00,0x00,0x00,0x00,0x0c,0xfe,0x00,0x00,0x00,0x00,0x00,0x00,0x00,0x00,0xcf,0xe0,
0x00,0x00,0x00,0x00,0x5f,0xfa,0x00,0x00,0x00,0x00,0x09,0xff,0x60,0xdf,0xf1,0x00,0x00,0x00,0x01,0xef,
0xe0,0x07,0xff,0x70,0x00,0x00,0x00,0x6f,0xf8,0x00,0x1f,0xfd,0x00,0x00,0x00,0x0c,0xff,0x20,0x00,0xaf,
0xf4,0x00,0x00,0x04,0xff,0xb0,0x00,0x04,0xff,0xb0,0x00,0x00,0xaf,0xf5,0x00,0x00,0x0d,0xff,0x20,0x00,
0x1f,0xfd,0x00,0x00,0x00,0x7f,0xf8,0x00,0x07,0xff,0x70,0x00,0x00,0x01,0xef,0xe0,0x00,0xdf,0xf1,0x00,
0x00,0x00,0x09,0xff,0x50,0x5f,0xfa,0x00,0x00,0x00,0x00,0x3f,0xfb,0x0b,0xff,0x40,0x00,0x00,0x00,0x00,
0xcf,0xf5,0xff,0xc0,0x00,0x00,0x00,0x00,0x06,0xff,0xef,0xf6,0x00,0x00,0x00,0x00,0x00,0x1e,0xff,0xfe,
0x10,0x00,0x00,0x00,0x00,0x00,0x8f,0xff,0x90,0x00,0x00,0x00,0x00,0x00,0x02,0xff,0xf3,0x00,0x00,0x00,
0x00,0x00,0x00,0x3f,0xfb,0x00,0x00,0x00,0x00,0x00,0x00,0x0a,0xff,0x50,0x00,0x00,0x00,0x00,0x26,0x7a,
0xff,0xd0,0x00,0x00,0x00,0x00,0x05,0xff,0xff,0xf5,0x00,0x00,0x00,0x00,0x00,0x5f,0xed,0xa4,0x00,0x00,
0x00,0x00,0x00,0x00,0x00,0x00,0x00,0x05,0xff,0x70,0x00,0x00,0x00,0x00,0x00,0x00,0x00,0x00,0x05,0xff,
0x70,0x00,0x00,0x00,0x00,0x00,0x00,0x02,0x7b,0xdf,0xff,0xfe,0xb7,0x30,0x00,0x00,0x00,0x01,0xaf,0xff,
0xff,0xff,0xff,0xff,0xfb,0x20,0x00,0x00,0x2d,0xff,0xfb,0x79,0xff,0xa7,0xbf,0xff,0xe4,0x00,0x01,0xdf,
0xfb,0x20,0x05,0xff,0x70,0x02,0xaf,0xfe,0x20,0x08,0xff,0xb0,0x00,0x05,0xff,0x70,0x00,0x09,0xff,0xa0,
0x0e,0xff,0x20,0x00,0x05,0xff,0x70,0x00,0x01,0xef,0xf1,0x3f,0xfc,0x00,0x00,0x05,0xff,0x70,0x00,0x00,
0xaf,0xf4,0x4f,0xf9,0x00,0x00,0x05,0xff,0x70,0x00,0x00,0x8f,0xf6,0x5f,0xf9,0x00,0x00,0x05,0xff,0x70,
0x00,0x00,0x7f,0xf6,0x4f,0xfa,0x00,0x00,0x05,0xff,0x70,0x00,0x00,0x9f,0xf5,0x1f,0xfe,0x00,0x00,0x05,
0xff,0x70,0x00,0x00,0xcf,0xf2,0x0b,0xff,0x60,0x00,0x05,0xff,0x70,0x00,0x05,0xff,0xd0,0x04,0xff,0xf5,
0x00,0x05,0xff,0x70,0x00,0x3e,0xff,0x50,0x00,0x8f,0xff,0xa4,0x15,0xff,0x70,0x4a,0xff,0xf9,0x00,0x00,
0x07,0xff,0xff,0xfe,0xff,0xef,0xff,0xff,0x80,0x00,0x00,0x00,0x29,0xef,0xff,0xff,0xff,0xfe,0x93,0x00,
0x00,0x00,0x00,0x00,0x03,0x5a,0xff,0xb5,0x30,0x00,0x00,0x00,0x00,0x00,0x00,0x00,0x05,0xff,0x70,0x00,
0x00,0x00,0x00,0x00,0x00,0x00,0x00,0x05,0xff,0x70,0x00,0x00,0x00,0x00,0x01,0xdf,0xe2,0x00,0x00,0x00,
0x00,0x6f,0xf8,0x00,0x04,0xff,0xb0,0x00,0x00,0x00,0x2e,0xfd,0x10,0x00,0x09,0xff,0x50,0x00,0x00,0x0b,
0xff,0x40,0x00,0x00,0x1e,0xfe,0x10,0x00,0x06,0xff,0x90,0x00,0x00,0x00,0x5f,0xfa,0x00,0x02,0xef,0xd1,
0x00,0x00,0x00,0x00,0xaf,0xf4,0x00,0xaf,0xf4,0x00,0x00,0x00,0x00,0x01,0xef,0xd1,0x5f,0xfa,0x00,0x00,
0x00,0x00,0x00,0x06,0xff,0xae,0xfe,0x10,0x00,0x00,0x00,0x00,0x00,0x0b,0xff,0xff,0x50,0x00,0x00,0x00,
0x00,0x00,0x00,0x2f,0xff,0xa0,0x00,0x00,0x00,0x00,0x00,0x00,0x05,0xff,0xf9,0x00,0x00,0x00,0x00,0x00,
0x00,0x01,0xef,0xff,0xf3,0x00,0x00,0x00,0x00,0x00,0x00,0xaf,0xf7,0xff,0xd0,0x00,0x00,0x00,0x00,0x00,
0x4f,0xfa,0x07,0xff,0x80,0x00,0x00,0x00,0x00,0x1d,0xfe,0x10,0x0c,0xff,0x30,0x00,0x00,0x00,0x09,0xff,
0x60,0x00,0x3f,0xfc,0x00,0x00,0x00,0x04,0xff,0xb0,0x00,0x00,0x8f,0xf6,0x00,0x00,0x01,0xdf,0xe2,0x00,
0x00,0x01,0xdf,0xe2,0x00,0x00,0x8f,0xf6,0x00,0x00,0x00,0x04,0xff,0xb0,0x00,0x3f,0xfc,0x00,0x00,0x00,
0x00,0x09,0xff,0x50,0x0c,0xff,0x20,0x00,0x00,0x00,0x00,0x1e,0xfe,0x10,0x4f,0xf8,0x00,0x00,0x00,0x00,
0x07,0xff,0x50,0x04,0xff,0x80,0x00,0x00,0x00,0x00,0x7f,0xf5,0x00,0x4f,0xf8,0x00,0x00,0x00,0x00,0x07,
0xff,0x50,0x04,0xff,0x80,0x00,0x00,0x00,0x00,0x7f,0xf5,0x00,0x4f,0xf8,0x00,0x00,0x00,0x00,0x07,0xff,
0x50,0x04,0xff,0x80,0x00,0x00,0x00,0x00,0x7f,0xf5,0x00,0x4f,0xf8,0x00,0x00,0x00,0x00,0x07,0xff,0x50,
0x04,0xff,0x80,0x00,0x00,0x00,0x00,0x7f,0xf5,0x00,0x4f,0xf8,0x00,0x00,0x00,0x00,0x07,0xff,0x50,0x04,
0xff,0x80,0x00,0x00,0x00,0x00,0x7f,0xf5,0x00,0x4f,0xf8,0x00,0x00,0x00,0x00,0x07,0xff,0x50,0x04,0xff,
0x80,0x00,0x00,0x00,0x00,0x7f,0xf5,0x00,0x4f,0xf8,0x00,0x00,0x00,0x00,0x07,0xff,0x50,0x04,0xff,0x80,
0x00,0x00,0x00,0x00,0x7f,0xf5,0x00,0x4f,0xf8,0x00,0x00,0x00,0x00,0x07,0xff,0x50,0x04,0xff,0x80,0x00,
0x00,0x00,0x00,0x7f,0xf5,0x00,0x4f,0xf8,0x00,0x00,0x00,0x00,0x07,0xff,0x50,0x04,0xff,0x80,0x00,0x00,
0x00,0x00,0x7f,0xf5,0x00,0x4f,0xfa,0x66,0x66,0x66,0x66,0x6a,0xff,0x96,0x44,0xff,0xff,0xff,0xff,0xff,
0xff,0xff,0xff,0xf9,0x4f,0xff,0xff,0xff,0xff,0xff,0xff,0xff,0xff,0x90,0x00,0x00,0x00,0x00,0x00,0x00,
0x00,0x0a,0xf9,0x00,0x00,0x00,0x00,0x00,0x00,0x00,0x00,0xaf,0x90,0x00,0x00,0x00,0x00,0x00,0x00,0x00,
0x0a,0xf9,0x00,0x00,0x00,0x00,0x00,0x00,0x00,0x00,0xaf,0x90,0x00,0x00,0x00,0x00,0x00,0x00,0x00,0x05,
0x74,0x9f,0xf2,0x00,0x00,0x00,0x05,0xff,0x79,0xff,0x20,0x00,0x00,0x00,0x5f,0xf7,0x9f,0xf2,0x00,0x00,
0x00,0x05,0xff,0x79,0xff,0x20,0x00,0x00,0x00,0x5f,0xf7,0x9f,0xf2,0x00,0x00,0x00,0x05,0xff,0x79,0xff,
0x20,0x00,0x00,0x00,0x5f,0xf7,0x9f,0xf3,0x00,0x00,0x00,0x05,0xff,0x77,0xff,0x60,0x00,0x00,0x00,0x5f,
0xf7,0x4f,0xfb,0x00,0x00,0x00,0x05,0xff,0x70,0xdf,0xfa,0x20,0x00,0x00,0x5f,0xf7,0x04,0xff,0xff,0xff,
0xff,0xff,0xff,0x70,0x04,0xdf,0xff,0xff,0xff,0xff,0xf7,0x00,0x00,0x35,0x66,0x66,0x69,0xff,0x70,0x00,
0x00,0x00,0x00,0x00,0x5f,0xf7,0x00,0x00,0x00,0x00,0x00,0x05,0xff,0x70,0x00,0x00,0x00,0x00,0x00,0x5f,
0xf7,0x00,0x00,0x00,0x00,0x00,0x05,0xff,0x70,0x00,0x00,0x00,0x00,0x00,0x5f,0xf7,0x00,0x00,0x00,0x00,
0x00,0x05,0xff,0x70,0x00,0x00,0x00,0x00,0x00,0x5f,0xf7,0x00,0x00,0x00,0x00,0x00,0x05,0xff,0x70,0x4f,
0xf8,0x00,0x00,0x00,0x06,0xff,0x50,0x00,0x00,0x00,0x8f,0xf3,0x4f,0xf8,0x00,0x00,0x00,0x06,0xff,0x50,
0x00,0x00,0x00,0x8f,0xf3,0x4f,0xf8,0x00,0x00,0x00,0x06,0xff,0x50,0x00,0x00,0x00,0x8f,0xf3,0x4f,0xf8,
0x00,0x00,0x00,0x06,0xff,0x50,0x00,0x00,0x00,0x8f,0xf3,0x4f,0xf8,0x00,0x00,0x00,0x06,0xff,0x50,0x00,
0x00,0x00,0x8f,0xf3,0x4f,0xf8,0x00,0x00,0x00,0x06,0xff,0x50,0x00,0x00,0x00,0x8f,0xf3,0x4f,0xf8,0x00,
0x00,0x00,0x06,0xff,0x50,0x00,0x00,0x00,0x8f,0xf3,0x4f,0xf8,0x00,0x00,0x00,0x06,0xff,0x50,0x00,0x00,
0x00,0x8f,0xf3,0x4f,0xf8,0x00,0x00,0x00,0x06,0xff,0x50,0x00,0x00,0x00,0x8f,0xf3,0x4f,0xf8,0x00,0x00,
0x00,0x06,0xff,0x50,0x00,0x00,0x00,0x8f,0xf3,0x4f,0xf8,0x00,0x00,0x00,0x06,0xff,0x50,0x00,0x00,0x00,
0x8f,0xf3,0x4f,0xf8,0x00,0x00,0x00,0x06,0xff,0x50,0x00,0x00,0x00,0x8f,0xf3,0x4f,0xf8,0x00,0x00,0x00,
0x06,0xff,0x50,0x00,0x00,0x00,0x8f,0xf3,0x4f,0xf8,0x00,0x00,0x00,0x06,0xff,0x50,0x00,0x00,0x00,0x8f,
0xf3,0x4f,0xf8,0x00,0x00,0x00,0x06,0xff,0x50,0x00,0x00,0x00,0x8f,0xf3,0x4f,0xf8,0x00,0x00,0x00,0x06,
0xff,0x50,0x00,0x00,0x00,0x8f,0xf3,0x4f,0xf8,0x00,0x00,0x00,0x06,0xff,0x50,0x00,0x00,0x00,0x8f,0xf3,
0x4f,0xf8,0x00,0x00,0x00,0x06,0xff,0x50,0x00,0x00,0x00,0x8f,0xf3,0x4f,0xfa,0x66,0x66,0x66,0x69,0xff,
0x96,0x66,0x66,0x66,0xbf,0xf3,0x4f,0xff,0xff,0xff,0xff,0xff,0xff,0xff,0xff,0xff,0xff,0xff,0xf3,0x4f,
0xff,0xff,0xff,0xff,0xff,0xff,0xff,0xff,0xff,0xff,0xff,0xf3,0x4f,0xf8,0x00,0x00,0x00,0x06,0xff,0x50,
0x00,0x00,0x00,0x8f,0xf3,0x00,0x4f,0xf8,0x00,0x00,0x00,0x06,0xff,0x50,0x00,0x00,0x00,0x8f,0xf3,0x00,
0x4f,0xf8,0x00,0x00,0x00,0x06,0xff,0x50,0x00,0x00,0x00,0x8f,0xf3,0x00,0x4f,0xf8,0x00,0x00,0x00,0x06,
0xff,0x50,0x00,0x00,0x00,0x8f,0xf3,0x00,0x4f,0xf8,0x00,0x00,0x00,0x06,0xff,0x50,0x00,0x00,0x00,0x8f,
0xf3,0x00,0x4f,0xf8,0x00,0x00,0x00,0x06,0xff,0x50,0x00,0x00,0x00,0x8f,0xf3,0x00,0x4f,0xf8,0x00,0x00,
0x00,0x06,0xff,0x50,0x00,0x00,0x00,0x8f,0xf3,0x00,0x4f,0xf8,0x00,0x00,0x00,0x06,0xff,0x50,0x00,0x00,
0x00,0x8f,0xf3,0x00,0x4f,0xf8,0x00,0x00,0x00,0x06,0xff,0x50,0x00,0x00,0x00,0x8f,0xf3,0x00,0x4f,0xf8,
0x00,0x00,0x00,0x06,0xff,0x50,0x00,0x00,0x00,0x8f,0xf3,0x00,0x4f,0xf8,0x00,0x00,0x00,0x06,0xff,0x50,
0x00,0x00,0x00,0x8f,0xf3,0x00,0x4f,0xf8,0x00,0x00,0x00,0x06,0xff,0x50,0x00,0x00,0x00,0x8f,0xf3,0x00,
0x4f,0xf8,0x00,0x00,0x00,0x06,0xff,0x50,0x00,0x00,0x00,0x8f,0xf3,0x00,0x4f,0xf8,0x00,0x00,0x00,0x06,
0xff,0x50,0x00,0x00,0x00,0x8f,0xf3,0x00,0x4f,0xf8,0x00,0x00,0x00,0x06,0xff,0x50,0x00,0x00,0x00,0x8f,
0xf3,0x00,0x4f,0xf8,0x00,0x00,0x00,0x06,0xff,0x50,0x00,0x00,0x00,0x8f,0xf3,0x00,0x4f,0xf8,0x00,0x00,
0x00,0x06,0xff,0x50,0x00,0x00,0x00,0x8f,0xf3,0x00,0x4f,0xf8,0x00,0x00,0x00,0x06,0xff,0x50,0x00,0x00,
0x00,0x8f,0xf3,0x00,0x4f,0xfa,0x66,0x66,0x66,0x69,0xff,0x96,0x66,0x66,0x66,0xbf,0xf7,0x63,0x4f,0xff,
0xff,0xff,0xff,0xff,0xff,0xff,0xff,0xff,0xff,0xff,0xff,0xf8,0x4f,0xff,0xff,0xff,0xff,0xff,0xff,0xff,
0xff,0xff,0xff,0xff,0xff,0xf8,0x00,0x00,0x00,0x00,0x00,0x00,0x00,0x00,0x00,0x00,0x00,0x00,0x0c,0xf8,
0x00,0x00,0x00,0x00,0x00,0x00,0x00,0x00,0x00,0x00,0x00,0x00,0x0c,0xf8,0x00,0x00,0x00,0x00,0x00,0x00,
0x00,0x00,0x00,0x00,0x00,0x00,0x0c,0xf8,0x00,0x00,0x00,0x00,0x00,0x00,0x00,0x00,0x00,0x00,0x00,0x00,
0x0c,0xf8,0x00,0x00,0x00,0x00,0x00,0x00,0x00,0x00,0x00,0x00,0x00,0x00,0x06,0x74,0x3f,0xff,0xff,0xff,
0xf9,0x00,0x00,0x00,0x00,0x00,0x00,0x3f,0xff,0xff,0xff,0xf9,0x00,0x00,0x00,0x00,0x00,0x00,0x15,0x55,
0x55,0x7f,0xf9,0x00,0x00,0x00,0x00,0x00,0x00,0x00,0x00,0x00,0x2f,0xf9,0x00,0x00,0x00,0x00,0x00,0x00,
0x00,0x00,0x00,0x2f,0xf9,0x00,0x00,0x00,0x00,0x00,0x00,0x00,0x00,0x00,0x2f,0xf9,0x00,0x00,0x00,0x00,
0x00,0x00,0x00,0x00,0x00,0x2f,0xf9,0x00,0x00,0x00,0x00,0x00,0x00,0x00,0x00,0x00,0x2f,0xf9,0x00,0x00,
0x00,0x00,0x00,0x00,0x00,0x00,0x00,0x2f,0xfb,0x55,0x55,0x43,0x10,0x00,0x00,0x00,0x00,0x00,0x2f,0xff,
0xff,0xff,0xff,0xfc,0x60,0x00,0x00,0x00,0x00,0x2f,0xff,0xff,0xff,0xff,0xff,0xfa,0x00,0x00,0x00,0x00,
0x2f,0xf9,0x00,0x00,0x02,0x7e,0xff,0x80,0x00,0x00,0x00,0x2f,0xf9,0x00,0x00,0x00,0x03,0xff,0xe0,0x00,
0x00,0x00,0x2f,0xf9,0x00,0x00,0x00,0x00,0xbf,0xf3,0x00,0x00,0x00,0x2f,0xf9,0x00,0x00,0x00,0x00,0x9f,
0xf4,0x00,0x00,0x00,0x2f,0xf9,0x00,0x00,0x00,0x00,0xaf,0xf4,0x00,0x00,0x00,0x2f,0xf9,0x00,0x00,0x00,
0x00,0xdf,0xf2,0x00,0x00,0x00,0x2f,0xf9,0x00,0x00,0x00,0x07,0xff,0xd0,0x00,0x00,0x00,0x2f,0xfb,0x55,
0x55,0x57,0xcf,0xff,0x50,0x00,0x00,0x00,0x2f,0xff,0xff,0xff,0xff,0xff,0xe6,0x00,0x00,0x00,0x00,0x2f,
0xff,0xff,0xff,0xfe,0xc8,0x20,0x00,0x4f,0xf8,0x00,0x00,0x00,0x00,0x00,0x00,0x0c,0xfe,0x4f,0xf8,0x00,
0x00,0x00,0x00,0x00,0x00,0x0c,0xfe,0x4f,0xf8,0x00,0x00,0x00,0x00,0x00,0x00,0x0c,0xfe,0x4f,0xf8,0x00,
0x00,0x00,0x00,0x00,0x00,0x0c,0xfe,0x4f,0xf8,0x00,0x00,0x00,0x00,0x00,0x00,0x0c,0xfe,0x4f,0xf8,0x00,
0x00,0x00,0x00,0x00,0x00,0x0c,0xfe,0x4f,0xf8,0x00,0x00,0x00,0x00,0x00,0x00,0x0c,0xfe,0x4f,0xf8,0x00,
0x00,0x00,0x00,0x00,0x00,0x0c,0xfe,0x4f,0xfa,0x55,0x55,0x43,0x10,0x00,0x00,0x0c,0xfe,0x4f,0xff,0xff,
0xff,0xff,0xfc,0x50,0x00,0x0c,0xfe,0x4f,0xff,0xff,0xff,0xff,0xff,0xf9,0x00,0x0c,0xfe,0x4f,0xf8,0x00,
0x00,0x02,0x7e,0xff,0x60,0x0c,0xfe,0x4f,0xf8,0x00,0x00,0x00,0x05,0xff,0xd0,0x0c,0xfe,0x4f,0xf8,0x00,
0x00,0x00,0x00,0xdf,0xf2,0x0c,0xfe,0x4f,0xf8,0x00,0x00,0x00,0x00,0xbf,0xf3,0x0c,0xfe,0x4f,0xf8,0x00,
0x00,0x00,0x00,0xbf,0xf3,0x0c,0xfe,0x4f,0xf8,0x00,0x00,0x00,0x01,0xef,0xf1,0x0c,0xfe,0x4f,0xf8,0x00,
0x00,0x00,0x09,0xff,0xb0,0x0c,0xfe,0x4f,0xfa,0x55,0x55,0x57,0xcf,0xff,0x30,0x0c,0xfe,0x4f,0xff,0xff,
0xff,0xff,0xff,0xe5,0x00,0x0c,0xfe,0x4f,0xff,0xff,0xff,0xfe,0xb7,0x10,0x00,0x0c,0xfe,0x4f,0xf8,0x00,
0x00,0x00,0x00,0x00,0x00,0x4f,0xf8,0x00,0x00,0x00,0x00,0x00,0x00,0x4f,0xf8,0x00,0x00,0x00,0x00,0x00,
0x00,0x4f,0xf8,0x00,0x00,0x00,0x00,0x00,0x00,0x4f,0xf8,0x00,0x00,0x00,0x00,0x00,0x00,0x4f,0xf8,0x00,
0x00,0x00,0x00,0x00,0x00,0x4f,0xf8,0x00,0x00,0x00,0x00,0x00,0x00,0x4f,0xf8,0x00,0x00,0x00,0x00,0x00,
0x00,0x4f,0xfa,0x55,0x55,0x43,0x10,0x00,0x00,0x4f,0xff,0xff,0xff,0xff,0xfc,0x50,0x00,0x4f,0xff,0xff,
0xff,0xff,0xff,0xf9,0x00,0x4f,0xf8,0x00,0x00,0x02,0x7e,0xff,0x60,0x4f,0xf8,0x00,0x00,0x00,0x05,0xff,
0xd0,0x4f,0xf8,0x00,0x00,0x00,0x00,0xdf,0xf2,0x4f,0xf8,0x00,0x00,0x00,0x00,0xbf,0xf3,0x4f,0xf8,0x00,
0x00,0x00,0x00,0xbf,0xf3,0x4f,0xf8,0x00,0x00,0x00,0x01,0xef,0xf1,0x4f,0xf8,0x00,0x00,0x00,0x09,0xff,
0xb0,0x4f,0xfa,0x55,0x55,0x57,0xcf,0xff,0x30,0x4f,0xff,0xff,0xff,0xff,0xff,0xe5,0x00,0x4f,0xff,0xff,
0xff,0xfe,0xb7,0x10,0x00,0x00,0x17,0xbd,0xee,0xdb,0x72,0x00,0x00,0x01,0x9f,0xff,0xff,0xff,0xff,0xf9,
0x10,0x00,0x7f,0xfe,0xa7,0x55,0x7a,0xef,0xfc,0x20,0x07,0xe6,0x00,0x00,0x00,0x01,0x9f,0xfc,0x00,0x41,
0x00,0x00,0x00,0x00,0x00,0x9f,0xf8,0x00,0x00,0x00,0x00,0x00,0x00,0x01,0xef,0xe1,0x00,0x00,0x00,0x00,
0x00,0x00,0x08,0xff,0x60,0x00,0x00,0x00,0x00,0x00,0x00,0x3f,0xfa,0x00,0x00,0x00,0x00,0x00,0x00,0x00,
0xff,0xd0,0x00,0xdf,0xff,0xff,0xff,0xff,0xff,0xfe,0x00,0x0d,0xff,0xff,0xff,0xff,0xff,0xff,0xf0,0x00,
0x56,0x66,0x66,0x66,0x66,0x6f,0xfe,0x00,0x00,0x00,0x00,0x00,0x00,0x02,0xff,0xd0,0x00,0x00,0x00,0x00,
0x00,0x00,0x5f,0xfa,0x00,0x00,0x00,0x00,0x00,0x00,0x0a,0xff,0x60,0x00,0x00,0x00,0x00,0x00,0x02,0xff,
0xe1,0x63,0x00,0x00,0x00,0x00,0x00,0xbf,0xf8,0x07,0xf8,0x10,0x00,0x00,0x01,0xaf,0xfc,0x00,0x7f,0xfe,
0xa7,0x55,0x7a,0xef,0xfc,0x20,0x01,0x9f,0xff,0xff,0xff,0xff,0xf9,0x10,0x00,0x00,0x17,0xbd,0xef,0xdb,
0x72,0x00,0x00,0x00,0x2f,0xfa,0x00,0x00,0x00,0x00,0x05,0xad,0xef,0xdb,0x71,0x00,0x00,0x02,0xff,0xa0,
0x00,0x00,0x00,0x4d,0xff,0xff,0xff,0xff,0xe7,0x00,0x00,0x2f,0xfa,0x00,0x00,0x00,0x5f,0xff,0xd8,0x55,
0x6b,0xff,0xfa,0x00,0x02,0xff,0xa0,0x00,0x00,0x3f,0xff,0x70,0x00,0x00,0x03,0xdf,0xf8,0x00,0x2f,0xfa,
0x00,0x00,0x0d,0xff,0x70,0x00,0x00,0x00,0x02,0xef,0xf4,0x02,0xff,0xa0,0x00,0x06,0xff,0xc0,0x00,0x00,
0x00,0x00,0x06,0xff,0xb0,0x2f,0xfa,0x00,0x00,0xbf,0xf5,0x00,0x00,0x00,0x00,0x00,0x0e,0xff,0x12,0xff,
0xa0,0x00,0x0f,0xff,0x10,0x00,0x00,0x00,0x00,0x00,0x9f,0xf5,0x2f,0xfa,0x00,0x02,0xff,0xc0,0x00,0x00,
0x00,0x00,0x00,0x06,0xff,0x82,0xff,0xff,0xff,0xff,0xfb,0x00,0x00,0x00,0x00,0x00,0x00,0x5f,0xf9,0x2f,
0xff,0xff,0xff,0xff,0xa0,0x00,0x00,0x00,0x00,0x00,0x04,0xff,0xa2,0xff,0xc6,0x66,0x7f,0xfb,0x00,0x00,
0x00,0x00,0x00,0x00,0x5f,0xf9,0x2f,0xfa,0x00,0x01,0xff,0xc0,0x00,0x00,0x00,0x00,0x00,0x06,0xff,0x82,
0xff,0xa0,0x00,0x0d,0xff,0x10,0x00,0x00,0x00,0x00,0x00,0x9f,0xf5,0x2f,0xfa,0x00,0x00,0x9f,0xf5,0x00,
0x00,0x00,0x00,0x00,0x0e,0xff,0x12,0xff,0xa0,0x00,0x03,0xff,0xc0,0x00,0x00,0x00,0x00,0x06,0xff,0xb0,
0x2f,0xfa,0x00,0x00,0x0a,0xff,0x70,0x00,0x00,0x00,0x02,0xef,0xf4,0x02,0xff,0xa0,0x00,0x00,0x1e,0xff,
0x70,0x00,0x00,0x03,0xdf,0xf8,0x00,0x2f,0xfa,0x00,0x00,0x00,0x3e,0xff,0xd8,0x55,0x6a,0xff,0xfa,0x00,
0x02,0xff,0xa0,0x00,0x00,0x00,0x3c,0xff,0xff,0xff,0xff,0xe7,0x00,0x00,0x2f,0xfa,0x00,0x00,0x00,0x00,
0x05,0x9d,0xef,0xdb,0x71,0x00,0x00,0x00,0x00,0x00,0x28,0xce,0xff,0xff,0xff,0xfb,0x00,0x07,0xff,0xff,
0xff,0xff,0xff,0xfb,0x00,0x6f,0xff,0xc7,0x55,0x55,0x5f,0xfb,0x00,0xef,0xf7,0x00,0x00,0x00,0x1f,0xfb,
0x04,0xff,0xd0,0x00,0x00,0x00,0x1f,0xfb,0x06,0xff,0xa0,0x00,0x00,0x00,0x1f,0xfb,0x06,0xff,0xa0,0x00,
0x00,0x00,0x1f,0xfb,0x04,0xff,0xc0,0x00,0x00,0x00,0x1f,0xfb,0x01,0xff,0xf4,0x00,0x00,0x00,0x1f,0xfb,
0x00,0x8f,0xfe,0x72,0x00,0x00,0x1f,0xfb,0x00,0x08,0xff,0xff,0xff,0xff,0xff,0xfb,0x00,0x00,0x29,0xef,
0xff,0xff,0xff,0xfb,0x00,0x00,0x00,0xdf,0xf5,0x55,0x5f,0xfb,0x00,0x00,0x07,0xff,0x80,0x00,0x1f,0xfb,
0x00,0x00,0x2f,0xfd,0x00,0x00,0x1f,0xfb,0x00,0x00,0xbf,0xf4,0x00,0x00,0x1f,0xfb,0x00,0x05,0xff,0xa0,
0x00,0x00,0x1f,0xfb,0x00,0x1e,0xfe,0x10,0x00,0x00,0x1f,0xfb,0x00,0x9f,0xf6,0x00,0x00,0x00,0x1f,0xfb,
0x03,0xff,0xc0,0x00,0x00,0x00,0x1f,0xfb,0x0c,0xff,0x30,0x00,0x00,0x00,0x1f,0xfb,0x00,0x27,0xbd,0xfe,
0xda,0x40,0x00,0x03,0xff,0xff,0xff,0xff,0xf9,0x00,0x03,0xfb,0x74,0x34,0x7d,0xff,0x70,0x01,0x20,0x00,
0x00,0x00,0xaf,0xe1,0x00,0x00,0x00,0x00,0x00,0x2f,0xf5,0x00,0x00,0x00,0x00,0x00,0x0e,0xf7,0x00,0x04,
0xad,0xef,0xff,0xff,0xf9,0x01,0xbf,0xff,0xff,0xff,0xff,0xf9,0x09,0xff,0xa4,0x21,0x00,0x0e,0xf9,0x1f,
0xf9,0x00,0x00,0x00,0x0f,0xf9,0x4f,0xf4,0x00,0x00,0x00,0x3f,0xf9,0x4f,0xf4,0x00,0x00,0x00,0x9f,0xf9,
0x2f,0xfa,0x00,0x00,0x05,0xff,0xf9,0x0c,0xff,0xa4,0x34,0x9f,0xde,0xf9,0x02,0xef,0xff,0xff,0xfd,0x2e,
0xf9,0x00,0x19,0xdf,0xec,0x71,0x0e,0xf9,0x00,0x00,0x00,0x00,0x12,0x33,0x50,0x00,0x00,0x01,0x6b,0xef,
0xff,0xff,0x30,0x00,0x04,0xdf,0xff,0xff,0xff,0xe6,0x00,0x04,0xff,0xfa,0x41,0x00,0x00,0x00,0x01,0xef,
0xe4,0x00,0x00,0x00,0x00,0x00,0x9f,0xf3,0x00,0x00,0x00,0x00,0x00,0x0e,0xf8,0x00,0x00,0x00,0x00,0x00,
0x04,0xff,0x34,0xad,0xfe,0xc7,0x10,0x00,0x6f,0xfb,0xff,0xff,0xff,0xfe,0x40,0x07,0xff,0xff,0xc6,0x34,
0x9f,0xfe,0x20,0x7f,0xff,0xb0,0x00,0x00,0x6f,0xfb,0x06,0xff,0xe1,0x00,0x00,0x00,0xaf,0xf3,0x6f,0xfa,
0x00,0x00,0x00,0x04,0xff,0x75,0xff,0x70,0x00,0x00,0x00,0x1f,0xf9,0x5f,0xf5,0x00,0x00,0x00,0x00,0xef,
0xb4,0xff,0x50,0x00,0x00,0x00,0x0e,0xfb,0x3f,0xf7,0x00,0x00,0x00,0x01,0xff,0x90,0xef,0xa0,0x00,0x00,
0x00,0x4f,0xf7,0x0b,0xfe,0x10,0x00,0x00,0x0a,0xff,0x30,0x4f,0xfb,0x00,0x00,0x05,0xff,0xb0,0x00,0xaf,
0xfc,0x53,0x49,0xff,0xe2,0x00,0x01,0xbf,0xff,0xff,0xff,0xe4,0x00,0x00,0x00,0x5a,0xef,0xec,0x71,0x00,
0x00,0x7f,0xff,0xff,0xfe,0xc8,0x10,0x07,0xff,0xff,0xff,0xff,0xfe,0x20,0x7f,0xf2,0x11,0x13,0xaf,0xfc,
0x07,0xff,0x10,0x00,0x00,0xaf,0xf1,0x7f,0xf1,0x00,0x00,0x07,0xff,0x17,0xff,0x10,0x00,0x00,0xbf,0xe0,
0x7f,0xf2,0x11,0x13,0xaf,0xf6,0x07,0xff,0xff,0xff,0xff,0xc4,0x00,0x7f,0xff,0xff,0xff,0xff,0xc3,0x07,
0xff,0x10,0x00,0x15,0xcf,0xe2,0x7f,0xf1,0x00,0x00,0x01,0xff,0x97,0xff,0x10,0x00,0x00,0x0d,0xfc,0x7f,
0xf1,0x00,0x00,0x02,0xff,0xb7,0xff,0x21,0x11,0x25,0xdf,0xf6,0x7f,0xff,0xff,0xff,0xff,0xfa,0x07,0xff,
0xff,0xff,0xfd,0xa5,0x00,0x7f,0xff,0xff,0xff,0xff,0xf5,0x7f,0xff,0xff,0xff,0xff,0xf5,0x7f,0xf2,0x11,
0x11,0x11,0x10,0x7f,0xf1,0x00,0x00,0x00,0x00,0x7f,0xf1,0x00,0x00,0x00,0x00,0x7f,0xf1,0x00,0x00,0x00,
0x00,0x7f,0xf1,0x00,0x00,0x00,0x00,0x7f,0xf1,0x00,0x00,0x00,0x00,0x7f,0xf1,0x00,0x00,0x00,0x00,0x7f,
0xf1,0x00,0x00,0x00,0x00,0x7f,0xf1,0x00,0x00,0x00,0x00,0x7f,0xf1,0x00,0x00,0x00,0x00,0x7f,0xf1,0x00,
0x00,0x00,0x00,0x7f,0xf1,0x00,0x00,0x00,0x00,0x7f,0xf1,0x00,0x00,0x00,0x00,0x7f,0xf1,0x00,0x00,0x00,
0x00,0x00,0x00,0x7f,0xff,0xff,0xff,0xff,0xd0,0x00,0x00,0x07,0xff,0xff,0xff,0xff,0xfd,0x00,0x00,0x00,
0x7f,0xf2,0x11,0x11,0xaf,0xd0,0x00,0x00,0x07,0xff,0x10,0x00,0x0a,0xfd,0x00,0x00,0x00,0x8f,0xf1,0x00,
0x00,0xaf,0xd0,0x00,0x00,0x08,0xff,0x00,0x00,0x0a,0xfd,0x00,0x00,0x00,0x9f,0xf0,0x00,0x00,0xaf,0xd0,
0x00,0x00,0x0b,0xfd,0x00,0x00,0x0a,0xfd,0x00,0x00,0x00,0xdf,0xb0,0x00,0x00,0xaf,0xd0,0x00,0x00,0x1f,
0xf9,0x00,0x00,0x0a,0xfd,0x00,0x00,0x04,0xff,0x60,0x00,0x00,0xaf,0xd0,0x00,0x00,0x9f,0xf2,0x00,0x00,
0x0a,0xfd,0x00,0x00,0x2e,0xfb,0x00,0x00,0x00,0xaf,0xd0,0x00,0x2c,0xff,0x51,0x11,0x11,0x1a,0xfd,0x11,
0x8f,0xff,0xff,0xff,0xff,0xff,0xff,0xff,0xd8,0xff,0xff,0xff,0xff,0xff,0xff,0xff,0xfd,0x8f,0x70,0x00,
0x00,0x00,0x00,0x00,0x2f,0xd8,0xf7,0x00,0x00,0x00,0x00,0x00,0x02,0xfd,0x8f,0x70,0x00,0x00,0x00,0x00,
0x00,0x2f,0xd8,0xe7,0x00,0x00,0x00,0x00,0x00,0x02,0xed,0x00,0x00,0x39,0xde,0xed,0x93,0x00,0x00,0x00,
0x9f,0xff,0xff,0xff,0xf8,0x00,0x00,0xaf,0xfc,0x64,0x36,0xcf,0xf7,0x00,0x5f,0xf6,0x00,0x00,0x00,0xaf,
0xe1,0x0c,0xfa,0x00,0x00,0x00,0x01,0xff,0x62,0xff,0x50,0x00,0x00,0x00,0x0d,0xf9,0x5f,0xff,0xff,0xff,
0xff,0xff,0xff,0xb6,0xff,0xff,0xff,0xff,0xff,0xff,0xfb,0x6f,0xf3,0x00,0x00,0x00,0x00,0x00,0x05,0xff,
0x60,0x00,0x00,0x00,0x00,0x00,0x2f,0xfa,0x00,0x00,0x00,0x00,0x00,0x00,0xdf,0xf2,0x00,0x00,0x00,0x00,
0x00,0x05,0xff,0xd2,0x00,0x00,0x00,0x06,0x20,0x09,0xff,0xe8,0x43,0x35,0x9e,0xf2,0x00,0x08,0xff,0xff,
0xff,0xff,0xff,0x20,0x00,0x02,0x8c,0xef,0xed,0xa6,0x10,0x01,0xcf,0xe3,0x00,0x00,0x0a,0xfd,0x00,0x00,
0x01,0xdf,0xe2,0x00,0x01,0xdf,0xd2,0x00,0x00,0xaf,0xd0,0x00,0x00,0xbf,0xe3,0x00,0x00,0x02,0xdf,0xc1,
0x00,0x0a,0xfd,0x00,0x00,0xaf,0xf4,0x00,0x00,0x00,0x03,0xef,0xb0,0x00,0xaf,0xd0,0x00,0x9f,0xf5,0x00,
0x00,0x00,0x00,0x04,0xff,0xa0,0x0a,0xfd,0x00,0x7f,0xf7,0x00,0x00,0x00,0x00,0x00,0x05,0xff,0x80,0xaf,
0xd0,0x5f,0xf9,0x00,0x00,0x00,0x00,0x00,0x00,0x1e,0xff,0x7a,0xfd,0x4f,0xff,0x30,0x00,0x00,0x00,0x00,
0x00,0x09,0xff,0xff,0xdf,0xee,0xff,0xfc,0x00,0x00,0x00,0x00,0x00,0x04,0xff,0x7a,0xff,0xff,0xfd,0x4f,
0xf7,0x00,0x00,0x00,0x00,0x00,0xdf,0xc0,0x0b,0xff,0xfd,0x20,0x9f,0xf2,0x00,0x00,0x00,0x00,0x8f,0xf3,
0x00,0x1d,0xfe,0x30,0x01,0xdf,0xb0,0x00,0x00,0x00,0x3f,0xf8,0x00,0x00,0xaf,0xd0,0x00,0x04,0xff,0x60,
0x00,0x00,0x0c,0xfd,0x00,0x00,0x0a,0xfd,0x00,0x00,0x0a,0xfe,0x10,0x00,0x07,0xff,0x40,0x00,0x00,0xaf,
0xd0,0x00,0x00,0x1e,0xfa,0x00,0x02,0xef,0x90,0x00,0x00,0x0a,0xfd,0x00,0x00,0x00,0x6f,0xf5,0x00,0xbf,
0xe1,0x00,0x00,0x00,0xaf,0xd0,0x00,0x00,0x00,0xbf,0xd1,0x04,0x8b,0xde,0xfd,0xa5,0x00,0x00,0xaf,0xff,
0xff,0xff,0xfb,0x00,0x08,0xa7,0x54,0x47,0xdf,0xf7,0x00,0x00,0x00,0x00,0x01,0xdf,0xb0,0x00,0x00,0x00,
0x00,0x0c,0xfb,0x00,0x00,0x00,0x01,0x3a,0xff,0x60,0x00,0x03,0xff,0xff,0xff,0x90,0x00,0x00,0x3f,0xff,
0xfe,0x70,0x00,0x00,0x00,0x22,0x35,0xcf,0xc2,0x00,0x00,0x00,0x00,0x00,0xbf,0xc0,0x00,0x00,0x00,0x00,
0x04,0xff,0x20,0x00,0x00,0x00,0x00,0x5f,0xf3,0x00,0x00,0x00,0x00,0x1c,0xff,0x13,0xd8,0x53,0x24,0x7d,
0xff,0x90,0x3f,0xff,0xff,0xff,0xff,0xb1,0x01,0x6a,0xde,0xfe,0xd9,0x40,0x00,0x7f,0xf1,0x00,0x00,0x00,
0xdf,0xfa,0x7f,0xf1,0x00,0x00,0x07,0xff,0xfa,0x7f,0xf1,0x00,0x00,0x1e,0xff,0xfa,0x7f,0xf1,0x00,0x00,
0x9f,0xed,0xfa,0x7f,0xf1,0x00,0x03,0xff,0x6d,0xfa,0x7f,0xf1,0x00,0x0b,0xfc,0x0d,0xfa,0x7f,0xf1,0x00,
0x5f,0xf4,0x0d,0xfa,0x7f,0xf1,0x00,0xdf,0xa0,0x0d,0xfa,0x7f,0xf1,0x07,0xfe,0x20,0x0d,0xfa,0x7f,0xf1,
0x1e,0xf8,0x00,0x0d,0xfa,0x7f,0xf1,0x9f,0xd1,0x00,0x0d,0xfa,0x7f,0xf4,0xff,0x50,0x00,0x0d,0xfa,0x7f,
0xfc,0xfc,0x00,0x00,0x0d,0xfa,0x7f,0xff,0xf3,0x00,0x00,0x0d,0xfa,0x7f,0xff,0x90,0x00,0x00,0x0d,0xfa,
0x7f,0xfe,0x10,0x00,0x00,0x0d,0xfa,0x00,0x18,0x40,0x00,0x03,0x82,0x00,0x00,0x0e,0xe4,0x00,0x2c,0xf2,
0x00,0x00,0x07,0xff,0xfe,0xff,0xa0,0x00,0x00,0x00,0x5c,0xee,0xc7,0x00,0x00,0x00,0x00,0x00,0x00,0x00,
0x00,0x00,0x00,0x00,0x00,0x00,0x00,0x00,0x00,0x7f,0xf1,0x00,0x00,0x00,0xdf,0xfa,0x7f,0xf1,0x00,0x00,
0x07,0xff,0xfa,0x7f,0xf1,0x00,0x00,0x1e,0xff,0xfa,0x7f,0xf1,0x00,0x00,0x9f,0xed,0xfa,0x7f,0xf1,0x00,
0x03,0xff,0x6d,0xfa,0x7f,0xf1,0x00,0x0b,0xfc,0x0d,0xfa,0x7f,0xf1,0x00,0x5f,0xf4,0x0d,0xfa,0x7f,0xf1,
0x00,0xdf,0xa0,0x0d,0xfa,0x7f,0xf1,0x07,0xfe,0x20,0x0d,0xfa,0x7f,0xf1,0x1e,0xf8,0x00,0x0d,0xfa,0x7f,
0xf1,0x9f,0xd1,0x00,0x0d,0xfa,0x7f,0xf4,0xff,0x50,0x00,0x0d,0xfa,0x7f,0xfc,0xfc,0x00,0x00,0x0d,0xfa,
0x7f,0xff,0xf3,0x00,0x00,0x0d,0xfa,0x7f,0xff,0x90,0x00,0x00,0x0d,0xfa,0x7f,0xfe,0x10,0x00,0x00,0x0d,
0xfa,0x7f,0xf1,0x00,0x00,0x05,0xff,0xb0,0x7f,0xf1,0x00,0x00,0x4f,0xfc,0x10,0x7f,0xf1,0x00,0x04,0xff,
0xc1,0x00,0x7f,0xf1,0x00,0x3e,0xfd,0x10,0x00,0x7f,0xf1,0x03,0xef,0xd2,0x00,0x00,0x7f,0xf1,0x2e,0xfd,
0x20,0x00,0x00,0x7f,0xf2,0xdf,0xf9,0x00,0x00,0x00,0x7f,0xfd,0xff,0xff,0x40,0x00,0x00,0x7f,0xff,0xe4,
0xdf,0xd1,0x00,0x00,0x7f,0xff,0x40,0x3f,0xf9,0x00,0x00,0x7f,0xf5,0x00,0x08,0xff,0x40,0x00,0x7f,0xf1,
0x00,0x00,0xcf,0xd1,0x00,0x7f,0xf1,0x00,0x00,0x3f,0xf9,0x00,0x7f,0xf1,0x00,0x00,0x08,0xff,0x50,0x7f,
0xf1,0x00,0x00,0x00,0xcf,0xe1,0x7f,0xf1,0x00,0x00,0x00,0x3f,0xfa,0x00,0x00,0xcf,0xff,0xff,0xff,0xff,
0x90,0x00,0x0c,0xff,0xff,0xff,0xff,0xf9,0x00,0x00,0xcf,0xb1,0x11,0x11,0xef,0x90,0x00,0x0c,0xfb,0x00,
0x00,0x0e,0xf9,0x00,0x00,0xcf,0xb0,0x00,0x00,0xef,0x90,0x00,0x0d,0xfa,0x00,0x00,0x0e,0xf9,0x00,0x00,
0xef,0xa0,0x00,0x00,0xef,0x90,0x00,0x0f,0xf9,0x00,0x00,0x0e,0xf9,0x00,0x01,0xff,0x70,0x00,0x00,0xef,
0x90,0x00,0x3f,0xf5,0x00,0x00,0x0e,0xf9,0x00,0x06,0xff,0x20,0x00,0x00,0xef,0x90,0x00,0xaf,0xd0,0x00,
0x00,0x0e,0xf9,0x00,0x5f,0xf8,0x00,0x00,0x00,0xef,0x94,0xaf,0xfe,0x10,0x00,0x00,0x0e,0xf9,0xef,0xfd,
0x30,0x00,0x00,0x00,0xef,0x9d,0xb6,0x00,0x00,0x00,0x00,0x0e,0xf9,0x7f,0xff,0x60,0x00,0x00,0x00,0x4f,
0xff,0x97,0xff,0xfc,0x00,0x00,0x00,0x0a,0xff,0xf9,0x7f,0xfe,0xf3,0x00,0x00,0x02,0xff,0xff,0x97,0xff,
0x9f,0xa0,0x00,0x00,0x7f,0xae,0xf9,0x7f,0xf3,0xff,0x10,0x00,0x0d,0xf4,0xef,0x97,0xff,0x1b,0xf7,0x00,
0x05,0xfd,0x0e,0xf9,0x7f,0xf1,0x5f,0xd0,0x00,0xbf,0x60,0xef,0x97,0xff,0x10,0xdf,0x40,0x2f,0xe1,0x0e,
0xf9,0x7f,0xf1,0x07,0xfa,0x08,0xf9,0x00,0xef,0x97,0xff,0x10,0x1f,0xf2,0xef,0x30,0x0e,0xf9,0x7f,0xf1,
0x00,0xaf,0xcf,0xc0,0x00,0xef,0x97,0xff,0x10,0x04,0xff,0xf6,0x00,0x0e,0xf9,0x7f,0xf1,0x00,0x0c,0xed,
0x10,0x00,0xef,0x97,0xff,0x10,0x00,0x00,0x00,0x00,0x0e,0xf9,0x7f,0xf1,0x00,0x00,0x00,0x00,0x00,0xef,
0x97,0xff,0x10,0x00,0x00,0x00,0x00,0x0e,0xf9,0x7f,0xf1,0x00,0x00,0x00,0x0c,0xfc,0x7f,0xf1,0x00,0x00,
0x00,0x0c,0xfc,0x7f,0xf1,0x00,0x00,0x00,0x0c,0xfc,0x7f,0xf1,0x00,0x00,0x00,0x0c,0xfc,0x7f,0xf1,0x00,
0x00,0x00,0x0c,0xfc,0x7f,0xf1,0x00,0x00,0x00,0x0c,0xfc,0x7f,0xf2,0x11,0x11,0x11,0x1c,0xfc,0x7f,0xff,
0xff,0xff,0xff,0xff,0xfc,0x7f,0xff,0xff,0xff,0xff,0xff,0xfc,0x7f,0xf1,0x00,0x00,0x00,0x0c,0xfc,0x7f,
0xf1,0x00,0x00,0x00,0x0c,0xfc,0x7f,0xf1,0x00,0x00,0x00,0x0c,0xfc,0x7f,0xf1,0x00,0x00,0x00,0x0c,0xfc,
0x7f,0xf1,0x00,0x00,0x00,0x0c,0xfc,0x7f,0xf1,0x00,0x00,0x00,0x0c,0xfc,0x7f,0xf1,0x00,0x00,0x00,0x0c,
0xfc,0x00,0x00,0x6b,0xef,0xeb,0x70,0x00,0x00,0x01,0xcf,0xff,0xff,0xff,0xd2,0x00,0x00,0xcf,0xfb,0x53,
0x5a,0xff,0xe1,0x00,0x7f,0xf9,0x00,0x00,0x08,0xff,0x90,0x0e,0xfd,0x10,0x00,0x00,0x0c,0xff,0x13,0xff,
0x80,0x00,0x00,0x00,0x6f,0xf5,0x5f,0xf5,0x00,0x00,0x00,0x03,0xff,0x76,0xff,0x30,0x00,0x00,0x00,0x1f,
0xf8,0x6f,0xf3,0x00,0x00,0x00,0x01,0xff,0x85,0xff,0x50,0x00,0x00,0x00,0x3f,0xf7,0x3f,0xf8,0x00,0x00,
0x00,0x06,0xff,0x50,0xef,0xd0,0x00,0x00,0x00,0xcf,0xf1,0x07,0xff,0x90,0x00,0x00,0x7f,0xf9,0x00,0x0c,
0xff,0xb5,0x34,0xaf,0xfe,0x10,0x00,0x1c,0xff,0xff,0xff,0xfd,0x20,0x00,0x00,0x06,0xbe,0xfe,0xb7,0x00,
0x00,0x7f,0xff,0xff,0xff,0xff,0xff,0xfc,0x7f,0xff,0xff,0xff,0xff,0xff,0xfc,0x7f,0xf2,0x11,0x11,0x11,
0x1c,0xfc,0x7f,0xf1,0x00,0x00,0x00,0x0c,0xfc,0x7f,0xf1,0x00,0x00,0x00,0x0c,0xfc,0x7f,0xf1,0x00,0x00,
0x00,0x0c,0xfc,0x7f,0xf1,0x00,0x00,0x00,0x0c,0xfc,0x7f,0xf1,0x00,0x00,0x00,0x0c,0xfc,0x7f,0xf1,0x00,
0x00,0x00,0x0c,0xfc,0x7f,0xf1,0x00,0x00,0x00,0x0c,0xfc,0x7f,0xf1,0x00,0x00,0x00,0x0c,0xfc,0x7f,0xf1,
0x00,0x00,0x00,0x0c,0xfc,0x7f,0xf1,0x00,0x00,0x00,0x0c,0xfc,0x7f,0xf1,0x00,0x00,0x00,0x0c,0xfc,0x7f,
0xf1,0x00,0x00,0x00,0x0c,0xfc,0x7f,0xf1,0x00,0x00,0x00,0x0c,0xfc,0x7f,0xf1,0x17,0xce,0xec,0x60,0x00,
0x07,0xff,0x3d,0xff,0xff,0xff,0xb1,0x00,0x7f,0xfc,0xf9,0x43,0x5c,0xff,0xa0,0x07,0xff,0xf6,0x00,0x00,
0x0b,0xff,0x40,0x7f,0xfc,0x00,0x00,0x00,0x2f,0xfb,0x07,0xff,0x60,0x00,0x00,0x00,0xbf,0xe0,0x7f,0xf3,
0x00,0x00,0x00,0x07,0xff,0x27,0xff,0x20,0x00,0x00,0x00,0x6f,0xf3,0x7f,0xf2,0x00,0x00,0x00,0x06,0xff,
0x37,0xff,0x30,0x00,0x00,0x00,0x7f,0xf2,0x7f,0xf6,0x00,0x00,0x00,0x0b,0xfe,0x07,0xff,0xc0,0x00,0x00,
0x01,0xff,0xb0,0x7f,0xff,0x60,0x00,0x00,0xbf,0xf4,0x07,0xff,0xcf,0x94,0x35,0xcf,0xfa,0x00,0x7f,0xf3,
0xdf,0xff,0xff,0xfb,0x10,0x07,0xff,0x11,0x7c,0xee,0xc6,0x00,0x00,0x7f,0xf1,0x00,0x00,0x00,0x00,0x00,
0x07,0xff,0x10,0x00,0x00,0x00,0x00,0x00,0x7f,0xf1,0x00,0x00,0x00,0x00,0x00,0x07,0xff,0x10,0x00,0x00,
0x00,0x00,0x00,0x7f,0xf1,0x00,0x00,0x00,0x00,0x00,0x07,0xff,0x10,0x00,0x00,0x00,0x00,0x00,0x00,0x00,
0x39,0xce,0xed,0xb6,0x10,0x00,0x9f,0xff,0xff,0xff,0xfa,0x00,0xaf,0xfd,0x74,0x34,0x7c,0xa0,0x6f,0xfb,
0x10,0x00,0x00,0x02,0x0d,0xfe,0x10,0x00,0x00,0x00,0x02,0xff,0x90,0x00,0x00,0x00,0x00,0x5f,0xf5,0x00,
0x00,0x00,0x00,0x06,0xff,0x40,0x00,0x00,0x00,0x00,0x6f,0xf3,0x00,0x00,0x00,0x00,0x05,0xff,0x50,0x00,
0x00,0x00,0x00,0x2f,0xf9,0x00,0x00,0x00,0x00,0x00,0xdf,0xe1,0x00,0x00,0x00,0x00,0x06,0xff,0xb1,0x00,
0x00,0x00,0x20,0x0a,0xff,0xd7,0x43,0x47,0xca,0x00,0x09,0xff,0xff,0xff,0xff,0xa0,0x00,0x03,0x9d,0xee,
0xdb,0x61,0x3f,0xff,0xff,0xff,0xff,0xff,0xff,0xf7,0x3f,0xff,0xff,0xff,0xff,0xff,0xff,0xf7,0x01,0x11,
0x11,0x2f,0xf6,0x11,0x11,0x10,0x00,0x00,0x00,0x1f,0xf6,0x00,0x00,0x00,0x00,0x00,0x00,0x1f,0xf6,0x00,
0x00,0x00,0x00,0x00,0x00,0x1f,0xf6,0x00,0x00,0x00,0x00,0x00,0x00,0x1f,0xf6,0x00,0x00,0x00,0x00,0x00,
0x00,0x1f,0xf6,0x00,0x00,0x00,0x00,0x00,0x00,0x1f,0xf6,0x00,0x00,0x00,0x00,0x00,0x00,0x1f,0xf6,0x00,
0x00,0x00,0x00,0x00,0x00,0x1f,0xf6,0x00,0x00,0x00,0x00,0x00,0x00,0x1f,0xf6,0x00,0x00,0x00,0x00,0x00,
0x00,0x1f,0xf6,0x00,0x00,0x00,0x00,0x00,0x00,0x1f,0xf6,0x00,0x00,0x00,0x00,0x00,0x00,0x1f,0xf6,0x00,
0x00,0x00,0x00,0x00,0x00,0x1f,0xf6,0x00,0x00,0x00,0x1e,0xfa,0x00,0x00,0x00,0x00,0x2f,0xf8,0x09,0xff,
0x10,0x00,0x00,0x00,0x8f,0xf2,0x03,0xff,0x70,0x00,0x00,0x00,0xdf,0xc0,0x00,0xcf,0xd0,0x00,0x00,0x04,
0xff,0x60,0x00,0x6f,0xf3,0x00,0x00,0x0a,0xfe,0x10,0x00,0x1e,0xf9,0x00,0x00,0x1f,0xf9,0x00,0x00,0x09,
0xfe,0x10,0x00,0x6f,0xf3,0x00,0x00,0x03,0xff,0x60,0x00,0xcf,0xd0,0x00,0x00,0x00,0xcf,0xb0,0x03,0xff,
0x70,0x00,0x00,0x00,0x6f,0xf2,0x09,0xff,0x10,0x00,0x00,0x00,0x1e,0xf8,0x0e,0xfa,0x00,0x00,0x00,0x00,
0x0a,0xfd,0x5f,0xf4,0x00,0x00,0x00,0x00,0x04,0xff,0xef,0xd0,0x00,0x00,0x00,0x00,0x00,0xdf,0xff,0x80,
0x00,0x00,0x00,0x00,0x00,0x7f,0xff,0x20,0x00,0x00,0x00,0x00,0x00,0x1f,0xfb,0x00,0x00,0x00,0x00,0x00,
0x00,0x4f,0xf6,0x00,0x00,0x00,0x00,0x00,0x00,0xaf,0xe1,0x00,0x00,0x00,0x00,0x00,0x02,0xff,0x90,0x00,
0x00,0x00,0x00,0x22,0x4c,0xff,0x20,0x00,0x00,0x00,0x00,0xcf,0xff,0xf7,0x00,0x00,0x00,0x00,0x00,0xcf,
0xec,0x60,0x00,0x00,0x00,0x00,0x00,0x00,0x00,0x00,0x04,0xff,0x40,0x00,0x00,0x00,0x00,0x00,0x00,0x00,
0x00,0x04,0xff,0x40,0x00,0x00,0x00,0x00,0x00,0x00,0x00,0x00,0x04,0xff,0x40,0x00,0x00,0x00,0x00,0x00,
0x00,0x00,0x00,0x04,0xff,0x40,0x00,0x00,0x00,0x00,0x00,0x00,0x00,0x00,0x04,0xff,0x40,0x00,0x00,0x00,
0x00,0x00,0x03,0xbe,0xea,0x24,0xff,0x43,0xbe,0xea,0x20,0x00,0x00,0x5f,0xff,0xff,0xe6,0xff,0x6e,0xff,
0xff,0xe4,0x00,0x02,0xef,0xe7,0x35,0xde,0xff,0xed,0x53,0x7e,0xfe,0x10,0x09,0xff,0x30,0x00,0x2e,0xff,
0xd1,0x00,0x04,0xff,0x80,0x1e,0xfa,0x00,0x00,0x05,0xff,0x50,0x00,0x00,0xbf,0xe0,0x3f,0xf5,0x00,0x00,
0x04,0xff,0x40,0x00,0x00,0x6f,0xf2,0x6f,0xf3,0x00,0x00,0x04,0xff,0x40,0x00,0x00,0x4f,0xf5,0x7f,0xf2,
0x00,0x00,0x04,0xff,0x40,0x00,0x00,0x3f,0xf6,0x7f,0xf2,0x00,0x00,0x04,0xff,0x40,0x00,0x00,0x3f,0xf6,
0x6f,0xf3,0x00,0x00,0x04,0xff,0x40,0x00,0x00,0x4f,0xf5,0x4f,0xf5,0x00,0x00,0x04,0xff,0x40,0x00,0x00,
0x6f,0xf3,0x1f,0xf9,0x00,0x00,0x05,0xff,0x50,0x00,0x00,0xbf,0xe0,0x0a,0xff,0x30,0x00,0x2e,0xff,0xd1,
0x00,0x04,0xff,0x90,0x02,0xff,0xe6,0x35,0xde,0xff,0xed,0x53,0x7e,0xfe,0x20,0x00,0x5f,0xff,0xff,0xe6,
0xff,0x6e,0xff,0xff,0xf4,0x00,0x00,0x03,0xbe,0xea,0x24,0xff,0x42,0xbe,0xea,0x30,0x00,0x00,0x00,0x00,
0x00,0x04,0xff,0x40,0x00,0x00,0x00,0x00,0x00,0x00,0x00,0x00,0x04,0xff,0x40,0x00,0x00,0x00,0x00,0x00,
0x00,0x00,0x00,0x04,0xff,0x40,0x00,0x00,0x00,0x00,0x00,0x00,0x00,0x00,0x04,0xff,0x40,0x00,0x00,0x00,
0x00,0x00,0x00,0x00,0x00,0x04,0xff,0x40,0x00,0x00,0x00,0x00,0x00,0x00,0x00,0x00,0x04,0xff,0x40,0x00,
0x00,0x00,0x00,0x05,0xff,0xa0,0x00,0x00,0x01,0xdf,0xe1,0x00,0x9f,0xf5,0x00,0x00,0x0a,0xff,0x50,0x00,
0x1d,0xfe,0x20,0x00,0x6f,0xf9,0x00,0x00,0x03,0xff,0xb0,0x02,0xef,0xd1,0x00,0x00,0x00,0x7f,0xf7,0x0c,
0xff,0x30,0x00,0x00,0x00,0x0b,0xff,0xaf,0xf7,0x00,0x00,0x00,0x00,0x02,0xef,0xff,0xb0,0x00,0x00,0x00,
0x00,0x00,0x7f,0xfe,0x20,0x00,0x00,0x00,0x00,0x01,0xdf,0xff,0x50,0x00,0x00,0x00,0x00,0x09,0xff,0xef,
0xe2,0x00,0x00,0x00,0x00,0x4f,0xfa,0x3f,0xfb,0x00,0x00,0x00,0x01,0xef,0xd1,0x08,0xff,0x70,0x00,0x00,
0x0b,0xff,0x40,0x00,0xcf,0xf3,0x00,0x00,0x6f,0xf8,0x00,0x00,0x2e,0xfd,0x10,0x02,0xef,0xc0,0x00,0x00,
0x06,0xff,0x90,0x0c,0xff,0x30,0x00,0x00,0x00,0xaf,0xf5,0x7f,0xf1,0x00,0x00,0x00,0x0c,0xfc,0x00,0x7f,
0xf1,0x00,0x00,0x00,0x0c,0xfc,0x00,0x7f,0xf1,0x00,0x00,0x00,0x0c,0xfc,0x00,0x7f,0xf1,0x00,0x00,0x00,
0x0c,0xfc,0x00,0x7f,0xf1,0x00,0x00,0x00,0x0c,0xfc,0x00,0x7f,0xf1,0x00,0x00,0x00,0x0c,0xfc,0x00,0x7f,
0xf1,0x00,0x00,0x00,0x0c,0xfc,0x00,0x7f,0xf1,0x00,0x00,0x00,0x0c,0xfc,0x00,0x7f,0xf1,0x00,0x00,0x00,
0x0c,0xfc,0x00,0x7f,0xf1,0x00,0x00,0x00,0x0c,0xfc,0x00,0x7f,0xf1,0x00,0x00,0x00,0x0c,0xfc,0x00,0x7f,
0xf1,0x00,0x00,0x00,0x0c,0xfc,0x00,0x7f,0xf1,0x00,0x00,0x00,0x0c,0xfc,0x00,0x7f,0xf2,0x11,0x11,0x11,
0x1c,0xfc,0x11,0x7f,0xff,0xff,0xff,0xff,0xff,0xff,0xfc,0x7f,0xff,0xff,0xff,0xff,0xff,0xff,0xfc,0x00,
0x00,0x00,0x00,0x00,0x00,0x04,0xfc,0x00,0x00,0x00,0x00,0x00,0x00,0x04,0xfc,0x00,0x00,0x00,0x00,0x00,
0x00,0x04,0xfc,0x00,0x00,0x00,0x00,0x00,0x00,0x03,0xeb,0xef,0x80,0x00,0x00,0x08,0xff,0xef,0x80,0x00,
0x00,0x08,0xff,0xef,0x80,0x00,0x00,0x08,0xff,0xef,0x90,0x00,0x00,0x08,0xff,0xef,0xa0,0x00,0x00,0x08,
0xff,0xcf,0xd0,0x00,0x00,0x08,0xff,0x7f,0xfa,0x20,0x00,0x08,0xff,0x1c,0xff,0xff,0xff,0xff,0xff,0x01,
0x8d,0xff,0xff,0xff,0xff,0x00,0x00,0x11,0x11,0x18,0xff,0x00,0x00,0x00,0x00,0x08,0xff,0x00,0x00,0x00,
0x00,0x08,0xff,0x00,0x00,0x00,0x00,0x08,0xff,0x00,0x00,0x00,0x00,0x08,0xff,0x00,0x00,0x00,0x00,0x08,
0xff,0x00,0x00,0x00,0x00,0x08,0xff,0x7f,0xf1,0x00,0x00,0x07,0xff,0x10,0x00,0x00,0x7f,0xf1,0x7f,0xf1,
0x00,0x00,0x07,0xff,0x10,0x00,0x00,0x7f,0xf1,0x7f,0xf1,0x00,0x00,0x07,0xff,0x10,0x00,0x00,0x7f,0xf1,
0x7f,0xf1,0x00,0x00,0x07,0xff,0x10,0x00,0x00,0x7f,0xf1,0x7f,0xf1,0x00,0x00,0x07,0xff,0x10,0x00,0x00,
0x7f,0xf1,0x7f,0xf1,0x00,0x00,0x07,0xff,0x10,0x00,0x00,0x7f,0xf1,0x7f,0xf1,0x00,0x00,0x07,0xff,0x10,
0x00,0x00,0x7f,0xf1,0x7f,0xf1,0x00,0x00,0x07,0xff,0x10,0x00,0x00,0x7f,0xf1,0x7f,0xf1,0x00,0x00,0x07,
0xff,0x10,0x00,0x00,0x7f,0xf1,0x7f,0xf1,0x00,0x00,0x07,0xff,0x10,0x00,0x00,0x7f,0xf1,0x7f,0xf1,0x00,
0x00,0x07,0xff,0x10,0x00,0x00,0x7f,0xf1,0x7f,0xf1,0x00,0x00,0x07,0xff,0x10,0x00,0x00,0x7f,0xf1,0x7f,
0xf1,0x00,0x00,0x07,0xff,0x10,0x00,0x00,0x7f,0xf1,0x7f,0xf2,0x11,0x11,0x17,0xff,0x21,0x11,0x11,0x7f,
0xf1,0x7f,0xff,0xff,0xff,0xff,0xff,0xff,0xff,0xff,0xff,0xf1,0x7f,0xff,0xff,0xff,0xff,0xff,0xff,0xff,
0xff,0xff,0xf1,0x7f,0xf1,0x00,0x00,0x07,0xff,0x10,0x00,0x00,0x7f,0xf1,0x00,0x7f,0xf1,0x00,0x00,0x07,
0xff,0x10,0x00,0x00,0x7f,0xf1,0x00,0x7f,0xf1,0x00,0x00,0x07,0xff,0x10,0x00,0x00,0x7f,0xf1,0x00,0x7f,
0xf1,0x00,0x00,0x07,0xff,0x10,0x00,0x00,0x7f,0xf1,0x00,0x7f,0xf1,0x00,0x00,0x07,0xff,0x10,0x00,0x00,
0x7f,0xf1,0x00,0x7f,0xf1,0x00,0x00,0x07,0xff,0x10,0x00,0x00,0x7f,0xf1,0x00,0x7f,0xf1,0x00,0x00,0x07,
0xff,0x10,0x00,0x00,0x7f,0xf1,0x00,0x7f,0xf1,0x00,0x00,0x07,0xff,0x10,0x00,0x00,0x7f,0xf1,0x00,0x7f,
0xf1,0x00,0x00,0x07,0xff,0x10,0x00,0x00,0x7f,0xf1,0x00,0x7f,0xf1,0x00,0x00,0x07,0xff,0x10,0x00,0x00,
0x7f,0xf1,0x00,0x7f,0xf1,0x00,0x00,0x07,0xff,0x10,0x00,0x00,0x7f,0xf1,0x00,0x7f,0xf1,0x00,0x00,0x07,
0xff,0x10,0x00,0x00,0x7f,0xf1,0x00,0x7f,0xf1,0x00,0x00,0x07,0xff,0x10,0x00,0x00,0x7f,0xf1,0x00,0x7f,
0xf2,0x11,0x11,0x17,0xff,0x21,0x11,0x11,0x7f,0xf2,0x10,0x7f,0xff,0xff,0xff,0xff,0xff,0xff,0xff,0xff,
0xff,0xff,0xf1,0x7f,0xff,0xff,0xff,0xff,0xff,0xff,0xff,0xff,0xff,0xff,0xf1,0x00,0x00,0x00,0x00,0x00,
0x00,0x00,0x00,0x00,0x00,0x0e,0xf1,0x00,0x00,0x00,0x00,0x00,0x00,0x00,0x00,0x00,0x00,0x0e,0xf1,0x00,
0x00,0x00,0x00,0x00,0x00,0x00,0x00,0x00,0x00,0x0e,0xf1,0x00,0x00,0x00,0x00,0x00,0x00,0x00,0x00,0x00,
0x00,0x0d,0xe1,0x2f,0xff,0xff,0xff,0x50,0x00,0x00,0x00,0x00,0x02,0xff,0xff,0xff,0xf5,0x00,0x00,0x00,
0x00,0x00,0x01,0x11,0x14,0xff,0x50,0x00,0x00,0x00,0x00,0x00,0x00,0x00,0x3f,0xf5,0x00,0x00,0x00,0x00,
0x00,0x00,0x00,0x03,0xff,0x50,0x00,0x00,0x00,0x00,0x00,0x00,0x00,0x3f,0xf5,0x00,0x00,0x00,0x00,0x00,
0x00,0x00,0x03,0xff,0x61,0x11,0x10,0x00,0x00,0x00,0x00,0x00,0x3f,0xff,0xff,0xff,0xfc,0x71,0x00,0x00,
0x00,0x03,0xff,0xff,0xff,0xff,0xff,0xd2,0x00,0x00,0x00,0x3f,0xf5,0x00,0x01,0x3a,0xff,0xb0,0x00,0x00,
0x03,0xff,0x50,0x00,0x00,0x0c,0xff,0x00,0x00,0x00,0x3f,0xf5,0x00,0x00,0x00,0x9f,0xf1,0x00,0x00,0x03,
0xff,0x50,0x00,0x00,0x0c,0xff,0x00,0x00,0x00,0x3f,0xf6,0x11,0x12,0x4b,0xff,0xa0,0x00,0x00,0x03,0xff,
0xff,0xff,0xff,0xff,0xd2,0x00,0x00,0x00,0x3f,0xff,0xff,0xff,0xeb,0x60,0x00,0x7f,0xf1,0x00,0x00,0x00,
0x00,0x00,0x0d,0xf9,0x7f,0xf1,0x00,0x00,0x00,0x00,0x00,0x0d,0xf9,0x7f,0xf1,0x00,0x00,0x00,0x00,0x00,
0x0d,0xf9,0x7f,0xf1,0x00,0x00,0x00,0x00,0x00,0x0d,0xf9,0x7f,0xf1,0x00,0x00,0x00,0x00,0x00,0x0d,0xf9,
0x7f,0xf1,0x00,0x00,0x00,0x00,0x00,0x0d,0xf9,0x7f,0xf2,0x11,0x10,0x00,0x00,0x00,0x0d,0xf9,0x7f,0xff,
0xff,0xff,0xeb,0x50,0x00,0x0d,0xf9,0x7f,0xff,0xff,0xff,0xff,0xfb,0x00,0x0d,0xf9,0x7f,0xf1,0x00,0x01,
0x5c,0xff,0x60,0x0d,0xf9,0x7f,0xf1,0x00,0x00,0x01,0xff,0xb0,0x0d,0xf9,0x7f,0xf1,0x00,0x00,0x00,0xdf,
0xc0,0x0d,0xf9,0x7f,0xf1,0x00,0x00,0x02,0xff,0xb0,0x0d,0xf9,0x7f,0xf2,0x11,0x12,0x5d,0xff,0x60,0x0d,
0xf9,0x7f,0xff,0xff,0xff,0xff,0xfa,0x00,0x0d,0xf9,0x7f,0xff,0xff,0xff,0xda,0x50,0x00,0x0d,0xf9,0x7f,
0xf1,0x00,0x00,0x00,0x00,0x07,0xff,0x10,0x00,0x00,0x00,0x00,0x7f,0xf1,0x00,0x00,0x00,0x00,0x07,0xff,
0x10,0x00,0x00,0x00,0x00,0x7f,0xf1,0x00,0x00,0x00,0x00,0x07,0xff,0x10,0x00,0x00,0x00,0x00,0x7f,0xf2,
0x11,0x10,0x00,0x00,0x07,0xff,0xff,0xff,0xfe,0xb5,0x00,0x7f,0xff,0xff,0xff,0xff,0xfb,0x07,0xff,0x10,
0x00,0x15,0xcf,0xf6,0x7f,0xf1,0x00,0x00,0x01,0xff,0xb7,0xff,0x10,0x00,0x00,0x0d,0xfc,0x7f,0xf1,0x00,
0x00,0x02,0xff,0xb7,0xff,0x21,0x11,0x25,0xdf,0xf6,0x7f,0xff,0xff,0xff,0xff,0xfa,0x07,0xff,0xff,0xff,
0xfd,0xa5,0x00,0x15,0xad,0xee,0xda,0x40,0x00,0x07,0xff,0xff,0xff,0xff,0xb1,0x00,0x7d,0x85,0x33,0x5a,
0xff,0xc1,0x01,0x00,0x00,0x00,0x06,0xff,0x80,0x00,0x00,0x00,0x00,0x0a,0xfe,0x10,0x00,0x00,0x00,0x00,
0x4f,0xf5,0x00,0xcf,0xff,0xff,0xff,0xff,0x80,0x0c,0xff,0xff,0xff,0xff,0xf9,0x00,0x11,0x11,0x11,0x12,
0xff,0x90,0x00,0x00,0x00,0x00,0x3f,0xf8,0x00,0x00,0x00,0x00,0x07,0xff,0x50,0x00,0x00,0x00,0x00,0xdf,
0xf1,0x21,0x00,0x00,0x00,0xaf,0xf9,0x07,0xe9,0x53,0x37,0xdf,0xfd,0x10,0x7f,0xff,0xff,0xff,0xfc,0x10,
0x01,0x5a,0xde,0xfd,0xa5,0x00,0x00,0x5f,0xf2,0x00,0x00,0x04,0xad,0xee,0xd9,0x30,0x00,0x05,0xff,0x20,
0x00,0x09,0xff,0xff,0xff,0xff,0x70,0x00,0x5f,0xf2,0x00,0x08,0xff,0xe7,0x44,0x7e,0xff,0x60,0x05,0xff,
0x20,0x03,0xff,0xe2,0x00,0x00,0x2e,0xff,0x10,0x5f,0xf2,0x00,0x9f,0xf6,0x00,0x00,0x00,0x6f,0xf7,0x05,
0xff,0x20,0x0d,0xfe,0x00,0x00,0x00,0x00,0xef,0xc0,0x5f,0xff,0xff,0xff,0xb0,0x00,0x00,0x00,0x0b,0xfe,
0x05,0xff,0xff,0xff,0xfa,0x00,0x00,0x00,0x00,0xaf,0xf0,0x5f,0xf4,0x22,0xef,0xa0,0x00,0x00,0x00,0x0a,
0xff,0x05,0xff,0x20,0x0d,0xfb,0x00,0x00,0x00,0x00,0xbf,0xe0,0x5f,0xf2,0x00,0xaf,0xe0,0x00,0x00,0x00,
0x0e,0xfc,0x05,0xff,0x20,0x06,0xff,0x50,0x00,0x00,0x05,0xff,0x70,0x5f,0xf2,0x00,0x0e,0xfd,0x20,0x00,
0x02,0xef,0xf2,0x05,0xff,0x20,0x00,0x5f,0xfe,0x73,0x37,0xef,0xf6,0x00,0x5f,0xf2,0x00,0x00,0x6f,0xff,
0xff,0xff,0xf7,0x00,0x05,0xff,0x20,0x00,0x00,0x29,0xde,0xed,0x93,0x00,0x00,0x00,0x02,0x9c,0xef,0xff,
0xff,0xf7,0x00,0x5f,0xff,0xff,0xff,0xff,0xf7,0x01,0xef,0xf7,0x31,0x11,0x2f,0xf7,0x05,0xff,0x70,0x00,
0x00,0x1f,0xf7,0x06,0xff,0x30,0x00,0x00,0x1f,0xf7,0x05,0xff,0x70,0x00,0x00,0x1f,0xf7,0x01,0xef,0xf7,
0x20,0x00,0x1f,0xf7,0x00,0x5e,0xff,0xff,0xff,0xff,0xf7,0x00,0x02,0x8e,0xff,0xff,0xff,0xf7,0x00,0x00,
0x3f,0xf8,0x11,0x2f,0xf7,0x00,0x00,0xcf,0xd0,0x00,0x1f,0xf7,0x00,0x07,0xff,0x30,0x00,0x1f,0xf7,0x00,
0x2f,0xf9,0x00,0x00,0x1f,0xf7,0x00,0xcf,0xd1,0x00,0x00,0x1f,0xf7,0x07,0xff,0x40,0x00,0x00,0x1f,0xf7,
0x2e,0xf9,0x00,0x00,0x00,0x1f,0xf7,0x00,0x28,0x83,0x00,0x00,0x00,0x00,0x00,0x00,0x9f,0xd1,0x00,0x00,
0x00,0x00,0x00,0x00,0xcf,0xa0,0x00,0x00,0x00,0x00,0x00,0x02,0xef,0x50,0x00,0x00,0x00,0x00,0x00,0x03,
0xfe,0x20,0x00,0x00,0x00,0x00,0x00,0x06,0xfb,0x00,0x00,0x00,0x00,0x00,0x00,0x00,0x00,0x00,0x00,0x00,
0x00,0x00,0x00,0x00,0x00,0x00,0x00,0x00,0x00,0x39,0xde,0xed,0x93,0x00,0x00,0x00,0x9f,0xff,0xff,0xff,
0xf8,0x00,0x00,0xaf,0xfc,0x64,0x36,0xcf,0xf7,0x00,0x5f,0xf6,0x00,0x00,0x00,0xaf,0xe1,0x0c,0xfa,0x00,
0x00,0x00,0x01,0xff,0x62,0xff,0x50,0x00,0x00,0x00,0x0d,0xf9,0x5f,0xff,0xff,0xff,0xff,0xff,0xff,0xb6,
0xff,0xff,0xff,0xff,0xff,0xff,0xfb,0x6f,0xf3,0x00,0x00,0x00,0x00,0x00,0x05,0xff,0x60,0x00,0x00,0x00,
0x00,0x00,0x2f,0xfa,0x00,0x00,0x00,0x00,0x00,0x00,0xdf,0xf2,0x00,0x00,0x00,0x00,0x00,0x05,0xff,0xd2,
0x00,0x00,0x00,0x06,0x20,0x09,0xff,0xe8,0x43,0x35,0x9e,0xf2,0x00,0x08,0xff,0xff,0xff,0xff,0xff,0x20,
0x00,0x02,0x8c,0xef,0xed,0xa6,0x10,0x00,0x00,0xff,0xc0,0x0a,0xff,0x20,0x00,0x00,0x0f,0xfc,0x00,0xaf,
0xf2,0x00,0x00,0x00,0xcc,0x90,0x08,0xcc,0x10,0x00,0x00,0x00,0x00,0x00,0x00,0x00,0x00,0x00,0x00,0x00,
0x00,0x00,0x00,0x00,0x00,0x00,0x00,0x00,0x00,0x00,0x00,0x00,0x00,0x00,0x39,0xde,0xed,0x93,0x00,0x00,
0x00,0x9f,0xff,0xff,0xff,0xf8,0x00,0x00,0xaf,0xfc,0x64,0x36,0xcf,0xf7,0x00,0x5f,0xf6,0x00,0x00,0x00,
0xaf,0xe1,0x0c,0xfa,0x00,0x00,0x00,0x01,0xff,0x62,0xff,0x50,0x00,0x00,0x00,0x0d,0xf9,0x5f,0xff,0xff,
0xff,0xff,0xff,0xff,0xb6,0xff,0xff,0xff,0xff,0xff,0xff,0xfb,0x6f,0xf3,0x00,0x00,0x00,0x00,0x00,0x05,
0xff,0x60,0x00,0x00,0x00,0x00,0x00,0x2f,0xfa,0x00,0x00,0x00,0x00,0x00,0x00,0xdf,0xf2,0x00,0x00,0x00,
0x00,0x00,0x05,0xff,0xd2,0x00,0x00,0x00,0x06,0x20,0x09,0xff,0xe8,0x43,0x35,0x9e,0xf2,0x00,0x08,0xff,
0xff,0xff,0xff,0xff,0x20,0x00,0x02,0x8c,0xef,0xed,0xa6,0x10,0x00,0x0a,0xb6,0x00,0x00,0x00,0x00,0x00,
0x00,0x0e,0xf9,0x00,0x00,0x00,0x00,0x00,0x00,0x0e,0xf9,0x00,0x00,0x00,0x00,0x00,0x00,0x0e,0xf9,0x00,
0x00,0x00,0x00,0x00,0x00,0x0e,0xf9,0x00,0x00,0x00,0x00,0x00,0x00,0x0e,0xf9,0x00,0x00,0x00,0x00,0x00,
0x5f,0xff,0xff,0xff,0xff,0xff,0xf0,0x00,0x5f,0xff,0xff,0xff,0xff,0xff,0xf0,0x00,0x00,0x0e,0xf9,0x00,
0x00,0x00,0x00,0x00,0x00,0x0e,0xf9,0x00,0x00,0x00,0x00,0x00,0x00,0x0e,0xf9,0x00,0x00,0x00,0x00,0x00,
0x00,0x0e,0xf9,0x02,0x9d,0xfe,0xa3,0x00,0x00,0x0e,0xf9,0x5e,0xff,0xff,0xff,0x50,0x00,0x0e,0xfc,0xfd,
0x74,0x49,0xff,0xe1,0x00,0x0e,0xff,0xc1,0x00,0x00,0x7f,0xf7,0x00,0x0e,0xff,0x30,0x00,0x00,0x0e,0xfb,
0x00,0x0e,0xfc,0x00,0x00,0x00,0x0c,0xfd,0x00,0x0e,0xf9,0x00,0x00,0x00,0x0a,0xfe,0x00,0x0e,0xf9,0x00,
0x00,0x00,0x0a,0xfe,0x00,0x0e,0xf9,0x00,0x00,0x00,0x0b,0xfd,0x00,0x0e,0xf9,0x00,0x00,0x00,0x0d,0xf9,
0x00,0x0e,0xf9,0x00,0x00,0x00,0x3f,0xf4,0x00,0x00,0x00,0x00,0x00,0x00,0xaf,0xc0,0x00,0x00,0x00,0x00,
0x00,0x05,0xff,0x40,0x00,0x00,0x00,0x00,0x00,0x3e,0xf8,0x00,0x00,0x00,0x00,0x00,0x17,0xff,0x90,0x00,
0x00,0x00,0x00,0x00,0xaf,0xf7,0x00,0x00,0x00,0x00,0x00,0x00,0x89,0x20,0x00,0x00,0x00,0x00,0x00,0x00,
0x9f,0xe2,0x00,0x00,0x00,0x05,0xff,0x40,0x00,0x00,0x00,0x1e,0xf6,0x00,0x00,0x00,0x00,0xbf,0x90,0x00,
0x00,0x00,0x06,0xfc,0x00,0x00,0x00,0x00,0x07,0x81,0x00,0x00,0x00,0x00,0x00,0x00,0x00,0x00,0x7f,0xff,
0xff,0xff,0xff,0xf5,0x7f,0xff,0xff,0xff,0xff,0xf5,0x7f,0xf2,0x11,0x11,0x11,0x10,0x7f,0xf1,0x00,0x00,
0x00,0x00,0x7f,0xf1,0x00,0x00,0x00,0x00,0x7f,0xf1,0x00,0x00,0x00,0x00,0x7f,0xf1,0x00,0x00,0x00,0x00,
0x7f,0xf1,0x00,0x00,0x00,0x00,0x7f,0xf1,0x00,0x00,0x00,0x00,0x7f,0xf1,0x00,0x00,0x00,0x00,0x7f,0xf1,
0x00,0x00,0x00,0x00,0x7f,0xf1,0x00,0x00,0x00,0x00,0x7f,0xf1,0x00,0x00,0x00,0x00,0x7f,0xf1,0x00,0x00,
0x00,0x00,0x7f,0xf1,0x00,0x00,0x00,0x00,0x7f,0xf1,0x00,0x00,0x00,0x00,0x00,0x00,0x39,0xce,0xed,0xb6,
0x10,0x00,0x9f,0xff,0xff,0xff,0xfa,0x00,0xaf,0xfc,0x64,0x35,0x7c,0xa0,0x6f,0xf9,0x00,0x00,0x00,0x01,
0x0d,0xfd,0x00,0x00,0x00,0x00,0x02,0xff,0x70,0x00,0x00,0x00,0x00,0x5f,0xff,0xff,0xff,0xff,0xf0,0x06,
0xff,0xff,0xff,0xff,0xff,0x00,0x6f,0xf5,0x11,0x11,0x11,0x10,0x05,0xff,0x60,0x00,0x00,0x00,0x00,0x2f,
0xfa,0x00,0x00,0x00,0x00,0x00,0xdf,0xf2,0x00,0x00,0x00,0x00,0x06,0xff,0xc1,0x00,0x00,0x00,0x30,0x0b,
0xff,0xe8,0x43,0x48,0xda,0x00,0x0a,0xff,0xff,0xff,0xff,0xa0,0x00,0x04,0x9d,0xee,0xdb,0x61,0x00,0x18,
0xce,0xfe,0xca,0x61,0x00,0x3e,0xff,0xff,0xff,0xff,0x60,0x0d,0xff,0x84,0x33,0x58,0xd6,0x04,0xff,0x50,
0x00,0x00,0x00,0x10,0x5f,0xf2,0x00,0x00,0x00,0x00,0x04,0xff,0x80,0x00,0x00,0x00,0x00,0x0d,0xff,0xc8,
0x41,0x00,0x00,0x00,0x2c,0xff,0xff,0xfb,0x60,0x00,0x00,0x04,0x9d,0xff,0xff,0xd2,0x00,0x00,0x00,0x01,
0x5b,0xff,0xc0,0x00,0x00,0x00,0x00,0x0a,0xff,0x20,0x00,0x00,0x00,0x00,0x6f,0xf3,0x32,0x00,0x00,0x00,
0x0a,0xff,0x17,0xfb,0x74,0x33,0x5b,0xff,0xa0,0x7f,0xff,0xff,0xff,0xff,0xb1,0x01,0x48,0xcd,0xff,0xda,
0x50,0x00,0x5f,0xf2,0x5f,0xf2,0x5f,0xf2,0x14,0x41,0x00,0x00,0x00,0x00,0x5f,0xf2,0x5f,0xf2,0x5f,0xf2,
0x5f,0xf2,0x5f,0xf2,0x5f,0xf2,0x5f,0xf2,0x5f,0xf2,0x5f,0xf2,0x5f,0xf2,0x5f,0xf2,0x5f,0xf2,0x5f,0xf2,
0x5f,0xf2,0x5f,0xf2,0x5f,0xf2,0x2c,0xc7,0x00,0xac,0xc3,0xff,0x90,0x0c,0xfe,0x3f,0xf9,0x00,0xcf,0xe0,
0x00,0x00,0x00,0x00,0x00,0x00,0x00,0x00,0x00,0x00,0x00,0x00,0x00,0x00,0x05,0xff,0x20,0x00,0x00,0x5f,
0xf2,0x00,0x00,0x05,0xff,0x20,0x00,0x00,0x5f,0xf2,0x00,0x00,0x05,0xff,0x20,0x00,0x00,0x5f,0xf2,0x00,
0x00,0x05,0xff,0x20,0x00,0x00,0x5f,0xf2,0x00,0x00,0x05,0xff,0x20,0x00,0x00,0x5f,0xf2,0x00,0x00,0x05,
0xff,0x20,0x00,0x00,0x5f,0xf2,0x00,0x00,0x05,0xff,0x20,0x00,0x00,0x5f,0xf2,0x00,0x00,0x05,0xff,0x20,
0x00,0x00,0x5f,0xf2,0x00,0x00,0x05,0xff,0x20,0x00,0x5f,0xf2,0x00,0x05,0xff,0x20,0x00,0x14,0x41,0x00,
0x00,0x00,0x00,0x00,0x00,0x00,0x00,0x05,0xff,0x20,0x00,0x5f,0xf2,0x00,0x05,0xff,0x20,0x00,0x5f,0xf2,
0x00,0x05,0xff,0x20,0x00,0x5f,0xf2,0x00,0x05,0xff,0x20,0x00,0x5f,0xf2,0x00,0x05,0xff,0x20,0x00,0x5f,
0xf2,0x00,0x05,0xff,0x20,0x00,0x5f,0xf2,0x00,0x05,0xff,0x20,0x00,0x5f,0xf2,0x00,0x05,0xff,0x20,0x00,
0x5f,0xf2,0x00,0x06,0xff,0x20,0x00,0x6f,0xf1,0x00,0x09,0xfe,0x01,0x37,0xff,0xa0,0x8f,0xff,0xe2,0x08,
0xfe,0xa2,0x00,0x00,0x00,0xcf,0xff,0xff,0xff,0xff,0x30,0x00,0x00,0x00,0x00,0x00,0x0c,0xff,0xff,0xff,
0xff,0xf3,0x00,0x00,0x00,0x00,0x00,0x00,0xcf,0xc1,0x11,0x16,0xff,0x30,0x00,0x00,0x00,0x00,0x00,0x0c,
0xfb,0x00,0x00,0x5f,0xf3,0x00,0x00,0x00,0x00,0x00,0x00,0xcf,0xb0,0x00,0x05,0xff,0x30,0x00,0x00,0x00,
0x00,0x00,0x0d,0xfa,0x00,0x00,0x5f,0xf3,0x00,0x00,0x00,0x00,0x00,0x00,0xef,0xa0,0x00,0x05,0xff,0x31,
0x10,0x00,0x00,0x00,0x00,0x0f,0xf9,0x00,0x00,0x5f,0xff,0xff,0xfd,0xa3,0x00,0x00,0x01,0xff,0x70,0x00,
0x05,0xff,0xff,0xff,0xff,0xf7,0x00,0x00,0x3f,0xf5,0x00,0x00,0x5f,0xf3,0x00,0x26,0xef,0xf3,0x00,0x06,
0xff,0x20,0x00,0x05,0xff,0x30,0x00,0x05,0xff,0x70,0x00,0xaf,0xe0,0x00,0x00,0x5f,0xf3,0x00,0x00,0x2f,
0xf9,0x00,0x4f,0xf8,0x00,0x00,0x05,0xff,0x30,0x00,0x05,0xff,0x74,0x9f,0xfe,0x10,0x00,0x00,0x5f,0xf3,
0x11,0x27,0xef,0xf3,0xef,0xfd,0x30,0x00,0x00,0x05,0xff,0xff,0xff,0xff,0xf7,0x0d,0xb6,0x10,0x00,0x00,
0x00,0x5f,0xff,0xff,0xed,0x93,0x00,0x7f,0xf1,0x00,0x00,0x00,0x7f,0xf1,0x00,0x00,0x00,0x00,0x7f,0xf1,
0x00,0x00,0x00,0x7f,0xf1,0x00,0x00,0x00,0x00,0x7f,0xf1,0x00,0x00,0x00,0x7f,0xf1,0x00,0x00,0x00,0x00,
0x7f,0xf1,0x00,0x00,0x00,0x7f,0xf1,0x00,0x00,0x00,0x00,0x7f,0xf1,0x00,0x00,0x00,0x7f,0xf1,0x00,0x00,
0x00,0x00,0x7f,0xf1,0x00,0x00,0x00,0x7f,0xf1,0x00,0x00,0x00,0x00,0x7f,0xf2,0x11,0x11,0x11,0x8f,0xf2,
0x11,0x00,0x00,0x00,0x7f,0xff,0xff,0xff,0xff,0xff,0xff,0xff,0xfd,0x93,0x00,0x7f,0xff,0xff,0xff,0xff,
0xff,0xff,0xff,0xff,0xff,0x60,0x7f,0xf1,0x00,0x00,0x00,0x7f,0xf1,0x00,0x27,0xef,0xf2,0x7f,0xf1,0x00,
0x00,0x00,0x7f,0xf1,0x00,0x00,0x6f,0xf6,0x7f,0xf1,0x00,0x00,0x00,0x7f,0xf1,0x00,0x00,0x3f,0xf7,0x7f,
0xf1,0x00,0x00,0x00,0x7f,0xf1,0x00,0x00,0x7f,0xf6,0x7f,0xf1,0x00,0x00,0x00,0x7f,0xf2,0x11,0x38,0xff,
0xe1,0x7f,0xf1,0x00,0x00,0x00,0x7f,0xff,0xff,0xff,0xff,0x50,0x7f,0xf1,0x00,0x00,0x00,0x7f,0xff,0xff,
0xec,0x82,0x00,0x00,0x0a,0xb6,0x00,0x00,0x00,0x00,0x00,0x00,0x0e,0xf9,0x00,0x00,0x00,0x00,0x00,0x00,
0x0e,0xf9,0x00,0x00,0x00,0x00,0x00,0x00,0x0e,0xf9,0x00,0x00,0x00,0x00,0x00,0x00,0x0e,0xf9,0x00,0x00,
0x00,0x00,0x00,0x00,0x0e,0xf9,0x00,0x00,0x00,0x00,0x00,0x5f,0xff,0xff,0xff,0xff,0xff,0xf0,0x00,0x5f,
0xff,0xff,0xff,0xff,0xff,0xf0,0x00,0x00,0x0e,0xf9,0x00,0x00,0x00,0x00,0x00,0x00,0x0e,0xf9,0x00,0x00,
0x00,0x00,0x00,0x00,0x0e,0xf9,0x00,0x00,0x00,0x00,0x00,0x00,0x0e,0xf9,0x02,0x9d,0xfe,0xa3,0x00,0x00,
0x0e,0xf9,0x5e,0xff,0xff,0xff,0x50,0x00,0x0e,0xfc,0xfd,0x74,0x49,0xff,0xe1,0x00,0x0e,0xff,0xc1,0x00,
0x00,0x7f,0xf6,0x00,0x0e,0xff,0x30,0x00,0x00,0x0e,0xfa,0x00,0x0e,0xfc,0x00,0x00,0x00,0x0b,0xfc,0x00,
0x0e,0xf9,0x00,0x00,0x00,0x0a,0xfd,0x00,0x0e,0xf9,0x00,0x00,0x00,0x0a,0xfd,0x00,0x0e,0xf9,0x00,0x00,
0x00,0x0a,0xfd,0x00,0x0e,0xf9,0x00,0x00,0x00,0x0a,0xfd,0x00,0x0e,0xf9,0x00,0x00,0x00,0x0a,0xfd,0x00,
0x00,0x00,0x01,0xdf,0xb0,0x00,0x00,0x00,0x00,0x09,0xfd,0x10,0x00,0x00,0x00,0x00,0x5f,0xe2,0x00,0x00,
0x00,0x00,0x01,0xef,0x50,0x00,0x00,0x00,0x00,0x0b,0xf7,0x00,0x00,0x00,0x00,0x00,0x28,0x70,0x00,0x00,
0x00,0x00,0x00,0x00,0x00,0x00,0x00,0x00,0x7f,0xf1,0x00,0x00,0x05,0xff,0xb0,0x7f,0xf1,0x00,0x00,0x4f,
0xfc,0x10,0x7f,0xf1,0x00,0x04,0xff,0xc1,0x00,0x7f,0xf1,0x00,0x3e,0xfd,0x10,0x00,0x7f,0xf1,0x03,0xef,
0xd2,0x00,0x00,0x7f,0xf1,0x2e,0xfd,0x20,0x00,0x00,0x7f,0xf2,0xdf,0xf9,0x00,0x00,0x00,0x7f,0xfd,0xff,
0xff,0x40,0x00,0x00,0x7f,0xff,0xe4,0xdf,0xd1,0x00,0x00,0x7f,0xff,0x40,0x3f,0xf9,0x00,0x00,0x7f,0xf5,
0x00,0x08,0xff,0x40,0x00,0x7f,0xf1,0x00,0x00,0xcf,0xd1,0x00,0x7f,0xf1,0x00,0x00,0x3f,0xf9,0x00,0x7f,
0xf1,0x00,0x00,0x08,0xff,0x50,0x7f,0xf1,0x00,0x00,0x00,0xcf,0xe1,0x7f,0xf1,0x00,0x00,0x00,0x3f,0xfa,
0x02,0xef,0xa0,0x00,0x00,0x00,0x00,0x00,0x3f,0xf5,0x00,0x00,0x00,0x00,0x00,0x06,0xfe,0x20,0x00,0x00,
0x00,0x00,0x00,0x9f,0xb0,0x00,0x00,0x00,0x00,0x00,0x0b,0xf7,0x00,0x00,0x00,0x00,0x00,0x01,0x77,0x00,
0x00,0x00,0x00,0x00,0x00,0x00,0x00,0x00,0x00,0x7f,0xf1,0x00,0x00,0x00,0xdf,0xfa,0x7f,0xf1,0x00,0x00,
0x07,0xff,0xfa,0x7f,0xf1,0x00,0x00,0x1e,0xff,0xfa,0x7f,0xf1,0x00,0x00,0x9f,0xed,0xfa,0x7f,0xf1,0x00,
0x03,0xff,0x6d,0xfa,0x7f,0xf1,0x00,0x0b,0xfc,0x0d,0xfa,0x7f,0xf1,0x00,0x5f,0xf4,0x0d,0xfa,0x7f,0xf1,
0x00,0xdf,0xa0,0x0d,0xfa,0x7f,0xf1,0x07,0xfe,0x20,0x0d,0xfa,0x7f,0xf1,0x1e,0xf8,0x00,0x0d,0xfa,0x7f,
0xf1,0x9f,0xd1,0x00,0x0d,0xfa,0x7f,0xf4,0xff,0x50,0x00,0x0d,0xfa,0x7f,0xfc,0xfc,0x00,0x00,0x0d,0xfa,
0x7f,0xff,0xf3,0x00,0x00,0x0d,0xfa,0x7f,0xff,0x90,0x00,0x00,0x0d,0xfa,0x7f,0xfe,0x10,0x00,0x00,0x0d,
0xfa,0x00,0x00,0x75,0x00,0x00,0x18,0x40,0x00,0x00,0x00,0xbf,0x50,0x01,0xaf,0x50,0x00,0x00,0x00,0x4f,
0xff,0xef,0xfc,0x00,0x00,0x00,0x00,0x04,0xbe,0xed,0x81,0x00,0x00,0x00,0x00,0x00,0x00,0x00,0x00,0x00,
0x00,0x00,0x00,0x00,0x00,0x00,0x00,0x00,0x00,0x1e,0xfa,0x00,0x00,0x00,0x00,0x2f,0xf8,0x09,0xff,0x10,
0x00,0x00,0x00,0x8f,0xf2,0x03,0xff,0x70,0x00,0x00,0x00,0xdf,0xc0,0x00,0xcf,0xd0,0x00,0x00,0x04,0xff,
0x60,0x00,0x6f,0xf3,0x00,0x00,0x0a,0xfe,0x10,0x00,0x1e,0xf9,0x00,0x00,0x1f,0xf9,0x00,0x00,0x09,0xfe,
0x10,0x00,0x6f,0xf3,0x00,0x00,0x03,0xff,0x60,0x00,0xcf,0xd0,0x00,0x00,0x00,0xcf,0xb0,0x03,0xff,0x70,
0x00,0x00,0x00,0x6f,0xf2,0x09,0xff,0x10,0x00,0x00,0x00,0x1e,0xf8,0x0e,0xfa,0x00,0x00,0x00,0x00,0x0a,
0xfd,0x5f,0xf4,0x00,0x00,0x00,0x00,0x04,0xff,0xef,0xd0,0x00,0x00,0x00,0x00,0x00,0xdf,0xff,0x80,0x00,
0x00,0x00,0x00,0x00,0x7f,0xff,0x20,0x00,0x00,0x00,0x00,0x00,0x1f,0xfb,0x00,0x00,0x00,0x00,0x00,0x00,
0x4f,0xf6,0x00,0x00,0x00,0x00,0x00,0x00,0xaf,0xe1,0x00,0x00,0x00,0x00,0x00,0x02,0xff,0x90,0x00,0x00,
0x00,0x00,0x22,0x4c,0xff,0x20,0x00,0x00,0x00,0x00,0xcf,0xff,0xf7,0x00,0x00,0x00,0x00,0x00,0xcf,0xec,
0x60,0x00,0x00,0x00,0x00,0x7f,0xf1,0x00,0x00,0x00,0x0c,0xfc,0x7f,0xf1,0x00,0x00,0x00,0x0c,0xfc,0x7f,
0xf1,0x00,0x00,0x00,0x0c,0xfc,0x7f,0xf1,0x00,0x00,0x00,0x0c,0xfc,0x7f,0xf1,0x00,0x00,0x00,0x0c,0xfc,
0x7f,0xf1,0x00,0x00,0x00,0x0c,0xfc,0x7f,0xf1,0x00,0x00,0x00,0x0c,0xfc,0x7f,0xf1,0x00,0x00,0x00,0x0c,
0xfc,0x7f,0xf1,0x00,0x00,0x00,0x0c,0xfc,0x7f,0xf1,0x00,0x00,0x00,0x0c,0xfc,0x7f,0xf1,0x00,0x00,0x00,
0x0c,0xfc,0x7f,0xf1,0x00,0x00,0x00,0x0c,0xfc,0x7f,0xf1,0x00,0x00,0x00,0x0c,0xfc,0x7f,0xf2,0x11,0x11,
0x11,0x1c,0xfc,0x7f,0xff,0xff,0xff,0xff,0xff,0xfc,0x7f,0xff,0xff,0xff,0xff,0xff,0xfc,0x00,0x00,0x00,
0xdf,0x20,0x00,0x00,0x00,0x00,0x00,0xdf,0x20,0x00,0x00,0x00,0x00,0x00,0xdf,0x20,0x00,0x00,0x00,0x00,
0x00,0xdf,0x20,0x00,0x00,0x34,0x44,0x44,0x43,0x9f,0xff,0xff,0xfb,0x9f,0xff,0xff,0xfb,0x34,0x44,0x44,
0x43,0x9f,0xff,0xff,0xfb,0x9f,0xff,0xff,0xfb,0x00,0x00,0x00,0x00,0x00,0x00,0x00,0x00,0x9f,0xff,0xff,
0xff,0xff,0xff,0xff,0xf7,0x9f,0xff,0xff,0xff,0xff,0xff,0xff,0xf7,0x00,0x00,0x00,0x00,0x00,0x00,0x9f,
0xff,0xff,0xff,0xff,0xfa,0x9f,0xff,0xff,0xff,0xff,0xfa,0x00,0x00,0x00,0x00,0x00,0x00,0x00,0x00,0x00,
0x00,0x00,0x00,0x00,0x9f,0xff,0xff,0xff,0xff,0xff,0xff,0xff,0xff,0xff,0xff,0xff,0xfa,0x9f,0xff,0xff,
0xff,0xff,0xff,0xff,0xff,0xff,0xff,0xff,0xff,0xfa,0x00,0x00,0x00,0x00,0x00,0x00,0x00,0x00,0x00,0x00,
0x00,0x00,0x00,0x00,0xff,0xff,0xff,0xff,0xff,0xff,0xff,0xff,0xff,0xff,0xff,0xff,0xff,0xff,0xff,0xff,
0xff,0xff,0xff,0xff,0xff,0xff,0xff,0xff,0xff,0xff,0xff,0xff,0x00,0x9f,0x40,0x2f,0xf1,0x0a,0xfb,0x02,
0xff,0x80,0x9f,0xf4,0x09,0xff,0x40,0x8d,0xd3,0x00,0x07,0xff,0x70,0x7f,0xf7,0x08,0xff,0x40,0xcf,0xb0,
0x1f,0xf4,0x04,0xfb,0x00,0x48,0x30,0x00,0x06,0xdd,0x50,0x8f,0xf6,0x08,0xff,0x50,0xbf,0xd0,0x0f,0xf6,
0x04,0xfd,0x00,0x8f,0x60,0x00,0x8f,0xf5,0x08,0xff,0x50,0x6f,0xf6,0x00,0xdf,0xa0,0x06,0xfe,0x00,0x0d,
0xf2,0x00,0x48,0x30,0x00,0x9f,0x40,0x01,0xed,0x02,0xff,0x10,0x08,0xf9,0x0a,0xfb,0x00,0x1e,0xf5,0x2f,
0xf8,0x00,0x8f,0xf2,0x9f,0xf4,0x00,0xef,0xe0,0x9f,0xf4,0x00,0xff,0xd0,0x8d,0xd3,0x00,0xdd,0xb0,0x08,
0xff,0x60,0x0d,0xff,0x08,0xff,0x60,0x0d,0xff,0x08,0xff,0x40,0x0e,0xfd,0x0c,0xfc,0x00,0x3f,0xf6,0x1f,
0xf5,0x00,0x6f,0xd0,0x4f,0xc0,0x00,0xaf,0x60,0x7d,0x50,0x00,0xcc,0x00,0x06,0xdd,0x50,0x0b,0xdd,0x08,
0xff,0x60,0x0d,0xff,0x08,0xff,0x50,0x0e,0xfe,0x0b,0xfd,0x00,0x2f,0xf7,0x0f,0xf6,0x00,0x6f,0xe1,0x4f,
0xd0,0x00,0xaf,0x70,0x8f,0x60,0x00,0xde,0x10,0x9f,0xf4,0x00,0xff,0xd0,0x9f,0xf4,0x00,0xff,0xd0,0x8f,
0xf5,0x00,0xef,0xe0,0x2f,0xf8,0x00,0x7f,0xf2,0x09,0xfc,0x00,0x1e,0xf6,0x01,0xff,0x10,0x07,0xfa,0x00,
0x8d,0x40,0x01,0xcb,0x00,0x00,0x03,0xff,0x30,0x00,0x00,0x00,0x00,0x03,0xff,0x30,0x00,0x00,0x00,0x00,
0x03,0xff,0x30,0x00,0x00,0x00,0x00,0x03,0xff,0x30,0x00,0x00,0x00,0x00,0x03,0xff,0x30,0x00,0x00,0x02,
0x22,0x25,0xff,0x52,0x22,0x20,0x3f,0xff,0xff,0xff,0xff,0xff,0xf3,0x3f,0xff,0xff,0xff,0xff,0xff,0xf3,
0x00,0x00,0x03,0xff,0x30,0x00,0x00,0x00,0x00,0x03,0xff,0x30,0x00,0x00,0x00,0x00,0x03,0xff,0x30,0x00,
0x00,0x00,0x00,0x03,0xff,0x30,0x00,0x00,0x00,0x00,0x03,0xff,0x30,0x00,0x00,0x00,0x00,0x03,0xff,0x30,
0x00,0x00,0x00,0x00,0x03,0xff,0x30,0x00,0x00,0x00,0x00,0x03,0xff,0x30,0x00,0x00,0x00,0x00,0x03,0xff,
0x30,0x00,0x00,0x00,0x00,0x03,0xff,0x30,0x00,0x00,0x00,0x00,0x03,0xff,0x30,0x00,0x00,0x00,0x00,0x03,
0xff,0x30,0x00,0x00,0x00,0x00,0x03,0xff,0x30,0x00,0x00,0x00,0x00,0x03,0xff,0x30,0x00,0x00,0x00,0x00,
0x03,0xff,0x30,0x00,0x00,0x00,0x00,0x02,0x88,0x20,0x00,0x00,0x00,0x00,0x03,0xff,0x30,0x00,0x00,0x00,
0x00,0x03,0xff,0x30,0x00,0x00,0x00,0x00,0x03,0xff,0x30,0x00,0x00,0x00,0x00,0x03,0xff,0x30,0x00,0x00,
0x00,0x00,0x03,0xff,0x30,0x00,0x00,0x02,0x22,0x25,0xff,0x52,0x22,0x20,0x3f,0xff,0xff,0xff,0xff,0xff,
0xf3,0x3f,0xff,0xff,0xff,0xff,0xff,0xf3,0x00,0x00,0x03,0xff,0x30,0x00,0x00,0x00,0x00,0x03,0xff,0x30,
0x00,0x00,0x00,0x00,0x03,0xff,0x30,0x00,0x00,0x00,0x00,0x03,0xff,0x30,0x00,0x00,0x00,0x00,0x03,0xff,
0x30,0x00,0x00,0x00,0x00,0x03,0xff,0x30,0x00,0x00,0x00,0x00,0x03,0xff,0x30,0x00,0x00,0x02,0x22,0x25,
0xff,0x52,0x22,0x20,0x3f,0xff,0xff,0xff,0xff,0xff,0xf3,0x3f,0xff,0xff,0xff,0xff,0xff,0xf3,0x00,0x00,
0x03,0xff,0x30,0x00,0x00,0x00,0x00,0x03,0xff,0x30,0x00,0x00,0x00,0x00,0x03,0xff,0x30,0x00,0x00,0x00,
0x00,0x03,0xff,0x30,0x00,0x00,0x00,0x00,0x03,0xff,0x30,0x00,0x00,0x00,0x00,0x02,0x88,0x20,0x00,0x00,
0x00,0x02,0x31,0x00,0x00,0x3d,0xff,0xf8,0x00,0x2e,0xff,0xff,0xf9,0x08,0xff,0xff,0xff,0xf1,0xbf,0xff,
0xff,0xff,0x4b,0xff,0xff,0xff,0xf4,0x7f,0xff,0xff,0xfe,0x11,0xcf,0xff,0xff,0x60,0x01,0x9e,0xfc,0x50,
0x00,0x68,0x81,0x00,0x00,0x04,0x88,0x40,0x00,0x00,0x18,0x86,0xcf,0xf2,0x00,0x00,0x07,0xff,0x70,0x00,
0x00,0x2f,0xfc,0xcf,0xf2,0x00,0x00,0x07,0xff,0x70,0x00,0x00,0x2f,0xfc,0xcf,0xf2,0x00,0x00,0x07,0xff,
0x70,0x00,0x00,0x2f,0xfc,0x00,0x3a,0xef,0xc7,0x00,0x00,0x00,0x00,0x0b,0xf7,0x00,0x00,0x00,0x00,0x00,
0x00,0x00,0x00,0x03,0xef,0xed,0xff,0xa0,0x00,0x00,0x00,0x5f,0xd0,0x00,0x00,0x00,0x00,0x00,0x00,0x00,
0x00,0x0d,0xfa,0x00,0x3e,0xf5,0x00,0x00,0x01,0xdf,0x40,0x00,0x00,0x00,0x00,0x00,0x00,0x00,0x00,0x3f,
0xf1,0x00,0x08,0xfb,0x00,0x00,0x08,0xfa,0x00,0x00,0x00,0x00,0x00,0x00,0x00,0x00,0x00,0x6f,0xc0,0x00,
0x05,0xfe,0x00,0x00,0x2f,0xe1,0x00,0x00,0x00,0x00,0x00,0x00,0x00,0x00,0x00,0x7f,0xb0,0x00,0x04,0xfe,
0x00,0x00,0xbf,0x70,0x00,0x00,0x00,0x00,0x00,0x00,0x00,0x00,0x00,0x5f,0xd0,0x00,0x05,0xfd,0x00,0x05,
0xfc,0x00,0x00,0x00,0x00,0x00,0x00,0x00,0x00,0x00,0x00,0x2f,0xf2,0x00,0x0a,0xfa,0x00,0x1e,0xf3,0x00,
0x00,0x00,0x00,0x00,0x00,0x00,0x00,0x00,0x00,0x0b,0xfc,0x31,0x7f,0xf4,0x00,0x9f,0x90,0x00,0x00,0x00,
0x00,0x00,0x00,0x00,0x00,0x00,0x00,0x02,0xdf,0xff,0xff,0x70,0x03,0xfe,0x10,0x00,0x00,0x00,0x00,0x00,
0x00,0x00,0x00,0x00,0x00,0x00,0x17,0xab,0x93,0x00,0x0c,0xf6,0x00,0x29,0xef,0xd7,0x00,0x00,0x02,0xae,
0xfd,0x70,0x00,0x00,0x00,0x00,0x00,0x00,0x6f,0xc0,0x02,0xef,0xed,0xff,0xb0,0x00,0x2e,0xfe,0xdf,0xfb,
0x00,0x00,0x00,0x00,0x00,0x01,0xef,0x30,0x0b,0xfb,0x10,0x3e,0xf6,0x00,0xbf,0xb1,0x03,0xef,0x60,0x00,
0x00,0x00,0x00,0x09,0xf9,0x00,0x2f,0xf3,0x00,0x07,0xfc,0x02,0xff,0x20,0x00,0x8f,0xc0,0x00,0x00,0x00,
0x00,0x3f,0xe1,0x00,0x5f,0xe0,0x00,0x04,0xff,0x05,0xfd,0x00,0x00,0x4f,0xf0,0x00,0x00,0x00,0x00,0xcf,
0x50,0x00,0x5f,0xd0,0x00,0x02,0xff,0x16,0xfc,0x00,0x00,0x3f,0xf0,0x00,0x00,0x00,0x07,0xfb,0x00,0x00,
0x5f,0xe0,0x00,0x04,0xff,0x05,0xfd,0x00,0x00,0x4f,0xf0,0x00,0x00,0x00,0x1e,0xf2,0x00,0x00,0x2f,0xf2,
0x00,0x07,0xfc,0x02,0xff,0x20,0x00,0x8f,0xc0,0x00,0x00,0x00,0xaf,0x80,0x00,0x00,0x0b,0xfb,0x10,0x3e,
0xf6,0x00,0xbf,0xb1,0x03,0xef,0x60,0x00,0x00,0x04,0xfd,0x10,0x00,0x00,0x02,0xef,0xec,0xff,0xb0,0x00,
0x2e,0xfe,0xcf,0xfb,0x00,0x00,0x00,0x0d,0xf5,0x00,0x00,0x00,0x00,0x2a,0xef,0xd7,0x00,0x00,0x02,0xae,
0xfd,0x70,0x00,0x00,0x00,0x00,0x40,0x00,0x01,0xb9,0x00,0x01,0xcf,0x90,0x02,0xdf,0xc1,0x03,0xef,0xb1,
0x04,0xef,0xa0,0x00,0xdf,0xb0,0x00,0x07,0xff,0x60,0x00,0x06,0xff,0x80,0x00,0x05,0xff,0x90,0x00,0x04,
0xef,0x70,0x00,0x03,0xe9,0x00,0x00,0x02,0x70,0x00,0x00,0x00,0x32,0x00,0x00,0x00,0x5d,0x20,0x00,0x00,
0x5f,0xe3,0x00,0x00,0x0a,0xfe,0x40,0x00,0x00,0x9f,0xf5,0x00,0x00,0x08,0xff,0x60,0x00,0x00,0x8f,0xf1,
0x00,0x04,0xef,0xa0,0x00,0x5f,0xf9,0x00,0x06,0xff,0x80,0x00,0x4f,0xf6,0x00,0x00,0x5f,0x50,0x00,0x00,
0x54,0x00,0x00,0x00,0x00,0x00,0x00,0x00,0x00,0x00,0x00,0x05,0xad,0xfe,0xc7,0x10,0x00,0x00,0x02,0xcf,
0xff,0xff,0xff,0xe5,0x00,0x00,0x2e,0xff,0xc6,0x44,0x6c,0xfe,0x00,0x00,0xcf,0xf7,0x00,0x00,0x00,0x6e,
0x00,0x05,0xff,0x90,0x00,0x00,0x00,0x03,0x00,0x0b,0xff,0x20,0x00,0x00,0x00,0x00,0x00,0x0f,0xfc,0x00,
0x00,0x00,0x00,0x00,0x7f,0xff,0xff,0xff,0xff,0xff,0xf5,0x00,0x9b,0xcf,0xfc,0xbb,0xbb,0xbb,0xa0,0x00,
0x00,0x5f,0xf6,0x00,0x00,0x00,0x00,0x00,0x00,0x5f,0xf6,0x00,0x00,0x00,0x00,0x00,0x4b,0xcf,0xfd,0xbb,
0xbb,0xb4,0x00,0x00,0xcf,0xff,0xff,0xff,0xff,0xe1,0x00,0x00,0x00,0x0f,0xfb,0x00,0x00,0x00,0x00,0x00,
0x00,0x0c,0xfe,0x10,0x00,0x00,0x00,0x00,0x00,0x07,0xff,0x50,0x00,0x00,0x00,0x00,0x00,0x02,0xff,0xd1,
0x00,0x00,0x00,0x08,0x00,0x00,0x8f,0xfa,0x10,0x00,0x00,0x9e,0x00,0x00,0x0b,0xff,0xd7,0x44,0x7d,0xfe,
0x00,0x00,0x01,0xaf,0xff,0xff,0xff,0xe5,0x00,0x00,0x00,0x04,0xad,0xfe,0xc7,0x10,0x00,0x06,0x66,0x50,
0x00,0x00,0x00,0x00,0x00,0x25,0x30,0x00,0x00,0x00,0x00,0x1f,0xff,0xf2,0x00,0x00,0x00,0x00,0x1b,0xff,
0x90,0x00,0x00,0x00,0x00,0x1f,0xff,0xfa,0x00,0x00,0x00,0x00,0xaf,0xff,0x80,0x00,0x00,0x00,0x00,0x1f,
0xff,0xff,0x30,0x00,0x00,0x00,0xff,0xd2,0x00,0x00,0x00,0x00,0x00,0x1f,0xfb,0xff,0xc0,0x00,0x00,0x01,
0xff,0x90,0x00,0x00,0x00,0x00,0x00,0x1f,0xf9,0x8f,0xf5,0x00,0x00,0x01,0xff,0x90,0x00,0x00,0x00,0x00,
0x00,0x1f,0xf9,0x1e,0xfd,0x00,0x00,0x01,0xff,0x90,0x00,0x00,0x00,0x00,0x00,0x1f,0xf9,0x07,0xff,0x60,
0x00,0x01,0xff,0x90,0x00,0x00,0x00,0x00,0x00,0x1f,0xf9,0x01,0xdf,0xd1,0x00,0x01,0xff,0x90,0x01,0x9e,
0xd6,0x00,0x00,0x1f,0xf9,0x00,0x6f,0xf7,0x00,0x01,0xff,0x90,0x09,0xff,0xff,0x50,0x00,0x1f,0xf9,0x00,
0x0c,0xfe,0x10,0x01,0xff,0x90,0x2f,0xd2,0x5f,0xd0,0x00,0x1f,0xf9,0x00,0x05,0xff,0x80,0x01,0xff,0x90,
0x6f,0x80,0x0c,0xf1,0x00,0x1f,0xf9,0x00,0x00,0xbf,0xf2,0x01,0xff,0x90,0x7f,0x60,0x0a,0xf3,0x00,0x1f,
0xf9,0x00,0x00,0x3f,0xfa,0x01,0xff,0x90,0x6f,0x80,0x0c,0xf1,0x00,0x1f,0xf9,0x00,0x00,0x0a,0xff,0x31,
0xff,0x90,0x2f,0xe2,0x5f,0xd0,0x00,0x1f,0xf9,0x00,0x00,0x02,0xff,0xb1,0xff,0x90,0x09,0xff,0xff,0x50,
0x00,0x1f,0xf9,0x00,0x00,0x00,0x9f,0xf5,0xff,0x90,0x01,0x9e,0xd6,0x00,0x00,0x2f,0xf9,0x00,0x00,0x00,
0x1e,0xfd,0xff,0x90,0x00,0x00,0x00,0x00,0x06,0xcf,0xf6,0x00,0x00,0x00,0x08,0xff,0xff,0x90,0x00,0x00,
0x00,0x00,0x1f,0xff,0xd1,0x00,0x00,0x00,0x01,0xef,0xff,0x90,0x5a,0xaa,0xaa,0xa2,0x1f,0xd9,0x10,0x00,
0x00,0x00,0x00,0x6f,0xff,0x90,0x8f,0xff,0xff,0xf4,0x33,0x33,0x33,0x30,0x13,0x30,0x00,0x01,0x33,0xff,
0xff,0xff,0xf2,0x7f,0xf5,0x00,0x0c,0xfe,0x11,0x4f,0x61,0x10,0x7f,0xbe,0x20,0x8f,0xbe,0x00,0x3f,0x50,
0x00,0x7f,0x2d,0xb3,0xf7,0x9e,0x00,0x3f,0x50,0x00,0x7f,0x14,0xfe,0xc0,0x9e,0x00,0x3f,0x50,0x00,0x7f,
0x10,0x9f,0x30,0x9e,0x00,0x3f,0x50,0x00,0x7f,0x10,0x13,0x00,0x9e,0x00,0x3f,0x50,0x00,0x7f,0x10,0x00,
0x00,0x9e,0x00,0x2b,0x30,0x00,0x5b,0x10,0x00,0x00,0x6a,0x00,0x00,0x07,0x30,0x00,0x00,0x00,0x00,0x00,
0x00,0x00,0x00,0x07,0xfe,0x20,0x00,0x00,0x00,0x00,0x00,0x00,0x00,0x07,0xff,0xb1,0x00,0x00,0x00,0x00,
0x00,0x00,0x00,0x07,0xff,0xb1,0x00,0x00,0x00,0x00,0x00,0x00,0x00,0x07,0xff,0xb1,0x00,0x00,0x00,0x00,
0x00,0x00,0x00,0x06,0xff,0xff,0xee,0xee,0xee,0xee,0xee,0xee,0xee,0xed,0x8f,0xff,0xff,0xff,0xff,0xff,
0xff,0xff,0xff,0xff,0xe1,0xcf,0xfb,0x66,0x66,0x66,0x66,0x66,0x66,0x66,0x65,0x01,0xcf,0xf6,0x00,0x00,
0x00,0x00,0x00,0x00,0x00,0x00,0x01,0xcf,0xf6,0x00,0x00,0x00,0x00,0x00,0x00,0x00,0x00,0x01,0xcf,0xf3,
0x00,0x00,0x00,0x00,0x00,0x00,0x00,0x00,0x01,0xc7,0x00,0x00,0x00,0x00,0x00,0x00,0x00,0x00,0x00,0x01,
0x00,0x00,0x00,0x00,0x00,0x00,0x00,0x00,0x00,0x00,0x01,0x85,0x00,0x00,0x00,0x00,0x01,0xcf,0xf6,0x00,
0x00,0x00,0x01,0xcf,0xff,0xf6,0x00,0x00,0x01,0xcf,0xff,0xff,0xf6,0x00,0x01,0xcf,0xfc,0xfe,0xcf,0xf6,
0x01,0xcf,0xf6,0x6f,0xe1,0xcf,0xf5,0x09,0xf6,0x06,0xfe,0x01,0xce,0x30,0x04,0x00,0x6f,0xe0,0x01,0x30,
0x00,0x00,0x06,0xfe,0x00,0x00,0x00,0x00,0x00,0x6f,0xe0,0x00,0x00,0x00,0x00,0x06,0xfe,0x00,0x00,0x00,
0x00,0x00,0x6f,0xe0,0x00,0x00,0x00,0x00,0x06,0xfe,0x00,0x00,0x00,0x00,0x00,0x6f,0xe0,0x00,0x00,0x00,
0x00,0x06,0xfe,0x00,0x00,0x00,0x00,0x00,0x6f,0xe0,0x00,0x00,0x00,0x00,0x06,0xfe,0x00,0x00,0x00,0x00,
0x00,0x6f,0xe0,0x00,0x00,0x00,0x00,0x06,0xfe,0x00,0x00,0x00,0x00,0x00,0x6f,0xe0,0x00,0x00,0x00,0x00,
0x06,0xfe,0x00,0x00,0x00,0x00,0x00,0x00,0x00,0x00,0x00,0x00,0x07,0x20,0x00,0x00,0x00,0x00,0x00,0x00,
0x00,0x00,0x00,0x8f,0xd2,0x00,0x00,0x00,0x00,0x00,0x00,0x00,0x00,0x00,0x5f,0xfd,0x20,0x00,0x00,0x00,
0x00,0x00,0x00,0x00,0x00,0x05,0xff,0xd2,0x00,0x00,0x00,0x00,0x00,0x00,0x00,0x00,0x00,0x5f,0xfd,0x20,
0x6e,0xee,0xee,0xee,0xee,0xee,0xee,0xee,0xef,0xff,0xd0,0x6f,0xff,0xff,0xff,0xff,0xff,0xff,0xff,0xff,
0xff,0xf1,0x26,0x66,0x66,0x66,0x66,0x66,0x66,0x66,0x7f,0xff,0x60,0x00,0x00,0x00,0x00,0x00,0x00,0x00,
0x01,0xcf,0xf6,0x00,0x00,0x00,0x00,0x00,0x00,0x00,0x00,0x1c,0xff,0x60,0x00,0x00,0x00,0x00,0x00,0x00,
0x00,0x00,0xaf,0xf6,0x00,0x00,0x00,0x00,0x00,0x00,0x00,0x00,0x00,0x2d,0x60,0x00,0x00,0x00,0x00,0x00,
0x00,0x00,0x00,0x00,0x01,0x00,0x00,0x00,0x00,0x00,0x03,0x76,0x00,0x00,0x00,0x00,0x00,0x6f,0xe0,0x00,
0x00,0x00,0x00,0x06,0xfe,0x00,0x00,0x00,0x00,0x00,0x6f,0xe0,0x00,0x00,0x00,0x00,0x06,0xfe,0x00,0x00,
0x00,0x00,0x00,0x6f,0xe0,0x00,0x00,0x00,0x00,0x06,0xfe,0x00,0x00,0x00,0x00,0x00,0x6f,0xe0,0x00,0x00,
0x00,0x00,0x06,0xfe,0x00,0x00,0x00,0x00,0x00,0x6f,0xe0,0x00,0x00,0x00,0x00,0x06,0xfe,0x00,0x00,0x00,
0x00,0x00,0x6f,0xe0,0x00,0x00,0x00,0x00,0x06,0xfe,0x00,0x00,0x00,0x00,0x00,0x6f,0xe0,0x00,0x00,0x02,
0xb1,0x06,0xfe,0x00,0x69,0x01,0xef,0xc1,0x6f,0xe0,0x6f,0xf7,0x06,0xff,0xc7,0xfe,0x6f,0xfc,0x10,0x06,
0xff,0xff,0xff,0xfc,0x10,0x00,0x06,0xff,0xff,0xfc,0x10,0x00,0x00,0x06,0xff,0xfc,0x10,0x00,0x00,0x00,
0x06,0xfc,0x10,0x00,0x00,0x00,0x00,0x01,0x00,0x00,0x00,0x0e,0xee,0xee,0xee,0xee,0xee,0xee,0xee,0xee,
0x70,0xff,0xff,0xff,0xff,0xff,0xff,0xff,0xff,0xf8,0x06,0x66,0x66,0x66,0x66,0x66,0x66,0x66,0x66,0x30,
0x00,0x00,0x00,0x00,0x00,0x61,0x00,0x00,0x00,0x00,0x00,0x00,0x00,0x00,0x00,0x01,0xe8,0x00,0x00,0x00,
0x00,0x00,0x00,0x00,0x00,0x00,0x07,0xfe,0x10,0x00,0x00,0x00,0x00,0x00,0x00,0x00,0x00,0x1e,0xff,0x80,
0x00,0x00,0x00,0x00,0x00,0x00,0x00,0x00,0x7f,0xff,0xe1,0x00,0x00,0x00,0x00,0x00,0x00,0x00,0x01,0xef,
0xff,0xf8,0x00,0x00,0x00,0x00,0x00,0x00,0x00,0x07,0xff,0xff,0xfe,0x10,0x00,0x00,0x00,0x00,0x00,0x00,
0x1e,0xff,0xff,0xff,0x80,0x00,0x00,0x00,0x00,0x00,0x00,0x7f,0xff,0xff,0xff,0xe1,0x00,0x00,0x00,0x00,
0x00,0x01,0xef,0xff,0xff,0xff,0xf7,0x00,0x00,0x00,0x00,0x00,0x07,0xff,0xff,0xff,0xff,0xfe,0x10,0x00,
0x00,0x00,0x00,0x1e,0xff,0xff,0xff,0xff,0xff,0x70,0x00,0x00,0x00,0x00,0x7f,0xff,0xff,0xff,0xff,0xff,
0xe1,0x00,0x00,0x00,0x01,0xef,0xff,0xff,0xff,0xff,0xff,0xf7,0x00,0x00,0x00,0x07,0xff,0xff,0xff,0xff,
0xff,0xff,0xfe,0x10,0x00,0x00,0x1e,0xff,0xff,0xff,0xff,0xff,0xff,0xff,0x70,0x00,0x00,0x7f,0xff,0xff,
0xff,0xff,0xff,0xff,0xff,0xe1,0x00,0x01,0xef,0xff,0xff,0xff,0xff,0xff,0xff,0xff,0xf7,0x00,0x07,0xff,
0xff,0xff,0xff,0xff,0xff,0xff,0xff,0xfe,0x10,0x1e,0xff,0xff,0xff,0xff,0xff,0xff,0xff,0xff,0xff,0x70,
0x7f,0xff,0xff,0xff,0xff,0xff,0xff,0xff,0xff,0xff,0xe1,0x67,0x77,0x77,0x77,0x77,0x77,0x77,0x77,0x77,
0x77,0x72,0xb4,0x00,0x00,0x00,0x00,0x00,0x00,0x00,0x00,0x00,0x00,0xef,0xc4,0x00,0x00,0x00,0x00,0x00,
0x00,0x00,0x00,0x00,0xef,0xff,0xc4,0x00,0x00,0x00,0x00,0x00,0x00,0x00,0x00,0xef,0xff,0xff,0xc4,0x00,
0x00,0x00,0x00,0x00,0x00,0x00,0xef,0xff,0xff,0xff,0xc4,0x00,0x00,0x00,0x00,0x00,0x00,0xef,0xff,0xff,
0xff,0xff,0xc4,0x00,0x00,0x00,0x00,0x00,0xef,0xff,0xff,0xff,0xff,0xff,0xc4,0x00,0x00,0x00,0x00,0xef,
0xff,0xff,0xff,0xff,0xff,0xff,0xc4,0x00,0x00,0x00,0xef,0xff,0xff,0xff,0xff,0xff,0xff,0xff,0xb4,0x00,
0x00,0xef,0xff,0xff,0xff,0xff,0xff,0xff,0xff,0xff,0xb4,0x00,0xef,0xff,0xff,0xff,0xff,0xff,0xff,0xff,
0xff,0xff,0xb2,0xef,0xff,0xff,0xff,0xff,0xff,0xff,0xff,0xff,0xfb,0x30,0xef,0xff,0xff,0xff,0xff,0xff,
0xff,0xff,0xfb,0x30,0x00,0xef,0xff,0xff,0xff,0xff,0xff,0xff,0xfb,0x30,0x00,0x00,0xef,0xff,0xff,0xff,
0xff,0xff,0xfb,0x30,0x00,0x00,0x00,0xef,0xff,0xff,0xff,0xff,0xfb,0x30,0x00,0x00,0x00,0x00,0xef,0xff,
0xff,0xff,0xfb,0x30,0x00,0x00,0x00,0x00,0x00,0xef,0xff,0xff,0xfb,0x30,0x00,0x00,0x00,0x00,0x00,0x00,
0xef,0xff,0xfb,0x30,0x00,0x00,0x00,0x00,0x00,0x00,0x00,0xef,0xfb,0x30,0x00,0x00,0x00,0x00,0x00,0x00,
0x00,0x00,0xeb,0x40,0x00,0x00,0x00,0x00,0x00,0x00,0x00,0x00,0x00,0x30,0x00,0x00,0x00,0x00,0x00,0x00,
0x00,0x00,0x00,0x00,0xaf,0xff,0xff,0xff,0xff,0xff,0xff,0xff,0xff,0xff,0xf3,0x3f,0xff,0xff,0xff,0xff,
0xff,0xff,0xff,0xff,0xff,0xb0,0x0a,0xff,0xff,0xff,0xff,0xff,0xff,0xff,0xff,0xff,0x30,0x03,0xff,0xff,
0xff,0xff,0xff,0xff,0xff,0xff,0xfb,0x00,0x00,0xaf,0xff,0xff,0xff,0xff,0xff,0xff,0xff,0xf3,0x00,0x00,
0x3f,0xff,0xff,0xff,0xff,0xff,0xff,0xff,0xb0,0x00,0x00,0x0a,0xff,0xff,0xff,0xff,0xff,0xff,0xff,0x30,
0x00,0x00,0x03,0xff,0xff,0xff,0xff,0xff,0xff,0xfb,0x00,0x00,0x00,0x00,0xaf,0xff,0xff,0xff,0xff,0xff,
0xf3,0x00,0x00,0x00,0x00,0x3f,0xff,0xff,0xff,0xff,0xff,0xb0,0x00,0x00,0x00,0x00,0x0a,0xff,0xff,0xff,
0xff,0xff,0x30,0x00,0x00,0x00,0x00,0x03,0xff,0xff,0xff,0xff,0xfb,0x00,0x00,0x00,0x00,0x00,0x00,0xaf,
0xff,0xff,0xff,0xf3,0x00,0x00,0x00,0x00,0x00,0x00,0x3f,0xff,0xff,0xff,0xb0,0x00,0x00,0x00,0x00,0x00,
0x00,0x0b,0xff,0xff,0xff,0x30,0x00,0x00,0x00,0x00,0x00,0x00,0x03,0xff,0xff,0xfb,0x00,0x00,0x00,0x00,
0x00,0x00,0x00,0x00,0xbf,0xff,0xf3,0x00,0x00,0x00,0x00,0x00,0x00,0x00,0x00,0x3f,0xff,0xb0,0x00,0x00,
0x00,0x00,0x00,0x00,0x00,0x00,0x0b,0xff,0x40,0x00,0x00,0x00,0x00,0x00,0x00,0x00,0x00,0x03,0xfb,0x00,
0x00,0x00,0x00,0x00,0x00,0x00,0x00,0x00,0x00,0xb4,0x00,0x00,0x00,0x00,0x00,0x00,0x00,0x00,0x00,0x00,
0x20,0x00,0x00,0x00,0x00,0x00,0x00,0x00,0x00,0x00,0x00,0x00,0x00,0x00,0x00,0x01,0x86,0x00,0x00,0x00,
0x00,0x00,0x00,0x00,0x00,0x01,0x8e,0xf7,0x00,0x00,0x00,0x00,0x00,0x00,0x00,0x01,0x8e,0xff,0xf7,0x00,
0x00,0x00,0x00,0x00,0x00,0x01,0x8e,0xff,0xff,0xf7,0x00,0x00,0x00,0x00,0x00,0x01,0x8e,0xff,0xff,0xff,
0xf7,0x00,0x00,0x00,0x00,0x01,0x8e,0xff,0xff,0xff,0xff,0xf7,0x00,0x00,0x00,0x01,0x8e,0xff,0xff,0xff,
0xff,0xff,0xf7,0x00,0x00,0x01,0x8e,0xff,0xff,0xff,0xff,0xff,0xff,0xf7,0x00,0x01,0x7e,0xff,0xff,0xff,
0xff,0xff,0xff,0xff,0xf7,0x01,0x7e,0xff,0xff,0xff,0xff,0xff,0xff,0xff,0xff,0xf7,0x6e,0xff,0xff,0xff,
0xff,0xff,0xff,0xff,0xff,0xff,0xf7,0x07,0xef,0xff,0xff,0xff,0xff,0xff,0xff,0xff,0xff,0xf7,0x00,0x07,
0xef,0xff,0xff,0xff,0xff,0xff,0xff,0xff,0xf7,0x00,0x00,0x17,0xef,0xff,0xff,0xff,0xff,0xff,0xff,0xf7,
0x00,0x00,0x00,0x17,0xef,0xff,0xff,0xff,0xff,0xff,0xf7,0x00,0x00,0x00,0x00,0x17,0xef,0xff,0xff,0xff,
0xff,0xf7,0x00,0x00,0x00,0x00,0x00,0x17,0xef,0xff,0xff,0xff,0xf7,0x00,0x00,0x00,0x00,0x00,0x00,0x17,
0xef,0xff,0xff,0xf7,0x00,0x00,0x00,0x00,0x00,0x00,0x00,0x17,0xef,0xff,0xf7,0x00,0x00,0x00,0x00,0x00,
0x00,0x00,0x00,0x17,0xef,0xf7,0x00,0x00,0x00,0x00,0x00,0x00,0x00,0x00,0x00,0x17,0xe7,0x00,0x00,0x00,
0x00,0x00,0x00,0x00,0x00,0x00,0x00,0x12,0x00,0x00,0x00,0x04,0x9c,0xde,0xda,0x61,0x00,0x00,0x00,0x00,
0x00,0x04,0xcf,0xff,0xff,0xff,0xfe,0x80,0x00,0x00,0x00,0x00,0x8f,0xff,0xff,0xff,0xff,0xff,0xfd,0x20,
0x00,0x00,0x09,0xff,0xff,0xff,0xff,0xff,0xff,0xff,0xe2,0x00,0x00,0x6f,0xff,0xff,0xff,0xff,0xff,0xff,
0xff,0xfc,0x00,0x02,0xef,0xff,0xff,0xff,0xff,0xff,0xff,0xff,0xff,0x80,0x09,0xff,0xff,0xff,0xff,0xff,
0xff,0xff,0xff,0xff,0xe1,0x0e,0xff,0xff,0xff,0xff,0xff,0xff,0xff,0xff,0xff,0xf6,0x3f,0xff,0xff,0xff,
0xff,0xff,0xff,0xff,0xff,0xff,0xfa,0x6f,0xff,0xff,0xff,0xff,0xff,0xff,0xff,0xff,0xff,0xfc,0x7f,0xff,
0xff,0xff,0xff,0xff,0xff,0xff,0xff,0xff,0xfd,0x6f,0xff,0xff,0xff,0xff,0xff,0xff,0xff,0xff,0xff,0xfd,
0x5f,0xff,0xff,0xff,0xff,0xff,0xff,0xff,0xff,0xff,0xfb,0x1f,0xff,0xff,0xff,0xff,0xff,0xff,0xff,0xff,
0xff,0xf8,0x0c,0xff,0xff,0xff,0xff,0xff,0xff,0xff,0xff,0xff,0xf3,0x05,0xff,0xff,0xff,0xff,0xff,0xff,
0xff,0xff,0xff,0xb0,0x00,0xbf,0xff,0xff,0xff,0xff,0xff,0xff,0xff,0xff,0x30,0x00,0x2e,0xff,0xff,0xff,
0xff,0xff,0xff,0xff,0xf7,0x00,0x00,0x03,0xef,0xff,0xff,0xff,0xff,0xff,0xff,0x80,0x00,0x00,0x00,0x2b,
0xff,0xff,0xff,0xff,0xff,0xe6,0x00,0x00,0x00,0x00,0x00,0x5c,0xff,0xff,0xff,0xe8,0x10,0x00,0x00,0x00,
0x00,0x00,0x00,0x14,0x66,0x53,0x00,0x00,0x00,0x00,0x00,0x00,0x00,0x00,0x00,0x01,0x8b,0x70,0x00,0x00,
0x00,0x00,0x01,0xdf,0xe2,0x00,0x00,0x00,0x00,0x00,0xcf,0xf4,0x00,0x00,0x00,0x00,0x00,0x9f,0xf7,0x00,
0x00,0x00,0x00,0x00,0x5f,0xfa,0x00,0x00,0x00,0x00,0x00,0x2e,0xfd,0x10,0x00,0x00,0x00,0x00,0x0c,0xfe,
0x30,0x00,0x00,0x00,0x00,0x07,0xff,0x60,0x00,0x00,0x00,0x00,0x03,0xff,0xa0,0x00,0x00,0x04,0xdc,0x00,
0xcf,0xe1,0x00,0x00,0x00,0xbf,0xf4,0x7f,0xf4,0x00,0x00,0x00,0x08,0xff,0xde,0xf9,0x00,0x00,0x00,0x00,
0x4f,0xff,0xfd,0x10,0x00,0x00,0x00,0x00,0xdf,0xff,0x40,0x00,0x00,0x00,0x00,0x07,0xff,0x80,0x00,0x00,
0x00,0x00,0x00,0x02,0x10,0x00,0x00,0x00,0x00,0x00,0x00,0x20,0x00,0x00,0x00,0x00,0x00,0x11,0x00,0x6f,
0x60,0x00,0x00,0x00,0x00,0x1c,0xc1,0x3f,0xff,0x60,0x00,0x00,0x00,0x1c,0xff,0xa0,0x8f,0xff,0x60,0x00,
0x00,0x1c,0xff,0xd2,0x00,0x8f,0xff,0x60,0x00,0x1c,0xff,0xd2,0x00,0x00,0x8f,0xff,0x60,0x1c,0xff,0xd2,
0x00,0x00,0x00,0x8f,0xff,0x7c,0xff,0xd2,0x00,0x00,0x00,0x00,0x8f,0xff,0xff,0xd2,0x00,0x00,0x00,0x00,
0x00,0x8f,0xff,0xd2,0x00,0x00,0x00,0x00,0x00,0x1c,0xff,0xff,0x50,0x00,0x00,0x00,0x00,0x1c,0xff,0xef,
0xff,0x50,0x00,0x00,0x00,0x1c,0xff,0xd2,0x8f,0xff,0x50,0x00,0x00,0x1c,0xff,0xd2,0x00,0x8f,0xff,0x50,
0x00,0x1c,0xff,0xd2,0x00,0x00,0x8f,0xff,0x50,0x1c,0xff,0xd2,0x00,0x00,0x00,0x8f,0xff,0x52,0xdf,0xd2,
0x00,0x00,0x00,0x00,0x8f,0xf7,0x02,0xb2,0x00,0x00,0x00,0x00,0x00,0x77,0x00,0x00,0x00,0x00,0x00,0x00,
0x00,0x00,0x20,0x00,0x00,0x00,0x00,0x00,0x00,0x00,0x00,0x00,0x00,0x00,0x00,0x00,0x7e,0x30,0x00,0x00,
0x00,0x00,0x00,0x00,0x00,0x00,0x00,0x00,0x00,0x00,0x7f,0xfe,0x30,0x00,0x00,0x00,0x00,0x00,0x00,0x00,
0x00,0x00,0x00,0x00,0x7f,0xff,0xfe,0x30,0x00,0x00,0x00,0x00,0x00,0x00,0x00,0x00,0x00,0x00,0x7f,0xff,
0xff,0xfe,0x30,0x00,0x00,0x00,0x00,0x00,0x00,0x00,0x00,0x00,0x7f,0xfc,0x87,0x79,0xde,0x30,0x00,0x00,
0x00,0x00,0x00,0x00,0x00,0x00,0x7e,0x82,0x00,0x00,0x00,0x6e,0x30,0x00,0x00,0x00,0x00,0x00,0x00,0x00,
0x7f,0x90,0x00,0x34,0x30,0x00,0x6e,0x30,0x00,0x00,0x00,0x00,0x00,0x00,0x7f,0xf9,0x18,0xef,0xff,0xb1,
0x00,0xce,0x30,0x00,0x00,0x00,0x00,0x00,0x7f,0xff,0xde,0xff,0xff,0xff,0x80,0x08,0xfe,0x30,0x00,0x00,
0x00,0x00,0x7f,0xff,0xff,0xff,0xff,0xff,0xfb,0x00,0x8f,0xfe,0x30,0x00,0x00,0x00,0x7f,0xff,0xff,0xff,
0xff,0xff,0xff,0x70,0x0b,0xff,0xfe,0x30,0x00,0x00,0x7f,0xff,0xff,0xff,0xff,0xff,0xff,0xc0,0x03,0xff,
0xff,0xfe,0x30,0x00,0x7f,0xff,0xff,0xff,0xff,0xff,0xff,0xc1,0x01,0xdf,0xff,0xff,0xfe,0x30,0x5f,0xff,
0xff,0xff,0xff,0xff,0xff,0xc1,0x01,0xcf,0xff,0xff,0xff,0xfe,0x10,0xaf,0xff,0xff,0xff,0xff,0xff,0xe1,
0x01,0xcf,0xff,0xff,0xff,0xff,0x60,0x00,0xaf,0xff,0xff,0xff,0xff,0xf6,0x00,0xbf,0xff,0xff,0xff,0xff,
0x60,0x00,0x00,0xaf,0xff,0xff,0xff,0xff,0x20,0x3f,0xff,0xff,0xff,0xff,0x60,0x00,0x00,0x00,0xaf,0xff,
0xff,0xff,0xf1,0x05,0xff,0xff,0xff,0xff,0x60,0x00,0x00,0x00,0x00,0xaf,0xff,0xff,0xff,0x10,0x5f,0xff,
0xff,0xff,0x60,0x00,0x00,0x00,0x00,0x00,0xaf,0xff,0xff,0xf4,0x48,0xff,0xff,0xff,0x60,0x00,0x00,0x00,
0x00,0x00,0x00,0xaf,0xff,0xff,0xff,0xff,0xff,0xff,0x60,0x00,0x00,0x00,0x00,0x00,0x00,0x00,0xaf,0xff,
0xfb,0xbc,0xff,0xff,0x70,0x00,0x00,0x00,0x00,0x00,0x00,0x00,0x00,0xaf,0xff,0x00,0x4f,0xff,0x70,0x00,
0x00,0x00,0x00,0x00,0x00,0x00,0x00,0x00,0xaf,0xf0,0x04,0xff,0x70,0x00,0x00,0x00,0x00,0x00,0x00,0x00,
0x00,0x00,0x00,0xaf,0x00,0x4f,0x70,0x00,0x00,0x00,0x00,0x00,0x00,0x00,0x00,0x00,0x00,0x00,0xac,0xcd,
0x70,0x00,0x00,0x00,0x00,0x00,0x00,0x00,0x00,0x00,0x00,0x00,0x00,0xaf,0x70,0x00,0x00,0x00,0x00,0x00,
0x00,0x00,0x00,0x00,0x00,0x00,0x00,0x00,0x50,0x00,0x00,0x00,0x00,0x00,0x00,0x00,
};

static const font_glyph_t s_glyphs[509] = {
{0x0020,0,0,0,0,9,0,0},
{0x0021,3,21,4,21,11,0,0},
{0x0022,9,8,2,21,13,0,32},
{0x0023,20,21,2,21,23,0,68},
{0x0024,14,26,2,22,18,0,278},
{0x0025,25,21,1,21,27,0,460},
{0x0026,20,21,1,21,22,0,723},
{0x0027,4,8,2,21,8,0,933},
{0x0028,7,26,2,22,11,0,949},
{0x0029,7,26,2,22,11,0,1040},
{0x002a,14,14,0,21,14,0,1131},
{0x002b,19,18,2,18,23,0,1229},
{0x002c,5,7,2,4,9,0,1400},
{0x002d,8,3,1,10,10,0,1418},
{0x002e,3,4,3,4,9,0,1430},
{0x002f,10,24,0,21,9,0,1436},
{0x0030,15,21,1,21,18,0,1556},
{0x0031,13,21,3,21,18,0,1714},
{0x0032,14,21,2,21,18,0,1851},
{0x0033,14,21,2,21,18,0,1998},
{0x0034,16,21,1,21,18,0,2145},
{0x0035,14,21,2,21,18,0,2313},
{0x0036,16,21,1,21,18,0,2460},
{0x0037,14,21,2,21,18,0,2628},
{0x0038,15,21,1,21,18,0,2775},
{0x0039,15,21,1,21,18,0,2933},
{0x003a,4,15,3,15,9,0,3091},
{0x003b,5,18,2,15,9,0,3121},
{0x003c,19,16,2,17,23,0,3166},
{0x003d,19,8,2,13,23,0,3318},
{0x003e,19,16,2,17,23,0,3394},
{0x003f,11,21,2,21,15,0,3546},
{0x0040,26,26,1,21,28,0,3662},
{0x0041,19,21,0,21,19,0,4000},
{0x0042,16,21,2,21,19,0,4200},
{0x0043,18,21,1,21,20,0,4368},
{0x0044,18,21,2,21,22,0,4557},
{0x0045,14,21,2,21,18,0,4746},
{0x0046,13,21,2,21,16,0,4893},
{0x0047,19,21,1,21,22,0,5030},
{0x0048,17,21,2,21,21,0,5230},
{0x0049,4,21,2,21,8,0,5409},
{0x004a,8,27,-2,21,8,0,5451},
{0x004b,17,21,2,21,18,0,5559},
{0x004c,14,21,2,21,16,0,5738},
{0x004d,20,21,2,21,24,0,5885},
{0x004e,17,21,2,21,21,0,6095},
{0x004f,20,21,1,21,22,0,6274},
{0x0050,14,21,2,21,17,0,6484},
{0x0051,20,25,1,21,22,0,6631},
{0x0052,17,21,2,21,19,0,6881},
{0x0053,16,21,1,21,18,0,7060},
{0x0054,19,21,-1,21,17,0,7228},
{0x0055,17,21,2,21,21,0,7428},
{0x0056,19,21,0,21,19,0,7607},
{0x0057,27,21,0,21,28,0,7807},
{0x0058,19,21,0,21,19,0,8091},
{0x0059,19,21,-1,21,17,0,8291},
{0x005a,17,21,1,21,19,0,8491},
{0x005b,7,25,2,22,11,0,8670},
{0x005c,10,24,0,21,9,0,8758},
{0x005d,7,25,2,22,11,0,8878},
{0x005e,19,8,2,21,23,0,8966},
{0x005f,16,2,-1,-5,14,0,9042},
{0x0060,7,5,2,23,14,0,9058},
{0x0061,14,16,1,16,17,0,9076},
{0x0062,15,22,2,22,18,0,9188},
{0x0063,13,16,1,16,15,0,9353},
{0x0064,15,22,1,22,18,0,9457},
{0x0065,15,16,1,16,17,0,9622},
{0x0066,11,22,0,22,10,0,9742},
{0x0067,15,22,1,16,18,0,9863},
{0x0068,14,22,2,22,18,0,10028},
{0x0069,4,22,2,22,8,0,10182},
{0x006a,7,28,-1,22,8,0,10226},
{0x006b,15,22,2,22,16,0,10324},
{0x006c,4,22,2,22,8,0,10489},
{0x006d,23,16,2,16,27,0,10533},
{0x006e,14,16,2,16,18,0,10717},
{0x006f,15,16,1,16,17,0,10829},
{0x0070,15,22,2,16,18,0,10949},
{0x0071,15,22,1,16,18,0,11114},
{0x0072,10,16,2,16,12,0,11279},
{0x0073,13,16,1,16,15,0,11359},
{0x0074,11,20,0,20,11,0,11463},
{0x0075,14,16,2,16,18,0,11573},
{0x0076,16,16,0,16,17,0,11685},
{0x0077,21,16,1,16,23,0,11813},
{0x0078,16,16,0,16,17,0,11981},
{0x0079,16,22,0,16,17,0,12109},
{0x007a,13,16,1,16,15,0,12285},
{0x007b,12,26,3,22,18,0,12389},
{0x007c,3,29,3,22,9,0,12545},
{0x007d,12,26,3,22,18,0,12589},
{0x007e,19,6,2,12,23,0,12745},
{0x00a0,0,0,0,0,9,0,12802},
{0x00a1,3,21,4,16,11,0,12802},
{0x00a2,13,25,2,20,18,0,12834},
{0x00a3,15,21,1,21,18,0,12997},
{0x00a4,16,16,1,17,18,0,13155},
{0x00a5,16,21,1,21,18,0,13283},
{0x00a6,3,25,3,20,9,0,13451},
{0x00a7,12,24,1,21,14,0,13489},
{0x00a8,10,3,2,22,14,0,13633},
{0x00a9,22,22,3,21,28,0,13648},
{0x00aa,11,15,1,21,13,0,13890},
{0x00ab,13,14,2,15,17,0,13973},
{0x00ac,19,9,2,13,23,0,14064},
{0x00ad,8,3,1,10,10,0,14150},
{0x00ae,22,22,3,21,28,0,14162},
{0x00af,10,3,2,22,14,0,14404},
{0x00b0,10,9,2,21,14,0,14419},
{0x00b1,19,18,2,18,23,0,14464},
{0x00b2,9,12,1,21,11,0,14635},
{0x00b3,9,12,1,21,11,0,14689},
{0x00b4,7,6,5,24,14,0,14743},
{0x00b5,16,22,2,16,18,0,14764},
{0x00b6,13,24,2,21,18,0,14940},
{0x00b7,3,4,3,12,9,0,15096},
{0x00b8,7,6,3,0,14,0,15102},
{0x00b9,9,12,1,21,11,0,15123},
{0x00ba,11,15,1,21,13,0,15177},
{0x00bb,13,14,2,15,17,0,15260},
{0x00bc,26,22,1,22,27,0,15351},
{0x00bd,25,22,1,21,27,0,15637},
{0x00be,26,22,1,22,27,0,15912},
{0x00bf,12,22,1,16,15,0,16198},
{0x00c0,19,27,0,27,19,0,16330},
{0x00c1,19,27,0,27,19,0,16587},
{0x00c2,19,27,0,27,19,0,16844},
{0x00c3,19,27,0,27,19,0,17101},
{0x00c4,19,26,0,26,19,0,17358},
{0x00c5,19,27,0,27,19,0,17605},
{0x00c6,26,21,0,21,27,0,17862},
{0x00c7,18,26,1,21,20,0,18135},
{0x00c8,14,27,2,27,18,0,18369},
{0x00c9,14,27,2,27,18,0,18558},
{0x00ca,14,27,2,27,18,0,18747},
{0x00cb,14,26,2,26,18,0,18936},
{0x00cc,7,27,0,27,8,0,19118},
{0x00cd,6,27,2,27,8,0,19213},
{0x00ce,10,27,-1,27,8,0,19294},
{0x00cf,9,26,0,26,8,0,19429},
{0x00d0,21,21,0,21,22,0,19546},
{0x00d1,17,27,2,27,21,0,19767},
{0x00d2,20,27,1,27,22,0,19997},
{0x00d3,20,27,1,27,22,0,20267},
{0x00d4,20,27,1,27,22,0,20537},
{0x00d5,20,27,1,27,22,0,20807},
{0x00d6,20,27,1,27,22,0,21077},
{0x00d7,17,18,3,18,23,0,21347},
{0x00d8,20,23,1,22,22,0,21500},
{0x00d9,17,27,2,27,21,0,21730},
{0x00da,17,27,2,27,21,0,21960},
{0x00db,17,27,2,27,21,0,22190},
{0x00dc,17,27,2,27,21,0,22420},
{0x00dd,19,27,-1,27,17,0,22650},
{0x00de,14,21,2,21,17,0,22907},
{0x00df,15,22,2,22,18,0,23054},
{0x00e0,14,24,1,24,17,0,23219},
{0x00e1,14,24,1,24,17,0,23387},
{0x00e2,14,24,1,24,17,0,23555},
{0x00e3,14,22,1,22,17,0,23723},
{0x00e4,14,22,1,22,17,0,23877},
{0x00e5,14,26,1,26,17,0,24031},
{0x00e6,26,16,1,16,28,0,24213},
{0x00e7,13,21,1,16,15,0,24421},
{0x00e8,15,24,1,24,17,0,24558},
{0x00e9,15,24,1,24,17,0,24738},
{0x00ea,15,24,1,24,17,0,24918},
{0x00eb,15,22,1,22,17,0,25098},
{0x00ec,7,23,-1,23,8,0,25263},
{0x00ed,8,23,1,23,8,0,25344},
{0x00ee,10,23,-1,23,8,0,25436},
{0x00ef,9,22,-1,22,8,0,25551},
{0x00f0,15,22,1,22,17,0,25650},
{0x00f1,14,22,2,22,18,0,25815},
{0x00f2,15,24,1,24,17,0,25969},
{0x00f3,15,24,1,24,17,0,26149},
{0x00f4,15,24,1,24,17,0,26329},
{0x00f5,15,22,1,22,17,0,26509},
{0x00f6,15,22,1,22,17,0,26674},
{0x00f7,19,14,2,16,23,0,26839},
{0x00f8,17,18,0,17,17,0,26972},
{0x00f9,14,24,2,24,18,0,27125},
{0x00fa,14,24,2,24,18,0,27293},
{0x00fb,14,24,2,24,18,0,27461},
{0x00fc,14,22,2,22,18,0,27629},
{0x00fd,16,29,0,23,17,0,27783},
{0x00fe,15,28,2,22,18,0,28015},
{0x00ff,16,28,0,22,17,0,28225},
{0x0100,19,26,0,26,19,0,28449},
{0x0101,14,22,1,22,17,0,28696},
{0x0102,19,27,0,27,19,0,28850},
{0x0103,14,22,1,22,17,0,29107},
{0x0104,20,27,0,21,19,0,29261},
{0x0105,15,21,1,16,17,0,29531},
{0x0106,18,27,1,27,20,0,29689},
{0x0107,13,24,1,24,15,0,29932},
{0x0108,18,27,1,27,20,0,30088},
{0x0109,13,24,1,24,15,0,30331},
{0x010a,18,27,1,27,20,0,30487},
{0x010b,13,22,1,22,15,0,30730},
{0x010c,18,27,1,27,20,0,30873},
{0x010d,13,24,1,24,15,0,31116},
{0x010e,18,27,2,27,22,0,31272},
{0x010f,20,22,1,22,18,0,31515},
{0x0110,21,21,0,21,22,0,31735},
{0x0111,17,22,1,22,18,0,31956},
{0x0112,14,26,2,26,18,0,32143},
{0x0113,15,22,1,22,17,0,32325},
{0x0114,14,27,2,27,18,0,32490},
{0x0115,15,23,1,23,17,0,32679},
{0x0116,14,26,2,26,18,0,32852},
{0x0117,15,22,1,22,17,0,33034},
{0x0118,14,27,2,21,18,0,33199},
{0x0119,15,21,1,16,17,0,33388},
{0x011a,14,27,2,27,18,0,33546},
{0x011b,15,23,1,23,17,0,33735},
{0x011c,19,27,1,27,22,0,33908},
{0x011d,15,29,1,23,18,0,34165},
{0x011e,19,27,1,27,22,0,34383},
{0x011f,15,29,1,23,18,0,34640},
{0x0120,19,27,1,27,22,0,34858},
{0x0121,15,28,1,22,18,0,35115},
{0x0122,19,28,1,21,22,0,35325},
{0x0123,15,28,1,22,18,0,35591},
{0x0124,17,27,2,27,21,0,35801},
{0x0125,17,27,-1,27,18,0,36031},
{0x0126,21,21,2,21,26,0,36261},
{0x0127,16,22,1,22,19,0,36482},
{0x0128,10,27,-1,27,8,0,36658},
{0x0129,10,22,-1,22,8,0,36793},
{0x012a,9,26,0,26,8,0,36903},
{0x012b,9,22,-1,22,8,0,37020},
{0x012c,10,27,-1,27,8,0,37119},
{0x012d,10,23,-1,23,8,0,37254},
{0x012e,6,27,2,21,8,0,37369},
{0x012f,6,28,2,22,8,0,37450},
{0x0130,4,26,2,26,8,0,37534},
{0x0131,4,16,2,16,8,0,37586},
{0x0132,12,27,2,21,17,0,37618},
{0x0133,11,28,2,22,16,0,37780},
{0x0134,11,32,-2,26,8,0,37934},
{0x0135,10,29,-1,23,8,0,38110},
{0x0136,17,28,2,21,18,0,38255},
{0x0137,15,29,2,22,16,0,38493},
{0x0138,15,16,2,16,16,0,38711},
{0x0139,14,27,2,27,16,0,38831},
{0x013a,7,27,2,27,8,0,39020},
{0x013b,14,28,2,21,16,0,39115},
{0x013c,5,29,1,22,8,0,39311},
{0x013d,14,21,2,21,16,0,39384},
{0x013e,9,22,2,22,11,0,39531},
{0x013f,14,21,2,21,16,0,39630},
{0x0140,7,22,2,22,10,0,39777},
{0x0141,17,21,-1,21,16,0,39854},
{0x0142,8,22,0,22,8,0,40033},
{0x0143,17,27,2,27,21,0,40121},
{0x0144,14,23,2,23,18,0,40351},
{0x0145,17,28,2,21,21,0,40512},
{0x0146,14,23,2,16,18,0,40750},
{0x0147,17,27,2,27,21,0,40911},
{0x0148,14,23,2,23,18,0,41141},
{0x0149,19,21,2,21,23,0,41302},
{0x014a,16,27,2,21,21,0,41502},
{0x014b,14,22,2,16,18,0,41718},
{0x014c,20,27,1,27,22,0,41872},
{0x014d,15,22,1,22,17,0,42142},
{0x014e,20,27,1,27,22,0,42307},
{0x014f,15,23,1,23,17,0,42577},
{0x0150,20,27,1,27,22,0,42750},
{0x0151,15,24,1,24,17,0,43020},
{0x0152,28,21,1,21,30,0,43200},
{0x0153,27,16,1,16,29,0,43494},
{0x0154,17,27,2,27,19,0,43710},
{0x0155,11,23,2,23,12,0,43940},
{0x0156,17,28,2,21,19,0,44067},
{0x0157,11,23,1,16,12,0,44305},
{0x0158,17,27,2,27,19,0,44432},
{0x0159,10,23,2,23,12,0,44662},
{0x015a,16,27,1,27,18,0,44777},
{0x015b,13,24,1,24,15,0,44993},
{0x015c,16,27,1,27,18,0,45149},
{0x015d,13,24,1,24,15,0,45365},
{0x015e,16,26,1,21,18,0,45521},
{0x015f,13,21,1,16,15,0,45729},
{0x0160,16,27,1,27,18,0,45866},
{0x0161,13,24,1,24,15,0,46082},
{0x0162,19,27,-1,21,17,0,46238},
{0x0163,11,26,0,20,11,0,46495},
{0x0164,19,27,-1,27,17,0,46638},
{0x0165,11,24,0,24,11,0,46895},
{0x0166,19,21,-1,21,17,0,47027},
{0x0167,11,20,0,20,11,0,47227},
{0x0168,17,27,2,27,21,0,47337},
{0x0169,14,22,2,22,18,0,47567},
{0x016a,17,27,2,27,21,0,47721},
{0x016b,14,22,2,22,18,0,47951},
{0x016c,17,27,2,27,21,0,48105},
{0x016d,14,23,2,23,18,0,48335},
{0x016e,17,27,2,27,21,0,48496},
{0x016f,14,25,2,25,18,0,48726},
{0x0170,17,27,2,27,21,0,48901},
{0x0171,14,24,2,24,18,0,49131},
{0x0172,17,26,2,21,21,0,49299},
{0x0173,16,21,2,16,18,0,49520},
{0x0174,27,27,0,27,28,0,49688},
{0x0175,21,23,1,23,23,0,50053},
{0x0176,19,27,-1,27,17,0,50295},
{0x0177,16,29,0,23,17,0,50552},
{0x0178,19,26,-1,26,17,0,50784},
{0x0179,17,27,1,27,19,0,51031},
{0x017a,13,23,1,23,15,0,51261},
{0x017b,17,26,1,26,19,0,51411},
{0x017c,13,22,1,22,15,0,51632},
{0x017d,17,27,1,27,19,0,51775},
{0x017e,13,23,1,23,15,0,52005},
{0x017f,11,22,0,22,10,0,52155},
{0x0192,13,28,-2,22,10,0,52276},
{0x0218,16,28,1,21,18,0,52458},
{0x0219,13,23,1,16,15,0,52682},
{0x021a,19,28,-1,21,17,0,52832},
{0x021b,11,27,0,20,11,0,53098},
{0x02c6,10,6,2,24,14,0,53247},
{0x02c7,10,6,2,24,14,0,53277},
{0x02dc,10,4,2,22,14,0,53307},
{0x0391,19,21,0,21,19,0,53327},
{0x0392,16,21,2,21,19,0,53527},
{0x0393,14,21,2,21,16,0,53695},
{0x0394,19,21,0,21,19,0,53842},
{0x0395,14,21,2,21,18,0,54042},
{0x0396,17,21,1,21,19,0,54189},
{0x0397,17,21,2,21,21,0,54368},
{0x0398,20,21,1,21,22,0,54547},
{0x0399,4,21,2,21,8,0,54757},
{0x039a,17,21,2,21,18,0,54799},
{0x039b,19,21,0,21,19,0,54978},
{0x039c,20,21,2,21,24,0,55178},
{0x039d,17,21,2,21,21,0,55388},
{0x039e,14,21,2,21,18,0,55567},
{0x039f,20,21,1,21,22,0,55714},
{0x03a0,17,21,2,21,21,0,55924},
{0x03a1,14,21,2,21,17,0,56103},
{0x03a3,14,21,2,21,18,0,56250},
{0x03a4,19,21,-1,21,17,0,56397},
{0x03a5,19,21,-1,21,17,0,56597},
{0x03a6,20,21,1,21,22,0,56797},
{0x03a7,19,21,0,21,19,0,57007},
{0x03a8,20,21,1,21,22,0,57207},
{0x03a9,20,21,1,21,21,0,57417},
{0x03b1,17,16,1,16,18,0,57627},
{0x03b2,14,28,2,22,18,0,57763},
{0x03b3,16,22,0,16,17,0,57959},
{0x03b4,15,21,1,21,17,0,58135},
{0x03b5,13,16,1,16,15,0,58293},
{0x03b6,13,28,1,22,15,0,58397},
{0x03b7,14,22,2,16,18,0,58579},
{0x03b8,15,22,1,22,17,0,58733},
{0x03b9,7,16,2,16,9,0,58898},
{0x03ba,14,16,2,16,17,0,58954},
{0x03bb,16,22,0,22,17,0,59066},
{0x03bc,16,22,2,16,18,0,59242},
{0x03bd,14,16,1,16,16,0,59418},
{0x03be,14,28,1,22,16,0,59530},
{0x03bf,15,16,1,16,17,0,59726},
{0x03c0,16,16,1,16,17,0,59846},
{0x03c1,15,22,2,16,18,0,59974},
{0x03c2,13,22,1,16,16,0,60139},
{0x03c3,16,16,1,16,18,0,60282},
{0x03c4,15,16,1,16,17,0,60410},
{0x03c5,13,16,2,16,16,0,60530},
{0x03c6,16,22,1,16,18,0,60634},
{0x03c7,16,22,0,16,16,0,60810},
{0x03c8,16,22,1,16,18,0,60986},
{0x03c9,21,16,1,16,23,0,61162},
{0x0400,14,27,2,27,18,0,61330},
{0x0401,14,26,2,26,18,0,61519},
{0x0402,21,27,-1,21,22,0,61701},
{0x0403,14,27,2,27,17,0,61985},
{0x0404,18,21,1,21,20,0,62174},
{0x0405,16,21,1,21,18,0,62363},
{0x0406,4,21,2,21,8,0,62531},
{0x0407,9,26,0,26,8,0,62573},
{0x0408,8,27,-2,21,8,0,62690},
{0x0409,28,21,1,21,31,0,62798},
{0x040a,26,21,2,21,29,0,63092},
{0x040b,21,21,-1,21,22,0,63365},
{0x040c,18,27,2,27,20,0,63586},
{0x040d,17,27,2,27,21,0,63829},
{0x040e,17,27,0,27,17,0,64059},
{0x040f,17,26,2,21,21,0,64289},
{0x0410,19,21,0,21,19,0,64510},
{0x0411,16,21,2,21,19,0,64710},
{0x0412,16,21,2,21,19,0,64878},
{0x0413,14,21,2,21,17,0,65046},
{0x0414,20,26,1,21,22,0,65193},
{0x0415,14,21,2,21,18,0,65453},
{0x0416,30,21,0,21,30,0,65600},
{0x0417,16,21,1,21,18,0,65915},
{0x0418,17,21,2,21,21,0,66083},
{0x0419,17,27,2,27,21,0,66262},
{0x041a,18,21,2,21,20,0,66492},
{0x041b,18,21,1,21,21,0,66681},
{0x041c,20,21,2,21,24,0,66870},
{0x041d,17,21,2,21,21,0,67080},
{0x041e,20,21,1,21,22,0,67259},
{0x041f,17,21,2,21,21,0,67469},
{0x0420,14,21,2,21,17,0,67648},
{0x0421,18,21,1,21,20,0,67795},
{0x0422,19,21,-1,21,17,0,67984},
{0x0423,17,21,0,21,17,0,68184},
{0x0424,22,21,1,21,24,0,68363},
{0x0425,19,21,0,21,19,0,68594},
{0x0426,19,26,2,21,22,0,68794},
{0x0427,15,21,2,21,19,0,69041},
{0x0428,26,21,2,21,30,0,69199},
{0x0429,28,26,2,21,31,0,69472},
{0x042a,22,21,0,21,23,0,69836},
{0x042b,20,21,2,21,25,0,70067},
{0x042c,16,21,2,21,19,0,70277},
{0x042d,17,21,1,21,20,0,70445},
{0x042e,27,21,2,21,30,0,70624},
{0x042f,16,21,1,21,19,0,70908},
{0x0430,14,16,1,16,17,0,71076},
{0x0431,15,23,1,23,17,0,71188},
{0x0432,13,16,2,16,17,0,71361},
{0x0433,12,16,2,16,15,0,71465},
{0x0434,17,20,1,16,19,0,71561},
{0x0435,15,16,1,16,17,0,71731},
{0x0436,25,16,0,16,25,0,71851},
{0x0437,13,16,1,16,15,0,72051},
{0x0438,14,16,2,16,18,0,72155},
{0x0439,14,22,2,22,18,0,72267},
{0x043a,14,16,2,16,17,0,72421},
{0x043b,15,16,1,16,18,0,72533},
{0x043c,17,16,2,16,21,0,72653},
{0x043d,14,16,2,16,18,0,72789},
{0x043e,15,16,1,16,17,0,72901},
{0x043f,14,16,2,16,18,0,73021},
{0x0440,15,22,2,16,18,0,73133},
{0x0441,13,16,1,16,15,0,73298},
{0x0442,16,16,0,16,16,0,73402},
{0x0443,16,22,0,16,17,0,73530},
{0x0444,22,27,1,21,24,0,73706},
{0x0445,16,16,0,16,17,0,74003},
{0x0446,16,20,2,16,19,0,74131},
{0x0447,12,16,2,16,17,0,74291},
{0x0448,22,16,2,16,26,0,74387},
{0x0449,24,20,2,16,26,0,74563},
{0x044a,19,16,0,16,20,0,74803},
{0x044b,18,16,2,16,22,0,74955},
{0x044c,13,16,2,16,17,0,75099},
{0x044d,13,16,1,16,15,0,75203},
{0x044e,21,16,2,16,24,0,75307},
{0x044f,14,16,1,16,17,0,75475},
{0x0450,15,24,1,24,17,0,75587},
{0x0451,15,22,1,22,17,0,75767},
{0x0452,16,28,0,22,18,0,75932},
{0x0453,12,23,2,23,15,0,76156},
{0x0454,13,16,1,16,15,0,76294},
{0x0455,13,16,1,16,15,0,76398},
{0x0456,4,22,2,22,8,0,76502},
{0x0457,9,22,-1,22,8,0,76546},
{0x0458,7,28,-1,22,8,0,76645},
{0x0459,23,16,1,16,25,0,76743},
{0x045a,22,16,2,16,25,0,76927},
{0x045b,16,22,0,22,18,0,77103},
{0x045c,14,23,2,23,17,0,77279},
{0x045d,14,23,2,23,18,0,77440},
{0x045e,16,28,0,22,17,0,77601},
{0x045f,14,20,2,16,18,0,77825},
{0x2010,8,3,1,10,10,0,77965},
{0x2011,8,3,1,10,10,0,77977},
{0x2012,16,3,1,10,18,0,77989},
{0x2013,12,3,1,10,14,0,78013},
{0x2014,26,3,1,10,28,0,78031},
{0x2015,28,3,0,10,28,0,78070},
{0x2018,5,7,2,21,9,0,78112},
{0x2019,5,7,2,21,9,0,78130},
{0x201a,5,7,2,4,9,0,78148},
{0x201b,5,7,2,21,9,0,78166},
{0x201c,10,7,2,21,15,0,78184},
{0x201d,10,7,2,21,15,0,78219},
{0x201e,10,7,2,4,15,0,78254},
{0x201f,10,7,2,21,15,0,78289},
{0x2020,14,24,0,21,14,0,78324},
{0x2021,14,24,0,21,14,0,78492},
{0x2022,9,9,4,15,17,0,78660},
{0x2026,22,4,3,4,28,0,78701},
{0x2030,36,21,1,21,38,0,78745},
{0x2039,7,14,2,15,11,0,79123},
{0x203a,8,14,2,15,11,0,79172},
{0x20ac,16,21,0,21,18,0,79228},
{0x2116,28,21,0,21,29,0,79396},
{0x2122,18,9,4,21,28,0,79690},
{0x2190,21,13,1,15,23,0,79771},
{0x2191,13,21,5,21,23,0,79908},
{0x2192,22,13,1,15,23,0,80045},
{0x2193,13,22,5,21,23,0,80188},
{0x2212,19,3,2,10,23,0,80331},
{0x25b2,22,22,0,18,22,0,80360},
{0x25b6,22,22,0,18,22,0,80602},
{0x25bc,22,22,0,18,22,0,80844},
{0x25c0,22,22,0,18,22,0,81086},
{0x25cf,22,22,1,18,24,0,81328},
{0x2713,15,16,4,18,23,0,81570},
{0x2715,17,17,3,19,23,0,81690},
{0xfffd,29,29,0,26,29,0,81835},
};

const font_t font_sans_28 = {
    .px = 28, .line_h = 33, .ascent = 26, .descent = 7,
    .count = 509, .glyphs = s_glyphs, .bitmap = s_bits,
};
